onset	duration	nwb_table	trial_type
28.641366666666727	0.27863333333516493	trials	phototagging
29.200000000000728	0.22753333333457704	trials	phototagging
30.52140000000145	0.10016666666706442	trials	phototagging
31.522966666667344	0.1001333333333605	trials	phototagging
32.524499999999534	0.1001333333333605	trials	phototagging
33.52603333333536	0.10016666666706442	trials	phototagging
34.52756666666755	0.10016666666706442	trials	phototagging
35.52913333333345	0.1001333333333605	trials	phototagging
36.53066666666564	0.10016666666706442	trials	phototagging
37.53220000000147	0.10016666666706442	trials	phototagging
38.53373333333366	0.10016666666706442	trials	phototagging
39.53529999999955	0.1001333333333605	trials	phototagging
40.53683333333538	0.10016666666706442	trials	phototagging
41.53836666666757	0.10016666666706442	trials	phototagging
52.55533333333369	0.005000000001018634	trials	phototagging
52.565366666665795	0.005000000001018634	trials	phototagging
52.57536666666783	0.005000000001018634	trials	phototagging
52.585399999999936	0.005000000001018634	trials	phototagging
52.59540000000197	0.004999999997380655	trials	phototagging
52.60540000000037	0.005033333334722556	trials	phototagging
52.615433333332476	0.005000000001018634	trials	phototagging
52.62543333333451	0.005033333331084577	trials	phototagging
52.635466666666616	0.005000000001018634	trials	phototagging
52.64546666666865	0.004999999997380655	trials	phototagging
52.65550000000076	0.005000000001018634	trials	phototagging
52.665499999999156	0.005000000001018634	trials	phototagging
52.6755333333349	0.004999999997380655	trials	phototagging
52.6855333333333	0.005000000001018634	trials	phototagging
52.69556666666904	0.004999999997380655	trials	phototagging
52.70556666666744	0.005000000001018634	trials	phototagging
52.71559999999954	0.005000000001018634	trials	phototagging
52.72560000000158	0.004999999997380655	trials	phototagging
52.73559999999998	0.005033333334722556	trials	phototagging
52.74563333333572	0.004999999997380655	trials	phototagging
52.75563333333412	0.005033333334722556	trials	phototagging
52.76566666666622	0.005000000001018634	trials	phototagging
52.77566666666826	0.005033333331084577	trials	phototagging
52.78570000000036	0.005000000001018634	trials	phototagging
52.7957000000024	0.004999999997380655	trials	phototagging
52.8057333333345	0.005000000001018634	trials	phototagging
52.8157333333329	0.005033333334722556	trials	phototagging
52.82576666666864	0.004999999997380655	trials	phototagging
52.83576666666704	0.005000000001018634	trials	phototagging
52.845799999999144	0.005000000001018634	trials	phototagging
62.87123333333511	0.00999999999839929	trials	phototagging
62.97140000000218	0.00999999999839929	trials	phototagging
63.07153333333554	0.010033333332103211	trials	phototagging
63.171699999998964	0.010000000002037268	trials	phototagging
63.271833333332324	0.01003333333574119	trials	phototagging
63.37199999999939	0.010000000002037268	trials	phototagging
63.47216666666645	0.010000000002037268	trials	phototagging
63.572299999999814	0.01003333333574119	trials	phototagging
63.67246666666688	0.010000000002037268	trials	phototagging
63.77260000000024	0.010033333332103211	trials	phototagging
63.8727666666673	0.010033333332103211	trials	phototagging
63.97293333333437	0.00999999999839929	trials	phototagging
64.07310000000143	0.00999999999839929	trials	phototagging
64.17323333333479	0.00999999999839929	trials	phototagging
64.27340000000186	0.00999999999839929	trials	phototagging
64.37353333333522	0.010033333332103211	trials	phototagging
64.47370000000228	0.00999999999839929	trials	phototagging
64.57383333333564	0.010033333332103211	trials	phototagging
64.67399999999907	0.01003333333574119	trials	phototagging
64.77416666666613	0.010000000002037268	trials	phototagging
64.8742999999995	0.01003333333574119	trials	phototagging
64.97446666666656	0.010000000002037268	trials	phototagging
65.07463333333362	0.010000000002037268	trials	phototagging
65.17476666666698	0.010033333332103211	trials	phototagging
65.27493333333405	0.010033333332103211	trials	phototagging
65.37510000000111	0.00999999999839929	trials	phototagging
65.47523333333447	0.010033333332103211	trials	phototagging
65.57540000000154	0.00999999999839929	trials	phototagging
65.6755333333349	0.010033333332103211	trials	phototagging
65.77570000000196	0.00999999999839929	trials	phototagging
75.89126666666562	0.005000000001018634	trials	phototagging
76.89283333333515	0.004999999997380655	trials	phototagging
77.89436666666734	0.005000000001018634	trials	phototagging
78.89589999999953	0.005000000001018634	trials	phototagging
79.89743333333536	0.005033333331084577	trials	phototagging
80.89900000000125	0.005000000001018634	trials	phototagging
81.90053333333344	0.005000000001018634	trials	phototagging
82.90206666666563	0.005000000001018634	trials	phototagging
83.90363333333516	0.004999999997380655	trials	phototagging
84.90516666666736	0.005000000001018634	trials	phototagging
85.90669999999955	0.005000000001018634	trials	phototagging
86.90823333333537	0.004999999997380655	trials	phototagging
87.90980000000127	0.005000000001018634	trials	phototagging
88.91133333333346	0.005000000001018634	trials	phototagging
89.91286666666565	0.005000000001018634	trials	phototagging
90.91440000000148	0.005033333331084577	trials	phototagging
91.91596666666737	0.005000000001018634	trials	phototagging
92.91749999999956	0.005000000001018634	trials	phototagging
93.91903333333539	0.004999999997380655	trials	phototagging
94.92060000000129	0.005000000001018634	trials	phototagging
95.92213333333348	0.005000000001018634	trials	phototagging
96.92366666666567	0.005000000001018634	trials	phototagging
97.9252000000015	0.005033333331084577	trials	phototagging
98.92676666666739	0.005000000001018634	trials	phototagging
99.92829999999958	0.005000000001018634	trials	phototagging
100.92983333333541	0.004999999997380655	trials	phototagging
101.9313666666676	0.005000000001018634	trials	phototagging
102.9329333333335	0.005000000001018634	trials	phototagging
103.93446666666568	0.005000000001018634	trials	phototagging
104.93600000000151	0.005000000001018634	trials	phototagging
115.95296666666763	0.005000000001018634	trials	phototagging
116.95449999999983	0.005033333334722556	trials	phototagging
117.95606666666572	0.005000000001018634	trials	phototagging
118.95760000000155	0.004999999997380655	trials	phototagging
119.95913333333374	0.005000000001018634	trials	phototagging
120.96069999999963	0.005000000001018634	trials	phototagging
121.96223333333546	0.004999999997380655	trials	phototagging
122.96376666666765	0.005000000001018634	trials	phototagging
123.96529999999984	0.005033333334722556	trials	phototagging
124.96686666666574	0.005000000001018634	trials	phototagging
125.96840000000157	0.004999999997380655	trials	phototagging
126.96993333333376	0.005000000001018634	trials	phototagging
127.97146666666595	0.005033333334722556	trials	phototagging
128.97303333333548	0.004999999997380655	trials	phototagging
129.97456666666767	0.005000000001018634	trials	phototagging
130.97609999999986	0.005000000001018634	trials	phototagging
131.97766666666575	0.005000000001018634	trials	phototagging
132.97920000000158	0.004999999997380655	trials	phototagging
133.98073333333377	0.005000000001018634	trials	phototagging
134.98226666666596	0.005033333334722556	trials	phototagging
135.9838333333355	0.004999999997380655	trials	phototagging
136.9853666666677	0.005000000001018634	trials	phototagging
137.98689999999988	0.005000000001018634	trials	phototagging
138.98846666666577	0.005000000001018634	trials	phototagging
139.9900000000016	0.004999999997380655	trials	phototagging
140.9915333333338	0.005000000001018634	trials	phototagging
141.99306666666598	0.005000000001018634	trials	phototagging
142.9946333333355	0.004999999997380655	trials	phototagging
143.9961666666677	0.005000000001018634	trials	phototagging
144.9976999999999	0.005000000001018634	trials	phototagging
156.01466666666602	0.01003333333574119	trials	phototagging
156.11483333333308	0.010000000002037268	trials	phototagging
156.21496666666644	0.01003333333574119	trials	phototagging
156.3151333333335	0.010000000002037268	trials	phototagging
156.41530000000057	0.00999999999839929	trials	phototagging
156.51543333333393	0.010033333332103211	trials	phototagging
156.615600000001	0.00999999999839929	trials	phototagging
156.71573333333436	0.010033333332103211	trials	phototagging
156.81590000000142	0.010033333332103211	trials	phototagging
156.91606666666848	0.00999999999839929	trials	phototagging
157.01620000000185	0.010033333332103211	trials	phototagging
157.1163666666689	0.00999999999839929	trials	phototagging
157.21653333333234	0.010000000002037268	trials	phototagging
157.3166666666657	0.01003333333574119	trials	phototagging
157.41683333333276	0.010000000002037268	trials	phototagging
157.51696666666612	0.01003333333574119	trials	phototagging
157.6171333333332	0.010000000002037268	trials	phototagging
157.71730000000025	0.010000000002037268	trials	phototagging
157.8174333333336	0.010033333332103211	trials	phototagging
157.91760000000068	0.00999999999839929	trials	phototagging
158.01773333333404	0.010033333332103211	trials	phototagging
158.1179000000011	0.010033333332103211	trials	phototagging
158.21806666666816	0.00999999999839929	trials	phototagging
158.31823333333523	0.00999999999839929	trials	phototagging
158.4183666666686	0.010033333332103211	trials	phototagging
158.51853333333565	0.00999999999839929	trials	phototagging
158.61866666666901	0.010033333332103211	trials	phototagging
158.71883333333244	0.010000000002037268	trials	phototagging
158.8189999999995	0.010000000002037268	trials	phototagging
158.91913333333287	0.01003333333574119	trials	phototagging
169.03473333333386	0.005000000001018634	trials	phototagging
170.03626666666605	0.005000000001018634	trials	phototagging
171.03780000000188	0.004999999997380655	trials	phototagging
172.03933333333407	0.005033333334722556	trials	phototagging
173.04089999999997	0.005000000001018634	trials	phototagging
174.0424333333358	0.004999999997380655	trials	phototagging
175.04396666666798	0.005000000001018634	trials	phototagging
176.04550000000017	0.005033333334722556	trials	phototagging
177.04706666666607	0.005000000001018634	trials	phototagging
178.0486000000019	0.004999999997380655	trials	phototagging
179.0501333333341	0.005000000001018634	trials	phototagging
180.05169999999998	0.005000000001018634	trials	phototagging
181.0532333333358	0.004999999997380655	trials	phototagging
182.054766666668	0.005000000001018634	trials	phototagging
183.0563000000002	0.005033333334722556	trials	phototagging
184.0578666666661	0.005000000001018634	trials	phototagging
185.05940000000192	0.004999999997380655	trials	phototagging
186.0609333333341	0.005000000001018634	trials	phototagging
187.0625	0.005000000001018634	trials	phototagging
188.06403333333583	0.004999999997380655	trials	phototagging
189.06556666666802	0.005000000001018634	trials	phototagging
190.0671000000002	0.005000000001018634	trials	phototagging
190.60680000000139	0.819966666666005	trials	port_entry
191.0686666666661	0.005000000001018634	trials	phototagging
192.07020000000193	0.004999999997380655	trials	phototagging
193.07173333333412	0.005000000001018634	trials	phototagging
194.0732666666663	0.005000000001018634	trials	phototagging
195.07483333333585	0.004999999997380655	trials	phototagging
196.07636666666804	0.005000000001018634	trials	phototagging
197.07790000000023	0.005000000001018634	trials	phototagging
198.07946666666612	0.005000000001018634	trials	phototagging
209.09643333333588	0.004999999997380655	trials	phototagging
209.10643333333428	0.005000000001018634	trials	phototagging
209.11646666666638	0.005000000001018634	trials	phototagging
209.12646666666842	0.004999999997380655	trials	phototagging
209.13646666666682	0.005033333334722556	trials	phototagging
209.14650000000256	0.004999999997380655	trials	phototagging
209.15650000000096	0.005033333334722556	trials	phototagging
209.16653333333306	0.005000000001018634	trials	phototagging
209.1765333333351	0.004999999997380655	trials	phototagging
209.1865666666672	0.005000000001018634	trials	phototagging
209.1965666666656	0.005000000001018634	trials	phototagging
209.20660000000134	0.005000000001018634	trials	phototagging
209.21659999999974	0.005000000001018634	trials	phototagging
209.22660000000178	0.005033333331084577	trials	phototagging
209.23663333333388	0.005000000001018634	trials	phototagging
209.246666666666	0.005000000001018634	trials	phototagging
209.25666666666802	0.005000000001018634	trials	phototagging
209.26666666666642	0.005000000001018634	trials	phototagging
209.27670000000217	0.004999999997380655	trials	phototagging
209.28670000000056	0.005033333334722556	trials	phototagging
209.29673333333267	0.005000000001018634	trials	phototagging
209.3067333333347	0.005000000001018634	trials	phototagging
209.3167666666668	0.005000000001018634	trials	phototagging
209.32676666666885	0.004999999997380655	trials	phototagging
209.33680000000095	0.005000000001018634	trials	phototagging
209.34679999999935	0.005000000001018634	trials	phototagging
209.35680000000139	0.005033333331084577	trials	phototagging
209.3668333333335	0.005000000001018634	trials	phototagging
209.37683333333553	0.005033333331084577	trials	phototagging
209.38686666666763	0.005000000001018634	trials	phototagging
219.41229999999996	0.010000000002037268	trials	phototagging
219.51246666666702	0.010000000002037268	trials	phototagging
219.6126333333341	0.00999999999839929	trials	phototagging
219.71276666666745	0.010033333332103211	trials	phototagging
219.8129333333345	0.00999999999839929	trials	phototagging
219.91306666666787	0.010033333332103211	trials	phototagging
220.01323333333494	0.00999999999839929	trials	phototagging
220.1133666666683	0.010033333332103211	trials	phototagging
220.21353333333536	0.00999999999839929	trials	phototagging
220.31370000000243	0.00999999999839929	trials	phototagging
220.4138333333358	0.010033333332103211	trials	phototagging
220.5139999999992	0.010000000002037268	trials	phototagging
220.61416666666628	0.010000000002037268	trials	phototagging
220.71429999999964	0.01003333333574119	trials	phototagging
220.8144666666667	0.01003333333574119	trials	phototagging
220.91463333333377	0.010000000002037268	trials	phototagging
221.01476666666713	0.010033333332103211	trials	phototagging
221.1149333333342	0.00999999999839929	trials	phototagging
221.21510000000126	0.00999999999839929	trials	phototagging
221.31523333333462	0.00999999999839929	trials	phototagging
221.41540000000168	0.00999999999839929	trials	phototagging
221.51553333333504	0.010033333332103211	trials	phototagging
221.6157000000021	0.00999999999839929	trials	phototagging
221.71583333333547	0.010033333332103211	trials	phototagging
221.81600000000253	0.010033333332103211	trials	phototagging
221.91616666666596	0.010000000002037268	trials	phototagging
222.01633333333302	0.010000000002037268	trials	phototagging
222.11646666666638	0.010000000002037268	trials	phototagging
222.21663333333345	0.010000000002037268	trials	phototagging
222.3167666666668	0.01003333333574119	trials	phototagging
224.54680000000008	0.11999999999898137	trials	port_entry
232.4323666666678	0.1001333333333605	trials	phototagging
233.4339	0.10016666666706442	trials	phototagging
234.43543333333582	0.10016666666342644	trials	phototagging
235.436966666668	0.10016666666706442	trials	phototagging
236.4385333333339	0.1001333333333605	trials	phototagging
237.4400666666661	0.1001333333333605	trials	phototagging
238.44163333333563	0.1001333333333605	trials	phototagging
239.44313333333412	0.10016666666706442	trials	phototagging
240.4447	0.1001333333333605	trials	phototagging
241.44623333333584	0.10016666666342644	trials	phototagging
242.44776666666803	0.10016666666706442	trials	phototagging
243.44933333333393	0.1001333333333605	trials	phototagging
254.46630000000005	0.005000000001018634	trials	phototagging
254.47630000000208	0.004999999997380655	trials	phototagging
254.4863333333342	0.005000000001018634	trials	phototagging
254.4963333333326	0.005000000001018634	trials	phototagging
254.50636666666833	0.004999999997380655	trials	phototagging
254.51636666666673	0.005000000001018634	trials	phototagging
254.52636666666876	0.005033333331084577	trials	phototagging
254.53640000000087	0.005000000001018634	trials	phototagging
254.54639999999927	0.005033333334722556	trials	phototagging
254.556433333335	0.004999999997380655	trials	phototagging
254.5664333333334	0.005000000001018634	trials	phototagging
254.57646666666915	0.004999999997380655	trials	phototagging
254.58646666666755	0.005000000001018634	trials	phototagging
254.59649999999965	0.005000000001018634	trials	phototagging
254.6065000000017	0.004999999997380655	trials	phototagging
254.6165333333338	0.005000000001018634	trials	phototagging
254.62653333333583	0.004999999997380655	trials	phototagging
254.63653333333423	0.005033333334722556	trials	phototagging
254.64656666666633	0.005000000001018634	trials	phototagging
254.65660000000207	0.004999999997380655	trials	phototagging
254.66660000000047	0.005000000001018634	trials	phototagging
254.6766000000025	0.005033333331084577	trials	phototagging
254.6866333333346	0.005000000001018634	trials	phototagging
254.69666666666672	0.005000000001018634	trials	phototagging
254.70666666666875	0.004999999997380655	trials	phototagging
254.71666666666715	0.005000000001018634	trials	phototagging
254.72669999999925	0.005000000001018634	trials	phototagging
254.7367000000013	0.005033333331084577	trials	phototagging
254.7467333333334	0.005000000001018634	trials	phototagging
254.75673333333543	0.004999999997380655	trials	phototagging
264.78216666666776	0.10016666666706442	trials	phototagging
265.78373333333366	0.1001333333333605	trials	phototagging
266.78526666666585	0.1001333333333605	trials	phototagging
267.7868000000017	0.10016666666706442	trials	phototagging
268.78833333333387	0.10016666666706442	trials	phototagging
269.78989999999976	0.1001333333333605	trials	phototagging
270.7914333333356	0.10016666666342644	trials	phototagging
271.7929666666678	0.10016666666706442	trials	phototagging
272.7945333333337	0.1001333333333605	trials	phototagging
273.79606666666587	0.1001333333333605	trials	phototagging
274.7976000000017	0.10016666666706442	trials	phototagging
275.7991666666676	0.1001333333333605	trials	phototagging
286.8161333333337	0.010000000002037268	trials	phototagging
286.91626666666707	0.010033333332103211	trials	phototagging
287.01643333333413	0.00999999999839929	trials	phototagging
287.1165666666675	0.010033333332103211	trials	phototagging
287.21673333333456	0.00999999999839929	trials	phototagging
287.3169000000016	0.00999999999839929	trials	phototagging
287.417033333335	0.010033333332103211	trials	phototagging
287.51720000000205	0.00999999999839929	trials	phototagging
287.6173333333354	0.010033333332103211	trials	phototagging
287.7175000000025	0.010033333332103211	trials	phototagging
287.8176666666659	0.010000000002037268	trials	phototagging
287.91779999999926	0.01003333333574119	trials	phototagging
288.0179666666663	0.010000000002037268	trials	phototagging
288.1181333333334	0.010000000002037268	trials	phototagging
288.21826666666675	0.01003333333574119	trials	phototagging
288.3184333333338	0.010000000002037268	trials	phototagging
288.4185666666672	0.010033333332103211	trials	phototagging
288.51873333333424	0.010033333332103211	trials	phototagging
288.6189000000013	0.00999999999839929	trials	phototagging
288.71903333333466	0.010033333332103211	trials	phototagging
288.81920000000173	0.010033333332103211	trials	phototagging
288.9193666666688	0.00999999999839929	trials	phototagging
289.01950000000215	0.010033333332103211	trials	phototagging
289.1196666666692	0.00999999999839929	trials	phototagging
289.21983333333264	0.010000000002037268	trials	phototagging
289.319966666666	0.01003333333574119	trials	phototagging
289.42013333333307	0.010000000002037268	trials	phototagging
289.52026666666643	0.01003333333574119	trials	phototagging
289.6204333333335	0.010000000002037268	trials	phototagging
289.72060000000056	0.00999999999839929	trials	phototagging
295.7868333333354	0.15006666666522506	trials	port_entry
299.83616666666785	0.005000000001018634	trials	phototagging
300.83770000000004	0.005033333334722556	trials	phototagging
301.83926666666594	0.005000000001018634	trials	phototagging
302.84080000000176	0.004999999997380655	trials	phototagging
303.84233333333395	0.005000000001018634	trials	phototagging
304.84386666666614	0.005033333334722556	trials	phototagging
305.8454333333357	0.004999999997380655	trials	phototagging
306.84696666666787	0.005000000001018634	trials	phototagging
307.84850000000006	0.005000000001018634	trials	phototagging
308.85006666666595	0.005000000001018634	trials	phototagging
309.8516000000018	0.004999999997380655	trials	phototagging
310.853133333334	0.005000000001018634	trials	phototagging
311.85466666666616	0.005033333334722556	trials	phototagging
312.8562333333357	0.004999999997380655	trials	phototagging
313.83690000000206	0.019966666666732635	trials	port_entry
313.8577666666679	0.005000000001018634	trials	phototagging
314.8593000000001	0.005000000001018634	trials	phototagging
315.4969000000019	2.279966666665132	trials	reward_stimulus_presentation
315.86086666666597	0.005000000001018634	trials	phototagging
316.4968666666682	0.7999999999992724	trials	reward_delivery
316.8624000000018	0.004999999997380655	trials	phototagging
317.37686666666923	0.3800333333310846	trials	port_entry
317.77686666666705	2.7800666666662437	trials	port_entry
317.863933333334	0.005000000001018634	trials	phototagging
318.8654666666662	0.005033333334722556	trials	phototagging
319.8670333333357	0.004999999997380655	trials	phototagging
320.6168666666672	3.0500333333329763	trials	port_entry
320.8685666666679	0.005000000001018634	trials	phototagging
321.8701000000001	0.005033333334722556	trials	phototagging
322.8716333333323	0.005033333334722556	trials	phototagging
323.8732000000018	0.004999999997380655	trials	phototagging
324.874733333334	0.005000000001018634	trials	phototagging
325.8762666666662	0.005033333334722556	trials	phototagging
326.87783333333573	0.004999999997380655	trials	phototagging
327.8793666666679	0.005000000001018634	trials	phototagging
328.8809000000001	0.005000000001018634	trials	phototagging
339.89786666666623	0.005033333334722556	trials	phototagging
340.89943333333576	0.004999999997380655	trials	phototagging
341.90096666666795	0.005000000001018634	trials	phototagging
342.90250000000015	0.005000000001018634	trials	phototagging
343.90403333333234	0.005033333334722556	trials	phototagging
344.90560000000187	0.004999999997380655	trials	phototagging
345.90713333333406	0.005000000001018634	trials	phototagging
346.90866666666625	0.005000000001018634	trials	phototagging
347.9102333333358	0.004999999997380655	trials	phototagging
348.911766666668	0.005000000001018634	trials	phototagging
349.91330000000016	0.005000000001018634	trials	phototagging
350.91486666666606	0.005000000001018634	trials	phototagging
351.9164000000019	0.004999999997380655	trials	phototagging
352.9179333333341	0.005000000001018634	trials	phototagging
353.91946666666627	0.005000000001018634	trials	phototagging
354.9210000000021	0.005033333331084577	trials	phototagging
355.922566666668	0.005000000001018634	trials	phototagging
356.9241000000002	0.005000000001018634	trials	phototagging
357.92563333333237	0.005000000001018634	trials	phototagging
358.03696666666656	3.1599666666661506	trials	port_entry
358.9272000000019	0.004999999997380655	trials	phototagging
359.9287333333341	0.005000000001018634	trials	phototagging
360.9302666666663	0.005033333334722556	trials	phototagging
361.4469333333327	1.1200000000026193	trials	port_entry
361.9318333333358	0.004999999997380655	trials	phototagging
362.933366666668	0.005000000001018634	trials	phototagging
363.9349000000002	0.005000000001018634	trials	phototagging
364.9364333333324	0.005033333334722556	trials	phototagging
365.9380000000019	0.004999999997380655	trials	phototagging
366.9395333333341	0.005000000001018634	trials	phototagging
367.9410666666663	0.005000000001018634	trials	phototagging
368.94263333333583	0.004999999997380655	trials	phototagging
379.95960000000196	0.00999999999839929	trials	phototagging
380.0597333333353	0.010033333332103211	trials	phototagging
380.1599000000024	0.00999999999839929	trials	phototagging
380.2600666666658	0.010000000002037268	trials	phototagging
380.36019999999917	0.01003333333574119	trials	phototagging
380.46036666666623	0.010000000002037268	trials	phototagging
380.5604999999996	0.01003333333574119	trials	phototagging
380.66066666666666	0.01003333333574119	trials	phototagging
380.7608333333337	0.010000000002037268	trials	phototagging
380.8609666666671	0.010033333332103211	trials	phototagging
380.96113333333415	0.00999999999839929	trials	phototagging
381.0613000000012	0.00999999999839929	trials	phototagging
381.16143333333457	0.010033333332103211	trials	phototagging
381.26160000000164	0.00999999999839929	trials	phototagging
381.361733333335	0.010033333332103211	trials	phototagging
381.46190000000206	0.010033333332103211	trials	phototagging
381.5620666666691	0.00999999999839929	trials	phototagging
381.6622000000025	0.010033333332103211	trials	phototagging
381.7623666666659	0.01003333333574119	trials	phototagging
381.862533333333	0.010000000002037268	trials	phototagging
381.96266666666634	0.01003333333574119	trials	phototagging
382.0628333333334	0.010000000002037268	trials	phototagging
382.16296666666676	0.01003333333574119	trials	phototagging
382.2631333333338	0.010033333332103211	trials	phototagging
382.3633000000009	0.00999999999839929	trials	phototagging
382.46343333333425	0.010033333332103211	trials	phototagging
382.5636000000013	0.00999999999839929	trials	phototagging
382.6637666666684	0.00999999999839929	trials	phototagging
382.76390000000174	0.010033333332103211	trials	phototagging
382.8640666666688	0.010033333332103211	trials	phototagging
389.1269666666667	0.9900000000016007	trials	port_entry
402.31696666666903	0.09000000000014552	trials	port_entry
405.4969999999994	2.0200000000004366	trials	reward_stimulus_presentation
406.4969666666657	0.8000000000029104	trials	reward_delivery
407.117000000002	5.579999999998108	trials	port_entry
431.78700000000026	1.6199999999989814	trials	port_entry
433.64700000000084	0.040000000000873115	trials	port_entry
435.96700000000055	0.2599999999983993	trials	port_entry
436.2570000000014	0.13000000000101863	trials	port_entry
436.47699999999895	0.020000000000436557	trials	port_entry
436.6169333333346	0.020099999997910345	trials	port_entry
436.77700000000186	0.020000000000436557	trials	port_entry
476.4370333333354	0.13003333333108458	trials	port_entry
476.58703333333324	0.4100333333335584	trials	port_entry
495.4970666666668	2.2999999999992724	trials	reward_stimulus_presentation
496.4969999999994	0.8000666666666802	trials	reward_delivery
497.39706666666825	4.43999999999869	trials	port_entry
539.2371000000021	1.8799999999973807	trials	port_entry
541.5071000000025	0.9399999999986903	trials	port_entry
568.7671333333346	0.7200000000011642	trials	port_entry
569.5071333333326	0.030000000002473826	trials	port_entry
585.4971666666679	20.0	trials	neutral_stimulus_presentation
586.3371333333344	0.9099999999998545	trials	port_entry
648.2872000000025	1.7699999999967986	trials	port_entry
650.127199999999	0.06000000000130967	trials	port_entry
650.3372000000018	0.020000000000436557	trials	port_entry
670.4972333333353	0.9799999999995634	trials	reward_stimulus_presentation
671.0772333333334	5.779999999998836	trials	port_entry
671.4972333333353	0.7999999999992724	trials	reward_delivery
711.2472333333353	1.9899999999979627	trials	port_entry
747.9672666666665	1.6599999999998545	trials	port_entry
760.4973333333328	20.011166666667123	trials	shock_stimulus_presentation
760.9773000000023	1.529966666665132	trials	port_entry
777.7073333333356	0.09000000000014552	trials	port_entry
780.2973333333357	0.30996666666396777	trials	shock_relay
785.167300000001	1.0200000000004366	trials	port_entry
787.7873	0.040000000000873115	trials	port_entry
812.6873666666688	2.1299999999973807	trials	port_entry
814.8373666666666	0.06999999999970896	trials	port_entry
828.4773666666661	1.140000000003056	trials	port_entry
832.3873333333358	0.4399999999986903	trials	port_entry
847.9773999999998	0.2999999999992724	trials	port_entry
850.2873666666674	0.020000000000436557	trials	port_entry
850.6173999999992	1.610000000000582	trials	port_entry
855.5074000000022	2.139999999999418	trials	reward_stimulus_presentation
856.5073000000011	0.8000666666666802	trials	reward_delivery
857.2473666666665	4.740033333335305	trials	port_entry
889.6774333333342	1.319999999999709	trials	port_entry
893.7374333333355	0.09000000000014552	trials	port_entry
894.1274333333349	0.059999999997671694	trials	port_entry
894.6474000000017	0.04003333333093906	trials	port_entry
895.7974333333332	0.030000000002473826	trials	port_entry
897.5774333333356	0.18999999999869033	trials	port_entry
898.3873999999996	0.08000000000174623	trials	port_entry
921.767466666668	2.959966666665423	trials	port_entry
936.5574666666689	1.1900333333323942	trials	port_entry
945.5074000000022	20.000099999997474	trials	neutral_stimulus_presentation
963.5074999999997	0.09000000000014552	trials	port_entry
964.2075000000004	0.09999999999854481	trials	port_entry
991.2875333333359	1.859999999996944	trials	port_entry
1001.3875333333344	0.07999999999810825	trials	port_entry
1001.7675333333355	0.09000000000014552	trials	port_entry
1025.5075666666671	3.470000000001164	trials	reward_stimulus_presentation
1026.5075666666671	0.7999999999992724	trials	reward_delivery
1028.5774999999994	0.14006666666682577	trials	port_entry
1028.7475666666687	4.009999999998399	trials	port_entry
1086.5776000000005	3.2700333333341405	trials	port_entry
1115.5076666666682	20.001499999998487	trials	shock_stimulus_presentation
1135.1376666666656	1.9700000000011642	trials	port_entry
1135.3076666666675	0.2999999999992724	trials	shock_relay
1153.7376666666678	1.4199999999982538	trials	port_entry
1163.1376999999993	1.75	trials	port_entry
1165.1076666666668	0.03993333333346527	trials	port_entry
1165.627700000001	0.040000000000873115	trials	port_entry
1165.7877000000008	0.019966666666732635	trials	port_entry
1167.3775999999998	0.020000000000436557	trials	port_entry
1167.667566666667	0.25	trials	port_entry
1172.877700000001	0.3100000000013097	trials	port_entry
1173.207699999999	0.06000000000130967	trials	port_entry
1177.3577000000005	1.4900000000016007	trials	port_entry
1180.5277000000024	0.01999999999679858	trials	port_entry
1180.8377	0.020000000000436557	trials	port_entry
1185.2976999999992	0.030000000002473826	trials	port_entry
1202.4877000000015	1.2100333333328308	trials	port_entry
1204.387733333333	0.019933333333028713	trials	port_entry
1204.9777333333332	0.01989999999932479	trials	port_entry
1206.2177333333348	0.020000000000436557	trials	port_entry
1207.8676666666688	0.04996666666556848	trials	port_entry
1215.5076666666682	1.0900666666675534	trials	reward_stimulus_presentation
1216.1977333333343	7.479999999999563	trials	port_entry
1216.5076666666682	0.7999999999992724	trials	reward_delivery
1250.817766666667	2.0	trials	port_entry
1305.507700000002	20.000133333331178	trials	neutral_stimulus_presentation
1310.8278333333328	0.40996666666615056	trials	port_entry
1326.8678333333337	4.000033333333704	trials	port_entry
1331.007833333333	0.020000000000436557	trials	port_entry
1369.7778666666673	2.2700333333341405	trials	port_entry
1372.9879	0.46996666666746023	trials	port_entry
1380.4978666666684	0.06999999999970896	trials	port_entry
1390.1178666666674	1.3800333333347226	trials	port_entry
1395.5079333333342	2.309933333333902	trials	reward_stimulus_presentation
1396.5077666666657	0.8001333333340881	trials	reward_delivery
1397.4178666666667	5.500033333333704	trials	port_entry
1439.3079666666672	2.8100000000013097	trials	port_entry
1456.217966666667	3.169933333334484	trials	port_entry
1474.1579999999994	0.75	trials	port_entry
1475.898000000001	0.2199333333337563	trials	port_entry
1477.558000000001	1.0	trials	port_entry
1478.7180000000008	0.020000000000436557	trials	port_entry
1478.9580000000024	0.20999999999912689	trials	port_entry
1479.5679999999993	0.040000000000873115	trials	port_entry
1479.637999999999	0.030000000002473826	trials	port_entry
1479.7580000000016	0.06999999999970896	trials	port_entry
1479.847966666668	0.04003333333093906	trials	port_entry
1481.0380000000005	0.15999999999985448	trials	port_entry
1481.308000000001	0.029999999998835847	trials	port_entry
1481.5080000000016	0.020000000000436557	trials	port_entry
1485.5080000000016	20.000833333331684	trials	shock_stimulus_presentation
1505.308000000001	0.3000333333329763	trials	shock_relay
1518.448033333334	1.6899999999986903	trials	port_entry
1520.1580333333332	0.3400000000001455	trials	port_entry
1528.9680333333345	0.930000000000291	trials	port_entry
1529.9380333333356	0.9299999999966531	trials	port_entry
1533.0680666666667	0.019966666666732635	trials	port_entry
1558.4480666666677	0.110033333334286	trials	port_entry
1558.6380666666664	0.03003333333253977	trials	port_entry
1570.508099999999	20.0	trials	neutral_stimulus_presentation
1571.2481000000007	1.0999666666684789	trials	port_entry
1618.938133333333	4.790000000000873	trials	port_entry
1623.9081333333343	0.11999999999898137	trials	port_entry
1633.6181333333334	1.5900333333338494	trials	port_entry
1635.3581000000013	0.4100666666672623	trials	port_entry
1660.5081666666665	20.00146666666842	trials	shock_stimulus_presentation
1680.3081666666658	0.3000333333366143	trials	shock_relay
1712.7482333333355	1.5900000000001455	trials	port_entry
1730.0282333333344	4.380033333334723	trials	port_entry
1741.058266666667	0.5099333333346294	trials	port_entry
1750.6982666666663	1.0600000000013097	trials	port_entry
1755.5082666666676	20.001799999998184	trials	shock_stimulus_presentation
1764.9482666666663	0.1500000000014552	trials	port_entry
1765.2582666666676	0.06996666666600504	trials	port_entry
1765.3482666666678	0.3700333333326853	trials	port_entry
1775.308266666667	0.2999999999992724	trials	shock_relay
1845.508333333335	19.999933333332592	trials	neutral_stimulus_presentation
1881.1984000000011	0.9399666666649864	trials	port_entry
1885.1183999999994	0.34996666666847887	trials	port_entry
1888.1183999999994	0.020000000000436557	trials	port_entry
1888.5584000000017	0.7899666666671692	trials	port_entry
1889.9883666666683	0.11000000000058208	trials	port_entry
1892.3783666666677	0.020000000000436557	trials	port_entry
1893.748333333333	0.6600333333335584	trials	port_entry
1894.8283666666684	0.31996666666600504	trials	port_entry
1904.5084000000024	0.2999999999992724	trials	port_entry
1906.7984333333334	0.07996666666804231	trials	port_entry
1915.5784000000021	0.680000000000291	trials	port_entry
1925.5084000000024	2.1899999999986903	trials	reward_stimulus_presentation
1926.5084000000024	0.7999999999992724	trials	reward_delivery
1927.2983999999997	7.5200333333341405	trials	port_entry
1938.0184333333345	1.0799999999981083	trials	port_entry
1939.428366666667	0.0200666666678444	trials	port_entry
2001.7985000000008	4.110033333334286	trials	port_entry
2006.2385333333332	0.020000000000436557	trials	port_entry
2015.5085333333336	20.000033333333704	trials	neutral_stimulus_presentation
2016.7985333333345	1.6499999999978172	trials	port_entry
2018.5885333333354	0.029999999998835847	trials	port_entry
2018.6385333333346	0.029999999998835847	trials	port_entry
2018.6885000000002	0.040000000000873115	trials	port_entry
2018.778533333334	0.06999999999970896	trials	port_entry
2018.888500000001	0.7500333333337039	trials	port_entry
2030.7285666666685	0.13999999999941792	trials	port_entry
2030.9885333333332	0.21996666666746023	trials	port_entry
2041.8085666666666	3.9500000000007276	trials	port_entry
2046.0385666666662	0.019933333333028713	trials	port_entry
2067.5385000000024	5.450099999998201	trials	port_entry
2115.098633333335	1.7799999999988358	trials	port_entry
2115.5086333333347	20.0	trials	neutral_stimulus_presentation
2132.3686333333353	0.0200333333305025	trials	port_entry
2138.5386666666673	0.06999999999970896	trials	port_entry
2139.5086666666684	0.019933333333028713	trials	port_entry
2139.608666666667	0.08000000000174623	trials	port_entry
2139.728633333336	0.0200333333305025	trials	port_entry
2141.0386666666673	0.13999999999941792	trials	port_entry
2141.458666666669	0.019966666666732635	trials	port_entry
2143.2986666666657	0.25	trials	port_entry
2143.7186666666676	0.020000000000436557	trials	port_entry
2143.958666666669	0.039999999997235136	trials	port_entry
2147.898666666668	0.020000000000436557	trials	port_entry
2152.058733333335	0.6999666666670237	trials	port_entry
2154.618666666669	2.7999999999992724	trials	port_entry
2160.9086666666662	3.7700333333341405	trials	port_entry
2164.8486666666686	0.020000000000436557	trials	port_entry
2205.508733333336	20.00136666666367	trials	shock_stimulus_presentation
2225.308733333335	0.2999999999992724	trials	shock_relay
2279.4787333333334	0.040000000000873115	trials	port_entry
2279.598766666666	3.8000333333329763	trials	port_entry
2295.2687333333342	8.780099999999948	trials	port_entry
2295.5087999999996	0.15996666666615056	trials	reward_stimulus_presentation
2296.508700000002	0.8000666666666802	trials	reward_delivery
2306.6288000000022	2.739966666664259	trials	port_entry
2374.9988666666686	2.650033333331521	trials	port_entry
2385.5089000000007	4.56000000000131	trials	reward_stimulus_presentation
2386.5089000000007	0.7999999999992724	trials	reward_delivery
2389.6689000000006	0.09000000000014552	trials	port_entry
2389.908900000002	5.43999999999869	trials	port_entry
2421.778900000001	3.1699999999982538	trials	port_entry
2441.2489000000023	2.4200333333319577	trials	port_entry
2455.9289666666664	1.709966666669061	trials	port_entry
2457.6689333333343	1.319999999999709	trials	port_entry
2459.0589333333337	0.6599999999998545	trials	port_entry
2459.7589333333344	2.8100333333313756	trials	port_entry
2470.508966666668	20.000033333333704	trials	neutral_stimulus_presentation
2484.458966666669	0.8899999999994179	trials	port_entry
2494.5189666666665	0.7200000000011642	trials	port_entry
2495.2589333333344	0.14003333333312185	trials	port_entry
2495.5589666666674	0.75	trials	port_entry
2509.3690333333325	0.1299666666673147	trials	port_entry
2509.569033333333	1.639999999999418	trials	port_entry
2534.679033333334	2.2299999999995634	trials	port_entry
2542.1590333333334	2.930033333333995	trials	port_entry
2546.019033333334	0.03003333333253977	trials	port_entry
2546.1089666666667	0.020100000001548324	trials	port_entry
2548.239033333335	2.139999999999418	trials	port_entry
2550.569066666667	0.6798999999991793	trials	port_entry
2560.509000000002	1.2600666666658071	trials	reward_stimulus_presentation
2561.369066666666	7.9099999999998545	trials	port_entry
2561.509000000002	0.7999999999992724	trials	reward_delivery
2594.919099999999	0.27000000000043656	trials	port_entry
2619.1291333333356	3.539999999997235	trials	port_entry
2626.799133333334	0.709933333331719	trials	port_entry
2634.809100000002	1.6999666666633857	trials	port_entry
2636.6491333333324	0.4700333333348681	trials	port_entry
2655.5090999999993	2.1300666666684265	trials	reward_stimulus_presentation
2656.5090333333355	0.8001333333304501	trials	reward_delivery
2657.2391666666663	6.239966666667897	trials	port_entry
2665.289166666669	0.01999999999679858	trials	port_entry
2684.859133333335	1.7100666666665347	trials	port_entry
2707.2992000000013	1.209966666665423	trials	port_entry
2720.0692333333354	1.7399999999979627	trials	port_entry
2741.129233333333	3.5600000000013097	trials	port_entry
2744.959233333335	0.040000000000873115	trials	port_entry
2745.509266666668	20.001266666666197	trials	shock_stimulus_presentation
2765.309266666667	0.2999999999992724	trials	shock_relay
2765.979266666669	3.149999999997817	trials	port_entry
2803.3593	1.5200000000004366	trials	port_entry
2816.1592333333356	1.5500666666666802	trials	port_entry
2825.5093333333352	20.0	trials	neutral_stimulus_presentation
2826.3093333333345	4.479999999999563	trials	port_entry
2831.1493333333347	0.020000000000436557	trials	port_entry
2848.489333333335	1.290033333330939	trials	port_entry
2872.649300000001	1.3500666666659527	trials	port_entry
2874.619366666666	0.4000000000014552	trials	port_entry
2875.249333333333	0.02003333333414048	trials	port_entry
2875.459366666666	0.21000000000276486	trials	port_entry
2904.7894000000015	1.6300000000010186	trials	port_entry
2915.509399999999	20.000033333333704	trials	neutral_stimulus_presentation
2916.429400000001	0.5400000000008731	trials	port_entry
2946.3794333333353	1.499966666666296	trials	port_entry
2966.6094666666686	0.5499999999992724	trials	port_entry
2967.2294666666676	0.08993333333273767	trials	port_entry
2967.3893666666663	0.1801000000014028	trials	port_entry
2972.0494666666673	0.22989999999845168	trials	port_entry
2972.2994	0.26000000000203727	trials	port_entry
2972.759366666669	0.0200333333305025	trials	port_entry
2972.9094000000005	0.020000000000436557	trials	port_entry
2973.539466666669	1.069999999999709	trials	port_entry
2974.6294333333353	0.09003333333384944	trials	port_entry
2981.6994666666687	0.6999999999970896	trials	port_entry
3015.5095	20.0012999999999	trials	shock_stimulus_presentation
3035.3094999999994	0.29993333333550254	trials	shock_relay
3049.3395333333356	1.25	trials	port_entry
3050.7395333333334	0.03993333333346527	trials	port_entry
3050.8295333333335	0.04993333333550254	trials	port_entry
3051.8295	0.020000000000436557	trials	port_entry
3105.5096000000012	20.0	trials	neutral_stimulus_presentation
3106.749599999999	1.8499666666684789	trials	port_entry
3150.049633333336	1.2699999999967986	trials	port_entry
3195.5097000000023	1.1899999999986903	trials	reward_stimulus_presentation
3196.2996999999996	8.920000000001892	trials	port_entry
3196.5095666666675	0.8001000000003842	trials	reward_delivery
3225.689699999999	3.110033333334286	trials	port_entry
3257.469733333335	4.599999999998545	trials	port_entry
3285.509766666666	20.001166666668723	trials	shock_stimulus_presentation
3286.3697666666667	1.7900000000008731	trials	port_entry
3289.1097666666683	0.059999999997671694	trials	port_entry
3305.309766666669	0.3000333333329763	trials	shock_relay
3316.359800000002	0.16999999999825377	trials	port_entry
3316.5797333333358	0.16993333333084593	trials	port_entry
3316.919766666666	0.02003333333414048	trials	port_entry
3316.9598000000005	0.06993333333230112	trials	port_entry
3317.1298000000024	0.19999999999708962	trials	port_entry
3317.6198000000004	0.040000000000873115	trials	port_entry
3317.7397999999994	0.1500000000014552	trials	port_entry
3317.9098000000013	0.09999999999854481	trials	port_entry
3319.8297999999995	0.030000000002473826	trials	port_entry
3335.4298333333354	4.619999999998981	trials	port_entry
3344.869833333334	1.2400000000016007	trials	port_entry
3346.2898333333324	0.020000000000436557	trials	port_entry
3346.7898333333324	0.030000000002473826	trials	port_entry
3347.659833333335	0.019966666666732635	trials	port_entry
3348.999833333335	0.16999999999825377	trials	port_entry
3349.2898333333324	0.08993333333637565	trials	port_entry
3352.989833333333	0.13999999999941792	trials	port_entry
3353.819833333335	0.10989999999947031	trials	port_entry
3355.1398333333345	0.029999999998835847	trials	port_entry
3355.3498333333337	0.020000000000436557	trials	port_entry
3355.409833333335	0.6100000000005821	trials	port_entry
3368.4198333333334	0.2100333333328308	trials	port_entry
3368.6698333333334	0.42000000000189175	trials	port_entry
3369.189833333334	0.020000000000436557	trials	port_entry
3369.909833333335	0.020000000000436557	trials	port_entry
3370.5098333333335	0.08003333333545015	trials	port_entry
3370.509866666667	0.39996666666775127	trials	reward_stimulus_presentation
3370.6298333333325	0.09000000000014552	trials	port_entry
3371.2898333333324	0.020000000000436557	trials	port_entry
3371.429866666669	0.019966666666732635	trials	port_entry
3371.5098333333335	0.7999999999992724	trials	reward_delivery
3372.819833333335	5.93999999999869	trials	port_entry
3401.3598666666658	2.4500000000007276	trials	port_entry
3412.8898666666682	2.1600333333335584	trials	port_entry
3416.7499000000025	0.17999999999665306	trials	port_entry
3423.6998999999996	0.020000000000436557	trials	port_entry
3429.1498666666666	0.019966666666732635	trials	port_entry
3429.3299000000006	0.18000000000029104	trials	port_entry
3429.5599	3.7899333333334653	trials	port_entry
3436.3699000000015	0.5400000000008731	trials	port_entry
3438.3598999999995	0.030000000002473826	trials	port_entry
3438.5998666666674	0.18003333333399496	trials	port_entry
3438.8498666666674	0.08003333333181217	trials	port_entry
3438.9899000000005	0.029999999998835847	trials	port_entry
3440.0799000000006	0.029999999998835847	trials	port_entry
3440.6599000000024	1.5900000000001455	trials	port_entry
3442.2698666666656	0.24006666666900855	trials	port_entry
3444.5599	0.5100333333321032	trials	port_entry
3445.149933333334	0.01989999999932479	trials	port_entry
3447.9099000000024	0.01999999999679858	trials	port_entry
3448.079866666667	0.0200666666678444	trials	port_entry
3460.5099333333346	2.639999999999418	trials	reward_stimulus_presentation
3461.5099333333346	0.7999999999992724	trials	reward_delivery
3462.7499333333326	0.21000000000276486	trials	port_entry
3462.979933333336	5.819999999999709	trials	port_entry
3550.4799999999996	12.649966666667751	trials	port_entry
3555.5100333333357	20.0	trials	reward_stimulus_presentation
3556.509900000001	0.8000333333329763	trials	reward_delivery
3576.7700000000004	3.8800333333347226	trials	port_entry
3624.2100666666665	1.110000000000582	trials	port_entry
3625.340033333334	0.3899999999994179	trials	port_entry
3625.7500666666674	0.24003333333166665	trials	port_entry
3643.8401000000013	3.8700333333326853	trials	port_entry
3645.510133333333	20.001433333334717	trials	shock_stimulus_presentation
3665.3101333333325	0.29996666666920646	trials	shock_relay
3666.9601000000002	5.730033333333267	trials	port_entry
3687.430166666669	4.279999999998836	trials	port_entry
3691.8201333333345	0.7500333333337039	trials	port_entry
3711.350166666667	1.0	trials	port_entry
3723.980200000002	10.610000000000582	trials	port_entry
3725.5102000000006	20.0	trials	reward_stimulus_presentation
3726.5102000000006	0.7999999999992724	trials	reward_delivery
3768.410233333336	5.739999999997963	trials	port_entry
3790.550266666669	2.029966666665132	trials	port_entry
3815.510266666668	20.000033333333704	trials	neutral_stimulus_presentation
3833.350300000002	0.12999999999738066	trials	port_entry
3833.5103000000017	1.9399999999986903	trials	port_entry
3846.7003000000004	2.279999999998836	trials	port_entry
3858.780333333336	5.789999999997235	trials	port_entry
3864.700333333334	0.18999999999869033	trials	port_entry
3872.030333333336	1.0499999999992724	trials	port_entry
3873.4103333333333	1.0600000000013097	trials	port_entry
3896.2403666666687	0.08993333333273767	trials	port_entry
3896.3503666666656	1.9000000000014552	trials	port_entry
3898.2703666666675	1.5099999999983993	trials	port_entry
3900.010366666669	0.01999999999679858	trials	port_entry
3909.1103666666677	1.3800000000010186	trials	port_entry
3915.510366666669	20.001399999997375	trials	shock_stimulus_presentation
3924.500400000001	0.6099666666668782	trials	port_entry
3935.310400000002	0.2999999999992724	trials	shock_relay
3949.4804000000004	0.75	trials	port_entry
3951.3604000000014	0.020000000000436557	trials	port_entry
3968.7104333333336	0.18999999999869033	trials	port_entry
4005.5104666666666	20.000033333333704	trials	neutral_stimulus_presentation
4006.750466666668	2.0499999999992724	trials	port_entry
4047.040533333333	0.07996666666804231	trials	port_entry
4053.0804666666663	0.9200333333355957	trials	port_entry
4095.5105000000003	3.3500333333322487	trials	reward_stimulus_presentation
4096.510433333333	0.8000333333329763	trials	reward_delivery
4098.460466666667	0.1500000000014552	trials	port_entry
4098.630533333333	4.479999999999563	trials	port_entry
4105.110566666666	1.639966666669352	trials	port_entry
4106.770500000002	0.31006666666507954	trials	port_entry
4162.400633333335	1.9099666666661506	trials	port_entry
4164.6106	0.020000000000436557	trials	port_entry
4178.5406	2.850000000002183	trials	port_entry
4185.510600000001	2.580033333331812	trials	reward_stimulus_presentation
4186.510600000001	0.7999999999992724	trials	reward_delivery
4187.690600000002	4.700000000000728	trials	port_entry
4203.180633333333	1.7200000000011642	trials	port_entry
4205.150633333335	0.020000000000436557	trials	port_entry
4233.970666666668	2.430033333333995	trials	port_entry
4259.340666666667	1.9900333333353046	trials	port_entry
4270.280733333333	9.040000000000873	trials	port_entry
4270.510733333333	0.17000000000189175	trials	reward_stimulus_presentation
4271.5107000000025	0.8000333333329763	trials	reward_delivery
4296.450700000001	9.330066666665516	trials	port_entry
4306.1107666666685	0.049999999999272404	trials	port_entry
4307.440766666667	0.18000000000029104	trials	port_entry
4307.640766666667	1.0499999999992724	trials	port_entry
4308.800766666667	0.22000000000116415	trials	port_entry
4342.9408	1.7600000000020373	trials	port_entry
4360.510733333333	20.00106666666761	trials	shock_stimulus_presentation
4369.650833333333	1.4799999999995634	trials	port_entry
4380.310833333333	0.2999999999992724	trials	shock_relay
4390.550833333335	3.5799999999981083	trials	port_entry
4423.050866666668	1.360000000000582	trials	port_entry
4432.6309	0.13000000000101863	trials	port_entry
4435.590899999999	0.06000000000130967	trials	port_entry
4444.850900000001	4.549999999999272	trials	port_entry
4455.510900000001	2.279999999998836	trials	reward_stimulus_presentation
4456.5108	0.8001000000003842	trials	reward_delivery
4457.390900000002	5.849999999998545	trials	port_entry
4478.380933333334	1.569999999999709	trials	port_entry
4482.510933333335	0.040000000000873115	trials	port_entry
4482.731	0.02993333333506598	trials	port_entry
4482.9509333333335	0.08000000000174623	trials	port_entry
4485.860933333333	2.5499999999992724	trials	port_entry
4488.640933333336	0.01999999999679858	trials	port_entry
4500.270933333333	1.750033333333704	trials	port_entry
4502.120933333335	0.09003333333021146	trials	port_entry
4508.140966666666	0.020000000000436557	trials	port_entry
4508.400966666668	0.07999999999810825	trials	port_entry
4510.0009666666665	0.1500000000014552	trials	port_entry
4511.120933333335	0.2600333333321032	trials	port_entry
4511.430966666667	0.7799999999988358	trials	port_entry
4512.350966666669	0.21996666666382225	trials	port_entry
4526.650900000001	2.9100666666672623	trials	port_entry
4532.210966666666	0.8600000000005821	trials	port_entry
4533.970966666668	3.650000000001455	trials	port_entry
4545.161	8.330000000001746	trials	port_entry
4545.511000000002	0.049999999999272404	trials	reward_stimulus_presentation
4546.5109666666685	0.7999999999992724	trials	reward_delivery
4578.971033333335	2.7299999999995634	trials	port_entry
4589.661033333334	1.9900000000016007	trials	port_entry
4591.831033333336	0.039999999997235136	trials	port_entry
4594.941033333333	1.3100000000013097	trials	port_entry
4596.351033333332	0.030000000002473826	trials	port_entry
4596.551033333333	0.020000000000436557	trials	port_entry
4596.641033333333	0.2400000000016007	trials	port_entry
4597.081033333336	0.029999999998835847	trials	port_entry
4597.171033333336	0.17999999999665306	trials	port_entry
4597.441033333333	0.09000000000014552	trials	port_entry
4597.551033333333	0.020000000000436557	trials	port_entry
4598.191033333333	0.030000000002473826	trials	port_entry
4599.531033333333	1.680000000000291	trials	port_entry
4601.351033333332	0.11000000000058208	trials	port_entry
4601.511033333332	0.040000000000873115	trials	port_entry
4601.571033333334	1.360000000000582	trials	port_entry
4603.101033333332	0.03996666666716919	trials	port_entry
4604.321033333334	1.1300000000010186	trials	port_entry
4609.391033333333	1.4900000000016007	trials	port_entry
4610.961033333333	0.020000000000436557	trials	port_entry
4611.221033333335	0.049999999999272404	trials	port_entry
4611.501066666668	0.6300000000010186	trials	port_entry
4612.291033333335	0.020000000000436557	trials	port_entry
4612.431033333334	0.040000000000873115	trials	port_entry
4612.511066666666	0.11996666666891542	trials	port_entry
4614.651066666669	0.7599999999983993	trials	port_entry
4616.901033333335	0.7799999999988358	trials	port_entry
4617.911033333334	0.10003333333224873	trials	port_entry
4618.161033333334	0.020000000000436557	trials	port_entry
4622.861066666668	0.020000000000436557	trials	port_entry
4625.511066666666	0.930000000000291	trials	reward_stimulus_presentation
4626.0410666666685	7.969999999997526	trials	port_entry
4626.511033333332	0.8000333333366143	trials	reward_delivery
4644.391066666667	1.5499999999992724	trials	port_entry
4646.921066666666	0.040000000000873115	trials	port_entry
4647.271066666668	0.06999999999970896	trials	port_entry
4649.311066666669	0.029999999998835847	trials	port_entry
4649.371066666667	0.050033333332976326	trials	port_entry
4689.451133333336	3.6199666666652774	trials	port_entry
4693.151099999999	1.2700000000004366	trials	port_entry
4694.861100000002	0.03003333333253977	trials	port_entry
4704.261133333333	2.6900000000023283	trials	port_entry
4713.131133333332	9.560033333335014	trials	port_entry
4715.511133333333	8.830000000001746	trials	reward_stimulus_presentation
4716.5111	0.7999999999992724	trials	reward_delivery
4723.9411	1.360033333334286	trials	port_entry
4746.831133333333	3.569999999999709	trials	port_entry
4750.491166666667	2.350000000002183	trials	port_entry
4762.571066666667	7.720133333332342	trials	port_entry
4782.231166666668	9.59003333333385	trials	port_entry
4799.611199999999	4.650033333335159	trials	port_entry
4804.341166666669	0.8000666666666802	trials	port_entry
4812.941200000001	8.169999999998254	trials	port_entry
4815.5112333333345	20.001566666665894	trials	shock_stimulus_presentation
4827.781200000001	4.130033333331085	trials	port_entry
4832.141233333336	0.039999999997235136	trials	port_entry
4835.311233333334	0.3000333333329763	trials	shock_relay
4846.921233333334	1.5999999999985448	trials	port_entry
4854.371266666669	2.849999999998545	trials	port_entry
4865.2312999999995	0.6299666666673147	trials	port_entry
4866.0913	3.4200000000018917	trials	port_entry
4875.3613000000005	0.5299999999988358	trials	port_entry
4876.011300000002	0.5999999999985448	trials	port_entry
4878.421300000002	0.020000000000436557	trials	port_entry
4878.461299999999	0.1400000000030559	trials	port_entry
4879.391299999999	1.4500000000007276	trials	port_entry
4883.141299999999	0.4099999999998545	trials	port_entry
4883.6813	0.10000000000218279	trials	port_entry
4883.8613000000005	0.3700333333326853	trials	port_entry
4884.3713000000025	0.01999999999679858	trials	port_entry
4884.6113000000005	0.040000000000873115	trials	port_entry
4884.8213	0.030000000002473826	trials	port_entry
4884.9913000000015	0.020000000000436557	trials	port_entry
4885.071200000002	0.020099999997910345	trials	port_entry
4885.6213000000025	0.01999999999679858	trials	port_entry
4885.691300000002	0.039966666663531214	trials	port_entry
4886.0013	0.15999999999985448	trials	port_entry
4886.5013	0.12000000000261934	trials	port_entry
4888.401300000001	0.7999999999992724	trials	port_entry
4889.271233333333	0.04006666666828096	trials	port_entry
4889.4113	0.11000000000058208	trials	port_entry
4889.631266666667	0.2399666666678968	trials	port_entry
4890.191300000002	0.01999999999679858	trials	port_entry
4890.641299999999	0.029966666668769903	trials	port_entry
4891.8613000000005	0.029999999998835847	trials	port_entry
4892.051299999999	0.21000000000276486	trials	port_entry
4892.7713	0.019933333333028713	trials	port_entry
4894.7713	0.040000000000873115	trials	port_entry
4894.831266666668	0.040000000000873115	trials	port_entry
4894.971233333334	0.400099999998929	trials	port_entry
4895.551299999999	0.030000000002473826	trials	port_entry
4895.601300000002	0.029999999998835847	trials	port_entry
4896.391299999999	0.12003333333632327	trials	port_entry
4897.191300000002	0.059999999997671694	trials	port_entry
4905.511333333336	1.7399999999979627	trials	reward_stimulus_presentation
4906.511333333336	0.7999999999992724	trials	reward_delivery
4906.851333333336	6.489999999997963	trials	port_entry
4913.5413333333345	0.040000000000873115	trials	port_entry
4935.871366666666	0.15999999999985448	trials	port_entry
4966.431400000001	1.8099999999976717	trials	port_entry
4984.8514	1.5200000000004366	trials	port_entry
4995.071400000001	3.4500333333344315	trials	port_entry
4995.511333333336	20.000033333330066	trials	neutral_stimulus_presentation
5044.741466666666	2.040000000000873	trials	port_entry
5046.971466666666	0.07003333333341288	trials	port_entry
5047.061466666666	0.029966666668769903	trials	port_entry
5047.111466666669	0.01999999999679858	trials	port_entry
5074.361499999999	0.25	trials	port_entry
5074.6515	1.9599999999991269	trials	port_entry
5085.511533333334	20.001499999998487	trials	shock_stimulus_presentation
5105.3115	0.2999999999992724	trials	shock_relay
5114.121533333335	3.1699999999982538	trials	port_entry
5124.081533333334	8.5099999999984	trials	port_entry
5132.741533333334	0.9500000000007276	trials	port_entry
5139.491533333334	1.970033333334868	trials	port_entry
5141.481533333335	0.29003333333093906	trials	port_entry
5170.511600000002	2.639999999999418	trials	reward_stimulus_presentation
5171.511566666668	0.7999999999992724	trials	reward_delivery
5172.751566666666	0.13000000000101863	trials	port_entry
5172.981599999999	4.150000000001455	trials	port_entry
5177.161566666666	1.110000000000582	trials	port_entry
5178.5416000000005	0.040000000000873115	trials	port_entry
5226.051633333333	2.680000000000291	trials	port_entry
5240.391633333333	2.1900333333360322	trials	port_entry
5242.811633333335	0.020000000000436557	trials	port_entry
5249.031633333336	1.4399999999986903	trials	port_entry
5260.511666666669	20.0	trials	neutral_stimulus_presentation
5317.5717	0.8000333333329763	trials	port_entry
5320.921699999999	2.6299666666673147	trials	port_entry
5323.611666666668	0.06000000000130967	trials	port_entry
5323.751633333333	0.050033333332976326	trials	port_entry
5329.121666666666	2.2000000000007276	trials	port_entry
5339.691699999999	5.4200666666693	trials	port_entry
5353.701766666669	1.889966666665714	trials	port_entry
5355.511733333333	20.000033333333704	trials	neutral_stimulus_presentation
5355.641733333334	1.7900000000008731	trials	port_entry
5361.031766666667	0.2000000000007276	trials	port_entry
5368.3317333333325	0.09003333333384944	trials	port_entry
5368.451733333335	0.05006666666668025	trials	port_entry
5368.531766666667	0.819999999999709	trials	port_entry
5369.441766666667	0.020000000000436557	trials	port_entry
5369.601733333333	0.019966666666732635	trials	port_entry
5369.8917	0.06000000000130967	trials	port_entry
5371.6417	0.30996666666760575	trials	port_entry
5372.211666666666	1.1299666666673147	trials	port_entry
5391.161766666668	1.1200333333326853	trials	port_entry
5411.3518	1.0600333333350136	trials	port_entry
5416.181833333336	3.7299666666658595	trials	port_entry
5438.1218333333345	1.1300000000010186	trials	port_entry
5440.211833333335	1.000033333333704	trials	port_entry
5445.511866666668	4.25	trials	reward_stimulus_presentation
5446.511833333334	0.7999999999992724	trials	reward_delivery
5449.361866666666	4.55000000000291	trials	port_entry
5491.8519000000015	2.110000000000582	trials	port_entry
5510.301900000002	2.0200333333305025	trials	port_entry
5525.511966666669	20.00103333333027	trials	shock_stimulus_presentation
5545.311933333334	0.2999999999992724	trials	shock_relay
5569.171966666669	3.9799999999995634	trials	port_entry
5575.141966666666	0.25	trials	port_entry
5583.301966666666	0.04003333333457704	trials	port_entry
5583.582000000002	1.0099999999983993	trials	port_entry
5584.682000000001	0.6399999999994179	trials	port_entry
5593.082000000002	0.8400000000001455	trials	port_entry
5596.242000000002	0.09999999999854481	trials	port_entry
5596.882000000001	1.2299999999995634	trials	port_entry
5598.341966666667	0.060033333335013594	trials	port_entry
5598.652000000002	6.6599999999998545	trials	port_entry
5606.621999999999	0.9000000000014552	trials	port_entry
5613.092000000001	0.7999999999992724	trials	port_entry
5614.152000000002	10.230033333333267	trials	port_entry
5615.5120333333325	20.0	trials	reward_stimulus_presentation
5616.512000000002	0.7999999999992724	trials	reward_delivery
5654.652033333336	1.9398999999975786	trials	port_entry
5658.292033333335	0.23003333333326736	trials	port_entry
5658.752066666668	1.2299666666658595	trials	port_entry
5699.142100000001	2.0600000000013097	trials	port_entry
5711.432100000002	1.639999999999418	trials	port_entry
5715.5120333333325	20.0	trials	neutral_stimulus_presentation
5716.062099999999	1.4700000000011642	trials	port_entry
5717.632066666669	0.07003333333341288	trials	port_entry
5717.812066666669	0.0200333333305025	trials	port_entry
5744.212033333333	1.6801000000014028	trials	port_entry
5754.142100000001	3.8800333333347226	trials	port_entry
5805.512200000001	20.0	trials	neutral_stimulus_presentation
5875.702233333333	0.4000000000014552	trials	port_entry
5876.132266666667	4.169966666668188	trials	port_entry
5881.582233333334	0.9599999999991269	trials	port_entry
5882.572233333332	0.11000000000058208	trials	port_entry
5882.702233333333	1.5900000000001455	trials	port_entry
5895.512300000002	20.001333333333605	trials	shock_stimulus_presentation
5901.582266666668	6.040000000000873	trials	port_entry
5908.042266666667	0.040000000000873115	trials	port_entry
5915.312300000001	0.2999666666655685	trials	shock_relay
5919.222266666668	11.410033333333558	trials	port_entry
5959.242300000002	1.2600333333321032	trials	port_entry
5960.562333333335	0.12999999999738066	trials	port_entry
5960.712333333333	0.1500000000014552	trials	port_entry
5960.912266666666	0.1700666666692996	trials	port_entry
5974.222333333335	0.930033333333995	trials	port_entry
5985.512366666666	20.0	trials	neutral_stimulus_presentation
6010.3024000000005	0.819999999999709	trials	port_entry
6011.382400000002	0.12996666666367673	trials	port_entry
6033.5124	1.3000000000029104	trials	port_entry
6034.832399999999	0.43000000000029104	trials	port_entry
6035.292400000002	0.36999999999898137	trials	port_entry
6035.772400000002	0.040000000000873115	trials	port_entry
6046.9824333333345	0.11000000000058208	trials	port_entry
6047.242399999999	0.7000333333344315	trials	port_entry
6047.962433333334	0.7799999999988358	trials	port_entry
6070.512466666667	1.6500000000014552	trials	reward_stimulus_presentation
6071.512433333333	0.7999999999992724	trials	reward_delivery
6071.762433333333	11.190033333332394	trials	port_entry
6106.312466666666	2.1000333333358867	trials	port_entry
6123.572500000002	0.8399666666664416	trials	port_entry
6145.352500000001	3.0499999999992724	trials	port_entry
6160.512533333334	20.0012999999999	trials	shock_stimulus_presentation
6173.962533333335	1.1199999999989814	trials	port_entry
6180.312533333334	0.2999999999992724	trials	shock_relay
6201.982566666666	10.730000000003201	trials	port_entry
6224.852600000002	5.789999999997235	trials	port_entry
6238.642599999999	2.4800000000032014	trials	port_entry
6246.882600000001	0.75	trials	port_entry
6253.872533333335	0.8100999999987835	trials	port_entry
6255.512566666668	2.900066666665225	trials	reward_stimulus_presentation
6256.512500000001	0.8000333333329763	trials	reward_delivery
6258.012500000001	0.16013333333467017	trials	port_entry
6258.3426	5.239966666667897	trials	port_entry
6263.692633333336	1.889999999999418	trials	port_entry
6266.082633333335	0.1499999999978172	trials	port_entry
6266.942566666668	1.610066666664352	trials	port_entry
6268.572633333333	0.22996666666585952	trials	port_entry
6268.932633333334	0.049999999999272404	trials	port_entry
6269.032566666669	0.05006666666668025	trials	port_entry
6269.102566666668	0.09996666666484089	trials	port_entry
6269.252533333332	0.08003333333545015	trials	port_entry
6269.352533333335	0.050033333332976326	trials	port_entry
6269.462633333333	0.04996666666920646	trials	port_entry
6270.362633333334	0.09000000000014552	trials	port_entry
6270.542600000001	0.02003333333414048	trials	port_entry
6270.692633333336	0.04993333333186456	trials	port_entry
6271.1226333333325	0.040000000000873115	trials	port_entry
6271.312633333335	0.18993333333128248	trials	port_entry
6271.522633333334	0.050033333332976326	trials	port_entry
6297.752666666667	8.930000000000291	trials	port_entry
6315.342666666667	3.349999999998545	trials	port_entry
6319.042700000002	0.029966666665131925	trials	port_entry
6326.4927000000025	1.1199666666652774	trials	port_entry
6330.6227	0.20999999999912689	trials	port_entry
6330.932700000001	0.02989999999772408	trials	port_entry
6331.202700000002	0.36999999999898137	trials	port_entry
6331.812700000002	0.01999999999679858	trials	port_entry
6334.0527	3.8800000000010186	trials	port_entry
6337.952700000002	0.09999999999854481	trials	port_entry
6338.132700000002	0.020000000000436557	trials	port_entry
6338.632700000002	0.039999999997235136	trials	port_entry
6338.6927	0.08000000000174623	trials	port_entry
6340.1227	0.6399333333356481	trials	port_entry
6345.5126333333355	20.0	trials	neutral_stimulus_presentation
6348.632700000002	3.899999999997817	trials	port_entry
6356.882733333336	0.9799666666658595	trials	port_entry
6360.2927333333355	0.059999999997671694	trials	port_entry
6360.372733333334	0.2199333333337563	trials	port_entry
6380.172699999999	0.0700666666671168	trials	port_entry
6412.122766666667	4.330000000001746	trials	port_entry
6425.512733333333	2.390033333333122	trials	reward_stimulus_presentation
6426.512699999999	0.8000000000029104	trials	reward_delivery
6427.502766666668	5.980033333333267	trials	port_entry
6469.3328	1.5600333333350136	trials	port_entry
6482.522866666666	4.02996666666877	trials	port_entry
6492.302833333335	1.5599999999976717	trials	port_entry
6499.892833333335	0.09000000000014552	trials	port_entry
6504.642866666669	1.7299999999995634	trials	port_entry
6509.392866666669	0.13999999999941792	trials	port_entry
6510.002866666666	0.22000000000116415	trials	port_entry
6515.5129000000015	1.8699666666652774	trials	reward_stimulus_presentation
6516.512866666668	0.7999999999992724	trials	reward_delivery
6516.982866666669	5.190033333332394	trials	port_entry
6523.082900000001	1.6699666666645498	trials	port_entry
6525.902866666667	0.18003333333399496	trials	port_entry
6564.412899999999	2.4100333333335584	trials	port_entry
6581.222966666668	2.5599999999976717	trials	port_entry
6601.852966666669	0.09999999999854481	trials	port_entry
6609.782999999999	2.710000000002765	trials	port_entry
6612.572966666667	0.3700333333326853	trials	port_entry
6612.963	0.2000000000007276	trials	port_entry
6615.512999999999	20.00090000000273	trials	shock_stimulus_presentation
6626.1630000000005	0.06000000000130967	trials	port_entry
6626.3029333333325	4.36006666666799	trials	port_entry
6630.713	0.06999999999970896	trials	port_entry
6635.312966666668	0.3000333333329763	trials	shock_relay
6640.863000000001	3.360033333334286	trials	port_entry
6648.503033333334	3.8799666666673147	trials	port_entry
6652.453033333335	0.25	trials	port_entry
6660.123033333333	0.8400000000001455	trials	port_entry
6661.303033333334	0.2000000000007276	trials	port_entry
6661.623033333333	0.27000000000043656	trials	port_entry
6661.993033333332	0.03993333333346527	trials	port_entry
6662.113033333335	0.5199333333330287	trials	port_entry
6663.9730333333355	0.10996666666687815	trials	port_entry
6667.713033333333	0.05993333333390183	trials	port_entry
6672.2230333333355	0.18000000000029104	trials	port_entry
6672.503033333334	0.040000000000873115	trials	port_entry
6673.332966666669	0.7500666666637699	trials	port_entry
6676.762999999999	0.10006666666959063	trials	port_entry
6676.893	0.029966666668769903	trials	port_entry
6678.132966666668	0.36009999999805586	trials	port_entry
6682.853066666667	0.4899666666678968	trials	port_entry
6688.103066666667	0.5	trials	port_entry
6688.643066666667	7.759999999998399	trials	port_entry
6705.513066666666	20.000033333333704	trials	neutral_stimulus_presentation
6706.203066666669	0.8799999999973807	trials	port_entry
6715.133000000002	0.060033333331375616	trials	port_entry
6715.683066666668	0.48999999999796273	trials	port_entry
6716.203066666669	0.1299333333336108	trials	port_entry
6716.513033333333	0.020000000000436557	trials	port_entry
6716.613066666669	0.019933333333028713	trials	port_entry
6716.913066666668	0.18000000000029104	trials	port_entry
6717.193066666667	0.020000000000436557	trials	port_entry
6717.323066666668	0.13999999999941792	trials	port_entry
6742.213133333335	0.3100000000013097	trials	port_entry
6753.023133333336	1.0399999999972351	trials	port_entry
6757.903133333333	1.1599999999998545	trials	port_entry
6762.273133333336	0.050033333332976326	trials	port_entry
6762.393133333335	0.13000000000101863	trials	port_entry
6762.843133333336	0.5499999999992724	trials	port_entry
6777.733166666669	0.09999999999854481	trials	port_entry
6794.813166666667	0.6700000000018917	trials	port_entry
6795.513200000001	0.5799666666644043	trials	reward_stimulus_presentation
6795.693166666668	8.84003333333385	trials	port_entry
6796.5131666666675	0.7999999999992724	trials	reward_delivery
6826.393200000002	0.09999999999854481	trials	port_entry
6845.813233333334	2.400000000001455	trials	port_entry
6848.473233333334	0.019966666666732635	trials	port_entry
6849.063233333334	0.019966666666732635	trials	port_entry
6849.9932333333345	0.06999999999970896	trials	port_entry
6864.703233333334	1.5198999999993248	trials	port_entry
6866.253166666669	0.09006666666391538	trials	port_entry
6866.843166666666	0.08006666666915407	trials	port_entry
6867.903233333334	0.029966666665131925	trials	port_entry
6868.653233333334	0.020000000000436557	trials	port_entry
6875.473266666668	0.18000000000029104	trials	port_entry
6885.513266666669	2.209933333331719	trials	reward_stimulus_presentation
6886.513266666669	0.7999999999992724	trials	reward_delivery
6887.323266666666	6.700000000000728	trials	port_entry
6915.773300000001	1.8300000000017462	trials	port_entry
6931.9133	1.8300000000017462	trials	port_entry
6933.963299999999	0.05000000000291038	trials	port_entry
6934.1633	0.27999999999883585	trials	port_entry
6950.813333333335	1.529966666665132	trials	port_entry
6952.5033	0.020000000000436557	trials	port_entry
6970.513366666666	20.001166666668723	trials	shock_stimulus_presentation
6990.313333333335	0.2999999999992724	trials	shock_relay
6991.303333333333	0.6500333333351591	trials	port_entry
7015.273400000002	2.899999999997817	trials	port_entry
7053.713366666667	0.110033333334286	trials	port_entry
7060.5134333333335	2.350000000002183	trials	reward_stimulus_presentation
7061.5134	0.7999999999992724	trials	reward_delivery
7062.463366666667	5.760066666665807	trials	port_entry
7082.443433333334	0.020000000000436557	trials	port_entry
7084.253433333335	0.020000000000436557	trials	port_entry
7085.453433333336	2.209999999999127	trials	port_entry
7101.503466666669	1.1599999999998545	trials	port_entry
7110.323500000002	4.529999999998836	trials	port_entry
7116.283500000001	0.18999999999869033	trials	port_entry
7116.583466666667	0.07003333333341288	trials	port_entry
7117.0634666666665	0.2999999999992724	trials	port_entry
7119.983466666668	0.11003333333064802	trials	port_entry
7127.383466666666	2.1700666666692996	trials	port_entry
7129.583500000001	0.13003333333472256	trials	port_entry
7144.823533333332	0.6400000000030559	trials	port_entry
7145.563533333334	0.040000000000873115	trials	port_entry
7145.683533333333	0.05000000000291038	trials	port_entry
7146.003533333333	0.23000000000320142	trials	port_entry
7146.393533333336	0.029999999998835847	trials	port_entry
7146.463533333335	0.09000000000014552	trials	port_entry
7147.263533333335	0.049999999999272404	trials	port_entry
7147.853533333335	0.11999999999898137	trials	port_entry
7155.513566666668	2.3399666666664416	trials	reward_stimulus_presentation
7156.5134333333335	0.8001000000003842	trials	reward_delivery
7157.453533333333	5.190033333332394	trials	port_entry
7162.943533333335	0.020000000000436557	trials	port_entry
7164.773533333333	0.2000000000007276	trials	port_entry
7165.003533333333	1.5300333333361777	trials	port_entry
7180.083533333334	1.4799666666658595	trials	port_entry
7197.373566666669	3.599999999998545	trials	port_entry
7216.5936	9.660033333333558	trials	port_entry
7235.053633333333	6.25	trials	port_entry
7245.513633333336	20.001066666663974	trials	shock_stimulus_presentation
7263.773666666668	0.049999999999272404	trials	port_entry
7265.313633333335	0.3000333333329763	trials	shock_relay
7275.313666666669	0.7799999999988358	trials	port_entry
7276.203666666668	0.11000000000058208	trials	port_entry
7276.333666666669	0.09999999999854481	trials	port_entry
7276.533666666666	0.020000000000436557	trials	port_entry
7276.673666666666	0.020000000000436557	trials	port_entry
7281.373666666666	0.7900000000008731	trials	port_entry
7282.183666666668	0.07999999999810825	trials	port_entry
7282.423666666666	0.030000000002473826	trials	port_entry
7282.493666666669	0.01999999999679858	trials	port_entry
7282.573666666667	0.040000000000873115	trials	port_entry
7282.803666666667	0.10000000000218279	trials	port_entry
7283.173666666666	0.1400000000030559	trials	port_entry
7287.133666666668	1.9500000000007276	trials	port_entry
7291.993666666669	0.01999999999679858	trials	port_entry
7292.333666666669	0.01999999999679858	trials	port_entry
7294.583699999999	0.2000000000007276	trials	port_entry
7295.023700000002	0.10996666666687815	trials	port_entry
7295.293666666668	0.6300333333310846	trials	port_entry
7295.943666666666	0.28003333333617775	trials	port_entry
7296.403633333335	0.17006666666566161	trials	port_entry
7296.743699999999	0.5	trials	port_entry
7297.273700000002	0.020000000000436557	trials	port_entry
7307.863700000002	1.5499999999992724	trials	port_entry
7325.513733333333	1.4099666666661506	trials	reward_stimulus_presentation
7326.513733333333	0.7999666666692065	trials	reward_delivery
7326.523700000002	6.2700333333341405	trials	port_entry
7394.973766666666	9.950033333334432	trials	port_entry
7412.323800000002	2.709999999999127	trials	port_entry
7415.513800000001	20.0	trials	neutral_stimulus_presentation
7416.003800000002	0.8599999999969441	trials	port_entry
7451.623833333335	1.9500000000007276	trials	port_entry
7470.433866666666	2.319933333335939	trials	port_entry
7486.213866666669	1.0599666666639678	trials	port_entry
7487.553866666669	0.029999999998835847	trials	port_entry
7493.173866666668	6.53003333333254	trials	port_entry
7515.513900000002	2.1899999999986903	trials	reward_stimulus_presentation
7516.513866666668	0.7999999999992724	trials	reward_delivery
7517.303899999999	5.33996666667008	trials	port_entry
7596.993966666669	0.16999999999825377	trials	port_entry
7597.273966666668	1.6500000000014552	trials	port_entry
7599.003966666667	0.020000000000436557	trials	port_entry
7599.153966666669	0.049999999999272404	trials	port_entry
7605.513966666669	1.790033333330939	trials	reward_stimulus_presentation
7606.513966666669	0.7999999999992724	trials	reward_delivery
7606.904000000002	6.369999999998981	trials	port_entry
7631.853999999999	1.2600000000020373	trials	port_entry
7641.064033333336	2.6199666666652774	trials	port_entry
7667.964	13.470033333334868	trials	port_entry
7689.844033333335	0.6400333333331218	trials	port_entry
7690.564066666666	0.10000000000218279	trials	port_entry
7690.6840666666685	0.039999999997235136	trials	port_entry
7692.394066666668	0.2000000000007276	trials	port_entry
7692.654066666666	0.05000000000291038	trials	port_entry
7692.834033333333	0.29003333333457704	trials	port_entry
7693.8040666666675	0.11999999999898137	trials	port_entry
7694.444066666667	0.029966666668769903	trials	port_entry
7695.514033333333	20.000033333333704	trials	neutral_stimulus_presentation
7701.724099999999	0.8600000000005821	trials	port_entry
7708.2441	1.1000000000021828	trials	port_entry
7710.834066666666	0.07003333333341288	trials	port_entry
7711.094100000002	0.029966666665131925	trials	port_entry
7711.374066666667	0.06000000000130967	trials	port_entry
7730.394100000001	1.3499999999985448	trials	port_entry
7731.8141	0.26000000000203727	trials	port_entry
7732.284100000001	0.019966666666732635	trials	port_entry
7732.384099999999	0.019966666666732635	trials	port_entry
7732.4941	0.030000000002473826	trials	port_entry
7732.8341	0.06000000000130967	trials	port_entry
7733.124100000001	0.029999999998835847	trials	port_entry
7733.204066666669	0.09999999999854481	trials	port_entry
7735.144100000001	0.03003333333253977	trials	port_entry
7752.824133333335	0.07999999999810825	trials	port_entry
7770.784166666668	0.02989999999772408	trials	port_entry
7773.104166666668	0.029999999998835847	trials	port_entry
7773.314066666666	0.30006666666668025	trials	port_entry
7785.5141	20.001100000001315	trials	shock_stimulus_presentation
7785.844166666666	0.5600000000013097	trials	port_entry
7786.574166666669	0.01999999999679858	trials	port_entry
7786.804166666669	0.020000000000436557	trials	port_entry
7799.664166666669	0.01999999999679858	trials	port_entry
7803.974166666667	0.049999999999272404	trials	port_entry
7804.064166666667	0.020000000000436557	trials	port_entry
7804.924166666668	0.3100333333313756	trials	port_entry
7805.314166666667	0.2999999999992724	trials	shock_relay
7807.8642	0.030000000002473826	trials	port_entry
7807.914166666669	0.03003333333253977	trials	port_entry
7819.474166666667	0.1600333333335584	trials	port_entry
7820.014166666668	1.0500333333329763	trials	port_entry
7821.214100000001	0.020099999997910345	trials	port_entry
7821.3642	0.020000000000436557	trials	port_entry
7821.564200000001	0.020000000000436557	trials	port_entry
7821.674200000001	0.020000000000436557	trials	port_entry
7823.5242	0.040000000000873115	trials	port_entry
7825.584200000001	0.06000000000130967	trials	port_entry
7826.0242	0.030000000002473826	trials	port_entry
7845.224233333334	0.049999999999272404	trials	port_entry
7854.014233333335	0.049999999999272404	trials	port_entry
7870.514266666669	1.8999666666641133	trials	reward_stimulus_presentation
7871.514233333335	0.7999999999992724	trials	reward_delivery
7872.014233333335	5.370033333332685	trials	port_entry
7877.654266666668	0.959966666665423	trials	port_entry
7878.8242666666665	0.030000000002473826	trials	port_entry
7940.314300000002	1.360000000000582	trials	port_entry
7950.514300000003	2.4800333333332674	trials	port_entry
7956.354333333333	3.110000000000582	trials	port_entry
7960.514333333333	20.001566666669532	trials	shock_stimulus_presentation
7980.3143333333355	0.2999999999992724	trials	shock_relay
7999.944366666667	0.07993333333433839	trials	port_entry
8000.174366666666	0.06000000000130967	trials	port_entry
8000.344366666668	0.38000000000101863	trials	port_entry
8001.084300000002	0.0200333333305025	trials	port_entry
8002.184366666668	0.029999999998835847	trials	port_entry
8002.2343666666675	0.020000000000436557	trials	port_entry
8002.964366666667	0.08000000000174623	trials	port_entry
8004.494366666666	0.020000000000436557	trials	port_entry
8019.314366666669	0.16999999999825377	trials	port_entry
8046.7944000000025	7.3399999999965075	trials	port_entry
8054.204400000002	0.029999999998835847	trials	port_entry
8055.514433333334	1.7098666666679492	trials	reward_stimulus_presentation
8056.514300000003	0.7999999999992724	trials	reward_delivery
8056.8243	6.260000000002037	trials	port_entry
8078.474433333333	1.8800000000010186	trials	port_entry
8145.514433333337	20.0	trials	neutral_stimulus_presentation
8150.2644999999975	4.710000000006403	trials	port_entry
8167.424500000001	2.0	trials	port_entry
8169.734499999999	0.020000000004074536	trials	port_entry
8179.254500000003	0.029999999998835847	trials	port_entry
8192.004533333333	0.01989999999932479	trials	port_entry
8193.5645	0.04996666666556848	trials	port_entry
8194.0945	0.019966666666732635	trials	port_entry
8194.574500000002	0.029999999998835847	trials	port_entry
8194.6345	0.1500000000014552	trials	port_entry
8198.114533333333	0.019966666666732635	trials	port_entry
8201.474533333334	0.08003333333181217	trials	port_entry
8211.884533333337	0.0700333333297749	trials	port_entry
8212.514533333335	0.04003333333093906	trials	port_entry
8212.734533333336	0.06999999999970896	trials	port_entry
8212.964533333332	0.42000000000552973	trials	port_entry
8214.134533333337	0.020033333326864522	trials	port_entry
8214.174533333331	0.02003333333414048	trials	port_entry
8214.614533333333	0.04993333333550254	trials	port_entry
8217.954566666667	0.7500666666674078	trials	port_entry
8218.854566666669	0.059999999997671694	trials	port_entry
8218.974566666664	0.020000000004074536	trials	port_entry
8219.02446666667	0.020100000001548324	trials	port_entry
8219.06446666667	0.11009999999805586	trials	port_entry
8219.914566666666	0.4500000000043656	trials	port_entry
8220.704566666667	0.01989999999932479	trials	port_entry
8221.774566666667	0.0900000000037835	trials	port_entry
8222.18456666667	0.029933333331428003	trials	port_entry
8225.514499999997	1.8700333333399612	trials	reward_stimulus_presentation
8226.514499999997	0.8000000000029104	trials	reward_delivery
8226.984533333336	6.9099999999962165	trials	port_entry
8268.844600000004	5.569933333332301	trials	port_entry
8284.984600000003	2.3399333333290997	trials	port_entry
8304.68456666667	5.3399999999965075	trials	port_entry
8315.514600000002	2.1700333333283197	trials	reward_stimulus_presentation
8316.514566666665	0.8000000000029104	trials	reward_delivery
8317.284633333336	5.100033333328611	trials	port_entry
8337.794633333331	1.0100000000020373	trials	port_entry
8406.354733333334	1.860000000000582	trials	port_entry
8415.514766666667	20.0	trials	neutral_stimulus_presentation
8424.704700000002	1.8700666666627512	trials	port_entry
8505.514833333335	3.650000000001455	trials	reward_stimulus_presentation
8506.514799999997	0.8000000000029104	trials	reward_delivery
8508.764833333335	5.430000000000291	trials	port_entry
8534.054799999998	0.8700333333326853	trials	port_entry
8553.524833333337	3.2400333333280287	trials	port_entry
8572.784899999999	4.75	trials	port_entry
8577.854899999998	0.10000000000582077	trials	port_entry
8587.304900000003	3.5	trials	port_entry
8595.514933333332	20.000866666669026	trials	shock_stimulus_presentation
8612.284933333336	1.3499999999985448	trials	port_entry
8613.734933333333	0.029999999998835847	trials	port_entry
8615.314899999998	0.3000333333329763	trials	shock_relay
8625.504933333337	2.180000000000291	trials	port_entry
8627.894933333337	0.029999999998835847	trials	port_entry
8642.574933333337	0.01999999999679858	trials	port_entry
8643.474933333331	0.2400000000052387	trials	port_entry
8656.014933333332	2.4200000000055297	trials	port_entry
8674.974966666668	1.0199999999967986	trials	port_entry
8676.224966666668	0.7099999999991269	trials	port_entry
8677.024966666664	0.019966666666732635	trials	port_entry
8677.214966666666	0.019933333336666692	trials	port_entry
8677.265	0.01989999999932479	trials	port_entry
8677.614966666668	0.6299999999973807	trials	port_entry
8678.974966666668	0.049999999995634425	trials	port_entry
8679.964966666666	0.09999999999854481	trials	port_entry
8680.824966666667	0.1900000000023283	trials	port_entry
8685.515	1.3000000000029104	trials	reward_stimulus_presentation
8686.415	6.379966666667315	trials	port_entry
8686.515	0.7999666666655685	trials	reward_delivery
8711.455000000002	2.1200000000026193	trials	port_entry
8725.325033333334	1.569966666669643	trials	port_entry
8726.945	0.27000000000407454	trials	port_entry
8727.245033333333	0.029966666668769903	trials	port_entry
8727.525033333332	0.030000000006111804	trials	port_entry
8747.395033333334	2.8100333333350136	trials	port_entry
8750.435033333335	0.01999999999679858	trials	port_entry
8770.515066666667	2.349999999998545	trials	reward_stimulus_presentation
8771.515066666667	0.8000000000029104	trials	reward_delivery
8772.465066666664	0.1500000000014552	trials	port_entry
8772.63506666667	5.69999999999709	trials	port_entry
8860.515166666664	20.000800000001618	trials	shock_stimulus_presentation
8880.315166666667	0.3000000000029104	trials	shock_relay
8887.415200000003	1.8499999999985448	trials	port_entry
8889.595200000003	0.029999999998835847	trials	port_entry
8920.485233333333	1.7200000000011642	trials	port_entry
8954.745233333335	0.8799999999973807	trials	port_entry
8955.515233333332	0.5299999999988358	trials	reward_stimulus_presentation
8955.645166666669	9.500099999997474	trials	port_entry
8956.515133333334	0.8001333333304501	trials	reward_delivery
8965.525166666666	0.050033333332976326	trials	port_entry
8995.065300000002	1.5899999999965075	trials	port_entry
9005.8053	0.8300000000017462	trials	port_entry
9006.655233333331	0.9800666666706093	trials	port_entry
9007.7353	0.3499999999985448	trials	port_entry
9019.3453	0.3499999999985448	trials	port_entry
9036.885333333332	1.8798999999999069	trials	port_entry
9038.785333333333	0.040000000000873115	trials	port_entry
9038.865333333335	0.37000000000261934	trials	port_entry
9045.515266666669	20.00146666666842	trials	shock_stimulus_presentation
9065.315233333335	0.3000000000029104	trials	shock_relay
9075.69526666667	0.059999999997671694	trials	port_entry
9075.845366666668	2.2999999999956344	trials	port_entry
9125.515433333334	14.12999999999738	trials	reward_stimulus_presentation
9126.515400000004	0.8000333333329763	trials	reward_delivery
9139.245433333337	4.439999999995052	trials	port_entry
9215.515500000001	20.000033333330066	trials	neutral_stimulus_presentation
9253.785533333335	1.2600333333321032	trials	port_entry
9255.135566666664	0.75	trials	port_entry
9267.0556	3.499933333332592	trials	port_entry
9272.705566666664	0.8300000000017462	trials	port_entry
9282.615599999997	0.9799666666731355	trials	port_entry
9283.675566666665	0.029999999998835847	trials	port_entry
9283.755566666667	0.05000000000291038	trials	port_entry
9284.005566666667	0.21003333333646879	trials	port_entry
9288.205566666664	0.37003333333996125	trials	port_entry
9315.515599999999	3.6200333333326853	trials	reward_stimulus_presentation
9316.515599999999	0.8000000000029104	trials	reward_delivery
9318.735633333337	5.07999999999447	trials	port_entry
9363.965600000003	1.1400333333294839	trials	port_entry
9365.255666666664	0.08000000000174623	trials	port_entry
9365.465566666666	0.0701000000044587	trials	port_entry
9365.81566666667	0.029999999998835847	trials	port_entry
9371.34563333333	1.0500333333402523	trials	port_entry
9378.145633333334	3.1700333333355957	trials	port_entry
9405.515733333334	1.27996666666877	trials	reward_stimulus_presentation
9406.395700000001	6.779933333331428	trials	port_entry
9406.515700000004	0.7999666666655685	trials	reward_delivery
9413.365733333332	0.1300000000046566	trials	port_entry
9454.895733333331	1.290033333338215	trials	port_entry
9456.205766666666	2.8000000000029104	trials	port_entry
9476.425766666667	5.2000333333344315	trials	port_entry
9493.395799999998	0.5599666666676058	trials	port_entry
9495.515800000001	1.0999999999985448	trials	reward_stimulus_presentation
9496.215799999998	0.040000000000873115	trials	port_entry
9496.275766666666	7.610033333337924	trials	port_entry
9496.515800000001	0.8000000000029104	trials	reward_delivery
9504.955800000003	0.9099999999962165	trials	port_entry
9524.385833333334	0.1500000000014552	trials	port_entry
9524.605833333335	0.8399999999965075	trials	port_entry
9525.58583333333	0.020000000004074536	trials	port_entry
9525.645833333336	0.01999999999679858	trials	port_entry
9525.735833333332	0.2400000000052387	trials	port_entry
9528.40583333333	0.019933333336666692	trials	port_entry
9536.025833333333	0.029999999998835847	trials	port_entry
9536.075833333336	0.029999999998835847	trials	port_entry
9536.125833333332	0.029999999998835847	trials	port_entry
9536.635833333334	0.040000000000873115	trials	port_entry
9537.435833333337	0.029999999998835847	trials	port_entry
9538.935833333337	0.01999999999679858	trials	port_entry
9563.585866666668	8.670033333335596	trials	port_entry
9573.815866666664	0.9000333333387971	trials	port_entry
9583.645900000003	12.229999999995925	trials	port_entry
9585.515833333331	10.950066666671773	trials	reward_stimulus_presentation
9586.515800000001	0.8000333333329763	trials	reward_delivery
9596.065900000001	0.04993333333550254	trials	port_entry
9646.155966666665	2.720000000001164	trials	port_entry
9670.516000000003	20.001566666665894	trials	shock_stimulus_presentation
9690.315999999999	0.3000000000029104	trials	shock_relay
9716.716	4.680033333330357	trials	port_entry
9721.636033333336	0.029999999998835847	trials	port_entry
9756.276066666665	0.020000000004074536	trials	port_entry
9756.346066666665	2.040000000000873	trials	port_entry
9760.51606666667	1.8099999999976717	trials	reward_stimulus_presentation
9761.516033333333	0.8000333333329763	trials	reward_delivery
9761.926033333337	4.850033333328611	trials	port_entry
9767.33606666667	1.0899999999965075	trials	port_entry
9805.956100000003	1.9799999999959255	trials	port_entry
9817.456100000003	1.250033333330066	trials	port_entry
9818.756099999999	1.2000000000043656	trials	port_entry
9820.0161	0.1500000000014552	trials	port_entry
9836.446100000001	2.029999999998836	trials	port_entry
9838.666133333332	0.019966666666732635	trials	port_entry
9845.276100000003	8.290033333330939	trials	port_entry
9853.776133333333	1.0400000000008731	trials	port_entry
9855.51613333333	20.000033333337342	trials	neutral_stimulus_presentation
9855.916133333332	0.9900000000052387	trials	port_entry
9889.746166666664	0.9500000000043656	trials	port_entry
9890.726166666667	0.2600333333321032	trials	port_entry
9901.886100000003	0.11009999999805586	trials	port_entry
9902.116166666667	6.080000000001746	trials	port_entry
9925.506200000003	2.5600333333277376	trials	port_entry
9928.1362	1.3399666666664416	trials	port_entry
9945.516166666668	20.00159999999596	trials	shock_stimulus_presentation
9965.316166666664	0.3000333333402523	trials	shock_relay
9973.936233333334	0.059999999997671694	trials	port_entry
9974.63623333333	1.279933333338704	trials	port_entry
10001.736266666667	1.0200000000040745	trials	port_entry
10002.866166666667	0.050033333332976326	trials	port_entry
10002.946233333336	0.35003333332861075	trials	port_entry
10003.336233333335	0.17003333333559567	trials	port_entry
10014.956299999998	0.04996666667284444	trials	port_entry
10015.036233333332	1.7600333333321032	trials	port_entry
10017.046266666664	0.43003333333763294	trials	port_entry
10025.516300000003	3.460033333329193	trials	reward_stimulus_presentation
10026.516333333333	0.7999666666655685	trials	reward_delivery
10028.5763	4.050033333332976	trials	port_entry
10032.646333333338	1.7399999999979627	trials	port_entry
10041.57633333333	0.14000000000669388	trials	port_entry
10070.846366666665	0.13999999999941792	trials	port_entry
10087.896366666668	0.1599999999962165	trials	port_entry
10097.396399999998	0.11000000000058208	trials	port_entry
10097.6964	0.9700000000011642	trials	port_entry
10115.5164	3.279999999998836	trials	reward_stimulus_presentation
10116.5164	0.8000000000029104	trials	reward_delivery
10118.396399999998	5.0200333333341405	trials	port_entry
10174.736466666669	2.1599999999962165	trials	port_entry
10215.516499999998	1.4900000000052387	trials	reward_stimulus_presentation
10216.516499999998	0.8000000000029104	trials	reward_delivery
10216.606500000002	6.69999999999709	trials	port_entry
10239.366500000004	0.08999999999650754	trials	port_entry
10242.736499999999	0.7600333333321032	trials	port_entry
10243.726500000004	0.06003333332773764	trials	port_entry
10244.726500000004	0.9500333333271556	trials	port_entry
10245.696499999998	0.7100333333364688	trials	port_entry
10246.746533333331	0.020000000004074536	trials	port_entry
10300.446566666666	3.5199666666667326	trials	port_entry
10305.516566666665	20.000899999999092	trials	shock_stimulus_presentation
10325.316599999998	0.3000000000029104	trials	shock_relay
10361.966633333337	1.8399999999965075	trials	port_entry
10381.1066	0.5800333333318122	trials	port_entry
10387.616633333331	2.4900333333353046	trials	port_entry
10395.51666666667	2.9799999999959255	trials	reward_stimulus_presentation
10396.516566666665	0.8001000000003842	trials	reward_delivery
10398.096666666665	5.989966666667897	trials	port_entry
10405.666633333334	1.0599999999976717	trials	port_entry
10465.516733333337	1.1599999999962165	trials	port_entry
10473.236733333331	4.17000000000553	trials	port_entry
10485.516733333337	20.000033333330066	trials	neutral_stimulus_presentation
10487.086733333337	1.319999999999709	trials	port_entry
10511.786733333334	0.7600000000020373	trials	port_entry
10525.356800000001	6.029999999998836	trials	port_entry
10558.726833333334	1.180000000000291	trials	port_entry
10559.976766666667	0.03006666666624369	trials	port_entry
10560.056833333336	0.01989999999932479	trials	port_entry
10570.516833333335	3.360000000000582	trials	reward_stimulus_presentation
10571.516833333335	0.7999999999956344	trials	reward_delivery
10573.476766666667	3.540066666668281	trials	port_entry
10577.056833333336	0.7799999999988358	trials	port_entry
10578.076833333333	0.03993333333346527	trials	port_entry
10581.956833333337	0.18000000000029104	trials	port_entry
10605.156866666664	0.06000000000494765	trials	port_entry
10617.25686666667	2.2399999999979627	trials	port_entry
10619.596866666667	0.37000000000261934	trials	port_entry
10620.316866666668	0.029999999998835847	trials	port_entry
10626.21686666667	1.4100333333335584	trials	port_entry
10627.836866666665	0.02003333333414048	trials	port_entry
10628.026866666667	0.29003333333093906	trials	port_entry
10628.546866666664	0.040033333338215016	trials	port_entry
10628.666900000004	0.2699999999967986	trials	port_entry
10628.956866666667	0.14003333333675982	trials	port_entry
10629.11686666667	0.0700333333297749	trials	port_entry
10629.3269	0.059999999997671694	trials	port_entry
10629.406866666664	0.050033333332976326	trials	port_entry
10629.476900000001	0.019933333329390734	trials	port_entry
10629.606899999999	0.029999999998835847	trials	port_entry
10631.6469	0.20000000000436557	trials	port_entry
10635.356899999999	0.03996666667080717	trials	port_entry
10638.106899999999	0.029999999998835847	trials	port_entry
10651.956899999997	3.9800000000032014	trials	port_entry
10660.516933333332	20.0	trials	neutral_stimulus_presentation
10662.076933333337	1.0999999999985448	trials	port_entry
10663.276933333334	0.01989999999932479	trials	port_entry
10663.3669	0.01999999999679858	trials	port_entry
10706.186966666668	2.4499999999970896	trials	port_entry
10711.176966666666	0.06999999999970896	trials	port_entry
10721.596966666664	5.460000000006403	trials	port_entry
10727.176966666666	0.3499999999985448	trials	port_entry
10727.546966666669	0.5299999999988358	trials	port_entry
10728.096966666664	0.10000000000582077	trials	port_entry
10728.217000000004	0.6499666666641133	trials	port_entry
10755.517	20.00146666666842	trials	shock_stimulus_presentation
10775.317000000003	0.3000333333329763	trials	shock_relay
10801.757033333335	1.5200333333341405	trials	port_entry
10803.30703333333	2.1700333333355957	trials	port_entry
10821.827066666665	1.1000000000058208	trials	port_entry
10823.007066666665	0.20999999999912689	trials	port_entry
10845.517099999997	20.0	trials	neutral_stimulus_presentation
10846.2071	1.0900000000037835	trials	port_entry
10859.117100000003	0.41999999999825377	trials	port_entry
10874.757100000003	0.6500333333315211	trials	port_entry
10891.237099999998	1.4100333333335584	trials	port_entry
10908.217133333332	2.1000000000058208	trials	port_entry
10910.49713333333	0.030033333336177748	trials	port_entry
10910.657133333334	0.030033333336177748	trials	port_entry
10918.14716666667	1.0999999999985448	trials	port_entry
10922.747166666668	0.18000000000029104	trials	port_entry
10922.947166666665	0.0900000000037835	trials	port_entry
10923.057133333336	0.13003333333472256	trials	port_entry
10925.517166666665	20.00106666667125	trials	shock_stimulus_presentation
10945.317166666668	0.3000000000029104	trials	shock_relay
10953.79716666667	1.3700333333326853	trials	port_entry
10955.447200000002	0.26000000000203727	trials	port_entry
10955.767200000002	0.13999999999941792	trials	port_entry
10956.0072	0.12000000000261934	trials	port_entry
10957.347200000004	0.059999999997671694	trials	port_entry
10957.457200000004	0.03999999999359716	trials	port_entry
10957.817199999998	0.06000000000494765	trials	port_entry
10958.477200000001	0.19999999999708962	trials	port_entry
10958.877200000003	0.06999999999970896	trials	port_entry
10959.207200000004	0.3499999999985448	trials	port_entry
10959.627200000003	0.029999999998835847	trials	port_entry
10960.037199999999	0.020000000004074536	trials	port_entry
10960.097200000004	0.01999999999679858	trials	port_entry
10960.137199999997	0.05000000000291038	trials	port_entry
10961.317199999998	0.020000000004074536	trials	port_entry
11015.517200000002	3.0900666666639154	trials	reward_stimulus_presentation
11016.517200000002	0.7999999999956344	trials	reward_delivery
11018.207266666665	4.669966666668188	trials	port_entry
11031.607266666666	0.3400000000037835	trials	port_entry
11065.607300000003	1.9899999999979627	trials	port_entry
11111.287366666671	0.10999999999330612	trials	port_entry
11112.527333333332	0.11000000000058208	trials	port_entry
11112.657333333336	1.110033333330648	trials	port_entry
11184.2627	0.1001666666707024	trials	phototagging
11185.264266666665	0.1001333333333605	trials	phototagging
11186.265800000001	0.1001333333333605	trials	phototagging
11187.267333333337	0.10016666666342644	trials	phototagging
11188.268900000003	0.1001333333333605	trials	phototagging
11189.270433333331	0.1001666666707024	trials	phototagging
11190.271966666667	0.10016666666342644	trials	phototagging
11191.273533333333	0.1001333333333605	trials	phototagging
11192.275066666669	0.10016666666342644	trials	phototagging
11193.276633333335	0.1001333333333605	trials	phototagging
11194.27816666667	0.10016666666342644	trials	phototagging
11195.2797	0.1001666666707024	trials	phototagging
11206.296733333336	0.004999999997380655	trials	phototagging
11206.306733333331	0.005033333334722556	trials	phototagging
11206.31676666667	0.004999999997380655	trials	phototagging
11206.326766666665	0.005033333334722556	trials	phototagging
11206.336799999997	0.005000000004656613	trials	phototagging
11206.3468	0.005000000004656613	trials	phototagging
11206.356833333331	0.005000000004656613	trials	phototagging
11206.366833333333	0.004999999997380655	trials	phototagging
11206.376866666666	0.005000000004656613	trials	phototagging
11206.386866666668	0.004999999997380655	trials	phototagging
11206.39686666667	0.0050333333274465986	trials	phototagging
11206.406900000002	0.004999999997380655	trials	phototagging
11206.416933333334	0.004999999997380655	trials	phototagging
11206.426933333336	0.004999999997380655	trials	phototagging
11206.43693333333	0.005033333334722556	trials	phototagging
11206.44696666667	0.004999999997380655	trials	phototagging
11206.456966666665	0.005033333334722556	trials	phototagging
11206.467000000004	0.004999999997380655	trials	phototagging
11206.476999999999	0.005000000004656613	trials	phototagging
11206.487033333331	0.005000000004656613	trials	phototagging
11206.497033333333	0.004999999997380655	trials	phototagging
11206.507066666665	0.005000000004656613	trials	phototagging
11206.517066666667	0.004999999997380655	trials	phototagging
11206.52706666667	0.005033333334722556	trials	phototagging
11206.537100000001	0.004999999997380655	trials	phototagging
11206.547100000003	0.0050333333274465986	trials	phototagging
11206.557133333336	0.004999999997380655	trials	phototagging
11206.567133333338	0.0050333333274465986	trials	phototagging
11206.57716666667	0.004999999997380655	trials	phototagging
11206.587166666664	0.005000000004656613	trials	phototagging
11216.612666666668	0.010000000002037268	trials	phototagging
11216.712800000001	0.010033333332103211	trials	phototagging
11216.812966666665	0.010033333339379169	trials	phototagging
11216.913133333335	0.010000000002037268	trials	phototagging
11217.013266666669	0.010033333332103211	trials	phototagging
11217.113433333332	0.010033333332103211	trials	phototagging
11217.213600000003	0.00999999999476131	trials	phototagging
11217.313733333336	0.010033333332103211	trials	phototagging
11217.4139	0.010000000002037268	trials	phototagging
11217.51406666667	0.00999999999476131	trials	phototagging
11217.614200000004	0.010033333332103211	trials	phototagging
11217.714366666667	0.010033333332103211	trials	phototagging
11217.81453333333	0.010000000002037268	trials	phototagging
11217.914666666664	0.010033333339379169	trials	phototagging
11218.014833333335	0.010000000002037268	trials	phototagging
11218.114966666668	0.010033333332103211	trials	phototagging
11218.215133333331	0.010033333339379169	trials	phototagging
11218.315300000002	0.010000000002037268	trials	phototagging
11218.415433333335	0.010033333332103211	trials	phototagging
11218.515599999999	0.010033333332103211	trials	phototagging
11218.61576666667	0.00999999999476131	trials	phototagging
11218.715900000003	0.010033333332103211	trials	phototagging
11218.816066666666	0.010000000002037268	trials	phototagging
11218.916233333337	0.00999999999476131	trials	phototagging
11219.01636666667	0.010033333332103211	trials	phototagging
11219.116533333334	0.010000000002037268	trials	phototagging
11219.216666666667	0.010033333332103211	trials	phototagging
11219.31683333333	0.010033333339379169	trials	phototagging
11219.417000000001	0.010000000002037268	trials	phototagging
11219.517166666665	0.010000000002037268	trials	phototagging
11229.63276666667	0.004999999997380655	trials	phototagging
11230.634333333335	0.004999999997380655	trials	phototagging
11231.635866666664	0.005000000004656613	trials	phototagging
11232.6374	0.005033333334722556	trials	phototagging
11233.638966666666	0.005000000004656613	trials	phototagging
11234.640500000001	0.005033333334722556	trials	phototagging
11235.642066666667	0.004999999997380655	trials	phototagging
11236.643600000003	0.004999999997380655	trials	phototagging
11237.645133333332	0.005033333334722556	trials	phototagging
11238.646699999998	0.005000000004656613	trials	phototagging
11239.648233333333	0.005033333334722556	trials	phototagging
11240.6498	0.005000000004656613	trials	phototagging
11241.651333333335	0.004999999997380655	trials	phototagging
11242.652900000001	0.004999999997380655	trials	phototagging
11243.654433333337	0.004999999997380655	trials	phototagging
11244.655966666665	0.005033333334722556	trials	phototagging
11245.657533333331	0.005000000004656613	trials	phototagging
11246.659066666667	0.004999999997380655	trials	phototagging
11247.660633333333	0.005000000004656613	trials	phototagging
11248.662166666669	0.004999999997380655	trials	phototagging
11249.663733333335	0.004999999997380655	trials	phototagging
11250.66526666667	0.004999999997380655	trials	phototagging
11251.666799999999	0.005000000004656613	trials	phototagging
11252.668333333335	0.005033333334722556	trials	phototagging
11253.6699	0.004999999997380655	trials	phototagging
11254.671433333337	0.0050333333274465986	trials	phototagging
11255.673000000003	0.004999999997380655	trials	phototagging
11256.674533333331	0.005000000004656613	trials	phototagging
11257.676100000004	0.004999999997380655	trials	phototagging
11258.677633333333	0.005000000004656613	trials	phototagging
11269.69466666667	0.004999999997380655	trials	phototagging
11270.696199999998	0.005000000004656613	trials	phototagging
11271.697766666664	0.005000000004656613	trials	phototagging
11272.6993	0.004999999997380655	trials	phototagging
11273.700833333336	0.005033333334722556	trials	phototagging
11274.702400000002	0.004999999997380655	trials	phototagging
11275.70393333333	0.005000000004656613	trials	phototagging
11276.705500000004	0.004999999997380655	trials	phototagging
11277.707033333332	0.005000000004656613	trials	phototagging
11278.708566666668	0.005033333334722556	trials	phototagging
11279.710133333334	0.004999999997380655	trials	phototagging
11280.71166666667	0.004999999997380655	trials	phototagging
11281.713233333336	0.004999999997380655	trials	phototagging
11282.714766666664	0.005000000004656613	trials	phototagging
11283.7163	0.005033333334722556	trials	phototagging
11284.717866666666	0.005000000004656613	trials	phototagging
11285.719400000002	0.004999999997380655	trials	phototagging
11286.720966666668	0.004999999997380655	trials	phototagging
11287.722500000003	0.004999999997380655	trials	phototagging
11288.724033333332	0.005033333334722556	trials	phototagging
11289.725599999998	0.005000000004656613	trials	phototagging
11290.727133333334	0.004999999997380655	trials	phototagging
11291.7287	0.005000000004656613	trials	phototagging
11292.730233333335	0.004999999997380655	trials	phototagging
11293.731800000001	0.004999999997380655	trials	phototagging
11294.733333333337	0.004999999997380655	trials	phototagging
11295.734866666666	0.005000000004656613	trials	phototagging
11296.736433333332	0.005000000004656613	trials	phototagging
11297.737966666667	0.004999999997380655	trials	phototagging
11298.739533333333	0.004999999997380655	trials	phototagging
11309.756533333333	0.010033333332103211	trials	phototagging
11309.856700000004	0.00999999999476131	trials	phototagging
11309.956866666667	0.010000000002037268	trials	phototagging
11310.057	0.010000000002037268	trials	phototagging
11310.157166666664	0.010000000002037268	trials	phototagging
11310.257299999997	0.010033333339379169	trials	phototagging
11310.357466666668	0.010000000002037268	trials	phototagging
11310.457600000002	0.010033333332103211	trials	phototagging
11310.557766666665	0.010033333339379169	trials	phototagging
11310.657933333336	0.010033333332103211	trials	phototagging
11310.7581	0.010000000002037268	trials	phototagging
11310.858233333332	0.010033333332103211	trials	phototagging
11310.958400000003	0.00999999999476131	trials	phototagging
11311.058533333337	0.010033333332103211	trials	phototagging
11311.1587	0.010033333332103211	trials	phototagging
11311.25886666667	0.00999999999476131	trials	phototagging
11311.359000000004	0.010033333332103211	trials	phototagging
11311.459166666667	0.010033333332103211	trials	phototagging
11311.55933333333	0.010000000002037268	trials	phototagging
11311.659466666664	0.010033333339379169	trials	phototagging
11311.759633333335	0.010000000002037268	trials	phototagging
11311.859799999998	0.010000000002037268	trials	phototagging
11311.959933333332	0.010033333332103211	trials	phototagging
11312.060100000002	0.00999999999476131	trials	phototagging
11312.160266666666	0.010000000002037268	trials	phototagging
11312.2604	0.010033333332103211	trials	phototagging
11312.36056666667	0.00999999999476131	trials	phototagging
11312.460733333333	0.010000000002037268	trials	phototagging
11312.560866666667	0.010033333332103211	trials	phototagging
11312.661033333337	0.00999999999476131	trials	phototagging
11322.776666666665	0.005000000004656613	trials	phototagging
11323.7782	0.004999999997380655	trials	phototagging
11324.779733333336	0.0050333333274465986	trials	phototagging
11325.781300000002	0.004999999997380655	trials	phototagging
11326.782833333331	0.005033333334722556	trials	phototagging
11327.784400000004	0.004999999997380655	trials	phototagging
11328.785933333333	0.005000000004656613	trials	phototagging
11329.787499999999	0.005000000004656613	trials	phototagging
11330.789033333334	0.004999999997380655	trials	phototagging
11331.7906	0.004999999997380655	trials	phototagging
11332.792133333336	0.004999999997380655	trials	phototagging
11333.793666666665	0.005000000004656613	trials	phototagging
11334.79523333333	0.005000000004656613	trials	phototagging
11335.796766666666	0.005000000004656613	trials	phototagging
11336.798333333332	0.005000000004656613	trials	phototagging
11337.799866666668	0.004999999997380655	trials	phototagging
11338.801400000004	0.004999999997380655	trials	phototagging
11339.80296666667	0.004999999997380655	trials	phototagging
11340.804499999998	0.005000000004656613	trials	phototagging
11341.806066666664	0.005000000004656613	trials	phototagging
11342.8076	0.004999999997380655	trials	phototagging
11343.809133333336	0.005033333334722556	trials	phototagging
11344.810700000002	0.004999999997380655	trials	phototagging
11345.812233333338	0.004999999997380655	trials	phototagging
11346.813800000004	0.004999999997380655	trials	phototagging
11347.815333333332	0.005000000004656613	trials	phototagging
11348.816899999998	0.005000000004656613	trials	phototagging
11349.818433333334	0.004999999997380655	trials	phototagging
11350.81996666667	0.005033333334722556	trials	phototagging
11351.821533333336	0.004999999997380655	trials	phototagging
11362.838533333335	0.005033333334722556	trials	phototagging
11362.848566666667	0.004999999997380655	trials	phototagging
11362.85856666667	0.005033333334722556	trials	phototagging
11362.868600000002	0.004999999997380655	trials	phototagging
11362.878600000004	0.004999999997380655	trials	phototagging
11362.888633333336	0.004999999997380655	trials	phototagging
11362.89863333333	0.005000000004656613	trials	phototagging
11362.90866666667	0.004999999997380655	trials	phototagging
11362.918666666665	0.005000000004656613	trials	phototagging
11362.928700000004	0.004999999997380655	trials	phototagging
11362.938699999999	0.005000000004656613	trials	phototagging
11362.94873333333	0.005000000004656613	trials	phototagging
11362.958733333333	0.005000000004656613	trials	phototagging
11362.968766666665	0.005000000004656613	trials	phototagging
11362.978766666667	0.004999999997380655	trials	phototagging
11362.98876666667	0.005033333334722556	trials	phototagging
11362.998800000001	0.004999999997380655	trials	phototagging
11363.008800000003	0.0050333333274465986	trials	phototagging
11363.018833333335	0.004999999997380655	trials	phototagging
11363.028833333337	0.004999999997380655	trials	phototagging
11363.03886666667	0.004999999997380655	trials	phototagging
11363.048866666664	0.005033333334722556	trials	phototagging
11363.058900000004	0.004999999997380655	trials	phototagging
11363.068899999998	0.005000000004656613	trials	phototagging
11363.07893333333	0.005000000004656613	trials	phototagging
11363.088933333333	0.005000000004656613	trials	phototagging
11363.098966666665	0.005000000004656613	trials	phototagging
11363.108966666667	0.004999999997380655	trials	phototagging
11363.118999999999	0.005000000004656613	trials	phototagging
11363.129	0.004999999997380655	trials	phototagging
11373.154500000004	0.00999999999476131	trials	phototagging
11373.254633333338	0.010033333332103211	trials	phototagging
11373.354800000001	0.010000000002037268	trials	phototagging
11373.454933333334	0.010033333332103211	trials	phototagging
11373.555099999998	0.010033333339379169	trials	phototagging
11373.655266666668	0.010033333332103211	trials	phototagging
11373.755433333332	0.010000000002037268	trials	phototagging
11373.855566666665	0.010033333332103211	trials	phototagging
11373.955733333336	0.00999999999476131	trials	phototagging
11374.0559	0.010000000002037268	trials	phototagging
11374.156033333333	0.010033333332103211	trials	phototagging
11374.256200000003	0.00999999999476131	trials	phototagging
11374.356333333337	0.010033333332103211	trials	phototagging
11374.4565	0.010033333332103211	trials	phototagging
11374.556666666671	0.00999999999476131	trials	phototagging
11374.656800000004	0.010033333332103211	trials	phototagging
11374.756966666668	0.010000000002037268	trials	phototagging
11374.857133333331	0.010000000002037268	trials	phototagging
11374.957266666665	0.010033333339379169	trials	phototagging
11375.057433333335	0.010000000002037268	trials	phototagging
11375.157566666669	0.010033333332103211	trials	phototagging
11375.257733333332	0.010033333332103211	trials	phototagging
11375.357900000003	0.00999999999476131	trials	phototagging
11375.458066666666	0.010000000002037268	trials	phototagging
11375.5582	0.010000000002037268	trials	phototagging
11375.65836666667	0.00999999999476131	trials	phototagging
11375.758500000004	0.010033333332103211	trials	phototagging
11375.858666666667	0.010000000002037268	trials	phototagging
11375.958833333338	0.00999999999476131	trials	phototagging
11376.058966666671	0.010033333332103211	trials	phototagging
11386.174599999998	0.1001666666707024	trials	phototagging
11387.176166666664	0.1001333333333605	trials	phototagging
11388.1777	0.1001666666707024	trials	phototagging
11389.179233333336	0.10016666666342644	trials	phototagging
11390.180800000002	0.10016666666342644	trials	phototagging
11391.18233333333	0.1001666666707024	trials	phototagging
11392.183900000004	0.10016666666342644	trials	phototagging
11393.185433333332	0.1001666666707024	trials	phototagging
11394.186999999998	0.1001333333333605	trials	phototagging
11395.188533333334	0.10016666666342644	trials	phototagging
11396.19006666667	0.10016666666342644	trials	phototagging
11397.191633333336	0.1001333333333605	trials	phototagging
11408.208666666666	0.005000000004656613	trials	phototagging
11408.218666666668	0.004999999997380655	trials	phototagging
11408.22866666667	0.005033333334722556	trials	phototagging
11408.238700000002	0.004999999997380655	trials	phototagging
11408.248700000004	0.0050333333274465986	trials	phototagging
11408.258733333336	0.004999999997380655	trials	phototagging
11408.26873333333	0.005000000004656613	trials	phototagging
11408.27876666667	0.004999999997380655	trials	phototagging
11408.288766666665	0.005000000004656613	trials	phototagging
11408.298800000004	0.004999999997380655	trials	phototagging
11408.308799999999	0.005000000004656613	trials	phototagging
11408.318833333331	0.005000000004656613	trials	phototagging
11408.328833333333	0.005000000004656613	trials	phototagging
11408.338833333335	0.005033333334722556	trials	phototagging
11408.348866666667	0.004999999997380655	trials	phototagging
11408.3589	0.005000000004656613	trials	phototagging
11408.368900000001	0.004999999997380655	trials	phototagging
11408.378900000003	0.0050333333274465986	trials	phototagging
11408.388933333335	0.004999999997380655	trials	phototagging
11408.398966666668	0.004999999997380655	trials	phototagging
11408.40896666667	0.004999999997380655	trials	phototagging
11408.418966666664	0.005000000004656613	trials	phototagging
11408.429000000004	0.004999999997380655	trials	phototagging
11408.438999999998	0.005033333334722556	trials	phototagging
11408.44903333333	0.005000000004656613	trials	phototagging
11408.459033333333	0.005000000004656613	trials	phototagging
11408.469066666665	0.005000000004656613	trials	phototagging
11408.479066666667	0.004999999997380655	trials	phototagging
11408.489099999999	0.005000000004656613	trials	phototagging
11408.4991	0.004999999997380655	trials	phototagging
11418.524600000004	0.1001333333333605	trials	phototagging
11419.526133333333	0.1001666666707024	trials	phototagging
11420.527699999999	0.1001333333333605	trials	phototagging
11421.529233333335	0.10016666666342644	trials	phototagging
11422.53076666667	0.10016666666342644	trials	phototagging
11423.532333333336	0.10016666666342644	trials	phototagging
11424.533866666665	0.1001666666707024	trials	phototagging
11425.5354	0.10016666666342644	trials	phototagging
11426.536966666667	0.1001666666707024	trials	phototagging
11427.538500000002	0.10016666666342644	trials	phototagging
11428.540066666668	0.10016666666342644	trials	phototagging
11429.541600000004	0.10016666666342644	trials	phototagging
11440.558633333334	0.010000000002037268	trials	phototagging
11440.658799999997	0.010000000002037268	trials	phototagging
11440.75893333333	0.010033333339379169	trials	phototagging
11440.859100000001	0.010000000002037268	trials	phototagging
11440.959233333335	0.010033333332103211	trials	phototagging
11441.059399999998	0.010033333339379169	trials	phototagging
11441.159566666669	0.010000000002037268	trials	phototagging
11441.259700000002	0.010033333332103211	trials	phototagging
11441.359866666666	0.010000000002037268	trials	phototagging
11441.460033333336	0.00999999999476131	trials	phototagging
11441.56016666667	0.010033333332103211	trials	phototagging
11441.660333333333	0.010033333332103211	trials	phototagging
11441.760500000004	0.00999999999476131	trials	phototagging
11441.860633333337	0.010033333332103211	trials	phototagging
11441.9608	0.010000000002037268	trials	phototagging
11442.060933333334	0.010033333332103211	trials	phototagging
11442.161099999998	0.010033333339379169	trials	phototagging
11442.261266666668	0.010000000002037268	trials	phototagging
11442.361433333332	0.010000000002037268	trials	phototagging
11442.461566666665	0.010033333332103211	trials	phototagging
11442.561733333336	0.00999999999476131	trials	phototagging
11442.661866666669	0.010033333332103211	trials	phototagging
11442.762033333333	0.010000000002037268	trials	phototagging
11442.862200000003	0.00999999999476131	trials	phototagging
11442.962333333337	0.010033333332103211	trials	phototagging
11443.0625	0.010000000002037268	trials	phototagging
11443.162633333333	0.010033333332103211	trials	phototagging
11443.262800000004	0.010033333332103211	trials	phototagging
11443.362966666667	0.010000000002037268	trials	phototagging
11443.463133333331	0.010000000002037268	trials	phototagging
11453.578733333336	0.005033333334722556	trials	phototagging
11454.580300000001	0.004999999997380655	trials	phototagging
11455.581833333337	0.0050333333274465986	trials	phototagging
11456.583400000003	0.004999999997380655	trials	phototagging
11457.584933333332	0.005000000004656613	trials	phototagging
11458.586499999998	0.005000000004656613	trials	phototagging
11459.588033333333	0.004999999997380655	trials	phototagging
11460.58956666667	0.005033333334722556	trials	phototagging
11461.591133333335	0.004999999997380655	trials	phototagging
11462.592666666671	0.004999999997380655	trials	phototagging
11463.594233333337	0.004999999997380655	trials	phototagging
11464.595766666665	0.005000000004656613	trials	phototagging
11465.597300000001	0.005033333334722556	trials	phototagging
11466.598866666667	0.004999999997380655	trials	phototagging
11467.600400000003	0.005033333334722556	trials	phototagging
11468.601966666669	0.004999999997380655	trials	phototagging
11469.603499999997	0.005000000004656613	trials	phototagging
11470.60506666667	0.004999999997380655	trials	phototagging
11471.6066	0.005000000004656613	trials	phototagging
11472.608133333335	0.005033333334722556	trials	phototagging
11473.6097	0.004999999997380655	trials	phototagging
11474.611233333337	0.0050333333274465986	trials	phototagging
11475.612800000003	0.004999999997380655	trials	phototagging
11476.614333333331	0.005033333334722556	trials	phototagging
11477.615900000004	0.004999999997380655	trials	phototagging
11478.617433333333	0.005000000004656613	trials	phototagging
11479.618999999999	0.005000000004656613	trials	phototagging
11480.620533333335	0.004999999997380655	trials	phototagging
11481.6221	0.004999999997380655	trials	phototagging
11482.623633333336	0.004999999997380655	trials	phototagging
11493.640666666666	0.005000000004656613	trials	phototagging
11494.642200000002	0.004999999997380655	trials	phototagging
11495.64373333333	0.005033333334722556	trials	phototagging
11496.645300000004	0.004999999997380655	trials	phototagging
11497.646833333332	0.005033333334722556	trials	phototagging
11498.648399999998	0.005000000004656613	trials	phototagging
11499.649933333334	0.004999999997380655	trials	phototagging
11500.65146666667	0.0050333333274465986	trials	phototagging
11501.653033333336	0.004999999997380655	trials	phototagging
11502.654566666664	0.005000000004656613	trials	phototagging
11503.656133333337	0.004999999997380655	trials	phototagging
11504.657666666666	0.005000000004656613	trials	phototagging
11505.659233333332	0.005000000004656613	trials	phototagging
11506.660766666668	0.004999999997380655	trials	phototagging
11507.662333333334	0.004999999997380655	trials	phototagging
11508.66386666667	0.004999999997380655	trials	phototagging
11509.665399999998	0.005033333334722556	trials	phototagging
11510.666966666664	0.005000000004656613	trials	phototagging
11511.6685	0.005033333334722556	trials	phototagging
11512.670066666666	0.005000000004656613	trials	phototagging
11513.671600000001	0.004999999997380655	trials	phototagging
11514.673166666667	0.004999999997380655	trials	phototagging
11515.674700000003	0.004999999997380655	trials	phototagging
11516.676233333332	0.005000000004656613	trials	phototagging
11517.677799999998	0.005000000004656613	trials	phototagging
11518.679333333333	0.004999999997380655	trials	phototagging
11519.6809	0.005000000004656613	trials	phototagging
11520.682433333335	0.004999999997380655	trials	phototagging
11521.683966666671	0.0050333333274465986	trials	phototagging
11522.685533333337	0.004999999997380655	trials	phototagging
11533.702566666667	0.010000000002037268	trials	phototagging
11533.8027	0.010033333332103211	trials	phototagging
11533.90286666667	0.00999999999476131	trials	phototagging
11534.003033333334	0.010000000002037268	trials	phototagging
11534.103166666668	0.010033333332103211	trials	phototagging
11534.203333333331	0.010000000002037268	trials	phototagging
11534.303466666664	0.010033333339379169	trials	phototagging
11534.403633333335	0.010033333332103211	trials	phototagging
11534.503799999999	0.010000000002037268	trials	phototagging
11534.60396666667	0.00999999999476131	trials	phototagging
11534.704100000003	0.00999999999476131	trials	phototagging
11534.804266666666	0.010000000002037268	trials	phototagging
11534.9044	0.010033333332103211	trials	phototagging
11535.00456666667	0.00999999999476131	trials	phototagging
11535.104733333334	0.010000000002037268	trials	phototagging
11535.204866666667	0.010033333332103211	trials	phototagging
11535.305033333338	0.00999999999476131	trials	phototagging
11535.405200000001	0.010000000002037268	trials	phototagging
11535.505333333334	0.010033333332103211	trials	phototagging
11535.605499999998	0.010000000002037268	trials	phototagging
11535.705666666669	0.010000000002037268	trials	phototagging
11535.805800000002	0.010033333332103211	trials	phototagging
11535.905966666665	0.010000000002037268	trials	phototagging
11536.006099999999	0.010033333332103211	trials	phototagging
11536.10626666667	0.010033333332103211	trials	phototagging
11536.206433333333	0.010000000002037268	trials	phototagging
11536.306566666666	0.010033333332103211	trials	phototagging
11536.406733333337	0.00999999999476131	trials	phototagging
11536.5069	0.010000000002037268	trials	phototagging
11536.607033333334	0.010033333332103211	trials	phototagging
