onset	duration	nwb_table	trial_type
76.60713333333479	1.3200333333334129	trials	port_entry
77.95716666666704	0.709933333333538	trials	port_entry
128.38730000000032	0.23999999999978172	trials	port_entry
128.77733333333344	0.040000000000873115	trials	port_entry
130.79733333333388	0.17000000000007276	trials	port_entry
131.16733333333468	0.3599999999987631	trials	port_entry
131.90733333333446	0.2999999999992724	trials	port_entry
276.65766666666786	0.20006666666631645	trials	port_entry
276.9177666666674	0.41996666666636884	trials	port_entry
288.8777666666665	0.019966666666732635	trials	port_entry
289.0577333333349	1.000033333331885	trials	port_entry
289.22780000000057	0.04996666666738747	trials	reward_stimulus_presentation
291.22776666666687	0.8000000000010914	trials	reward_delivery
291.3178000000007	2.2699666666667326	trials	port_entry
294.14776666666694	2.2000333333344315	trials	port_entry
296.40780000000086	0.27000000000043656	trials	port_entry
296.9477333333343	0.1600333333335584	trials	port_entry
297.20773333333455	0.5500666666666802	trials	port_entry
297.9278000000013	0.30993333333208284	trials	port_entry
299.90780000000086	0.11999999999898137	trials	port_entry
308.52779999999984	0.13003333333472256	trials	port_entry
308.71783333333406	5.149999999999636	trials	port_entry
314.2278333333343	0.12999999999919964	trials	port_entry
378.7980333333344	16.049999999999272	trials	port_entry
379.22806666666656	18.079999999999927	trials	reward_stimulus_presentation
381.2280333333347	0.7999999999992724	trials	reward_delivery
396.90803333333315	0.020000000000436557	trials	port_entry
397.02803333333395	0.060033333333194605	trials	port_entry
397.1080333333339	0.07003333333341288	trials	port_entry
397.3680666666678	2.6999999999989086	trials	port_entry
411.3881333333338	0.3000000000010914	trials	port_entry
411.7581333333346	0.20996666666542296	trials	port_entry
412.8181000000004	0.05996666666760575	trials	port_entry
413.03813333333346	0.3299333333343384	trials	port_entry
414.3280666666669	0.03003333333435876	trials	port_entry
414.3780999999999	0.7400000000016007	trials	port_entry
417.01803333333373	0.060033333333194605	trials	port_entry
417.09803333333366	0.110033333334286	trials	port_entry
417.35813333333317	0.1000000000003638	trials	port_entry
418.3881333333338	0.1000000000003638	trials	port_entry
419.0081000000009	2.5200000000004366	trials	port_entry
422.70816666666724	0.030000000000654836	trials	port_entry
422.90816666666797	0.40996666666615056	trials	port_entry
423.3581000000013	0.23003333333326736	trials	port_entry
423.6381333333338	0.040000000000873115	trials	port_entry
424.90813333333426	0.2899999999990541	trials	port_entry
425.21813333333375	0.07999999999992724	trials	port_entry
425.4881333333342	0.039999999999054126	trials	port_entry
425.58813333333455	0.11999999999898137	trials	port_entry
441.7382000000016	0.9699999999993452	trials	port_entry
469.2283333333344	1.8199333333323011	trials	reward_stimulus_presentation
470.64830000000075	0.14996666666593228	trials	port_entry
471.21826666666675	16.250066666667408	trials	port_entry
471.2283000000007	0.7999999999992724	trials	reward_delivery
487.71830000000045	1.4400000000005093	trials	port_entry
500.2383666666665	0.050000000001091394	trials	port_entry
501.14833333333445	0.6499666666659323	trials	port_entry
502.28836666666757	0.030000000000654836	trials	port_entry
502.5783666666666	0.029933333333246992	trials	port_entry
502.65836666666655	0.12000000000080036	trials	port_entry
521.2884333333332	2.3800000000010186	trials	port_entry
525.7784333333348	0.019999999998617568	trials	port_entry
540.0384666666669	0.030000000000654836	trials	port_entry
540.1084666666666	1.1400333333349408	trials	port_entry
545.4385000000002	0.03996666666716919	trials	port_entry
545.8785000000007	0.5400000000008731	trials	port_entry
549.4885000000013	0.18000000000029104	trials	port_entry
559.2285666666667	20.0	trials	neutral_stimulus_presentation
560.9685333333346	0.11999999999898137	trials	port_entry
561.1785333333337	1.0900000000001455	trials	port_entry
577.7486000000008	0.13999999999941792	trials	port_entry
581.8185666666668	1.1300666666666075	trials	port_entry
596.1685666666672	0.3200333333334129	trials	port_entry
598.3886333333339	1.4600000000009459	trials	port_entry
603.7886666666673	0.9899999999997817	trials	port_entry
604.8186999999998	0.019966666666732635	trials	port_entry
621.8487000000005	1.2199999999993452	trials	port_entry
624.3787000000011	0.45996666666542296	trials	port_entry
629.5887000000002	0.040000000000873115	trials	port_entry
630.288700000001	0.08003333333363116	trials	port_entry
630.4187000000002	0.31999999999970896	trials	port_entry
634.5587333333333	1.070000000001528	trials	port_entry
640.5987333333342	0.3499666666666599	trials	port_entry
641.7987666666668	0.3399666666664416	trials	port_entry
644.2288666666682	17.13993333333201	trials	reward_stimulus_presentation
646.2288000000008	0.7999999999992724	trials	reward_delivery
660.9688000000006	5.21996666666746	trials	port_entry
666.2288333333345	0.06993333333230112	trials	port_entry
666.3488333333335	0.2399666666678968	trials	port_entry
709.5889000000006	0.8400000000001455	trials	port_entry
710.5789333333341	5.180033333333995	trials	port_entry
734.2290333333349	20.002199999998993	trials	shock_stimulus_presentation
752.7890333333344	1.0600333333331946	trials	port_entry
754.0290666666679	0.3000333333329763	trials	shock_relay
755.8690999999999	0.019933333334847703	trials	port_entry
756.1091000000015	0.019966666666732635	trials	port_entry
756.2790333333342	0.5200000000004366	trials	port_entry
756.869066666668	0.1999999999989086	trials	port_entry
757.089100000001	4.959933333333538	trials	port_entry
762.5391	0.2899666666671692	trials	port_entry
763.0491000000002	0.5	trials	port_entry
763.5991000000013	5.930000000000291	trials	port_entry
769.8591000000015	0.6699666666663688	trials	port_entry
770.8191000000006	1.0199666666667326	trials	port_entry
771.889133333334	0.029966666666950914	trials	port_entry
772.0191000000013	3.260033333332103	trials	port_entry
775.8091000000004	0.6000666666677716	trials	port_entry
778.9891333333344	0.049999999999272404	trials	port_entry
779.3991333333342	0.2500333333337039	trials	port_entry
779.9391333333333	0.1299666666673147	trials	port_entry
780.0991333333332	0.08000000000174623	trials	port_entry
781.969133333334	0.0899666666664416	trials	port_entry
782.0791333333345	0.5199999999986176	trials	port_entry
782.8891666666677	3.0	trials	port_entry
786.4091666666682	0.13999999999941792	trials	port_entry
786.6691333333347	1.1900333333323942	trials	port_entry
802.3292000000001	0.8799666666673147	trials	port_entry
803.4592000000011	4.070033333333413	trials	port_entry
807.6792333333342	0.20999999999912689	trials	port_entry
807.9092	0.28003333333435876	trials	port_entry
808.7491666666665	0.030000000000654836	trials	port_entry
810.9892	1.180000000000291	trials	port_entry
812.5092333333341	5.06993333333412	trials	port_entry
817.6692000000003	3.260033333333922	trials	port_entry
821.1092666666682	0.039999999999054126	trials	port_entry
829.2292666666672	2.5900000000001455	trials	reward_stimulus_presentation
831.2292666666672	0.8000333333329763	trials	reward_delivery
831.4192666666677	16.460066666666535	trials	port_entry
847.8993333333347	1.3799666666654957	trials	port_entry
859.5393666666678	2.569999999999709	trials	port_entry
878.6694000000007	1.4200333333337767	trials	port_entry
880.2993999999999	0.3400000000001455	trials	port_entry
880.6594000000005	1.750033333333704	trials	port_entry
907.5994666666666	1.3100333333350136	trials	port_entry
915.2394666666678	0.9100333333335584	trials	port_entry
916.4395000000004	0.07999999999992724	trials	port_entry
916.6595000000016	0.05996666666578676	trials	port_entry
916.749466666668	0.24003333333348564	trials	port_entry
919.2295333333332	20.000066666667408	trials	neutral_stimulus_presentation
948.5396000000001	2.830066666667335	trials	port_entry
951.749600000001	0.24996666666629608	trials	port_entry
952.0996000000014	0.6700000000000728	trials	port_entry
952.8096333333342	0.17996666666658712	trials	port_entry
999.229800000001	5.749933333332592	trials	reward_stimulus_presentation
1001.229800000001	0.7999999999992724	trials	reward_delivery
1004.5797666666676	19.320033333333413	trials	port_entry
1024.3198666666667	3.140000000001237	trials	port_entry
1076.729933333334	0.03006666666624369	trials	port_entry
1076.7999666666674	2.649999999999636	trials	port_entry
1085.479933333334	0.6000333333340677	trials	port_entry
1088.0200000000004	1.9099666666661506	trials	port_entry
1089.230066666667	20.002400000001217	trials	shock_stimulus_presentation
1094.4099999999999	0.28000000000065484	trials	port_entry
1097.6700333333338	0.029966666666950914	trials	port_entry
1098.100033333334	0.030000000000654836	trials	port_entry
1098.4100666666673	0.04993333333368355	trials	port_entry
1098.7100666666665	0.06000000000130967	trials	port_entry
1098.9300666666677	0.05999999999949068	trials	port_entry
1099.2700666666678	0.6499666666659323	trials	port_entry
1100.0500333333348	0.23999999999978172	trials	port_entry
1100.4001000000007	4.559966666665787	trials	port_entry
1105.2400666666672	0.23999999999978172	trials	port_entry
1105.5000333333337	3.8000000000010914	trials	port_entry
1109.0300000000007	0.3000333333329763	trials	shock_relay
1109.9200666666675	1.1700000000000728	trials	port_entry
1111.310066666667	0.8699333333333925	trials	port_entry
1112.2900333333346	5.150066666667044	trials	port_entry
1117.4601000000002	11.170000000000073	trials	port_entry
1130.6901333333335	0.4399666666668054	trials	port_entry
1131.1701000000012	0.10003333333224873	trials	port_entry
1131.3701333333338	2.6600333333335584	trials	port_entry
1134.1701000000012	6.3100666666668985	trials	port_entry
1140.7801333333337	0.050033333332976326	trials	port_entry
1140.850166666667	0.040000000000873115	trials	port_entry
1140.9101333333347	1.4500333333326125	trials	port_entry
1147.360200000001	0.6100000000005821	trials	port_entry
1148.0002000000004	0.5400000000008731	trials	port_entry
1151.110200000001	1.7099999999991269	trials	port_entry
1153.0902000000006	0.049999999999272404	trials	port_entry
1156.940200000001	0.10996666666687815	trials	port_entry
1157.1302000000014	0.49003333333348564	trials	port_entry
1168.2802333333348	1.0599666666657868	trials	port_entry
1172.4802666666674	0.06996666666600504	trials	port_entry
1181.7302666666674	0.049999999999272404	trials	port_entry
1181.8202666666675	0.03996666666716919	trials	port_entry
1181.8902666666672	1.7900000000008731	trials	port_entry
1187.5102333333343	0.020000000000436557	trials	port_entry
1187.5502333333334	0.18003333333399496	trials	port_entry
1189.2303333333348	2.3099666666657868	trials	reward_stimulus_presentation
1191.140300000001	31.14010000000053	trials	port_entry
1191.2302333333337	0.8000666666666802	trials	reward_delivery
1224.6803666666674	2.239966666666078	trials	port_entry
1232.6304	0.060033333333194605	trials	port_entry
1232.7504000000008	0.2600333333339222	trials	port_entry
1276.800533333335	1.2000333333326125	trials	port_entry
1279.0705666666672	0.6000000000003638	trials	port_entry
1279.230566666667	20.000066666667408	trials	neutral_stimulus_presentation
1306.0106333333333	4.780033333334359	trials	port_entry
1311.7506666666668	0.4400000000005093	trials	port_entry
1312.2106666666677	0.6700000000000728	trials	port_entry
1320.8806333333341	0.09003333333384944	trials	port_entry
1321.1306666666678	0.09000000000014552	trials	port_entry
1321.2506666666668	3.819999999999709	trials	port_entry
1325.1706666666669	0.2600000000002183	trials	port_entry
1325.5807000000004	4.779966666666951	trials	port_entry
1330.5507000000016	0.06996666666600504	trials	port_entry
1331.2807000000012	0.1999999999989086	trials	port_entry
1331.5307000000012	11.430033333332176	trials	port_entry
1343.4207333333343	10.889999999999418	trials	port_entry
1355.090766666668	14.610066666666171	trials	port_entry
1369.2308000000012	1.9899999999997817	trials	reward_stimulus_presentation
1370.8207666666676	18.500099999999293	trials	port_entry
1371.2308000000012	0.8000333333329763	trials	reward_delivery
1390.200866666668	0.14996666666593228	trials	port_entry
1390.3708333333343	0.2700666666660254	trials	port_entry
1390.8008666666665	0.050000000001091394	trials	port_entry
1390.9708666666666	6.990033333333486	trials	port_entry
1401.160866666667	0.06006666666689853	trials	port_entry
1401.4409000000014	0.039999999999054126	trials	port_entry
1401.6109000000015	0.029966666665131925	trials	port_entry
1401.6909000000014	0.7999999999992724	trials	port_entry
1402.840900000001	10.060033333333195	trials	port_entry
1412.930933333335	0.019999999998617568	trials	port_entry
1413.0809333333345	10.03003333333254	trials	port_entry
1423.190966666667	0.06999999999970896	trials	port_entry
1424.2809666666672	15.160033333333558	trials	port_entry
1439.5110000000004	11.410033333333558	trials	port_entry
1451.0610333333334	18.550033333334795	trials	port_entry
1459.2311000000009	20.002799999998388	trials	shock_stimulus_presentation
1469.651100000001	4.6599999999980355	trials	port_entry
1474.361100000002	5.069999999999709	trials	port_entry
1479.0311000000002	0.3000333333329763	trials	shock_relay
1479.5810999999994	0.05000000000291038	trials	port_entry
1479.7111000000004	0.5200000000004366	trials	port_entry
1480.321100000001	2.1900333333323942	trials	port_entry
1483.0411333333323	0.1900000000023283	trials	port_entry
1483.2911333333323	0.05000000000291038	trials	port_entry
1483.7611666666671	10.529966666665132	trials	port_entry
1494.431166666669	5.100033333332249	trials	port_entry
1499.9011333333328	5.970033333334868	trials	port_entry
1505.921166666667	1.540033333334577	trials	port_entry
1507.5512000000017	9.190033333332394	trials	port_entry
1517.031233333335	13.209999999999127	trials	port_entry
1530.3112333333338	0.6400333333331218	trials	port_entry
1531.041266666667	3.139999999999418	trials	port_entry
1535.0512999999992	0.2399666666678968	trials	port_entry
1535.3412666666663	9.730033333333267	trials	port_entry
1544.2313333333332	20.000066666667408	trials	neutral_stimulus_presentation
1545.7013000000006	0.03996666666716919	trials	port_entry
1545.761300000002	3.9800333333332674	trials	port_entry
1551.561333333335	0.3999999999978172	trials	port_entry
1552.1513666666688	1.0199666666667326	trials	port_entry
1553.2013333333343	0.019966666666732635	trials	port_entry
1553.2513333333336	0.09000000000014552	trials	port_entry
1553.8513333333358	0.059999999997671694	trials	port_entry
1553.9613333333327	0.06996666666964302	trials	port_entry
1571.7613999999994	0.2800000000024738	trials	port_entry
1572.0614000000023	2.3099666666639678	trials	port_entry
1577.001400000001	0.4500000000007276	trials	port_entry
1577.9014000000025	0.06999999999970896	trials	port_entry
1578.3714	0.5	trials	port_entry
1578.9713666666685	70.48026666666556	trials	port_entry
1634.2316333333329	20.002366666667513	trials	shock_stimulus_presentation
1649.6915333333345	0.050033333332976326	trials	port_entry
1649.9616000000024	0.039999999997235136	trials	port_entry
1650.1715666666678	0.2000000000007276	trials	port_entry
1650.4816333333329	0.2800000000024738	trials	port_entry
1650.7916000000005	0.060033333335013594	trials	port_entry
1654.0316333333358	0.2999999999992724	trials	shock_relay
1654.1716333333352	0.029999999998835847	trials	port_entry
1654.7216333333345	0.7999666666655685	trials	port_entry
1655.6016333333355	0.09999999999854481	trials	port_entry
1655.8516333333355	0.1099999999969441	trials	port_entry
1656.1616333333332	0.9700000000011642	trials	port_entry
1657.1615999999995	44.320133333334525	trials	port_entry
1701.7417333333324	3.3900666666668258	trials	port_entry
1707.2117666666672	0.709966666665423	trials	port_entry
1707.9418000000005	0.4199666666681878	trials	port_entry
1713.1118000000024	0.8099333333302638	trials	port_entry
1714.0718000000015	0.029966666665131925	trials	port_entry
1714.1317999999992	0.019966666666732635	trials	port_entry
1714.2217999999993	0.029966666668769903	trials	port_entry
1714.291766666669	0.7599999999983993	trials	port_entry
1715.4418000000005	0.06996666666600504	trials	port_entry
1716.181800000002	0.029999999998835847	trials	port_entry
1716.7617666666665	0.030000000002473826	trials	port_entry
1716.8817333333354	0.07003333333341288	trials	port_entry
1717.0217333333349	0.04003333333093906	trials	port_entry
1729.231833333335	20.002766666664684	trials	shock_stimulus_presentation
1749.031866666668	0.3000333333329763	trials	shock_relay
1755.4819000000025	0.7800333333325398	trials	port_entry
1757.3719333333356	0.049999999999272404	trials	port_entry
1757.7319333333326	0.1500000000014552	trials	port_entry
1758.131933333334	0.09999999999854481	trials	port_entry
1758.2919333333339	0.15999999999985448	trials	port_entry
1758.511933333335	0.07999999999810825	trials	port_entry
1758.6119333333336	0.09000000000014552	trials	port_entry
1758.7819333333355	0.23999999999796273	trials	port_entry
1759.0419333333339	0.27000000000043656	trials	port_entry
1759.3419333333331	1.9599999999991269	trials	port_entry
1761.6419333333324	31.52010000000155	trials	port_entry
1793.1920333333328	7.440033333336032	trials	port_entry
1807.032033333333	0.050033333332976326	trials	port_entry
1807.472066666669	0.2699999999967986	trials	port_entry
1807.9520333333348	0.0700666666671168	trials	port_entry
1808.2420666666658	0.1299333333336108	trials	port_entry
1808.4920333333357	0.12999999999738066	trials	port_entry
1808.9220333333324	0.19003333333603223	trials	port_entry
1809.3520666666664	0.17996666666658712	trials	port_entry
1809.592066666668	0.029999999998835847	trials	port_entry
1809.8220666666675	0.17996666666658712	trials	port_entry
1810.172066666666	0.3500000000021828	trials	port_entry
1810.5720666666675	0.75	trials	port_entry
1811.4220333333324	0.33003333333545015	trials	port_entry
1811.8320333333359	0.35003333333224873	trials	port_entry
1812.2320666666674	1.1699999999982538	trials	port_entry
1813.4420666666665	0.7899666666671692	trials	port_entry
1818.2720666666683	0.15996666666615056	trials	port_entry
1818.5120666666662	1.3000666666666802	trials	port_entry
1819.2321333333348	20.000033333333704	trials	neutral_stimulus_presentation
1820.2021000000022	0.18003333333035698	trials	port_entry
1820.7121000000006	2.970000000001164	trials	port_entry
1824.8421333333354	0.039966666663531214	trials	port_entry
1825.222066666669	0.5300666666662437	trials	port_entry
1825.7821000000004	20.05006666666668	trials	port_entry
1846.0721666666686	0.6199666666652774	trials	port_entry
1846.7121000000006	6.3100666666650795	trials	port_entry
1853.0421666666662	37.55013333333409	trials	port_entry
1892.4423000000024	7.420033333331958	trials	port_entry
1899.232366666667	2.2599666666683333	trials	reward_stimulus_presentation
1901.092333333334	4.259999999998399	trials	port_entry
1901.2323333333334	0.7999999999992724	trials	reward_delivery
1905.7023333333345	25.630099999998492	trials	port_entry
1932.4324333333352	0.020000000000436557	trials	port_entry
1932.502433333335	0.5900000000001455	trials	port_entry
1965.7424666666666	4.0600666666687175	trials	port_entry
1975.3225666666658	0.17000000000189175	trials	port_entry
1975.6325333333334	0.9100333333335584	trials	port_entry
1989.2325999999994	20.0	trials	neutral_stimulus_presentation
2042.6627333333345	1.6300000000010186	trials	port_entry
2046.6627333333345	0.03996666666716919	trials	port_entry
2048.7427333333326	0.9500000000007276	trials	port_entry
2061.2427666666663	1.1300000000010186	trials	port_entry
2063.9927666666663	0.8400000000001455	trials	port_entry
2065.0528000000013	0.9799999999995634	trials	port_entry
2069.592800000002	0.07999999999810825	trials	port_entry
2070.1928000000007	0.040000000000873115	trials	port_entry
2070.372800000001	0.12003333333268529	trials	port_entry
2070.5928333333322	1.9899666666678968	trials	port_entry
2072.712800000001	0.9600333333328308	trials	port_entry
2075.9728333333333	0.47000000000116415	trials	port_entry
2076.642833333335	4.289999999997235	trials	port_entry
2081.0228333333325	2.8300000000017462	trials	port_entry
2084.012833333334	0.09000000000014552	trials	port_entry
2084.702799999999	1.0601000000024214	trials	port_entry
2085.9928666666674	0.5600333333350136	trials	port_entry
2087.012833333334	0.1700333333319577	trials	port_entry
2088.0928999999996	0.18993333333492046	trials	port_entry
2088.5028333333357	0.3700333333326853	trials	port_entry
2089.232899999999	20.000033333333704	trials	neutral_stimulus_presentation
2089.262866666668	0.040000000000873115	trials	port_entry
2112.0129333333352	0.22996666666585952	trials	port_entry
2112.2629333333352	0.5599999999976717	trials	port_entry
2113.472866666667	0.09006666666755336	trials	port_entry
2117.9829666666665	0.11000000000058208	trials	port_entry
2118.4729333333344	0.10003333333224873	trials	port_entry
2119.3529333333354	0.18000000000029104	trials	port_entry
2119.6529333333347	0.27999999999883585	trials	port_entry
2120.042933333334	0.06000000000130967	trials	port_entry
2120.132966666668	0.03996666666716919	trials	port_entry
2120.292966666668	0.029966666665131925	trials	port_entry
2120.402900000001	4.250066666667408	trials	port_entry
2135.103033333333	0.13996666666935198	trials	port_entry
2135.7930000000015	0.2000000000007276	trials	port_entry
2145.2730666666685	0.3499999999985448	trials	port_entry
2145.7030666666687	0.09996666666484089	trials	port_entry
2147.5530666666673	0.029999999998835847	trials	port_entry
2148.3930666666674	0.020000000000436557	trials	port_entry
2150.7630333333327	0.019933333333028713	trials	port_entry
2179.2332000000024	20.00233333333017	trials	shock_stimulus_presentation
2181.0431333333327	0.040000000000873115	trials	port_entry
2194.663199999999	0.07996666666804231	trials	port_entry
2199.0331333333343	0.3000333333329763	trials	shock_relay
2219.1232666666656	1.4500000000007276	trials	port_entry
2220.8332666666684	0.020000000000436557	trials	port_entry
2221.3432666666668	0.8199000000022352	trials	port_entry
2226.6932333333352	4.620033333332685	trials	port_entry
2231.4632666666657	6.33003333333545	trials	port_entry
2237.8133000000016	11.2599999999984	trials	port_entry
2249.1232999999993	0.12003333333632327	trials	port_entry
2249.2934000000023	13.069966666666005	trials	port_entry
2262.6834000000017	7.039966666667169	trials	port_entry
2269.2334666666684	1.6099333333331742	trials	reward_stimulus_presentation
2270.4434	0.09000000000014552	trials	port_entry
2270.6834000000017	44.21013333333394	trials	port_entry
2271.2333666666673	0.8000333333329763	trials	reward_delivery
2315.603533333335	0.7199666666674602	trials	port_entry
2318.5134666666672	0.07003333333341288	trials	port_entry
2318.623533333335	1.639966666665714	trials	port_entry
2320.5035333333326	0.7700000000004366	trials	port_entry
2321.2935333333335	0.040000000000873115	trials	port_entry
2321.9635333333354	0.819966666666005	trials	port_entry
2322.893500000002	0.2700333333305025	trials	port_entry
2323.2135333333354	0.9399999999986903	trials	port_entry
2324.243533333334	0.049999999999272404	trials	port_entry
2324.733533333336	0.039999999997235136	trials	port_entry
2324.8335333333343	1.9399666666649864	trials	port_entry
2326.7935333333335	5.600033333332249	trials	port_entry
2332.443500000001	0.03003333333253977	trials	port_entry
2332.7235666666675	23.260033333332103	trials	port_entry
2356.2036333333344	0.020000000000436557	trials	port_entry
2357.8236333333334	0.5	trials	port_entry
2358.4836333333333	0.020000000000436557	trials	port_entry
2358.523633333334	0.029999999998835847	trials	port_entry
2358.643666666667	0.04993333333550254	trials	port_entry
2358.7336333333333	0.040000000000873115	trials	port_entry
2359.233666666667	0.819966666666005	trials	reward_stimulus_presentation
2359.653633333335	0.019966666666732635	trials	port_entry
2360.933633333334	23.720099999998638	trials	port_entry
2361.2336333333333	0.7999999999992724	trials	reward_delivery
2385.1937333333335	0.040000000000873115	trials	port_entry
2385.333733333333	1.1900000000023283	trials	port_entry
2386.5437333333357	0.09993333333113696	trials	port_entry
2388.2837333333337	0.06996666666600504	trials	port_entry
2444.233933333333	20.000033333333704	trials	neutral_stimulus_presentation
2445.8238999999994	6.720033333334868	trials	port_entry
2453.3739333333324	0.7500333333337039	trials	port_entry
2454.193900000002	0.4299666666665871	trials	port_entry
2454.643866666669	0.03003333333253977	trials	port_entry
2454.8339000000014	0.2000000000007276	trials	port_entry
2455.4138999999996	16.320066666667117	trials	port_entry
2472.0939666666673	0.029999999998835847	trials	port_entry
2472.2739666666675	0.2000000000007276	trials	port_entry
2473.4739666666683	0.019966666666732635	trials	port_entry
2473.564000000002	0.019933333333028713	trials	port_entry
2474.573966666667	0.10000000000218279	trials	port_entry
2474.9039666666686	0.019966666666732635	trials	port_entry
2475.253966666667	0.07003333333341288	trials	port_entry
2475.4639666666662	0.12000000000261934	trials	port_entry
2475.633966666668	0.059999999997671694	trials	port_entry
2475.7139666666662	0.1900000000023283	trials	port_entry
2478.4839666666667	0.06999999999970896	trials	port_entry
2478.6939333333357	0.03006666666624369	trials	port_entry
2478.773933333334	0.2500333333337039	trials	port_entry
2479.293966666668	0.049999999999272404	trials	port_entry
2479.934000000001	0.4399999999986903	trials	port_entry
2481.1140000000014	0.029966666665131925	trials	port_entry
2482.333999999999	2.3800000000010186	trials	port_entry
2485.8840333333355	0.32996666666440433	trials	port_entry
2504.9640666666673	3.2999999999992724	trials	port_entry
2508.4240666666665	1.2400000000016007	trials	port_entry
2511.0940666666684	0.049999999999272404	trials	port_entry
2511.614066666669	0.2999999999992724	trials	port_entry
2515.6441000000013	0.049999999999272404	trials	port_entry
2516.0640999999996	1.7700000000004366	trials	port_entry
2517.954099999999	0.3000000000029104	trials	port_entry
2518.434100000002	4.330033333331812	trials	port_entry
2522.7841333333345	0.3899999999994179	trials	port_entry
2523.224133333333	0.08000000000174623	trials	port_entry
2523.424133333334	5.040000000000873	trials	port_entry
2528.604166666668	0.25996666666469537	trials	port_entry
2532.0041333333356	0.4600333333328308	trials	port_entry
2532.4941333333336	1.1000000000021828	trials	port_entry
2533.694166666668	0.2900000000008731	trials	port_entry
2534.234199999999	1.5799333333343384	trials	reward_stimulus_presentation
2535.4141333333355	0.03003333333253977	trials	port_entry
2535.5741000000016	26.070133333330887	trials	port_entry
2536.234166666669	0.7999666666655685	trials	reward_delivery
2591.854266666669	0.20006666666449746	trials	port_entry
2594.0843333333323	0.3400000000001455	trials	port_entry
2594.494300000002	1.3100333333313756	trials	port_entry
2595.944333333333	0.38000000000101863	trials	port_entry
2596.7942666666677	0.43000000000029104	trials	port_entry
2597.304266666666	0.19006666666973615	trials	port_entry
2598.9143000000004	0.07003333333341288	trials	port_entry
2599.264299999999	0.09003333333384944	trials	port_entry
2599.744333333336	0.039999999997235136	trials	port_entry
2599.824333333334	0.029999999998835847	trials	port_entry
2629.234400000001	2.4900999999990745	trials	reward_stimulus_presentation
2631.2344666666686	0.7999999999992724	trials	reward_delivery
2631.3244666666687	0.11999999999898137	trials	port_entry
2631.4944333333333	19.680033333333995	trials	port_entry
2689.7245666666677	0.04003333333457704	trials	port_entry
2690.8146000000015	0.13999999999941792	trials	port_entry
2692.7546	0.020000000000436557	trials	port_entry
2692.814633333335	0.039999999997235136	trials	port_entry
2693.0346333333327	3.9500000000007276	trials	port_entry
2700.674633333336	0.6799999999966531	trials	port_entry
2703.704600000001	0.10996666666687815	trials	port_entry
2719.2347333333346	20.002300000000105	trials	shock_stimulus_presentation
2739.0347666666676	0.2999999999992724	trials	shock_relay
2754.3747666666677	1.2600333333321032	trials	port_entry
2761.514766666667	0.14003333333312185	trials	port_entry
2762.0848000000005	0.040000000000873115	trials	port_entry
2765.6648333333324	0.040000000000873115	trials	port_entry
2766.0948333333326	4.440000000002328	trials	port_entry
2770.594799999999	0.06000000000130967	trials	port_entry
2770.694833333335	11.400033333331521	trials	port_entry
2785.084866666668	0.059999999997671694	trials	port_entry
2785.744866666668	0.050033333332976326	trials	port_entry
2785.8148666666675	5.6599999999998545	trials	port_entry
2791.7748666666666	0.18996666666862438	trials	port_entry
2792.1348333333335	0.14003333333312185	trials	port_entry
2792.324833333336	4.400066666665225	trials	port_entry
2797.9848999999995	0.7300333333332674	trials	port_entry
2798.804899999999	0.10000000000218279	trials	port_entry
2799.234966666667	20.0	trials	neutral_stimulus_presentation
2806.054866666669	0.1300666666647885	trials	port_entry
2806.2848666666687	15.52009999999791	trials	port_entry
2822.3250000000007	1.059900000000198	trials	port_entry
2824.715	0.09000000000014552	trials	port_entry
2824.875	0.020000000000436557	trials	port_entry
2824.915000000001	0.029999999998835847	trials	port_entry
2825.1450000000004	0.09000000000014552	trials	port_entry
2825.494966666669	0.18003333333035698	trials	port_entry
2825.715	0.1500000000014552	trials	port_entry
2825.885000000002	0.020000000000436557	trials	port_entry
2825.9350000000013	0.06996666666600504	trials	port_entry
2826.1150000000016	0.2399666666642588	trials	port_entry
2826.4050000000025	0.01999999999679858	trials	port_entry
2827.494966666669	10.610033333330648	trials	port_entry
2838.494999999999	0.06000000000130967	trials	port_entry
2838.6049999999996	18.130066666668426	trials	port_entry
2857.145066666668	18.66003333333356	trials	port_entry
2875.825100000002	11.190033333332394	trials	port_entry
2887.0351666666684	4.919999999998254	trials	port_entry
2889.235166666669	20.000033333330066	trials	neutral_stimulus_presentation
2892.805166666669	1.569999999999709	trials	port_entry
2899.7652000000016	0.029999999998835847	trials	port_entry
2914.535233333336	0.8799999999973807	trials	port_entry
2916.3052333333326	0.030000000002473826	trials	port_entry
2916.375266666666	0.04993333333550254	trials	port_entry
2916.4552666666677	0.14996666666775127	trials	port_entry
2916.745233333335	1.8799999999973807	trials	port_entry
2918.665233333333	17.390066666666826	trials	port_entry
2936.225300000002	0.5999999999985448	trials	port_entry
2936.905300000002	49.30013333333045	trials	port_entry
2986.2854333333344	1.3100000000013097	trials	port_entry
2987.6654333333354	7.930033333330357	trials	port_entry
2989.2355000000025	20.002299999996467	trials	shock_stimulus_presentation
3002.665499999999	0.8500000000021828	trials	port_entry
3003.535500000002	0.04003333333093906	trials	port_entry
3004.2754999999997	1.0900000000001455	trials	port_entry
3005.3855000000003	0.09000000000014552	trials	port_entry
3005.7355000000025	0.11999999999898137	trials	port_entry
3005.995500000001	1.0600000000013097	trials	port_entry
3007.175500000001	0.5900333333338494	trials	port_entry
3009.0355333333355	0.2999999999992724	trials	shock_relay
3010.095533333333	0.7700000000004366	trials	port_entry
3011.0555333333323	0.1400000000030559	trials	port_entry
3011.2754999999997	0.8300333333354502	trials	port_entry
3022.6155666666673	1.099933333334775	trials	port_entry
3023.855566666669	0.09999999999854481	trials	port_entry
3024.015533333335	0.04003333333093906	trials	port_entry
3024.315566666668	0.24996666666629608	trials	port_entry
3024.845533333333	3.0100000000020373	trials	port_entry
3028.2556000000004	0.019933333333028713	trials	port_entry
3028.2955666666676	0.4399999999986903	trials	port_entry
3029.615600000001	0.9999666666662961	trials	port_entry
3032.615600000001	15.540000000000873	trials	port_entry
3048.1856333333344	16.130033333334723	trials	port_entry
3064.3656666666684	1.4900333333316667	trials	port_entry
3066.5457000000024	0.06993333333230112	trials	port_entry
3068.4657000000007	0.08000000000174623	trials	port_entry
3079.2357666666685	20.0	trials	neutral_stimulus_presentation
3084.0457000000024	0.9800333333332674	trials	port_entry
3086.1757333333335	0.06999999999970896	trials	port_entry
3088.4158000000025	0.17986666666547535	trials	port_entry
3090.9056999999993	0.04006666666828096	trials	port_entry
3135.905866666668	1.9700000000011642	trials	port_entry
3139.925900000002	0.03996666666716919	trials	port_entry
3140.125866666669	0.04003333333093906	trials	port_entry
3140.1958666666687	1.2600333333321032	trials	port_entry
3141.795900000001	0.11999999999898137	trials	port_entry
3142.585900000002	0.5499999999992724	trials	port_entry
3143.1658333333326	0.46006666666653473	trials	port_entry
3149.2459000000017	0.2599999999983993	trials	port_entry
3149.8058999999994	0.21003333333646879	trials	port_entry
3150.1159333333344	0.03996666666716919	trials	port_entry
3150.3459000000003	1.2700000000004366	trials	port_entry
3151.8459000000003	5.4500333333344315	trials	port_entry
3157.4059333333353	0.41999999999825377	trials	port_entry
3158.1959333333325	0.020000000000436557	trials	port_entry
3158.2358999999997	0.09003333333384944	trials	port_entry
3158.425900000002	0.44003333333239425	trials	port_entry
3158.9059000000016	3.610033333334286	trials	port_entry
3162.815933333335	3.289999999997235	trials	port_entry
3169.236000000001	2.069966666666005	trials	reward_stimulus_presentation
3170.905999999999	46.09003333333385	trials	port_entry
3171.2359333333334	0.8000666666666802	trials	reward_delivery
3219.7561000000023	5.110033333330648	trials	port_entry
3229.1961333333347	0.1499999999978172	trials	port_entry
3229.416166666666	0.47000000000116415	trials	port_entry
3249.0262000000002	0.11999999999898137	trials	port_entry
3249.2062333333342	0.3100333333313756	trials	port_entry
3249.5362333333323	5.430000000000291	trials	port_entry
3255.496233333335	0.3499666666648409	trials	port_entry
3259.236266666667	20.002300000000105	trials	shock_stimulus_presentation
3279.0362999999998	0.3000333333329763	trials	shock_relay
3295.7862999999998	4.8400000000001455	trials	port_entry
3301.9963666666663	0.13999999999941792	trials	port_entry
3302.896333333334	0.25	trials	port_entry
3303.306333333334	8.820066666667117	trials	port_entry
3312.4864000000016	8.869999999998981	trials	port_entry
3321.4763999999996	9.820033333333413	trials	port_entry
3331.3364666666675	0.05996666666760575	trials	port_entry
3331.5464666666667	0.1299666666673147	trials	port_entry
3331.7564333333357	8.150033333331521	trials	port_entry
3339.926433333334	0.050033333332976326	trials	port_entry
3340.106466666668	4.710033333332831	trials	port_entry
3344.2365333333328	2.0099000000009255	trials	reward_stimulus_presentation
3345.8464999999997	0.09000000000014552	trials	port_entry
3346.0565000000024	23.840066666663915	trials	port_entry
3346.236499999999	0.8000000000029104	trials	reward_delivery
3369.9465666666656	0.7300000000032014	trials	port_entry
3373.246500000001	0.24006666666537058	trials	port_entry
3376.386566666668	0.680000000000291	trials	port_entry
3377.1165666666675	0.13999999999941792	trials	port_entry
3377.2865666666657	5.010033333335741	trials	port_entry
3382.856566666669	0.5799999999981083	trials	port_entry
3383.556566666666	3.970033333334868	trials	port_entry
3387.566566666668	34.130133333332196	trials	port_entry
3421.8166999999994	13.200000000000728	trials	port_entry
3434.2367666666687	1.7299333333321556	trials	reward_stimulus_presentation
3435.5666999999994	17.84003333333385	trials	port_entry
3436.2367666666687	0.7999999999992724	trials	reward_delivery
3456.866766666666	0.08003333333545015	trials	port_entry
3457.0567666666684	0.07999999999810825	trials	port_entry
3457.2368000000024	0.20999999999912689	trials	port_entry
3457.5167666666675	6.7000333333344315	trials	port_entry
3464.2767999999996	11.390033333333122	trials	port_entry
3475.686833333333	0.030000000002473826	trials	port_entry
3475.846833333333	0.12000000000261934	trials	port_entry
3476.6568333333344	0.029966666665131925	trials	port_entry
3477.0768333333326	3.4399666666686244	trials	port_entry
3480.5768333333326	0.2900000000008731	trials	port_entry
3481.1268666666656	0.9400000000023283	trials	port_entry
3483.7668666666686	0.3499999999985448	trials	port_entry
3502.4969333333356	1.109999999996944	trials	port_entry
3503.7369333333336	0.5300333333325398	trials	port_entry
3520.726999999999	1.5400000000008731	trials	port_entry
3524.886933333335	0.0800666666655161	trials	port_entry
3524.987000000001	0.27000000000043656	trials	port_entry
3525.476933333335	1.6600666666672623	trials	port_entry
3527.2570000000014	2.540000000000873	trials	port_entry
3529.237000000001	1.4399999999986903	trials	reward_stimulus_presentation
3530.276966666668	0.04003333333093906	trials	port_entry
3530.8569666666663	17.370133333333797	trials	port_entry
3531.237000000001	0.7999999999992724	trials	reward_delivery
3550.177066666667	0.2900000000008731	trials	port_entry
3550.497033333333	0.07003333333341288	trials	port_entry
3619.2373000000007	20.002533333332394	trials	shock_stimulus_presentation
3626.457300000002	0.22999999999956344	trials	port_entry
3630.747333333333	0.19996666666702367	trials	port_entry
3631.1072999999997	0.07993333333433839	trials	port_entry
3631.247299999999	4.930033333333995	trials	port_entry
3639.0373333333337	0.2999999999992724	trials	shock_relay
3639.377333333334	0.049999999999272404	trials	port_entry
3639.5373333333337	1.0900000000001455	trials	port_entry
3641.3173000000024	0.09999999999854481	trials	port_entry
3641.747333333333	0.27000000000043656	trials	port_entry
3642.137333333336	0.529933333331428	trials	port_entry
3642.6873000000014	5.940033333332394	trials	port_entry
3648.687333333335	43.10019999999713	trials	port_entry
3691.807499999999	7.919933333334484	trials	port_entry
3699.2374666666656	2.970033333334868	trials	reward_stimulus_presentation
3701.2374333333355	0.8000333333329763	trials	reward_delivery
3701.807466666669	14.150066666665225	trials	port_entry
3716.897499999999	0.050033333336614305	trials	port_entry
3716.9775333333346	0.16999999999825377	trials	port_entry
3717.3075333333327	0.3799333333336108	trials	port_entry
3717.907533333335	29.060099999998783	trials	port_entry
3747.3376333333326	0.6100000000005821	trials	port_entry
3748.057633333334	41.40013333333263	trials	port_entry
3789.237799999999	19.99993333333623	trials	neutral_stimulus_presentation
3790.4677666666685	3.459999999999127	trials	port_entry
3794.227733333333	1.010099999999511	trials	port_entry
3795.327833333333	0.21000000000276486	trials	port_entry
3797.6078000000016	0.06999999999970896	trials	port_entry
3798.3578000000016	1.680000000000291	trials	port_entry
3800.4377333333323	0.4300666666676989	trials	port_entry
3803.0578000000023	0.01999999999679858	trials	port_entry
3803.107766666668	0.09003333333384944	trials	port_entry
3803.3377666666674	0.12003333333268529	trials	port_entry
3803.6178	0.019966666666732635	trials	port_entry
3803.907766666667	0.1600333333335584	trials	port_entry
3804.2278000000006	1.0499666666655685	trials	port_entry
3805.347766666666	0.3000333333366143	trials	port_entry
3805.737799999999	0.08000000000174623	trials	port_entry
3805.9277666666676	0.060033333331375616	trials	port_entry
3806.2278000000006	4.3400000000001455	trials	port_entry
3810.587800000001	0.03996666666716919	trials	port_entry
3810.997800000001	0.6000333333322487	trials	port_entry
3811.6978333333354	0.039999999997235136	trials	port_entry
3812.2577999999994	1.390000000003056	trials	port_entry
3813.797833333334	13.820033333333413	trials	port_entry
3832.517866666669	1.6300333333310846	trials	port_entry
3846.9279333333325	0.8699666666689154	trials	port_entry
3848.487933333334	0.25	trials	port_entry
3848.7679333333326	0.2900000000008731	trials	port_entry
3849.2979000000014	0.110033333334286	trials	port_entry
3849.4379333333345	7.040033333334577	trials	port_entry
3856.507966666668	5.099999999998545	trials	port_entry
3864.917966666668	0.11000000000058208	trials	port_entry
3865.148000000001	1.3999333333340473	trials	port_entry
3870.768	0.049999999999272404	trials	port_entry
3871.118000000002	0.32999999999810825	trials	port_entry
3874.188000000002	0.020000000000436557	trials	port_entry
3874.368000000002	0.8400000000001455	trials	port_entry
3875.7180000000008	0.1600333333335584	trials	port_entry
3876.0480000000025	9.570033333329775	trials	port_entry
3885.658033333333	0.1900000000023283	trials	port_entry
3887.0280333333358	0.04003333333093906	trials	port_entry
3887.1180333333323	0.030000000002473826	trials	port_entry
3889.2381000000023	20.002566666666098	trials	shock_stimulus_presentation
3907.148100000002	1.5099999999983993	trials	port_entry
3908.7081	0.5800000000017462	trials	port_entry
3909.0381333333353	0.2999666666655685	trials	shock_relay
3909.3680999999997	0.6700333333355957	trials	port_entry
3910.3680999999997	0.25	trials	port_entry
3910.838100000001	0.5	trials	port_entry
3911.5580666666683	21.16009999999733	trials	port_entry
3932.748166666668	20.460066666666535	trials	port_entry
3953.498200000002	25.870100000000093	trials	port_entry
3979.2383333333346	20.000033333333704	trials	neutral_stimulus_presentation
3979.9982999999993	1.9400000000023283	trials	port_entry
3982.2482999999993	0.8600000000005821	trials	port_entry
3984.658299999999	0.11000000000058208	trials	port_entry
3984.868300000002	0.8400000000001455	trials	port_entry
3985.7883	0.05996666666760575	trials	port_entry
3986.258333333335	0.11000000000058208	trials	port_entry
3986.468333333334	83.51023333333433	trials	port_entry
4069.2386000000006	1.5999666666684789	trials	reward_stimulus_presentation
4070.4386000000013	25.56006666666508	trials	port_entry
4071.2386000000006	0.7999666666655685	trials	reward_delivery
4096.298600000002	10.790066666664643	trials	port_entry
4108.128633333334	0.10006666666595265	trials	port_entry
4108.248666666666	3.3700000000026193	trials	port_entry
4112.3386666666665	0.2899666666671692	trials	port_entry
4112.778666666669	0.07996666666440433	trials	port_entry
4113.058633333334	0.03003333333253977	trials	port_entry
4113.128633333334	3.120066666666389	trials	port_entry
4116.418700000002	0.06999999999970896	trials	port_entry
4116.6587	0.15996666666615056	trials	port_entry
4116.8386666666665	1.6200333333326853	trials	port_entry
4121.648700000002	0.15999999999985448	trials	port_entry
4122.168700000002	0.049999999999272404	trials	port_entry
4122.2487	0.1299666666673147	trials	port_entry
4122.398733333335	0.07996666666440433	trials	port_entry
4122.5187000000005	0.029999999998835847	trials	port_entry
4122.608700000001	0.040000000000873115	trials	port_entry
4124.318666666666	0.15006666666886304	trials	port_entry
4124.558666666668	0.3300666666655161	trials	port_entry
4125.5887	0.18003333333399496	trials	port_entry
4125.948700000001	0.22999999999956344	trials	port_entry
4126.788666666667	0.020000000000436557	trials	port_entry
4126.828700000002	0.039999999997235136	trials	port_entry
4127.008700000002	0.5500333333329763	trials	port_entry
4141.388766666667	0.10000000000218279	trials	port_entry
4141.508766666666	2.83003333333545	trials	port_entry
4145.1888	0.06996666666600504	trials	port_entry
4145.388733333333	0.22000000000116415	trials	port_entry
4147.188766666666	0.09000000000014552	trials	port_entry
4147.378800000002	0.029933333331428003	trials	port_entry
4149.1287666666685	2.000033333333704	trials	port_entry
4151.188766666666	8.700066666668135	trials	port_entry
4159.238866666667	1.069933333335939	trials	reward_stimulus_presentation
4159.908833333335	0.3499999999985448	trials	port_entry
4160.368833333334	0.2399666666678968	trials	port_entry
4161.098766666666	17.71010000000024	trials	port_entry
4161.238833333333	0.8000000000029104	trials	reward_delivery
4179.768899999999	0.7100000000027649	trials	port_entry
4181.198866666666	0.06000000000130967	trials	port_entry
4181.348866666667	0.38003333333472256	trials	port_entry
4181.958900000001	0.2999999999992724	trials	port_entry
4182.408900000002	0.01999999999679858	trials	port_entry
4182.448899999999	1.2700000000004366	trials	port_entry
4183.7889	0.31999999999970896	trials	port_entry
4184.298900000002	3.6299999999973807	trials	port_entry
4187.978900000002	56.8801666666659	trials	port_entry
4244.239133333333	1.5398999999997613	trials	reward_stimulus_presentation
4245.379066666668	17.400066666665225	trials	port_entry
4246.239033333335	0.7999999999992724	trials	reward_delivery
4264.259099999999	0.09003333333384944	trials	port_entry
4264.4091333333345	1.4399999999986903	trials	port_entry
4265.879166666666	0.7400000000016007	trials	port_entry
4266.689166666667	0.5099333333346294	trials	port_entry
4267.219100000002	1.5199666666667326	trials	port_entry
4268.799133333334	2.039966666667169	trials	port_entry
4271.019100000001	0.15003333333152113	trials	port_entry
4271.349133333333	0.06000000000130967	trials	port_entry
4271.499166666668	0.39993333333404735	trials	port_entry
4278.9091333333345	2.500066666667408	trials	port_entry
4282.389166666668	0.07999999999810825	trials	port_entry
4282.879199999999	0.33000000000174623	trials	port_entry
4283.589200000002	0.5099999999983993	trials	port_entry
4285.379166666666	0.05000000000291038	trials	port_entry
4285.5092	0.09996666666847887	trials	port_entry
4285.729166666668	1.0599666666676058	trials	port_entry
4286.9692	0.05996666666760575	trials	port_entry
4287.549166666668	1.4699666666674602	trials	port_entry
4289.109133333335	2.1300666666647885	trials	port_entry
4291.279200000001	6.880033333334723	trials	port_entry
4298.199233333333	0.11996666666891542	trials	port_entry
4298.339200000002	40.800166666664154	trials	port_entry
4334.2393666666685	20.002199999998993	trials	shock_stimulus_presentation
4339.199366666668	0.06996666666600504	trials	port_entry
4339.289366666668	0.5700333333334129	trials	port_entry
4342.959333333332	0.050033333336614305	trials	port_entry
4343.049366666666	0.10996666666687815	trials	port_entry
4343.289366666668	0.04033333333427436	trials	port_entry
4343.369333333336	0.04003333333093906	trials	port_entry
4343.539366666668	0.03996666666716919	trials	port_entry
4343.699366666668	0.5400000000008731	trials	port_entry
4344.259366666669	0.32999999999810825	trials	port_entry
4354.039366666668	0.30006666666668025	trials	shock_relay
4373.149400000002	2.7700333333305025	trials	port_entry
4376.029466666667	0.06000000000130967	trials	port_entry
4376.579466666666	0.0699333333359391	trials	port_entry
4377.5694	0.05006666666668025	trials	port_entry
4377.719400000002	0.43003333333399496	trials	port_entry
4378.169466666666	0.05000000000291038	trials	port_entry
4378.359466666669	24.110066666664352	trials	port_entry
4402.559499999999	15.4200666666693	trials	port_entry
4418.619566666668	11.140033333333122	trials	port_entry
4429.2396333333345	1.4000333333315211	trials	reward_stimulus_presentation
4430.239566666667	26.630066666668426	trials	port_entry
4431.2396333333345	0.7999333333318646	trials	reward_delivery
4457.509700000002	0.9699999999975262	trials	port_entry
4458.839633333333	1.0600666666687175	trials	port_entry
4460.189699999999	0.360033333334286	trials	port_entry
4460.809700000002	6.079999999998108	trials	port_entry
4466.929633333333	2.4200666666692996	trials	port_entry
4469.4097	0.6000000000021828	trials	port_entry
4470.0997000000025	47.32016666666459	trials	port_entry
4517.8198666666685	2.180000000000291	trials	port_entry
4519.2399000000005	1.6499666666677513	trials	reward_stimulus_presentation
4520.489866666667	26.74006666666901	trials	port_entry
4521.2399000000005	0.7999666666655685	trials	reward_delivery
4547.729900000002	0.09003333333021146	trials	port_entry
4548.079900000001	0.34003333333384944	trials	port_entry
4548.569966666666	0.22000000000116415	trials	port_entry
4548.909966666666	0.8000000000029104	trials	port_entry
4599.240133333333	6.949966666667024	trials	reward_stimulus_presentation
4601.240099999999	0.8000000000029104	trials	reward_delivery
4605.790133333336	14.040033333330939	trials	port_entry
4624.060166666666	0.15993333333608462	trials	port_entry
4624.600166666667	0.2999999999992724	trials	port_entry
4624.980166666668	10.750033333333704	trials	port_entry
4635.760166666667	19.02010000000155	trials	port_entry
4654.810266666667	7.96996666666746	trials	port_entry
4662.800233333335	0.12999999999738066	trials	port_entry
4663.410233333336	0.9500333333307935	trials	port_entry
4665.140233333335	3.5300333333325398	trials	port_entry
4668.980266666669	0.8300333333318122	trials	port_entry
4670.240300000001	0.15999999999985448	trials	port_entry
4689.240400000002	1.8299333333307004	trials	reward_stimulus_presentation
4690.670366666669	0.04993333333186456	trials	port_entry
4690.840366666667	0.3600000000005821	trials	port_entry
4691.240366666669	0.7999666666655685	trials	reward_delivery
4691.390299999999	17.480100000000675	trials	port_entry
4711.8704	1.4900000000016007	trials	port_entry
4714.7104	1.110033333334286	trials	port_entry
4748.610533333333	1.9399333333349205	trials	port_entry
4751.600533333334	0.029966666665131925	trials	port_entry
4753.7405	0.030000000002473826	trials	port_entry
4757.830533333334	1.1300333333347226	trials	port_entry
4759.260533333334	0.3300333333318122	trials	port_entry
4760.090533333336	0.5799999999981083	trials	port_entry
4762.480566666669	0.6299999999973807	trials	port_entry
4765.640566666669	0.18000000000029104	trials	port_entry
4765.970566666667	0.019966666666732635	trials	port_entry
4780.800566666669	2.650033333331521	trials	port_entry
4785.720600000001	0.1500333333351591	trials	port_entry
4787.030633333336	0.059999999997671694	trials	port_entry
4787.380633333334	0.03996666666716919	trials	port_entry
4787.510633333335	5.239999999997963	trials	port_entry
4789.240700000002	20.001799999998184	trials	shock_stimulus_presentation
4794.000633333333	0.07003333333341288	trials	port_entry
4794.280600000002	0.12999999999738066	trials	port_entry
4794.660633333333	1.5500666666666802	trials	port_entry
4809.040700000001	0.2999999999992724	trials	shock_relay
4817.290700000001	1.5400000000008731	trials	port_entry
4819.530699999999	0.030000000002473826	trials	port_entry
4819.750733333334	0.029999999998835847	trials	port_entry
4820.230733333334	0.029999999998835847	trials	port_entry
4820.280733333333	0.030000000002473826	trials	port_entry
4820.850699999999	0.030033333336177748	trials	port_entry
4821.540733333335	0.049999999999272404	trials	port_entry
4823.290733333335	4.239966666664259	trials	port_entry
4827.550766666667	0.040000000000873115	trials	port_entry
4828.500766666668	0.07999999999810825	trials	port_entry
4828.970733333335	14.090066666663915	trials	port_entry
4843.2608	22.560066666668718	trials	port_entry
4865.870866666668	2.0	trials	port_entry
4867.970866666667	11.880033333334723	trials	port_entry
4879.240933333334	1.8599333333331742	trials	reward_stimulus_presentation
4880.700866666666	4.010000000002037	trials	port_entry
4881.240933333334	0.7999666666655685	trials	reward_delivery
4884.990966666668	3.069933333332301	trials	port_entry
4888.350900000001	1.9800333333332674	trials	port_entry
4890.810933333334	0.029999999998835847	trials	port_entry
4890.970966666668	0.6699666666681878	trials	port_entry
4891.720933333334	0.15999999999985448	trials	port_entry
4892.090933333333	1.0400000000008731	trials	port_entry
4893.890966666666	1.930000000000291	trials	port_entry
4896.020966666667	0.5	trials	port_entry
4896.6109	4.500066666667408	trials	port_entry
4901.180966666667	0.47999999999956344	trials	port_entry
4901.700966666667	38.82010000000082	trials	port_entry
4940.891100000001	0.040000000000873115	trials	port_entry
4941.391100000001	4.0900000000001455	trials	port_entry
4946.041100000002	0.18999999999869033	trials	port_entry
4946.4211	7.530000000002474	trials	port_entry
4954.061099999999	15.6700666666693	trials	port_entry
4969.2412	20.0	trials	neutral_stimulus_presentation
4970.161166666669	1.4899999999979627	trials	port_entry
4971.921166666667	0.9399666666686244	trials	port_entry
4973.2212	0.09003333333384944	trials	port_entry
4973.531200000001	0.1299333333336108	trials	port_entry
4974.431166666669	2.110033333330648	trials	port_entry
4976.621200000001	0.18993333333128248	trials	port_entry
4976.971133333333	13.850100000003295	trials	port_entry
4990.931166666669	0.19006666666609817	trials	port_entry
4993.971233333334	0.049999999999272404	trials	port_entry
4994.061233333334	74.99023333333389	trials	port_entry
5059.241466666666	20.00283333333573	trials	shock_stimulus_presentation
5069.421466666667	0.06999999999970896	trials	port_entry
5069.591466666669	0.09000000000014552	trials	port_entry
5069.701466666669	0.059999999997671694	trials	port_entry
5072.141466666668	2.8699999999989814	trials	port_entry
5075.721433333332	2.6200333333363233	trials	port_entry
5078.461433333334	0.4000000000014552	trials	port_entry
5078.951466666669	0.2999666666655685	trials	port_entry
5079.041466666666	0.3000000000029104	trials	shock_relay
5079.531466666667	0.7799999999988358	trials	port_entry
5080.381466666666	0.05000000000291038	trials	port_entry
5080.501466666668	0.43000000000029104	trials	port_entry
5080.961466666668	0.06000000000130967	trials	port_entry
5081.461466666668	0.13000000000101863	trials	port_entry
5081.631466666666	0.680000000000291	trials	port_entry
5082.471466666666	0.7900000000008731	trials	port_entry
5083.281466666667	0.3499999999985448	trials	port_entry
5083.6514333333325	1.8400666666675534	trials	port_entry
5085.531500000001	65.17020000000048	trials	port_entry
5144.241700000002	7.279966666665132	trials	reward_stimulus_presentation
5146.241633333335	0.8000666666666802	trials	reward_delivery
5151.121666666666	17.850099999999657	trials	port_entry
5169.2117333333335	5.980033333333267	trials	port_entry
5178.121766666667	2.6899666666686244	trials	port_entry
5182.601766666667	1.1199999999989814	trials	port_entry
5185.051766666667	0.6500000000014552	trials	port_entry
5186.091800000002	0.0899666666664416	trials	port_entry
5186.201766666669	2.790033333330939	trials	port_entry
5190.4418000000005	0.4599999999991269	trials	port_entry
5191.0117666666665	0.790033333334577	trials	port_entry
5191.901766666666	0.6000333333358867	trials	port_entry
5219.201866666666	1.8800000000010186	trials	port_entry
5221.111866666666	0.05000000000291038	trials	port_entry
5221.471799999999	0.03006666666624369	trials	port_entry
5221.5418666666665	0.17000000000189175	trials	port_entry
5221.7719	0.03996666666716919	trials	port_entry
5222.191866666668	1.8500333333322487	trials	port_entry
5224.061900000001	0.22999999999956344	trials	port_entry
5224.591866666666	0.050033333336614305	trials	port_entry
5224.681866666666	0.060033333335013594	trials	port_entry
5224.761866666668	0.2500333333337039	trials	port_entry
5225.061900000001	0.680033333333995	trials	port_entry
5225.761900000001	0.06996666666600504	trials	port_entry
5225.871900000002	2.219999999997526	trials	port_entry
5228.121900000002	0.029966666665131925	trials	port_entry
5228.201866666666	0.4500333333344315	trials	port_entry
5228.691900000002	0.040000000000873115	trials	port_entry
5228.761866666668	3.080066666665516	trials	port_entry
5234.241966666668	20.0	trials	neutral_stimulus_presentation
5252.901966666668	0.06999999999970896	trials	port_entry
5258.012000000002	11.099999999998545	trials	port_entry
5269.622033333333	1.7700000000004366	trials	port_entry
5271.412033333334	0.5800000000017462	trials	port_entry
5272.022033333335	4.130033333331085	trials	port_entry
5277.292066666669	3.3299999999981083	trials	port_entry
5280.932033333334	0.040000000000873115	trials	port_entry
5282.542066666669	0.6099999999969441	trials	port_entry
5283.232066666667	3.8100000000013097	trials	port_entry
5297.4221333333335	1.1899666666686244	trials	port_entry
5298.662100000001	1.3800000000010186	trials	port_entry
5300.942133333334	0.5499333333318646	trials	port_entry
5301.702100000002	0.05996666666396777	trials	port_entry
5301.792100000002	0.7399999999979627	trials	port_entry
5303.3021333333345	1.7099999999991269	trials	port_entry
5305.622133333334	0.38000000000101863	trials	port_entry
5325.0422	3.139999999999418	trials	port_entry
5329.242200000001	20.000066666667408	trials	neutral_stimulus_presentation
5330.552200000002	2.3099999999976717	trials	port_entry
5334.0422	0.03003333333253977	trials	port_entry
5366.852266666669	2.0599999999976717	trials	port_entry
5368.942300000002	2.2300333333332674	trials	port_entry
5371.1923333333325	0.14003333333312185	trials	port_entry
5371.8223333333335	0.6100000000005821	trials	port_entry
5372.4523333333345	0.05996666666760575	trials	port_entry
5372.542300000001	0.9500666666681354	trials	port_entry
5373.562333333335	6.770000000000437	trials	port_entry
5380.3823666666685	17.320033333333413	trials	port_entry
5397.7824	0.3500000000021828	trials	port_entry
5398.152366666669	0.6000333333322487	trials	port_entry
5398.862366666668	0.2999999999992724	trials	port_entry
5400.032433333334	0.6700333333319577	trials	port_entry
5400.802433333334	60.57016666666823	trials	port_entry
5419.242466666667	20.000066666667408	trials	reward_stimulus_presentation
5421.242466666667	0.7999999999992724	trials	reward_delivery
5461.4126	29.070066666667117	trials	port_entry
5490.972633333335	0.07003333333341288	trials	port_entry
5491.092700000001	0.9099999999998545	trials	port_entry
5492.0527	1.1899666666686244	trials	port_entry
5493.422699999999	0.46000000000276486	trials	port_entry
5493.902700000002	0.2609666666648991	trials	port_entry
5494.163700000001	1.1589999999996508	trials	port_entry
5495.362666666668	2.360033333334286	trials	port_entry
5497.952700000002	0.819966666666005	trials	port_entry
5499.242733333333	20.00243333333492	trials	shock_stimulus_presentation
5510.472700000002	0.09003333333021146	trials	port_entry
5510.632733333336	0.09999999999854481	trials	port_entry
5511.832733333333	0.1900000000023283	trials	port_entry
5512.0427333333355	0.3300333333318122	trials	port_entry
5512.542766666669	0.08999999999650754	trials	port_entry
5512.7127	0.4000000000014552	trials	port_entry
5513.862766666669	0.09999999999854481	trials	port_entry
5513.982666666667	0.5901000000012573	trials	port_entry
5514.952766666669	0.059999999997671694	trials	port_entry
5516.102733333333	0.06999999999970896	trials	port_entry
5517.012766666667	0.3199333333323011	trials	port_entry
5519.042766666669	0.2999999999992724	trials	shock_relay
5521.422766666667	8.720033333334868	trials	port_entry
5530.7428	2.1300000000010186	trials	port_entry
5542.532766666667	1.110033333334286	trials	port_entry
5543.712833333335	0.3499999999985448	trials	port_entry
5544.7728333333325	0.3600000000005821	trials	port_entry
5545.252800000002	0.10003333333224873	trials	port_entry
5545.372833333335	0.16996666666454985	trials	port_entry
5545.562833333333	0.11000000000058208	trials	port_entry
5545.692800000001	0.13003333333472256	trials	port_entry
5545.882833333333	0.3400000000001455	trials	port_entry
5550.042833333333	1.4400333333360322	trials	port_entry
5559.222900000001	0.7200000000011642	trials	port_entry
5559.962900000002	0.31996666666600504	trials	port_entry
5587.822933333333	0.07003333333341288	trials	port_entry
5588.012966666669	2.5499666666655685	trials	port_entry
5589.243000000002	1.7599333333309914	trials	reward_stimulus_presentation
5590.602933333335	0.569999999999709	trials	port_entry
5591.242933333335	0.8000333333329763	trials	reward_delivery
5591.542966666668	0.05996666666760575	trials	port_entry
5591.622933333336	16.400066666665225	trials	port_entry
5609.062966666668	2.849999999998545	trials	port_entry
5611.963	0.040000000000873115	trials	port_entry
5612.053033333334	5.28003333333254	trials	port_entry
5617.353066666667	1.3400000000001455	trials	port_entry
5618.803066666667	0.16996666666818783	trials	port_entry
5619.013033333333	0.2700333333341405	trials	port_entry
5620.983100000001	4.66996666666455	trials	port_entry
5625.683066666668	0.28993333333346527	trials	port_entry
5634.253066666668	1.7700333333341405	trials	port_entry
5636.553133333335	0.5799333333343384	trials	port_entry
5637.153066666666	0.610033333334286	trials	port_entry
5638.953100000002	0.019966666666732635	trials	port_entry
5639.073066666668	1.3300333333318122	trials	port_entry
5643.253133333335	0.1099999999969441	trials	port_entry
5643.483133333335	2.529999999998836	trials	port_entry
5647.813133333333	1.7000000000007276	trials	port_entry
5649.613133333332	0.07993333333433839	trials	port_entry
5650.1931	0.05006666666668025	trials	port_entry
5650.963166666668	0.11999999999898137	trials	port_entry
5651.213166666668	0.3000333333329763	trials	port_entry
5651.603166666668	0.11000000000058208	trials	port_entry
5651.803133333335	2.72003333333123	trials	port_entry
5654.783166666668	0.11000000000058208	trials	port_entry
5654.983166666669	0.16996666666454985	trials	port_entry
5655.213133333335	0.19003333333239425	trials	port_entry
5656.303133333335	0.1700333333319577	trials	port_entry
5657.643133333335	0.6500333333315211	trials	port_entry
5658.373133333334	0.29003333333457704	trials	port_entry
5659.143133333335	0.7500333333337039	trials	port_entry
5660.003166666669	0.06996666666600504	trials	port_entry
5660.153166666667	0.13003333333472256	trials	port_entry
5660.363133333332	0.23003333333326736	trials	port_entry
5660.933166666666	0.030000000002473826	trials	port_entry
5661.123133333334	0.19006666666609817	trials	port_entry
5661.333166666667	0.11999999999898137	trials	port_entry
5661.4732	0.36996666666527744	trials	port_entry
5665.853200000001	0.020000000000436557	trials	port_entry
5689.2432333333345	20.00010000000111	trials	neutral_stimulus_presentation
5696.6732666666685	1.4399999999986903	trials	port_entry
5698.153300000002	0.4499666666670237	trials	port_entry
5699.283266666669	0.4599999999991269	trials	port_entry
5700.693266666669	1.7800333333325398	trials	port_entry
5702.5933	0.2000000000007276	trials	port_entry
5705.203266666667	0.7500333333337039	trials	port_entry
5706.963299999999	0.020000000000436557	trials	port_entry
5707.213266666666	0.030033333336177748	trials	port_entry
5707.483266666666	2.460000000002765	trials	port_entry
5710.513333333332	0.10996666666687815	trials	port_entry
5710.673300000002	0.3400000000001455	trials	port_entry
5711.123299999999	0.05000000000291038	trials	port_entry
5711.713333333333	0.06999999999970896	trials	port_entry
5711.883333333335	0.059999999997671694	trials	port_entry
5712.083333333336	0.029966666665131925	trials	port_entry
5712.223333333335	0.029999999998835847	trials	port_entry
5712.303333333333	0.06999999999970896	trials	port_entry
5712.553266666666	7.180100000001403	trials	port_entry
5720.293366666669	0.019966666666732635	trials	port_entry
5720.353366666666	0.03996666666716919	trials	port_entry
5720.653366666669	0.9199999999982538	trials	port_entry
5721.613366666668	5.180000000000291	trials	port_entry
5727.283366666667	4.06000000000131	trials	port_entry
5731.363366666668	0.06999999999970896	trials	port_entry
5731.803366666667	0.019933333333028713	trials	port_entry
5731.883366666669	0.029999999998835847	trials	port_entry
5732.033333333333	0.2100333333328308	trials	port_entry
5732.343366666668	0.2000000000007276	trials	port_entry
5732.5733	0.15009999999892898	trials	port_entry
5733.033366666667	0.0899666666664416	trials	port_entry
5733.203366666668	1.2799999999988358	trials	port_entry
5739.303433333334	0.029999999998835847	trials	port_entry
5739.363400000002	0.04003333333093906	trials	port_entry
5739.443366666666	0.4099999999998545	trials	port_entry
5740.213366666667	0.02003333333414048	trials	port_entry
5740.803400000001	0.06999999999970896	trials	port_entry
5740.923366666666	0.09003333333384944	trials	port_entry
5741.343400000002	0.020000000000436557	trials	port_entry
5771.773499999999	1.7000000000007276	trials	port_entry
5774.8135	0.8100000000013097	trials	port_entry
5775.693500000001	0.7000333333344315	trials	port_entry
5777.133466666666	0.18003333333399496	trials	port_entry
5777.833500000001	0.11999999999898137	trials	port_entry
5777.983500000002	0.12999999999738066	trials	port_entry
5778.1335	0.15999999999985448	trials	port_entry
5779.243566666668	20.0	trials	neutral_stimulus_presentation
5780.273499999999	0.31999999999970896	trials	port_entry
5780.653533333334	0.06000000000130967	trials	port_entry
5782.8634999999995	0.050033333332976326	trials	port_entry
5783.0435333333335	0.2400000000016007	trials	port_entry
5783.333533333334	0.16999999999825377	trials	port_entry
5783.5535333333355	0.03003333333253977	trials	port_entry
5783.633533333334	2.7299666666658595	trials	port_entry
5788.513566666668	0.03996666666716919	trials	port_entry
5788.863566666667	0.27999999999883585	trials	port_entry
5804.053599999999	1.819999999999709	trials	port_entry
5806.083600000002	0.06999999999970896	trials	port_entry
5806.303599999999	0.020000000000436557	trials	port_entry
5807.573566666666	0.12000000000261934	trials	port_entry
5807.933566666667	0.11000000000058208	trials	port_entry
5808.093566666666	0.09003333333384944	trials	port_entry
5808.243600000002	3.2999999999992724	trials	port_entry
5812.053566666666	0.22003333333486808	trials	port_entry
5812.473600000001	0.5999666666648409	trials	port_entry
5813.6636	0.31999999999970896	trials	port_entry
5814.103600000002	9.30006666666668	trials	port_entry
5823.623666666666	5.229999999999563	trials	port_entry
5829.233666666667	0.3400000000001455	trials	port_entry
5830.873666666666	0.9499333333333198	trials	port_entry
5869.243833333334	20.00283333333209	trials	shock_stimulus_presentation
5889.043866666667	0.2999999999992724	trials	shock_relay
5897.513866666668	1.8499666666648409	trials	port_entry
5901.523866666666	0.060033333335013594	trials	port_entry
5902.203833333333	0.049999999999272404	trials	port_entry
5902.293833333333	0.09000000000014552	trials	port_entry
5902.463833333335	0.2100333333328308	trials	port_entry
5902.713866666669	0.07999999999810825	trials	port_entry
5902.813866666667	2.3799666666673147	trials	port_entry
5905.403866666667	21.910100000000966	trials	port_entry
5928.013966666669	0.32996666666440433	trials	port_entry
5928.363933333334	7.029999999998836	trials	port_entry
5936.603933333336	0.12003333333268529	trials	port_entry
5936.743933333335	0.3000333333329763	trials	port_entry
5937.494000000002	0.019966666666732635	trials	port_entry
5937.913966666667	0.020000000000436557	trials	port_entry
5938.053966666666	5.160033333333558	trials	port_entry
5943.243966666669	12.980066666666971	trials	port_entry
5956.934033333335	1.5799999999981083	trials	port_entry
5958.684033333335	0.13999999999941792	trials	port_entry
5958.864033333335	0.06996666666600504	trials	port_entry
5959.044033333335	0.020000000000436557	trials	port_entry
5959.084033333333	0.019933333333028713	trials	port_entry
5959.124	0.6201000000000931	trials	port_entry
5959.244066666666	20.000066666667408	trials	neutral_stimulus_presentation
5959.794066666669	4.179999999996653	trials	port_entry
6024.174233333335	1.0900000000001455	trials	port_entry
6025.654233333335	0.020000000000436557	trials	port_entry
6025.754233333333	0.020000000000436557	trials	port_entry
6026.024266666667	0.2899666666671692	trials	port_entry
6026.504233333333	1.8299666666680423	trials	port_entry
6028.384166666667	11.220133333332342	trials	port_entry
6039.694299999999	5.430000000000291	trials	port_entry
6044.244300000002	1.569999999999709	trials	reward_stimulus_presentation
6045.4143	5.250033333333704	trials	port_entry
6046.244300000002	0.7999666666655685	trials	reward_delivery
6051.034333333333	18.120033333332685	trials	port_entry
6069.294366666669	0.11996666666527744	trials	port_entry
6070.164366666668	0.4399333333312825	trials	port_entry
6070.644366666667	0.3399666666664416	trials	port_entry
6072.794366666669	0.039999999997235136	trials	port_entry
6073.254333333334	0.060033333331375616	trials	port_entry
6073.384366666669	0.07999999999810825	trials	port_entry
6073.814366666666	0.040000000000873115	trials	port_entry
6074.024366666668	4.140033333333122	trials	port_entry
6078.254333333334	0.0200666666678444	trials	port_entry
6078.424366666666	0.05006666666668025	trials	port_entry
6078.724366666669	0.3700333333326853	trials	port_entry
6079.1143666666685	6.710066666666535	trials	port_entry
6085.9644333333345	4.009999999998399	trials	port_entry
6090.004433333335	0.029999999998835847	trials	port_entry
6090.104433333334	0.2500333333337039	trials	port_entry
6090.524400000002	0.04003333333093906	trials	port_entry
6091.054400000001	4.860033333334286	trials	port_entry
6096.184433333336	0.019966666666732635	trials	port_entry
6096.234466666669	0.5799666666644043	trials	port_entry
6096.934433333336	0.5800333333318122	trials	port_entry
6097.824466666669	0.03993333333346527	trials	port_entry
6098.0344000000005	0.39006666666682577	trials	port_entry
6098.594466666669	0.25	trials	port_entry
6099.444466666668	0.029999999998835847	trials	port_entry
6100.874466666668	0.07999999999810825	trials	port_entry
6113.8645	0.1299666666673147	trials	port_entry
6114.254499999999	4.280000000002474	trials	port_entry
6118.584466666667	0.050033333332976326	trials	port_entry
6119.994500000001	0.029966666665131925	trials	port_entry
6120.214500000002	0.21999999999752617	trials	port_entry
6120.5445	0.25996666666833335	trials	port_entry
6120.854500000001	0.2000000000007276	trials	port_entry
6123.054533333336	0.12999999999738066	trials	port_entry
6124.844499999999	0.33003333333545015	trials	port_entry
6125.274533333333	0.029966666668769903	trials	port_entry
6125.384533333334	0.06996666666600504	trials	port_entry
6125.4745	0.2400000000016007	trials	port_entry
6127.624533333335	0.049999999999272404	trials	port_entry
6127.694500000001	0.04003333333093906	trials	port_entry
6127.774533333333	0.3400000000001455	trials	port_entry
6128.194533333335	0.06996666666600504	trials	port_entry
6128.604466666668	2.5300666666662437	trials	port_entry
6131.154533333334	0.5200000000004366	trials	port_entry
6131.774533333333	5.950000000000728	trials	port_entry
6134.244600000002	20.00273333333098	trials	shock_stimulus_presentation
6138.284533333335	1.3200333333334129	trials	port_entry
6139.624566666669	2.389966666665714	trials	port_entry
6142.034566666669	0.1099999999969441	trials	port_entry
6144.104566666669	0.020000000000436557	trials	port_entry
6144.344566666667	0.06999999999970896	trials	port_entry
6144.684566666667	0.020000000000436557	trials	port_entry
6144.794566666667	0.06000000000130967	trials	port_entry
6147.044566666667	0.06000000000130967	trials	port_entry
6147.314566666668	0.10996666666687815	trials	port_entry
6147.544566666667	0.18003333333399496	trials	port_entry
6148.3245333333325	5.980033333333267	trials	port_entry
6154.044600000001	0.2999999999992724	trials	shock_relay
6154.374566666669	0.07999999999810825	trials	port_entry
6154.714599999999	0.7400000000016007	trials	port_entry
6155.524600000001	0.08000000000174623	trials	port_entry
6155.774600000001	13.790033333334577	trials	port_entry
6170.154666666669	0.7799666666651319	trials	port_entry
6170.954666666668	0.15996666666615056	trials	port_entry
6171.464633333333	0.13999999999941792	trials	port_entry
6172.064666666669	5.44999999999709	trials	port_entry
6177.714666666667	0.060033333335013594	trials	port_entry
6178.504666666668	0.03003333333253977	trials	port_entry
6229.244866666668	3.7199666666674602	trials	reward_stimulus_presentation
6231.244833333334	0.7999999999992724	trials	reward_delivery
6232.564833333334	12.890033333333122	trials	port_entry
6245.474866666667	7.180033333333995	trials	port_entry
6254.584866666668	0.07999999999810825	trials	port_entry
6254.734866666666	0.16006666666726233	trials	port_entry
6254.924833333334	0.060033333331375616	trials	port_entry
6255.034933333332	0.03993333333346527	trials	port_entry
6255.454866666667	0.08000000000174623	trials	port_entry
6257.104900000002	0.039999999997235136	trials	port_entry
6257.1849	0.08000000000174623	trials	port_entry
6257.284933333332	0.21996666666746023	trials	port_entry
6257.5949	0.3700333333326853	trials	port_entry
6258.064900000001	10.640033333333122	trials	port_entry
6269.124966666666	0.3899999999994179	trials	port_entry
6269.574966666667	6.290000000000873	trials	port_entry
6276.2949333333345	0.08003333333181217	trials	port_entry
6277.084966666669	5.829999999998108	trials	port_entry
6283.584933333335	0.35006666666595265	trials	port_entry
6319.245133333334	20.000033333333704	trials	neutral_stimulus_presentation
6319.7451	1.7900000000008731	trials	port_entry
6323.415100000002	3.069999999999709	trials	port_entry
6331.095100000002	0.860033333330648	trials	port_entry
6334.135133333333	0.12000000000261934	trials	port_entry
6334.645133333335	5.800033333332976	trials	port_entry
6399.245333333332	1.5999666666684789	trials	reward_stimulus_presentation
6400.445333333333	0.03996666666716919	trials	port_entry
6400.575333333334	30.960066666666535	trials	port_entry
6401.245300000002	0.8000333333329763	trials	reward_delivery
6432.045399999999	0.639966666669352	trials	port_entry
6433.935433333336	0.3599999999969441	trials	port_entry
6434.525433333332	0.18000000000029104	trials	port_entry
6435.145400000001	5.460066666666535	trials	port_entry
6440.645466666669	0.059999999997671694	trials	port_entry
6440.895433333335	0.09999999999854481	trials	port_entry
6441.025466666666	0.019966666666732635	trials	port_entry
6441.585433333334	0.060033333335013594	trials	port_entry
6441.665466666669	3.749966666666296	trials	port_entry
6446.015466666668	0.25	trials	port_entry
6446.455466666666	0.1500333333351591	trials	port_entry
6461.9254666666675	3.4500666666681354	trials	port_entry
6465.425500000001	0.06999999999970896	trials	port_entry
6465.595499999999	0.019966666666732635	trials	port_entry
6465.695500000002	0.7000333333307935	trials	port_entry
6466.605533333335	0.3499666666648409	trials	port_entry
6472.115533333334	1.4399999999986903	trials	port_entry
6473.955533333334	0.4500333333344315	trials	port_entry
6483.475566666668	0.139966666665714	trials	port_entry
6483.635533333334	0.2500333333337039	trials	port_entry
6485.135533333334	1.0700333333334129	trials	port_entry
6487.185566666667	0.020000000000436557	trials	port_entry
6487.6656	0.09000000000014552	trials	port_entry
6487.885566666668	0.3100000000013097	trials	port_entry
6489.245600000002	1.6199999999989814	trials	reward_stimulus_presentation
6490.4655999999995	0.14003333333312185	trials	port_entry
6491.115600000001	0.09000000000014552	trials	port_entry
6491.245633333336	0.7999666666655685	trials	reward_delivery
6491.515600000002	24.060033333331376	trials	port_entry
6516.245666666666	0.17000000000189175	trials	port_entry
6516.435666666668	0.020000000000436557	trials	port_entry
6516.775600000001	0.19006666666609817	trials	port_entry
6517.185666666668	0.1499999999978172	trials	port_entry
6517.775666666668	0.029966666665131925	trials	port_entry
6518.935633333334	0.050033333332976326	trials	port_entry
6521.375666666667	0.019966666666732635	trials	port_entry
6521.4456666666665	0.020000000000436557	trials	port_entry
6521.485666666667	0.14003333333312185	trials	port_entry
6524.4956999999995	0.020000000000436557	trials	port_entry
6525.185700000002	0.019933333333028713	trials	port_entry
6525.235700000001	0.040000000000873115	trials	port_entry
6525.295666666669	0.0200333333305025	trials	port_entry
6525.395700000001	0.20996666666542296	trials	port_entry
6528.005666666668	2.6700333333319577	trials	port_entry
6530.6956666666665	1.1400333333331218	trials	port_entry
6532.285666666667	0.5900333333338494	trials	port_entry
6532.895700000001	0.029999999998835847	trials	port_entry
6589.245900000002	20.002433333331282	trials	shock_stimulus_presentation
6609.045966666668	0.2999999999992724	trials	shock_relay
6616.675900000002	5.660099999997328	trials	port_entry
6622.405999999999	0.0699333333359391	trials	port_entry
6622.636000000002	0.07996666666440433	trials	port_entry
6622.906033333333	1.0599333333339018	trials	port_entry
6624.3859666666685	4.120033333332685	trials	port_entry
6629.1860000000015	1.389999999999418	trials	port_entry
6631.826000000001	0.3200333333334129	trials	port_entry
6632.255933333334	0.060033333335013594	trials	port_entry
6635.386000000002	0.2599999999983993	trials	port_entry
6635.6759999999995	5.880033333334723	trials	port_entry
6642.056033333334	0.06000000000130967	trials	port_entry
6642.196033333334	0.06000000000130967	trials	port_entry
6642.446033333334	3.820033333333413	trials	port_entry
6646.586033333333	0.10003333333588671	trials	port_entry
6646.716066666668	0.029999999998835847	trials	port_entry
6646.796066666666	0.4000000000014552	trials	port_entry
6647.226066666666	0.06999999999970896	trials	port_entry
6648.216066666668	0.03993333333346527	trials	port_entry
6648.346033333335	0.03003333333253977	trials	port_entry
6648.396000000001	0.06006666666507954	trials	port_entry
6648.495999999999	0.060033333335013594	trials	port_entry
6648.606	0.1500000000014552	trials	port_entry
6648.836066666667	0.2399666666678968	trials	port_entry
6649.446066666667	0.1500000000014552	trials	port_entry
6649.626033333334	0.029966666665131925	trials	port_entry
6650.746066666667	0.03996666666716919	trials	port_entry
6651.046033333336	0.059999999997671694	trials	port_entry
6651.126	0.029999999998835847	trials	port_entry
6679.246166666668	20.000033333333704	trials	neutral_stimulus_presentation
6683.836133333334	1.860000000000582	trials	port_entry
6706.336233333335	1.360000000000582	trials	port_entry
6709.656200000001	1.6800666666676989	trials	port_entry
6712.436233333334	0.17000000000189175	trials	port_entry
6712.6262333333325	0.22000000000116415	trials	port_entry
6714.596266666667	0.14996666666775127	trials	port_entry
6714.826266666667	0.38000000000101863	trials	port_entry
6715.226233333335	0.10003333333224873	trials	port_entry
6718.6362333333345	5.070033333333413	trials	port_entry
6724.156266666669	0.6199666666652774	trials	port_entry
6724.8062666666665	0.8600000000005821	trials	port_entry
6726.276233333334	0.19003333333239425	trials	port_entry
6726.866233333334	1.6600333333335584	trials	port_entry
6729.576266666667	0.13003333333472256	trials	port_entry
6729.736266666667	0.050033333332976326	trials	port_entry
6729.8062666666665	0.110033333334286	trials	port_entry
6729.9463	0.22999999999956344	trials	port_entry
6730.206300000002	0.389966666665714	trials	port_entry
6730.836299999999	0.42000000000189175	trials	port_entry
6731.316300000002	0.12999999999738066	trials	port_entry
6731.476266666668	0.18003333333399496	trials	port_entry
6732.266299999999	0.20996666666906094	trials	port_entry
6732.496233333335	0.04006666666464298	trials	port_entry
6732.5562666666665	8.270066666667844	trials	port_entry
6741.076333333334	0.13000000000101863	trials	port_entry
6741.6062999999995	0.040000000000873115	trials	port_entry
6741.706300000002	0.7700333333341405	trials	port_entry
6742.506333333335	0.11000000000058208	trials	port_entry
6742.636333333336	0.01999999999679858	trials	port_entry
6743.196333333333	0.019966666666732635	trials	port_entry
6743.326333333334	0.11999999999898137	trials	port_entry
6743.576333333334	0.040000000000873115	trials	port_entry
6743.726333333336	1.1899999999986903	trials	port_entry
6744.976333333336	0.01999999999679858	trials	port_entry
6746.326333333334	0.09000000000014552	trials	port_entry
6746.516333333333	0.03996666666716919	trials	port_entry
6768.746366666666	0.09003333333384944	trials	port_entry
6768.906366666666	0.8100666666687175	trials	port_entry
6769.2464	1.4200333333355957	trials	reward_stimulus_presentation
6770.2664	17.420033333331958	trials	port_entry
6771.2464	0.8000333333329763	trials	reward_delivery
6788.156433333334	9.010033333332103	trials	port_entry
6797.196466666668	0.049999999999272404	trials	port_entry
6798.166466666666	15.070000000003347	trials	port_entry
6813.876533333336	1.4699999999975262	trials	port_entry
6815.386533333334	0.06000000000130967	trials	port_entry
6815.726533333334	0.029999999998835847	trials	port_entry
6815.786533333336	0.23999999999796273	trials	port_entry
6816.176500000001	0.25	trials	port_entry
6859.246666666666	7.450000000000728	trials	reward_stimulus_presentation
6861.246666666666	0.8000000000029104	trials	reward_delivery
6866.296699999999	6.180000000000291	trials	port_entry
6872.506666666668	1.0	trials	port_entry
6873.716666666667	0.17000000000189175	trials	port_entry
6873.9267	0.389966666665714	trials	port_entry
6875.2667	4.760033333332103	trials	port_entry
6880.126733333334	0.040000000000873115	trials	port_entry
6880.276733333332	2.0600000000013097	trials	port_entry
6882.506733333335	7.810033333331376	trials	port_entry
6890.526733333332	4.230033333336905	trials	port_entry
6894.846766666666	5.630000000001019	trials	port_entry
6900.666766666669	0.5399999999972351	trials	port_entry
6901.226766666667	2.220000000001164	trials	port_entry
6903.9768	1.1799666666665871	trials	port_entry
6905.196766666668	2.6200333333326853	trials	port_entry
6907.846799999999	2.430000000000291	trials	port_entry
6910.4367999999995	1.250033333333704	trials	port_entry
6911.846766666666	5.430066666667699	trials	port_entry
6917.336833333335	0.02003333333414048	trials	port_entry
6917.726833333334	0.49003333333166665	trials	port_entry
6918.2468333333345	2.4800333333332674	trials	port_entry
6920.856866666669	0.2399666666642588	trials	port_entry
6921.1968000000015	0.02003333333414048	trials	port_entry
6921.656866666668	1.4599999999991269	trials	port_entry
6944.246933333336	20.00273333333098	trials	shock_stimulus_presentation
6946.546900000001	2.8800666666647885	trials	port_entry
6949.536899999999	1.8000333333366143	trials	port_entry
6951.506933333334	0.13999999999941792	trials	port_entry
6951.766933333332	2.100000000002183	trials	port_entry
6954.046933333335	0.4399999999986903	trials	port_entry
6954.546933333335	2.3799999999973807	trials	port_entry
6964.046966666669	0.2999999999992724	trials	shock_relay
7016.747133333334	1.4799999999995634	trials	port_entry
7018.697100000001	0.7099999999991269	trials	port_entry
7019.487100000002	0.5799999999981083	trials	port_entry
7021.127166666669	0.029999999998835847	trials	port_entry
7021.387133333334	0.12003333333268529	trials	port_entry
7021.527133333333	13.200033333334432	trials	port_entry
7034.247133333334	1.4100666666672623	trials	reward_stimulus_presentation
7035.257166666666	25.33003333333545	trials	port_entry
7036.247166666668	0.7999999999992724	trials	reward_delivery
7060.837266666669	0.3099999999976717	trials	port_entry
7061.717266666667	0.5299666666687699	trials	port_entry
7062.267200000002	0.7200333333312301	trials	port_entry
7063.047233333335	0.5999666666648409	trials	port_entry
7063.667266666667	1.2800333333325398	trials	port_entry
7066.077266666667	0.1500000000014552	trials	port_entry
7066.287266666666	0.12000000000261934	trials	port_entry
7066.457266666668	7.449966666667024	trials	port_entry
7073.977233333335	0.040000000000873115	trials	port_entry
7108.0773333333345	3.7700333333341405	trials	port_entry
7111.8773666666675	1.7300666666669713	trials	port_entry
7113.627400000001	0.5300333333325398	trials	port_entry
7114.267433333334	0.3600000000005821	trials	port_entry
7114.777333333335	0.44006666666609817	trials	port_entry
7115.707399999999	0.4400000000023283	trials	port_entry
7116.167400000002	0.049999999999272404	trials	port_entry
7116.237400000002	0.020000000000436557	trials	port_entry
7116.3174	0.020000000000436557	trials	port_entry
7116.357400000001	0.1700333333319577	trials	port_entry
7116.717400000001	2.6599999999998545	trials	port_entry
7119.827433333336	0.5599999999976717	trials	port_entry
7120.777399999999	1.0300000000024738	trials	port_entry
7122.767433333334	1.9700000000011642	trials	port_entry
7125.897466666669	0.029999999998835847	trials	port_entry
7125.997466666668	1.1300000000010186	trials	port_entry
7127.597466666666	0.0899666666664416	trials	port_entry
7128.007466666666	0.05000000000291038	trials	port_entry
7128.147466666669	0.029999999998835847	trials	port_entry
7128.227466666667	0.18999999999869033	trials	port_entry
7129.247500000001	0.9399666666649864	trials	reward_stimulus_presentation
7129.7874666666685	0.6399333333320101	trials	port_entry
7130.527466666666	27.280066666666244	trials	port_entry
7131.247466666668	0.7999999999992724	trials	reward_delivery
7158.377533333332	4.260033333335741	trials	port_entry
7162.787566666666	0.13000000000101863	trials	port_entry
7163.867566666668	0.019966666666732635	trials	port_entry
7175.347600000001	1.5199666666667326	trials	port_entry
7177.337599999999	0.020000000000436557	trials	port_entry
7177.597600000001	0.9899666666678968	trials	port_entry
7179.6475666666665	2.330066666669154	trials	port_entry
7182.617600000001	0.6699999999982538	trials	port_entry
7186.157633333332	0.2900000000008731	trials	port_entry
7186.537633333333	0.09000000000014552	trials	port_entry
7186.707566666668	0.0200666666678444	trials	port_entry
7219.247766666667	20.002700000000914	trials	shock_stimulus_presentation
7239.047766666667	0.2999999999992724	trials	shock_relay
7299.247900000002	3.099966666664841	trials	reward_stimulus_presentation
7301.247900000002	0.8000333333329763	trials	reward_delivery
7301.947899999999	11.910100000000966	trials	port_entry
7313.917933333334	2.3800666666684265	trials	port_entry
7316.387999999999	6.160033333333558	trials	port_entry
7324.638033333333	7.690033333336032	trials	port_entry
7332.3980666666685	1.0200000000004366	trials	port_entry
7333.448066666668	0.06000000000130967	trials	port_entry
7333.528033333336	5.209999999999127	trials	port_entry
7338.828066666669	0.12999999999738066	trials	port_entry
7339.048033333333	0.5100000000020373	trials	port_entry
7383.038166666669	0.15999999999985448	trials	port_entry
7383.2581666666665	3.6599999999998545	trials	port_entry
7389.2482333333355	19.999966666666296	trials	neutral_stimulus_presentation
7389.8282	1.2299999999995634	trials	port_entry
7391.478200000001	0.4700333333312301	trials	port_entry
7395.658233333335	0.019933333333028713	trials	port_entry
7397.478200000001	0.049999999999272404	trials	port_entry
7397.608200000002	0.019966666666732635	trials	port_entry
7397.648233333333	0.09000000000014552	trials	port_entry
7422.418300000001	1.6500333333315211	trials	port_entry
7424.188333333335	0.5799666666644043	trials	port_entry
7425.548333333332	0.019966666666732635	trials	port_entry
7425.848333333335	0.020000000000436557	trials	port_entry
7426.108333333334	0.020000000000436557	trials	port_entry
7429.248333333333	0.030000000002473826	trials	port_entry
7429.318333333333	0.20996666666906094	trials	port_entry
7429.598266666668	0.04003333333457704	trials	port_entry
7430.118300000002	0.07999999999810825	trials	port_entry
7430.398333333334	0.7900000000008731	trials	port_entry
7431.828300000001	0.6200333333326853	trials	port_entry
7432.5283333333355	0.21996666666382225	trials	port_entry
7432.818333333333	0.2000000000007276	trials	port_entry
7433.258333333335	0.18000000000029104	trials	port_entry
7433.468366666668	0.029999999998835847	trials	port_entry
7433.548366666666	2.0600000000013097	trials	port_entry
7435.628366666668	1.069999999999709	trials	port_entry
7437.178366666667	0.930000000000291	trials	port_entry
7438.128333333334	0.14003333333312185	trials	port_entry
7439.518333333333	0.06996666666600504	trials	port_entry
7440.668366666669	0.19999999999708962	trials	port_entry
7440.938366666669	0.10996666666324018	trials	port_entry
7489.248533333335	7.0499666666655685	trials	reward_stimulus_presentation
7491.248466666668	0.8000333333329763	trials	reward_delivery
7495.898499999999	10.58003333333545	trials	port_entry
7506.498566666669	0.0899666666664416	trials	port_entry
7506.628533333333	5.220033333334868	trials	port_entry
7511.878566666666	0.7000000000007276	trials	port_entry
7512.5985666666675	11.970033333334868	trials	port_entry
7524.958600000002	0.45996666666542296	trials	port_entry
7525.6486	2.3700333333326853	trials	port_entry
7528.288633333334	1.2400000000016007	trials	port_entry
7529.548633333336	3.059933333330264	trials	port_entry
7532.738633333334	0.07999999999810825	trials	port_entry
7579.248733333334	2.220033333334868	trials	reward_stimulus_presentation
7581.068833333335	8.569933333332301	trials	port_entry
7581.2487666666675	0.8000333333329763	trials	reward_delivery
7589.738766666669	1.6999999999970896	trials	port_entry
7591.468766666669	0.7600333333321032	trials	port_entry
7592.328799999999	12.490033333335305	trials	port_entry
7605.348866666667	1.389999999999418	trials	port_entry
7606.758866666667	0.9699333333337563	trials	port_entry
7608.178833333335	0.12999999999738066	trials	port_entry
7608.328799999999	0.08000000000174623	trials	port_entry
7609.468866666666	0.18003333333399496	trials	port_entry
7609.668900000001	0.019966666666732635	trials	port_entry
7609.998866666669	0.32996666666440433	trials	port_entry
7610.468866666666	0.06000000000130967	trials	port_entry
7610.848866666667	1.9000000000014552	trials	port_entry
7613.168866666667	0.029999999998835847	trials	port_entry
7613.218866666666	0.020000000000436557	trials	port_entry
7613.278866666667	0.029999999998835847	trials	port_entry
7615.698866666666	0.08996666667007958	trials	port_entry
7616.428866666669	1.3299999999981083	trials	port_entry
7618.068866666668	0.04996666666556848	trials	port_entry
7618.258866666667	0.05996666666760575	trials	port_entry
7618.458866666668	0.049999999999272404	trials	port_entry
7619.8289	0.019966666666732635	trials	port_entry
7621.158900000002	2.3799999999973807	trials	port_entry
7623.8389000000025	1.7700333333305025	trials	port_entry
7625.678899999999	0.8500333333358867	trials	port_entry
7627.7189	0.9900000000016007	trials	port_entry
7669.249100000001	20.000033333333704	trials	neutral_stimulus_presentation
7738.629233333333	4.77996666666877	trials	port_entry
7744.669266666668	0.09999999999854481	trials	port_entry
7744.789233333333	0.38003333333472256	trials	port_entry
7745.469266666667	0.040000000000873115	trials	port_entry
7745.599233333334	4.489999999997963	trials	port_entry
7750.109266666666	4.940000000002328	trials	port_entry
7755.379266666667	9.110000000000582	trials	port_entry
7759.249333333333	20.002633333333506	trials	shock_stimulus_presentation
7765.0093000000015	3.0799999999981083	trials	port_entry
7768.149300000001	0.5200000000004366	trials	port_entry
7769.7492999999995	0.7000000000007276	trials	port_entry
7772.719300000001	1.1400333333331218	trials	port_entry
7775.349333333335	0.3400000000001455	trials	port_entry
7775.9992999999995	0.2500333333337039	trials	port_entry
7779.0493333333325	0.3000000000029104	trials	shock_relay
7779.219333333334	0.049999999999272404	trials	port_entry
7779.839333333333	1.110000000000582	trials	port_entry
7781.489333333335	26.940066666666098	trials	port_entry
7808.6594000000005	12.800033333332976	trials	port_entry
7821.669466666666	0.6000000000021828	trials	port_entry
7844.249533333335	4.849999999998545	trials	reward_stimulus_presentation
7846.249500000002	0.8000333333329763	trials	reward_delivery
7848.699566666666	14.21003333333283	trials	port_entry
7862.949566666666	0.33000000000174623	trials	port_entry
7863.549566666668	0.020000000000436557	trials	port_entry
7863.589533333336	11.910066666663624	trials	port_entry
7876.039633333334	1.6700000000018917	trials	port_entry
7878.449633333334	0.13000000000101863	trials	port_entry
7879.179666666667	2.8099666666676058	trials	port_entry
7882.009666666669	0.7199999999975262	trials	port_entry
7882.749599999999	0.1700666666692996	trials	port_entry
7883.319666666666	0.29996666666920646	trials	port_entry
7883.849633333335	1.0599999999976717	trials	port_entry
7885.069633333333	0.8900000000030559	trials	port_entry
7886.6696666666685	3.739966666664259	trials	port_entry
7890.479666666666	0.5400000000008731	trials	port_entry
7891.139633333332	0.6900333333360322	trials	port_entry
7892.039700000001	1.389966666665714	trials	port_entry
7901.0497	1.0500000000029104	trials	port_entry
7927.549766666667	0.569999999999709	trials	port_entry
7928.139733333333	5.090066666667553	trials	port_entry
7933.559833333333	0.21996666666746023	trials	port_entry
7933.799800000001	0.31999999999970896	trials	port_entry
7934.189766666666	0.13999999999941792	trials	port_entry
7934.249800000001	20.00233333333381	trials	shock_stimulus_presentation
7937.2098000000005	1.2700000000004366	trials	port_entry
7943.269833333336	0.7199999999975262	trials	port_entry
7954.049833333334	0.2999999999992724	trials	shock_relay
7988.739933333334	1.0800333333318122	trials	port_entry
8029.250100000001	4.439966666664986	trials	reward_stimulus_presentation
8031.250066666667	0.7999999999992724	trials	reward_delivery
8033.290066666668	10.810033333331376	trials	port_entry
8044.160100000001	1.2099999999991269	trials	port_entry
8045.3901000000005	5.86006666666799	trials	port_entry
8119.250366666667	20.000033333333704	trials	neutral_stimulus_presentation
8137.150333333335	3.300100000000384	trials	port_entry
8140.670433333333	1.5500000000029104	trials	port_entry
8142.280433333333	0.1900000000023283	trials	port_entry
8143.5504	0.5299999999988358	trials	port_entry
8164.730466666668	2.0200333333341405	trials	port_entry
8174.070466666668	0.22000000000116415	trials	port_entry
8174.690500000001	0.03996666666716919	trials	port_entry
8174.790499999999	0.3000000000029104	trials	port_entry
8175.310466666666	0.030000000002473826	trials	port_entry
8181.060533333333	0.040000000000873115	trials	port_entry
8181.120500000001	0.03003333333253977	trials	port_entry
8181.320533333335	0.11999999999898137	trials	port_entry
8199.250633333333	3.4099666666661506	trials	reward_stimulus_presentation
8201.2506	0.8000000000029104	trials	reward_delivery
8202.260533333334	11.530099999999948	trials	port_entry
8213.810700000002	7.959933333331719	trials	port_entry
8222.360666666667	0.599900000001071	trials	port_entry
8222.980566666669	1.9200999999993655	trials	port_entry
8225.150666666668	0.06999999999970896	trials	port_entry
8225.810666666668	0.1299666666673147	trials	port_entry
8225.960633333336	0.17999999999665306	trials	port_entry
8226.180633333333	0.5900000000001455	trials	port_entry
8226.840633333333	2.5900333333338494	trials	port_entry
8229.460666666666	0.040000000000873115	trials	port_entry
8229.530666666666	7.289933333333465	trials	port_entry
8237.070633333333	0.6900666666660982	trials	port_entry
8237.820666666667	0.1500000000014552	trials	port_entry
8238.180633333333	0.49003333333530463	trials	port_entry
8239.120666666666	0.2000000000007276	trials	port_entry
8239.770666666667	0.8800333333347226	trials	port_entry
8243.8907	0.12003333333268529	trials	port_entry
8244.470700000002	0.09999999999854481	trials	port_entry
8244.980733333334	0.10996666666687815	trials	port_entry
8245.200700000001	0.02003333333414048	trials	port_entry
8275.1008	0.8899999999994179	trials	port_entry
8289.2509	3.099966666668479	trials	reward_stimulus_presentation
8291.250866666669	0.7999999999992724	trials	reward_delivery
8291.950866666666	15.950033333334432	trials	port_entry
8307.9309	0.5699333333359391	trials	port_entry
8308.5508	0.06000000000130967	trials	port_entry
8308.630833333333	6.940066666669736	trials	port_entry
8315.920866666667	5.490033333331667	trials	port_entry
8321.870933333335	2.680000000000291	trials	port_entry
8326.110866666666	1.150066666668863	trials	port_entry
8327.370933333335	1.109999999996944	trials	port_entry
8328.510933333335	0.029966666665131925	trials	port_entry
8329.700933333334	0.029999999998835847	trials	port_entry
8330.010933333335	1.2299999999995634	trials	port_entry
8331.640933333336	1.110033333330648	trials	port_entry
8332.940966666669	0.1099999999969441	trials	port_entry
8333.400966666668	0.16999999999825377	trials	port_entry
8333.620933333335	0.050033333332976326	trials	port_entry
8333.760966666669	0.23999999999796273	trials	port_entry
8334.0209	0.12006666666638921	trials	port_entry
8334.780966666669	0.049999999999272404	trials	port_entry
8336.340933333333	4.200000000000728	trials	port_entry
8341.040933333334	0.0200666666678444	trials	port_entry
8341.740966666668	0.020000000000436557	trials	port_entry
8341.810966666668	0.020000000000436557	trials	port_entry
8342.340966666667	0.28003333333253977	trials	port_entry
8343.200966666667	0.020000000000436557	trials	port_entry
8343.410933333333	1.6000333333358867	trials	port_entry
8345.391	0.03996666666716919	trials	port_entry
8345.461	0.11000000000058208	trials	port_entry
8345.610966666667	0.14003333333312185	trials	port_entry
8345.771	0.03003333333253977	trials	port_entry
8345.861033333334	0.8899333333320101	trials	port_entry
8346.840966666667	9.740066666669009	trials	port_entry
8356.621066666667	0.019933333333028713	trials	port_entry
8387.6011	2.650066666668863	trials	port_entry
8389.251166666669	20.000033333333704	trials	neutral_stimulus_presentation
8390.291166666666	0.3799666666673147	trials	port_entry
8390.851166666667	0.8299666666680423	trials	port_entry
8392.491133333333	0.04003333333457704	trials	port_entry
8392.551133333334	0.029999999998835847	trials	port_entry
8392.841133333335	0.47999999999956344	trials	port_entry
8393.351133333334	0.1500000000014552	trials	port_entry
8393.561166666666	0.3400000000001455	trials	port_entry
8393.941166666667	0.09996666666484089	trials	port_entry
8394.071100000001	6.840033333333849	trials	port_entry
8400.961133333334	14.690066666666098	trials	port_entry
8415.691166666667	5.650033333331521	trials	port_entry
8421.371233333335	12.520033333330503	trials	port_entry
8434.121233333335	0.060033333331375616	trials	port_entry
8435.461233333335	2.4200333333319577	trials	port_entry
8438.101266666668	0.47999999999956344	trials	port_entry
8438.80126666667	0.7599999999983993	trials	port_entry
8479.251466666668	4.179933333332883	trials	reward_stimulus_presentation
8481.251433333335	0.7999666666655685	trials	reward_delivery
8483.0314	15.110033333334286	trials	port_entry
8498.6414	1.0700333333334129	trials	port_entry
8554.931633333334	4.049999999999272	trials	port_entry
8559.371633333332	0.75	trials	port_entry
8560.681633333334	0.02003333333414048	trials	port_entry
8560.761633333335	0.04993333333186456	trials	port_entry
8560.851600000002	0.029999999998835847	trials	port_entry
8561.081600000001	0.09000000000014552	trials	port_entry
8561.401666666668	0.019933333333028713	trials	port_entry
8561.681633333334	0.06999999999970896	trials	port_entry
8561.791633333334	2.830033333331812	trials	port_entry
8564.661633333333	12.540033333334577	trials	port_entry
8569.2517	20.002633333333506	trials	shock_stimulus_presentation
8577.231666666667	8.570033333333413	trials	port_entry
8587.2817	0.040000000000873115	trials	port_entry
8587.3417	0.040000000000873115	trials	port_entry
8587.4117	1.639966666665714	trials	port_entry
8589.051666666666	0.3000333333329763	trials	shock_relay
8589.7317	0.04003333333457704	trials	port_entry
8590.3917	69.54023333333316	trials	port_entry
8659.251966666667	1.569966666666005	trials	reward_stimulus_presentation
8660.421900000001	17.510066666665807	trials	port_entry
8661.251933333333	0.7999999999992724	trials	reward_delivery
8678.811966666668	1.3299666666644043	trials	port_entry
8680.211966666666	0.07000000000334694	trials	port_entry
8680.981966666666	0.3899999999994179	trials	port_entry
8683.841966666667	0.6900333333323942	trials	port_entry
8684.722000000002	52.800166666664154	trials	port_entry
8737.992133333333	1.819999999999709	trials	port_entry
8739.852166666667	0.27999999999883585	trials	port_entry
8740.232233333332	0.1299333333336108	trials	port_entry
8743.382166666666	0.040000000000873115	trials	port_entry
8744.022166666666	0.7800000000024738	trials	port_entry
8744.252233333333	0.16996666666818783	trials	reward_stimulus_presentation
8745.942200000001	0.059999999997671694	trials	port_entry
8746.062166666667	17.53003333333254	trials	port_entry
8746.252199999999	0.7999333333355025	trials	reward_delivery
8795.682333333334	3.2599666666683333	trials	port_entry
8799.222333333335	0.07999999999810825	trials	port_entry
8799.532266666669	0.0200333333305025	trials	port_entry
8799.922366666666	0.2399666666678968	trials	port_entry
8800.392333333333	0.24996666666629608	trials	port_entry
8801.2123	0.7800666666698817	trials	port_entry
8802.582300000002	1.2599333333309914	trials	port_entry
8804.132300000001	0.11996666666527744	trials	port_entry
8804.732266666666	0.030000000002473826	trials	port_entry
8818.732366666667	1.1500333333351591	trials	port_entry
8819.9424	0.2000000000007276	trials	port_entry
8822.202400000002	0.029933333331428003	trials	port_entry
8822.882400000002	0.12999999999738066	trials	port_entry
8823.032366666666	0.11000000000058208	trials	port_entry
8823.162366666667	0.03003333333253977	trials	port_entry
8824.2624	0.4000000000014552	trials	port_entry
8825.082366666666	0.37003333333632327	trials	port_entry
8826.042400000002	0.020000000000436557	trials	port_entry
8826.1024	0.31999999999970896	trials	port_entry
8826.912400000001	0.019966666666732635	trials	port_entry
8826.972400000002	0.04996666666556848	trials	port_entry
8827.092366666668	0.31006666666507954	trials	port_entry
8828.452366666668	0.029999999998835847	trials	port_entry
8829.1924	0.020000000000436557	trials	port_entry
8829.4424	0.030000000002473826	trials	port_entry
8831.5824	0.06000000000130967	trials	port_entry
8831.772433333335	0.8400000000001455	trials	port_entry
8834.252500000002	20.002566666666098	trials	shock_stimulus_presentation
8836.592433333335	2.0799333333307004	trials	port_entry
8842.002466666669	0.16999999999825377	trials	port_entry
8842.282466666667	0.09999999999854481	trials	port_entry
8842.432466666669	0.029966666665131925	trials	port_entry
8842.642433333334	3.650033333331521	trials	port_entry
8846.3325	8.260000000002037	trials	port_entry
8854.052500000002	0.2999999999992724	trials	shock_relay
8854.7425	38.110100000001694	trials	port_entry
8893.5426	0.819999999999709	trials	port_entry
8894.412566666666	0.20003333333443152	trials	port_entry
8894.872600000002	0.2699999999967986	trials	port_entry
8895.562600000001	0.2900000000008731	trials	port_entry
8896.492600000001	0.35003333333224873	trials	port_entry
8896.922600000002	9.400066666665225	trials	port_entry
8906.472633333335	23.70003333333443	trials	port_entry
8929.252733333335	1.9299333333328832	trials	reward_stimulus_presentation
8930.7827	24.380066666668426	trials	port_entry
8931.252733333335	0.7999999999992724	trials	reward_delivery
8955.462766666667	0.27999999999883585	trials	port_entry
8965.122800000001	0.18999999999869033	trials	port_entry
8965.632766666666	0.13003333333472256	trials	port_entry
8966.052800000001	0.09999999999854481	trials	port_entry
8972.382833333333	0.12000000000261934	trials	port_entry
8984.0328	0.31006666666507954	trials	port_entry
9015.942933333336	5.160033333333558	trials	port_entry
9019.252933333333	20.00233333333381	trials	shock_stimulus_presentation
9022.812966666668	0.4399999999986903	trials	port_entry
9023.402966666668	0.06999999999970896	trials	port_entry
9023.492933333335	0.02003333333414048	trials	port_entry
9023.572966666667	0.13999999999941792	trials	port_entry
9023.812966666668	0.1600333333335584	trials	port_entry
9023.992966666669	0.020000000000436557	trials	port_entry
9024.082966666669	0.18999999999869033	trials	port_entry
9024.392966666666	0.5400000000008731	trials	port_entry
9025.583000000002	0.0403666666643403	trials	port_entry
9025.713	0.04996666666920646	trials	port_entry
9025.793000000001	0.06999999999970896	trials	port_entry
9028.703000000001	0.47999999999956344	trials	port_entry
9029.423000000003	0.12999999999738066	trials	port_entry
9029.673000000003	0.5899666666664416	trials	port_entry
9030.612966666667	1.6700333333319577	trials	port_entry
9033.042966666668	0.04003333333457704	trials	port_entry
9033.463	0.019966666666732635	trials	port_entry
9033.512966666669	0.5400333333309391	trials	port_entry
9034.083000000002	65.96016666666401	trials	port_entry
9039.053033333334	0.2999999999992724	trials	shock_relay
9099.253233333333	1.9399666666686244	trials	reward_stimulus_presentation
9100.7932	25.250066666667408	trials	port_entry
9101.253233333333	0.8000000000029104	trials	reward_delivery
9126.953233333334	0.08000000000174623	trials	port_entry
9127.153233333334	0.4599999999991269	trials	port_entry
9127.743300000002	0.03996666666716919	trials	port_entry
9128.133266666668	0.020000000000436557	trials	port_entry
9138.993333333336	3.6299999999973807	trials	port_entry
9143.333333333336	0.12999999999738066	trials	port_entry
9143.5933	0.2600333333321032	trials	port_entry
9144.113333333335	0.05996666666760575	trials	port_entry
9153.203333333335	0.040000000000873115	trials	port_entry
9189.253500000003	19.999966666666296	trials	neutral_stimulus_presentation
9196.483466666668	0.12999999999738066	trials	port_entry
9196.703466666666	0.8000000000029104	trials	port_entry
9198.503433333335	0.3700666666663892	trials	port_entry
9201.373466666668	0.04003333333457704	trials	port_entry
9201.443466666668	0.4100333333335584	trials	port_entry
9201.943500000001	0.6899999999986903	trials	port_entry
9202.693500000001	0.3100000000013097	trials	port_entry
9203.693466666668	0.02003333333414048	trials	port_entry
9248.603633333332	2.570033333333413	trials	port_entry
9252.283666666666	0.6599666666661506	trials	port_entry
9253.833633333335	0.09000000000014552	trials	port_entry
9254.423633333336	0.01999999999679858	trials	port_entry
9254.663633333334	0.13999999999941792	trials	port_entry
9254.863633333334	0.5200000000004366	trials	port_entry
9255.403633333335	0.15999999999985448	trials	port_entry
9255.643633333333	1.5800000000017462	trials	port_entry
9257.323633333333	3.0200333333341405	trials	port_entry
9260.453666666668	0.1499999999978172	trials	port_entry
9260.633666666668	10.650033333331521	trials	port_entry
9271.3037	7.470066666668572	trials	port_entry
9289.253800000002	1.4999333333325922	trials	reward_stimulus_presentation
9290.353766666667	0.15996666666615056	trials	port_entry
9290.533766666667	14.790066666668281	trials	port_entry
9291.253800000002	0.7999999999992724	trials	reward_delivery
9305.883833333333	5.459999999999127	trials	port_entry
9317.123766666668	0.07003333333341288	trials	port_entry
9317.2438	0.02003333333414048	trials	port_entry
9317.403833333334	2.5600333333350136	trials	port_entry
9320.403866666667	0.08000000000174623	trials	port_entry
9320.593866666666	0.06000000000130967	trials	port_entry
9320.743866666668	0.09000000000014552	trials	port_entry
9321.053833333335	0.039999999997235136	trials	port_entry
9321.453866666667	0.3600000000005821	trials	port_entry
9321.843866666666	14.800033333332976	trials	port_entry
9336.7939	3.1899999999986903	trials	port_entry
9340.0039	31.71010000000024	trials	port_entry
9371.744000000002	0.2299333333321556	trials	port_entry
9372.254	0.11999999999898137	trials	port_entry
9372.593933333334	0.04006666666828096	trials	port_entry
9372.744000000002	7.080033333331812	trials	port_entry
9379.254066666668	1.249966666666296	trials	reward_stimulus_presentation
9380.104033333333	21.000033333333704	trials	port_entry
9381.254033333335	0.7999999999992724	trials	reward_delivery
9401.8141	0.09000000000014552	trials	port_entry
9401.9941	0.049999999999272404	trials	port_entry
9402.284066666667	0.12003333333268529	trials	port_entry
9402.494066666666	0.18000000000029104	trials	port_entry
9402.864100000003	3.539999999997235	trials	port_entry
9406.484100000001	42.65009999999893	trials	port_entry
9449.5242	2.2400333333353046	trials	port_entry
9452.114233333334	0.18999999999869033	trials	port_entry
9453.854233333335	1.0900333333338494	trials	port_entry
9455.674266666669	0.029966666665131925	trials	port_entry
9469.254333333334	3.7599333333346294	trials	reward_stimulus_presentation
9471.2543	0.7999666666655685	trials	reward_delivery
9472.614266666667	20.36006666666799	trials	port_entry
9494.224333333335	0.5600333333313756	trials	port_entry
9495.074400000001	0.019966666666732635	trials	port_entry
9522.4644	3.290033333334577	trials	port_entry
9527.1244	0.020000000000436557	trials	port_entry
9527.294400000002	0.03003333333253977	trials	port_entry
9528.574433333335	0.020000000000436557	trials	port_entry
9528.744433333333	0.06999999999970896	trials	port_entry
9529.214433333334	0.06000000000130967	trials	port_entry
9529.294433333333	11.700066666668135	trials	port_entry
9541.044466666666	0.17996666666658712	trials	port_entry
9541.244466666667	2.0	trials	port_entry
9543.374466666668	3.5900333333338494	trials	port_entry
9547.09446666667	0.3100333333313756	trials	port_entry
9559.2546	4.029933333335066	trials	reward_stimulus_presentation
9561.254533333333	0.8000000000029104	trials	reward_delivery
9562.884533333334	14.170000000001892	trials	port_entry
9582.014600000002	0.029999999998835847	trials	port_entry
9582.064600000002	0.13999999999941792	trials	port_entry
9582.3446	2.640033333333122	trials	port_entry
9644.254833333332	20.00250000000233	trials	shock_stimulus_presentation
9664.05486666667	0.2999999999992724	trials	shock_relay
9695.464933333333	3.1299666666673147	trials	port_entry
9698.634933333335	1.0400000000008731	trials	port_entry
9700.774933333334	0.020000000000436557	trials	port_entry
9701.814933333335	0.09999999999854481	trials	port_entry
9702.114933333334	0.049999999999272404	trials	port_entry
9702.314966666669	0.019966666666732635	trials	port_entry
9706.394966666667	5.400000000001455	trials	port_entry
9711.874966666666	2.0600000000013097	trials	port_entry
9714.074966666667	3.1600333333335584	trials	port_entry
9717.265	6.650033333335159	trials	port_entry
9726.755033333335	2.5200000000004366	trials	port_entry
9732.375033333334	2.349999999998545	trials	port_entry
9734.255100000002	1.5599333333302638	trials	reward_stimulus_presentation
9735.415033333335	24.800133333334088	trials	port_entry
9736.255066666668	0.7999666666655685	trials	reward_delivery
9761.1751	0.540033333334577	trials	port_entry
9768.595166666666	2.169966666668188	trials	port_entry
9771.785166666668	0.04993333333186456	trials	port_entry
9772.065133333334	0.09000000000014552	trials	port_entry
9772.195166666668	0.020000000000436557	trials	port_entry
9796.395233333333	2.3100000000013097	trials	port_entry
9806.835266666669	1.209966666665423	trials	port_entry
9818.015266666669	0.01999999999679858	trials	port_entry
9818.485366666668	0.18986666666751262	trials	port_entry
9818.985333333334	0.040000000000873115	trials	port_entry
9819.045300000002	0.02003333333414048	trials	port_entry
9819.345333333335	0.05996666666760575	trials	port_entry
9819.5953	0.040000000000873115	trials	port_entry
9829.255400000002	20.0	trials	neutral_stimulus_presentation
9829.835333333333	1.9799666666694975	trials	port_entry
9916.635566666668	1.5499999999992724	trials	port_entry
9919.255633333334	20.002566666666098	trials	shock_stimulus_presentation
9920.8056	2.860033333334286	trials	port_entry
9925.995633333336	0.8799999999973807	trials	port_entry
9939.055666666667	0.2999666666655685	trials	shock_relay
9939.795666666669	1.0199666666667326	trials	port_entry
9940.985633333334	0.22000000000116415	trials	port_entry
9941.535633333333	0.1500333333351591	trials	port_entry
9941.715666666667	0.4599999999991269	trials	port_entry
9942.335666666666	6.119966666668915	trials	port_entry
9948.515600000002	25.940133333329868	trials	port_entry
9978.555733333335	0.050033333332976326	trials	port_entry
9979.145766666668	0.08003333333181217	trials	port_entry
9979.305733333335	0.19003333333239425	trials	port_entry
9979.515800000001	0.05993333333390183	trials	port_entry
9981.895766666668	1.7700333333341405	trials	port_entry
9984.245766666667	0.05996666666760575	trials	port_entry
9999.255866666666	1.529933333335066	trials	reward_stimulus_presentation
10000.385833333334	25.390066666666826	trials	port_entry
10001.255866666666	0.7999666666692065	trials	reward_delivery
10034.275933333334	2.5200000000004366	trials	port_entry
10055.606	3.0499666666692065	trials	port_entry
10062.806033333334	0.20999999999912689	trials	port_entry
10066.926033333333	0.020000000000436557	trials	port_entry
10066.966033333334	0.019966666666732635	trials	port_entry
10067.576000000001	0.020000000000436557	trials	port_entry
10067.876033333334	0.1500000000014552	trials	port_entry
10068.046000000002	0.0200333333305025	trials	port_entry
10068.636000000002	0.01999999999679858	trials	port_entry
10068.6761	0.03993333333346527	trials	port_entry
10068.736066666668	0.08003333333181217	trials	port_entry
10068.986	0.09006666666755336	trials	port_entry
10086.106066666667	0.08000000000174623	trials	port_entry
10086.236066666668	1.4799999999995634	trials	port_entry
10087.736033333334	0.03006666666624369	trials	port_entry
10087.786066666667	0.4900000000016007	trials	port_entry
10089.256100000002	2.0099999999983993	trials	reward_stimulus_presentation
10090.8661	0.14996666666775127	trials	port_entry
10091.086033333333	16.940066666666098	trials	port_entry
10091.256100000002	0.7999999999992724	trials	reward_delivery
10121.916166666666	2.4699333333337563	trials	port_entry
10147.276266666668	1.9099666666661506	trials	port_entry
10155.516233333336	0.07003333333341288	trials	port_entry
10155.726266666668	3.320033333333413	trials	port_entry
10159.276300000001	0.059999999997671694	trials	port_entry
10159.356266666666	0.5100333333357412	trials	port_entry
10162.4263	0.02003333333414048	trials	port_entry
10162.506300000001	0.14003333333312185	trials	port_entry
10162.6763	2.430033333333995	trials	port_entry
10165.336333333333	0.3000000000029104	trials	port_entry
10165.686333333335	6.850033333332249	trials	port_entry
10175.706333333335	0.48999999999796273	trials	port_entry
10177.596333333335	0.29003333333093906	trials	port_entry
10178.056333333334	0.4000000000014552	trials	port_entry
10178.676333333333	0.020000000000436557	trials	port_entry
10178.946333333333	0.020000000000436557	trials	port_entry
10179.176366666667	0.020000000000436557	trials	port_entry
10179.916333333334	0.2100333333328308	trials	port_entry
10181.596366666668	0.09000000000014552	trials	port_entry
10189.256400000002	2.0099666666646954	trials	reward_stimulus_presentation
10190.866366666669	7.610033333330648	trials	port_entry
10191.256400000002	0.7999999999992724	trials	reward_delivery
10199.156433333334	2.1700333333355957	trials	port_entry
10201.666433333336	0.0200333333305025	trials	port_entry
10279.256700000002	20.001833333331888	trials	shock_stimulus_presentation
10299.056733333335	0.2999666666655685	trials	shock_relay
10345.646866666666	0.05000000000291038	trials	port_entry
10345.736866666666	3.150066666668863	trials	port_entry
10352.506866666667	0.8100000000013097	trials	port_entry
10355.396866666666	0.029966666668769903	trials	port_entry
10355.586866666668	0.11999999999898137	trials	port_entry
10356.276833333333	0.3200333333334129	trials	port_entry
10356.876833333336	0.0200333333305025	trials	port_entry
10357.046866666667	0.06000000000130967	trials	port_entry
10357.276833333333	0.049999999999272404	trials	port_entry
10357.576833333333	0.02003333333414048	trials	port_entry
10369.256933333334	4.770133333331614	trials	reward_stimulus_presentation
10371.256866666667	0.8000666666666802	trials	reward_delivery
10373.626933333333	0.06999999999970896	trials	port_entry
10373.876933333333	15.860033333334286	trials	port_entry
10390.566966666669	0.8099999999976717	trials	port_entry
10404.347033333335	2.569966666666005	trials	port_entry
10411.907066666667	0.9400000000023283	trials	port_entry
10416.267033333334	0.020000000000436557	trials	port_entry
10416.317033333333	0.020000000000436557	trials	port_entry
10420.757033333335	0.029999999998835847	trials	port_entry
10421.577066666669	0.04996666666556848	trials	port_entry
10449.017166666668	2.16996666666455	trials	port_entry
10459.257233333334	20.0	trials	neutral_stimulus_presentation
10510.137300000002	1.25	trials	port_entry
10526.357366666667	0.930000000000291	trials	port_entry
10527.537366666667	0.06000000000130967	trials	port_entry
10527.737366666668	0.21999999999752617	trials	port_entry
10528.1174	0.019966666666732635	trials	port_entry
10528.467366666668	0.3000333333329763	trials	port_entry
10528.857366666667	0.050033333332976326	trials	port_entry
10528.947400000001	0.11990000000150758	trials	port_entry
10529.117300000002	0.04003333333093906	trials	port_entry
10529.2274	0.020000000000436557	trials	port_entry
10530.347366666669	0.020000000000436557	trials	port_entry
10530.827366666668	2.5099999999983993	trials	port_entry
10533.357366666667	0.6199999999989814	trials	port_entry
10534.187366666669	0.29003333333093906	trials	port_entry
10535.007400000002	0.07999999999810825	trials	port_entry
10535.2474	0.25996666666833335	trials	port_entry
10535.7274	0.020000000000436557	trials	port_entry
10536.6174	0.040000000000873115	trials	port_entry
10536.777399999999	0.020000000000436557	trials	port_entry
10544.257466666666	20.0	trials	reward_stimulus_presentation
10546.257433333332	0.7999333333355025	trials	reward_delivery
10626.027633333335	6.790033333330939	trials	port_entry
10632.9777	0.14996666666775127	trials	port_entry
10633.277666666669	0.20999999999912689	trials	port_entry
10633.687666666669	0.8099999999976717	trials	port_entry
10634.257700000002	20.000033333333704	trials	neutral_stimulus_presentation
10646.267733333334	1.1899999999986903	trials	port_entry
10714.377933333333	1.5499666666692065	trials	port_entry
10717.307966666667	0.4599999999991269	trials	port_entry
10729.258033333335	20.002466666664986	trials	shock_stimulus_presentation
10749.058033333335	0.2999999999992724	trials	shock_relay
10800.908133333334	3.3399666666664416	trials	port_entry
10807.958166666667	0.04003333333457704	trials	port_entry
10808.068200000002	0.3999999999978172	trials	port_entry
10809.4882	0.040000000000873115	trials	port_entry
10809.708200000001	0.06999999999970896	trials	port_entry
10810.8482	0.18003333333399496	trials	port_entry
10814.128233333333	0.020000000000436557	trials	port_entry
10814.288166666669	0.07006666666347883	trials	port_entry
10814.548233333335	0.4099999999998545	trials	port_entry
10815.358233333332	0.04996666666920646	trials	port_entry
10815.428200000002	0.050033333332976326	trials	port_entry
10815.498200000002	0.06999999999970896	trials	port_entry
10819.258233333334	20.000066666667408	trials	neutral_stimulus_presentation
10829.098233333334	3.0900333333338494	trials	port_entry
10832.388266666669	0.5299999999988358	trials	port_entry
10846.278333333335	0.029933333331428003	trials	port_entry
10846.518333333333	0.019933333333028713	trials	port_entry
10848.498333333333	0.07993333333433839	trials	port_entry
10848.7183	0.029966666665131925	trials	port_entry
10848.7683	0.0200666666678444	trials	port_entry
10848.848266666668	0.020000000000436557	trials	port_entry
10848.898266666667	0.030099999999947613	trials	port_entry
10899.258400000002	20.002233333332697	trials	shock_stimulus_presentation
10919.0585	0.3000333333366143	trials	shock_relay
10928.438566666668	2.290000000000873	trials	port_entry
10931.478566666668	0.569999999999709	trials	port_entry
10962.468666666668	0.6099666666668782	trials	port_entry
10963.45866666667	1.5899333333327377	trials	port_entry
10973.8387	0.06999999999970896	trials	port_entry
10974.2987	2.929966666666587	trials	port_entry
10977.3387	2.3300000000017462	trials	port_entry
10988.048733333333	1.7100000000027649	trials	port_entry
10989.2588	1.5899666666664416	trials	reward_stimulus_presentation
10990.448766666668	20.259966666664695	trials	port_entry
10991.258766666666	0.8000000000029104	trials	reward_delivery
11015.362266666667	0.2783999999992375	trials	phototagging
11015.920399999999	0.2273666666696954	trials	phototagging
11017.3377	0.10006666666595265	trials	phototagging
11018.3384	0.10006666666595265	trials	phototagging
11019.339066666667	0.10009999999965657	trials	phototagging
11020.339766666668	0.10009999999965657	trials	phototagging
11021.340466666668	0.10006666666595265	trials	phototagging
11022.341166666669	0.10006666666595265	trials	phototagging
11023.341866666666	0.10006666666959063	trials	phototagging
11024.342566666666	0.10006666666959063	trials	phototagging
11025.343266666667	0.10006666666595265	trials	phototagging
11026.343933333334	0.10006666666595265	trials	phototagging
11027.344633333334	0.10006666666595265	trials	phototagging
11028.345333333335	0.10006666666595265	trials	phototagging
11039.353	0.005000000001018634	trials	phototagging
11039.363000000001	0.005000000001018634	trials	phototagging
11039.373	0.005000000001018634	trials	phototagging
11039.383000000002	0.005033333331084577	trials	phototagging
11039.393	0.005033333334722556	trials	phototagging
11039.403033333336	0.004999999997380655	trials	phototagging
11039.413033333334	0.005000000001018634	trials	phototagging
11039.423033333333	0.005000000001018634	trials	phototagging
11039.433033333335	0.005000000001018634	trials	phototagging
11039.443033333333	0.005033333334722556	trials	phototagging
11039.453066666669	0.004999999997380655	trials	phototagging
11039.463066666667	0.005000000001018634	trials	phototagging
11039.47306666667	0.004999999997380655	trials	phototagging
11039.483066666668	0.005000000001018634	trials	phototagging
11039.4931	0.005000000001018634	trials	phototagging
11039.503100000002	0.004999999997380655	trials	phototagging
11039.5131	0.005000000001018634	trials	phototagging
11039.523100000002	0.004999999997380655	trials	phototagging
11039.5331	0.005033333334722556	trials	phototagging
11039.543133333333	0.005000000001018634	trials	phototagging
11039.553133333335	0.005000000001018634	trials	phototagging
11039.563133333333	0.005000000001018634	trials	phototagging
11039.573133333335	0.004999999997380655	trials	phototagging
11039.583133333334	0.005033333334722556	trials	phototagging
11039.593133333336	0.005033333331084577	trials	phototagging
11039.603166666668	0.005000000001018634	trials	phototagging
11039.613166666666	0.005000000001018634	trials	phototagging
11039.623166666668	0.005000000001018634	trials	phototagging
11039.633166666667	0.005033333334722556	trials	phototagging
11039.643200000002	0.004999999997380655	trials	phototagging
11045.078866666667	0.14003333333312185	trials	port_entry
11049.660166666668	0.00999999999839929	trials	phototagging
11049.7602	0.010033333332103211	trials	phototagging
11049.8603	0.010000000002037268	trials	phototagging
11049.960366666666	0.010000000002037268	trials	phototagging
11050.060433333336	0.00999999999839929	trials	phototagging
11050.160500000002	0.00999999999839929	trials	phototagging
11050.260566666668	0.00999999999839929	trials	phototagging
11050.360633333334	0.010000000002037268	trials	phototagging
11050.4607	0.01003333333574119	trials	phototagging
11050.560766666666	0.010000000002037268	trials	phototagging
11050.660833333335	0.010033333332103211	trials	phototagging
11050.760900000001	0.010033333332103211	trials	phototagging
11050.861	0.00999999999839929	trials	phototagging
11050.961033333333	0.01003333333574119	trials	phototagging
11051.061133333333	0.010000000002037268	trials	phototagging
11051.161200000002	0.00999999999839929	trials	phototagging
11051.261266666668	0.00999999999839929	trials	phototagging
11051.361333333334	0.00999999999839929	trials	phototagging
11051.4614	0.010000000002037268	trials	phototagging
11051.561466666666	0.010000000002037268	trials	phototagging
11051.661533333336	0.010033333332103211	trials	phototagging
11051.761600000002	0.00999999999839929	trials	phototagging
11051.861666666668	0.010033333332103211	trials	phototagging
11051.961733333334	0.010033333332103211	trials	phototagging
11052.0618	0.01003333333574119	trials	phototagging
11052.161866666669	0.010033333332103211	trials	phototagging
11052.261966666669	0.00999999999839929	trials	phototagging
11052.362033333335	0.00999999999839929	trials	phototagging
11052.4621	0.00999999999839929	trials	phototagging
11052.562166666667	0.010000000002037268	trials	phototagging
11060.008933333334	2.849999999998545	trials	port_entry
11062.6692	0.005000000001018634	trials	phototagging
11063.6699	0.005000000001018634	trials	phototagging
11064.670566666668	0.005033333334722556	trials	phototagging
11065.671266666668	0.005033333331084577	trials	phototagging
11066.671966666669	0.004999999997380655	trials	phototagging
11067.67266666667	0.004999999997380655	trials	phototagging
11068.673366666666	0.005000000001018634	trials	phototagging
11069.674066666666	0.005000000001018634	trials	phototagging
11070.674733333333	0.005033333334722556	trials	phototagging
11071.675466666667	0.005000000001018634	trials	phototagging
11071.908966666666	0.790033333334577	trials	port_entry
11072.676133333334	0.005000000001018634	trials	phototagging
11073.676833333335	0.005000000001018634	trials	phototagging
11074.677533333335	0.004999999997380655	trials	phototagging
11075.678233333336	0.004999999997380655	trials	phototagging
11076.678933333333	0.005000000001018634	trials	phototagging
11077.679633333333	0.005000000001018634	trials	phototagging
11078.6803	0.005033333334722556	trials	phototagging
11079.681	0.005033333334722556	trials	phototagging
11080.681700000001	0.005000000001018634	trials	phototagging
11081.682400000002	0.005000000001018634	trials	phototagging
11082.683100000002	0.004999999997380655	trials	phototagging
11083.683800000003	0.004999999997380655	trials	phototagging
11084.6845	0.005000000001018634	trials	phototagging
11085.6852	0.005000000001018634	trials	phototagging
11086.685866666667	0.005033333334722556	trials	phototagging
11086.759033333336	1.180000000000291	trials	port_entry
11087.686566666667	0.005033333334722556	trials	phototagging
11088.687266666668	0.005000000001018634	trials	phototagging
11089.687966666668	0.004999999997380655	trials	phototagging
11090.688666666669	0.004999999997380655	trials	phototagging
11091.689366666666	0.005000000001018634	trials	phototagging
11102.697	0.005000000001018634	trials	phototagging
11103.6977	0.005000000001018634	trials	phototagging
11104.698400000001	0.005000000001018634	trials	phototagging
11105.699100000002	0.004999999997380655	trials	phototagging
11106.699800000002	0.004999999997380655	trials	phototagging
11107.700499999999	0.005000000001018634	trials	phototagging
11108.7012	0.005000000001018634	trials	phototagging
11109.701866666666	0.005033333334722556	trials	phototagging
11110.702566666667	0.005033333334722556	trials	phototagging
11111.703266666667	0.005033333334722556	trials	phototagging
11112.703966666668	0.005000000001018634	trials	phototagging
11113.704666666668	0.004999999997380655	trials	phototagging
11114.705366666669	0.004999999997380655	trials	phototagging
11115.706066666666	0.005000000001018634	trials	phototagging
11116.706766666666	0.005000000001018634	trials	phototagging
11117.707433333333	0.005033333334722556	trials	phototagging
11118.708133333334	0.005033333334722556	trials	phototagging
11119.708833333334	0.005000000001018634	trials	phototagging
11120.709533333335	0.005000000001018634	trials	phototagging
11121.710233333335	0.004999999997380655	trials	phototagging
11122.710933333336	0.004999999997380655	trials	phototagging
11123.711600000002	0.005033333331084577	trials	phototagging
11124.7123	0.005033333334722556	trials	phototagging
11125.713	0.005000000001018634	trials	phototagging
11126.7137	0.005000000001018634	trials	phototagging
11127.7144	0.005000000001018634	trials	phototagging
11128.715100000001	0.005000000001018634	trials	phototagging
11129.715800000002	0.004999999997380655	trials	phototagging
11130.716500000002	0.004999999997380655	trials	phototagging
11131.7172	0.005000000001018634	trials	phototagging
11142.724833333334	0.010033333332103211	trials	phototagging
11142.8249	0.01003333333574119	trials	phototagging
11142.924966666666	0.01003333333574119	trials	phototagging
11143.025033333335	0.010033333332103211	trials	phototagging
11143.125133333335	0.00999999999839929	trials	phototagging
11143.2252	0.00999999999839929	trials	phototagging
11143.325266666667	0.010000000002037268	trials	phototagging
11143.425333333333	0.010000000002037268	trials	phototagging
11143.525400000002	0.00999999999839929	trials	phototagging
11143.625466666668	0.00999999999839929	trials	phototagging
11143.725533333334	0.00999999999839929	trials	phototagging
11143.8256	0.010000000002037268	trials	phototagging
11143.925666666666	0.01003333333574119	trials	phototagging
11144.025733333336	0.010033333332103211	trials	phototagging
11144.125800000002	0.010033333332103211	trials	phototagging
11144.225866666668	0.010033333332103211	trials	phototagging
11144.325966666667	0.00999999999839929	trials	phototagging
11144.426033333333	0.010000000002037268	trials	phototagging
11144.5261	0.010000000002037268	trials	phototagging
11144.626166666669	0.00999999999839929	trials	phototagging
11144.726233333335	0.00999999999839929	trials	phototagging
11144.8263	0.00999999999839929	trials	phototagging
11144.926366666667	0.01003333333574119	trials	phototagging
11145.026433333333	0.010000000002037268	trials	phototagging
11145.126500000002	0.010033333332103211	trials	phototagging
11145.226600000002	0.00999999999839929	trials	phototagging
11145.326666666668	0.00999999999839929	trials	phototagging
11145.426733333334	0.010000000002037268	trials	phototagging
11145.5268	0.010000000002037268	trials	phototagging
11145.626866666666	0.010000000002037268	trials	phototagging
11155.7339	0.005000000001018634	trials	phototagging
11156.7346	0.005000000001018634	trials	phototagging
11157.735266666667	0.005033333334722556	trials	phototagging
11158.735966666667	0.005033333334722556	trials	phototagging
11159.736666666668	0.005033333334722556	trials	phototagging
11160.737366666668	0.005000000001018634	trials	phototagging
11161.738066666669	0.004999999997380655	trials	phototagging
11162.73876666667	0.004999999997380655	trials	phototagging
11163.739466666666	0.005000000001018634	trials	phototagging
11164.740166666666	0.005000000001018634	trials	phototagging
11165.740833333333	0.005033333334722556	trials	phototagging
11166.741533333334	0.005033333334722556	trials	phototagging
11167.742233333334	0.005000000001018634	trials	phototagging
11168.742933333335	0.005000000001018634	trials	phototagging
11169.743633333335	0.004999999997380655	trials	phototagging
11170.744333333336	0.004999999997380655	trials	phototagging
11171.745033333333	0.005000000001018634	trials	phototagging
11172.745733333333	0.005000000001018634	trials	phototagging
11173.7464	0.005033333334722556	trials	phototagging
11174.7471	0.005033333334722556	trials	phototagging
11175.747800000001	0.005033333334722556	trials	phototagging
11176.748500000002	0.005000000001018634	trials	phototagging
11177.749200000002	0.004999999997380655	trials	phototagging
11178.749900000003	0.004999999997380655	trials	phototagging
11179.7506	0.005000000001018634	trials	phototagging
11180.7513	0.005000000001018634	trials	phototagging
11181.751966666667	0.005033333334722556	trials	phototagging
11182.752666666667	0.005033333334722556	trials	phototagging
11183.753366666668	0.005000000001018634	trials	phototagging
11184.754066666668	0.004999999997380655	trials	phototagging
11195.761733333333	0.005000000001018634	trials	phototagging
11195.771733333335	0.004999999997380655	trials	phototagging
11195.781733333333	0.005000000001018634	trials	phototagging
11195.791766666669	0.004999999997380655	trials	phototagging
11195.801766666667	0.005000000001018634	trials	phototagging
11195.811766666666	0.005000000001018634	trials	phototagging
11195.821766666668	0.005000000001018634	trials	phototagging
11195.831766666666	0.005033333334722556	trials	phototagging
11195.841766666668	0.005033333331084577	trials	phototagging
11195.8518	0.005000000001018634	trials	phototagging
11195.861800000002	0.004999999997380655	trials	phototagging
11195.8718	0.005000000001018634	trials	phototagging
11195.8818	0.005000000001018634	trials	phototagging
11195.891800000001	0.005033333331084577	trials	phototagging
11195.901833333333	0.005000000001018634	trials	phototagging
11195.911833333335	0.004999999997380655	trials	phototagging
11195.921833333334	0.005000000001018634	trials	phototagging
11195.931833333336	0.004999999997380655	trials	phototagging
11195.941866666668	0.005000000001018634	trials	phototagging
11195.951866666666	0.005000000001018634	trials	phototagging
11195.961866666668	0.004999999997380655	trials	phototagging
11195.971866666667	0.005000000001018634	trials	phototagging
11195.981900000002	0.004999999997380655	trials	phototagging
11195.991866666667	0.005033333334722556	trials	phototagging
11196.0019	0.005000000001018634	trials	phototagging
11196.011900000001	0.005000000001018634	trials	phototagging
11196.0219	0.005033333334722556	trials	phototagging
11196.031900000002	0.005033333331084577	trials	phototagging
11196.041933333334	0.005000000001018634	trials	phototagging
11196.051933333332	0.005000000001018634	trials	phototagging
11206.068900000002	0.00999999999839929	trials	phototagging
11206.168966666668	0.00999999999839929	trials	phototagging
11206.269033333334	0.010033333332103211	trials	phototagging
11206.3691	0.010000000002037268	trials	phototagging
11206.469166666666	0.01003333333574119	trials	phototagging
11206.569233333335	0.010033333332103211	trials	phototagging
11206.669300000001	0.010033333332103211	trials	phototagging
11206.769366666667	0.010033333332103211	trials	phototagging
11206.869466666667	0.010000000002037268	trials	phototagging
11206.969533333333	0.010000000002037268	trials	phototagging
11207.069599999999	0.010000000002037268	trials	phototagging
11207.169666666668	0.00999999999839929	trials	phototagging
11207.269733333334	0.00999999999839929	trials	phototagging
11207.3698	0.010000000002037268	trials	phototagging
11207.469866666666	0.010000000002037268	trials	phototagging
11207.569933333332	0.010000000002037268	trials	phototagging
11207.670000000002	0.010033333332103211	trials	phototagging
11207.770066666668	0.010033333332103211	trials	phototagging
11207.870133333334	0.010033333332103211	trials	phototagging
11207.9702	0.01003333333574119	trials	phototagging
11208.0703	0.010000000002037268	trials	phototagging
11208.170366666669	0.00999999999839929	trials	phototagging
11208.270433333335	0.00999999999839929	trials	phototagging
11208.3705	0.00999999999839929	trials	phototagging
11208.470566666667	0.010000000002037268	trials	phototagging
11208.570633333333	0.010000000002037268	trials	phototagging
11208.670700000002	0.00999999999839929	trials	phototagging
11208.770766666668	0.00999999999839929	trials	phototagging
11208.870833333334	0.010033333332103211	trials	phototagging
11208.970933333334	0.00999999999839929	trials	phototagging
11219.077933333334	0.10006666666595265	trials	phototagging
11220.078633333334	0.10006666666595265	trials	phototagging
11221.079333333335	0.10006666666595265	trials	phototagging
11222.080033333335	0.10006666666595265	trials	phototagging
11223.080733333332	0.10006666666959063	trials	phototagging
11224.081433333333	0.10006666666959063	trials	phototagging
11225.082133333333	0.10006666666595265	trials	phototagging
11226.0828	0.10009999999965657	trials	phototagging
11227.0835	0.10006666666595265	trials	phototagging
11228.084200000001	0.10006666666595265	trials	phototagging
11229.084900000002	0.10006666666595265	trials	phototagging
11230.085600000002	0.10006666666595265	trials	phototagging
11241.093266666667	0.005000000001018634	trials	phototagging
11241.103266666669	0.004999999997380655	trials	phototagging
11241.113266666667	0.005000000001018634	trials	phototagging
11241.123266666666	0.005000000001018634	trials	phototagging
11241.133300000001	0.005000000001018634	trials	phototagging
11241.1433	0.005000000001018634	trials	phototagging
11241.153300000002	0.004999999997380655	trials	phototagging
11241.1633	0.005000000001018634	trials	phototagging
11241.173300000002	0.005033333331084577	trials	phototagging
11241.183333333334	0.005000000001018634	trials	phototagging
11241.193333333333	0.005000000001018634	trials	phototagging
11241.203333333335	0.005000000001018634	trials	phototagging
11241.213333333333	0.005000000001018634	trials	phototagging
11241.223333333335	0.005033333331084577	trials	phototagging
11241.233333333334	0.005033333334722556	trials	phototagging
11241.243366666666	0.005000000001018634	trials	phototagging
11241.253366666668	0.005000000001018634	trials	phototagging
11241.263366666666	0.005000000001018634	trials	phototagging
11241.273366666668	0.005000000001018634	trials	phototagging
11241.2834	0.005000000001018634	trials	phototagging
11241.293400000002	0.004999999997380655	trials	phototagging
11241.3034	0.005000000001018634	trials	phototagging
11241.3134	0.005000000001018634	trials	phototagging
11241.323433333335	0.005000000001018634	trials	phototagging
11241.333433333333	0.005000000001018634	trials	phototagging
11241.343433333335	0.004999999997380655	trials	phototagging
11241.353433333334	0.005000000001018634	trials	phototagging
11241.363433333336	0.005033333331084577	trials	phototagging
11241.373466666668	0.005000000001018634	trials	phototagging
11241.383466666666	0.005000000001018634	trials	phototagging
11251.400433333332	0.10006666666959063	trials	phototagging
11252.401133333333	0.10006666666959063	trials	phototagging
11253.401833333333	0.10006666666595265	trials	phototagging
11254.4025	0.10009999999965657	trials	phototagging
11255.4032	0.10006666666595265	trials	phototagging
11256.403900000001	0.10006666666595265	trials	phototagging
11257.404600000002	0.10006666666595265	trials	phototagging
11258.405300000002	0.10006666666595265	trials	phototagging
11259.405999999999	0.10006666666959063	trials	phototagging
11260.4067	0.10006666666959063	trials	phototagging
11261.4074	0.10006666666595265	trials	phototagging
11262.408066666667	0.10009999999965657	trials	phototagging
11273.415733333335	0.00999999999839929	trials	phototagging
11273.515800000001	0.010033333332103211	trials	phototagging
11273.6159	0.00999999999839929	trials	phototagging
11273.715933333333	0.01003333333574119	trials	phototagging
11273.816000000003	0.010033333332103211	trials	phototagging
11273.916100000002	0.00999999999839929	trials	phototagging
11274.016166666668	0.00999999999839929	trials	phototagging
11274.116233333334	0.00999999999839929	trials	phototagging
11274.2163	0.010000000002037268	trials	phototagging
11274.316366666666	0.010000000002037268	trials	phototagging
11274.416433333336	0.010033333332103211	trials	phototagging
11274.516500000002	0.00999999999839929	trials	phototagging
11274.616566666667	0.010033333332103211	trials	phototagging
11274.716633333333	0.01003333333574119	trials	phototagging
11274.816733333333	0.010000000002037268	trials	phototagging
11274.916799999999	0.010000000002037268	trials	phototagging
11275.016866666669	0.00999999999839929	trials	phototagging
11275.116933333335	0.00999999999839929	trials	phototagging
11275.217	0.00999999999839929	trials	phototagging
11275.317066666667	0.010000000002037268	trials	phototagging
11275.417133333332	0.010000000002037268	trials	phototagging
11275.517200000002	0.00999999999839929	trials	phototagging
11275.617266666668	0.010033333332103211	trials	phototagging
11275.717333333334	0.010033333332103211	trials	phototagging
11275.8174	0.01003333333574119	trials	phototagging
11275.917466666666	0.01003333333574119	trials	phototagging
11276.01756666667	0.00999999999839929	trials	phototagging
11276.117633333335	0.00999999999839929	trials	phototagging
11276.217700000001	0.00999999999839929	trials	phototagging
11276.317766666667	0.010000000002037268	trials	phototagging
11286.4248	0.005000000001018634	trials	phototagging
11287.425500000001	0.005000000001018634	trials	phototagging
11288.426200000002	0.004999999997380655	trials	phototagging
11289.426900000002	0.004999999997380655	trials	phototagging
11290.427566666669	0.004999999997380655	trials	phototagging
11291.428266666666	0.005033333334722556	trials	phototagging
11292.428966666666	0.005000000001018634	trials	phototagging
11293.429666666667	0.005000000001018634	trials	phototagging
11294.430366666667	0.005000000001018634	trials	phototagging
11295.431066666668	0.005000000001018634	trials	phototagging
11296.431766666668	0.004999999997380655	trials	phototagging
11297.432466666669	0.004999999997380655	trials	phototagging
11298.433166666666	0.005000000001018634	trials	phototagging
11299.433866666666	0.005000000001018634	trials	phototagging
11300.434533333333	0.005033333334722556	trials	phototagging
11301.435233333334	0.005033333334722556	trials	phototagging
11302.435933333334	0.005000000001018634	trials	phototagging
11303.436633333335	0.005000000001018634	trials	phototagging
11304.437333333335	0.004999999997380655	trials	phototagging
11305.438033333336	0.004999999997380655	trials	phototagging
11306.438733333332	0.005000000001018634	trials	phototagging
11307.4394	0.005033333334722556	trials	phototagging
11308.4401	0.005033333334722556	trials	phototagging
11309.4408	0.005000000001018634	trials	phototagging
11310.4415	0.005000000001018634	trials	phototagging
11311.442200000001	0.005000000001018634	trials	phototagging
11312.442900000002	0.004999999997380655	trials	phototagging
11313.443600000002	0.004999999997380655	trials	phototagging
11314.4443	0.005000000001018634	trials	phototagging
11315.445	0.005000000001018634	trials	phototagging
11326.452666666668	0.005000000001018634	trials	phototagging
11327.453333333335	0.005033333331084577	trials	phototagging
11328.454066666669	0.004999999997380655	trials	phototagging
11329.454733333336	0.005033333331084577	trials	phototagging
11330.455433333333	0.005033333334722556	trials	phototagging
11331.456133333333	0.005000000001018634	trials	phototagging
11332.456833333334	0.005000000001018634	trials	phototagging
11333.457533333334	0.005000000001018634	trials	phototagging
11334.458233333335	0.005000000001018634	trials	phototagging
11335.458933333335	0.004999999997380655	trials	phototagging
11336.459633333336	0.004999999997380655	trials	phototagging
11337.460300000002	0.005033333331084577	trials	phototagging
11338.461	0.005033333334722556	trials	phototagging
11339.4617	0.005000000001018634	trials	phototagging
11340.4624	0.005033333334722556	trials	phototagging
11341.4631	0.005000000001018634	trials	phototagging
11342.463800000001	0.005000000001018634	trials	phototagging
11343.464500000002	0.004999999997380655	trials	phototagging
11344.465200000002	0.004999999997380655	trials	phototagging
11345.4659	0.005000000001018634	trials	phototagging
11346.466566666666	0.005033333334722556	trials	phototagging
11347.467266666667	0.005033333334722556	trials	phototagging
11348.467966666667	0.005000000001018634	trials	phototagging
11349.468666666668	0.005000000001018634	trials	phototagging
11350.469366666668	0.005000000001018634	trials	phototagging
11351.470066666669	0.004999999997380655	trials	phototagging
11352.470766666669	0.004999999997380655	trials	phototagging
11353.471466666666	0.005000000001018634	trials	phototagging
11354.472166666666	0.005000000001018634	trials	phototagging
11355.472866666667	0.005000000001018634	trials	phototagging
11366.480500000001	0.010033333332103211	trials	phototagging
11366.580566666667	0.010033333332103211	trials	phototagging
11366.680666666667	0.010000000002037268	trials	phototagging
11366.780733333333	0.010000000002037268	trials	phototagging
11366.880799999999	0.010000000002037268	trials	phototagging
11366.980866666669	0.00999999999839929	trials	phototagging
11367.080933333335	0.00999999999839929	trials	phototagging
11367.181	0.010000000002037268	trials	phototagging
11367.281066666666	0.010000000002037268	trials	phototagging
11367.381133333332	0.010000000002037268	trials	phototagging
11367.481200000002	0.010033333332103211	trials	phototagging
11367.581266666668	0.010033333332103211	trials	phototagging
11367.681366666668	0.00999999999839929	trials	phototagging
11367.781433333334	0.010000000002037268	trials	phototagging
11367.8815	0.010000000002037268	trials	phototagging
11367.98156666667	0.00999999999839929	trials	phototagging
11368.081633333335	0.00999999999839929	trials	phototagging
11368.181700000001	0.00999999999839929	trials	phototagging
11368.281766666667	0.010033333332103211	trials	phototagging
11368.381833333333	0.01003333333574119	trials	phototagging
11368.481900000002	0.010033333332103211	trials	phototagging
11368.581966666668	0.010033333332103211	trials	phototagging
11368.682066666668	0.00999999999839929	trials	phototagging
11368.782133333334	0.00999999999839929	trials	phototagging
11368.8822	0.010000000002037268	trials	phototagging
11368.982266666666	0.010000000002037268	trials	phototagging
11369.082333333336	0.00999999999839929	trials	phototagging
11369.182400000002	0.00999999999839929	trials	phototagging
11369.282466666667	0.00999999999839929	trials	phototagging
11369.382533333333	0.010000000002037268	trials	phototagging
11603.532433333334	0.10006666666595265	trials	phototagging
11604.5331	0.10006666666595265	trials	phototagging
11605.533800000001	0.10006666666595265	trials	phototagging
11606.534500000002	0.10006666666595265	trials	phototagging
11607.535200000002	0.10006666666595265	trials	phototagging
11608.535899999999	0.10006666666959063	trials	phototagging
11609.5366	0.10006666666959063	trials	phototagging
11610.5373	0.10006666666595265	trials	phototagging
11611.537966666667	0.10009999999965657	trials	phototagging
11612.538666666667	0.10009999999965657	trials	phototagging
11613.539366666668	0.10009999999965657	trials	phototagging
11614.540066666668	0.10006666666595265	trials	phototagging
11625.547733333333	0.005000000001018634	trials	phototagging
11625.557733333335	0.004999999997380655	trials	phototagging
11625.567733333333	0.005000000001018634	trials	phototagging
11625.577733333335	0.005033333331084577	trials	phototagging
11625.587766666667	0.005000000001018634	trials	phototagging
11625.597766666666	0.005000000001018634	trials	phototagging
11625.607766666668	0.005000000001018634	trials	phototagging
11625.617766666666	0.005033333334722556	trials	phototagging
11625.627800000002	0.004999999997380655	trials	phototagging
11625.6378	0.005000000001018634	trials	phototagging
11625.647800000002	0.004999999997380655	trials	phototagging
11625.6578	0.005033333334722556	trials	phototagging
11625.667833333333	0.005000000001018634	trials	phototagging
11625.677833333335	0.004999999997380655	trials	phototagging
11625.687833333333	0.005000000001018634	trials	phototagging
11625.697833333335	0.004999999997380655	trials	phototagging
11625.707833333334	0.005033333334722556	trials	phototagging
11625.717833333332	0.005033333334722556	trials	phototagging
11625.727866666668	0.005000000001018634	trials	phototagging
11625.737866666666	0.005000000001018634	trials	phototagging
11625.747866666668	0.004999999997380655	trials	phototagging
11625.757866666667	0.005000000001018634	trials	phototagging
11625.767866666669	0.005033333331084577	trials	phototagging
11625.777900000001	0.005000000001018634	trials	phototagging
11625.7879	0.005000000001018634	trials	phototagging
11625.797900000001	0.005000000001018634	trials	phototagging
11625.8079	0.005033333334722556	trials	phototagging
11625.817900000002	0.005033333331084577	trials	phototagging
11625.827933333334	0.005000000001018634	trials	phototagging
11625.837933333332	0.005000000001018634	trials	phototagging
11635.854900000002	0.00999999999839929	trials	phototagging
11635.954966666668	0.00999999999839929	trials	phototagging
11636.055033333334	0.010033333332103211	trials	phototagging
11636.1551	0.01003333333574119	trials	phototagging
11636.255166666666	0.01003333333574119	trials	phototagging
11636.355233333335	0.010033333332103211	trials	phototagging
11636.455333333335	0.00999999999839929	trials	phototagging
11636.555400000001	0.00999999999839929	trials	phototagging
11636.655466666667	0.010000000002037268	trials	phototagging
11636.755533333333	0.010000000002037268	trials	phototagging
11636.855599999999	0.010000000002037268	trials	phototagging
11636.955666666669	0.010033333332103211	trials	phototagging
11637.055733333335	0.010033333332103211	trials	phototagging
11637.1558	0.010000000002037268	trials	phototagging
11637.255866666666	0.01003333333574119	trials	phototagging
11637.355966666666	0.010000000002037268	trials	phototagging
11637.456033333336	0.00999999999839929	trials	phototagging
11637.556066666668	0.010033333332103211	trials	phototagging
11637.656166666668	0.00999999999839929	trials	phototagging
11637.756233333334	0.010000000002037268	trials	phototagging
11637.8563	0.010000000002037268	trials	phototagging
11637.956366666669	0.00999999999839929	trials	phototagging
11638.056433333335	0.00999999999839929	trials	phototagging
11638.156500000001	0.010033333332103211	trials	phototagging
11638.256566666667	0.010033333332103211	trials	phototagging
11638.356633333333	0.01003333333574119	trials	phototagging
11638.456733333333	0.010000000002037268	trials	phototagging
11638.556800000002	0.00999999999839929	trials	phototagging
11638.656866666668	0.00999999999839929	trials	phototagging
11638.756933333334	0.00999999999839929	trials	phototagging
11648.863933333334	0.005033333334722556	trials	phototagging
11649.864666666668	0.004999999997380655	trials	phototagging
11650.865333333335	0.004999999997380655	trials	phototagging
11651.866033333336	0.005033333331084577	trials	phototagging
11652.866733333332	0.005000000001018634	trials	phototagging
11653.867433333333	0.005000000001018634	trials	phototagging
11654.868133333333	0.005000000001018634	trials	phototagging
11655.868833333334	0.005000000001018634	trials	phototagging
11656.869533333334	0.005000000001018634	trials	phototagging
11657.870233333335	0.004999999997380655	trials	phototagging
11658.870933333335	0.004999999997380655	trials	phototagging
11659.871600000002	0.005033333331084577	trials	phototagging
11660.872299999999	0.005033333334722556	trials	phototagging
11661.873	0.005000000001018634	trials	phototagging
11662.8737	0.005000000001018634	trials	phototagging
11663.8744	0.005000000001018634	trials	phototagging
11664.875100000001	0.005000000001018634	trials	phototagging
11665.875800000002	0.004999999997380655	trials	phototagging
11666.876500000002	0.004999999997380655	trials	phototagging
11667.877166666669	0.005033333331084577	trials	phototagging
11668.877866666666	0.005033333334722556	trials	phototagging
11669.878566666666	0.005000000001018634	trials	phototagging
11670.879266666667	0.005033333334722556	trials	phototagging
11671.879966666667	0.005033333334722556	trials	phototagging
11672.880666666668	0.005000000001018634	trials	phototagging
11673.881366666668	0.004999999997380655	trials	phototagging
11674.882066666669	0.004999999997380655	trials	phototagging
11675.882766666666	0.005000000001018634	trials	phototagging
11676.883466666666	0.005000000001018634	trials	phototagging
11677.884133333333	0.005033333334722556	trials	phototagging
11688.891800000001	0.005033333331084577	trials	phototagging
11689.892500000002	0.004999999997380655	trials	phototagging
11690.893200000002	0.004999999997380655	trials	phototagging
11691.8939	0.005000000001018634	trials	phototagging
11692.8946	0.005000000001018634	trials	phototagging
11693.8953	0.005000000001018634	trials	phototagging
11694.896	0.005000000001018634	trials	phototagging
11695.896666666667	0.005033333334722556	trials	phototagging
11696.897400000002	0.004999999997380655	trials	phototagging
11697.898066666668	0.005033333331084577	trials	phototagging
11698.898766666669	0.004999999997380655	trials	phototagging
11699.899466666666	0.005000000001018634	trials	phototagging
11700.900166666666	0.005000000001018634	trials	phototagging
11701.900866666667	0.005000000001018634	trials	phototagging
11702.901566666667	0.005000000001018634	trials	phototagging
11703.902266666668	0.005000000001018634	trials	phototagging
11704.902933333335	0.005033333331084577	trials	phototagging
11705.903633333335	0.005033333331084577	trials	phototagging
11706.904333333336	0.004999999997380655	trials	phototagging
11707.905033333333	0.005033333334722556	trials	phototagging
11708.905733333333	0.005000000001018634	trials	phototagging
11709.906433333334	0.005000000001018634	trials	phototagging
11710.907133333334	0.005000000001018634	trials	phototagging
11711.907833333335	0.005000000001018634	trials	phototagging
11712.908533333335	0.004999999997380655	trials	phototagging
11713.909233333336	0.004999999997380655	trials	phototagging
11714.909900000002	0.004999999997380655	trials	phototagging
11715.9106	0.005033333334722556	trials	phototagging
11716.9113	0.005000000001018634	trials	phototagging
11717.912	0.005000000001018634	trials	phototagging
11728.919666666668	0.00999999999839929	trials	phototagging
11729.019733333334	0.00999999999839929	trials	phototagging
11729.1198	0.010033333332103211	trials	phototagging
11729.219866666666	0.01003333333574119	trials	phototagging
11729.319933333332	0.01003333333574119	trials	phototagging
11729.420000000002	0.010033333332103211	trials	phototagging
11729.520100000002	0.00999999999839929	trials	phototagging
11729.620166666668	0.00999999999839929	trials	phototagging
11729.720233333333	0.010000000002037268	trials	phototagging
11729.8203	0.010000000002037268	trials	phototagging
11729.920366666669	0.00999999999839929	trials	phototagging
11730.020433333335	0.00999999999839929	trials	phototagging
11730.1205	0.00999999999839929	trials	phototagging
11730.220566666667	0.010000000002037268	trials	phototagging
11730.320633333333	0.01003333333574119	trials	phototagging
11730.420700000002	0.010033333332103211	trials	phototagging
11730.520766666668	0.010033333332103211	trials	phototagging
11730.620833333334	0.010033333332103211	trials	phototagging
11730.7209	0.010033333332103211	trials	phototagging
11730.821	0.010000000002037268	trials	phototagging
11730.921066666666	0.010000000002037268	trials	phototagging
11731.021133333335	0.00999999999839929	trials	phototagging
11731.121200000001	0.00999999999839929	trials	phototagging
11731.221266666667	0.00999999999839929	trials	phototagging
11731.321333333333	0.010000000002037268	trials	phototagging
11731.4214	0.010000000002037268	trials	phototagging
11731.521466666669	0.010033333332103211	trials	phototagging
11731.621533333335	0.010033333332103211	trials	phototagging
11731.7216	0.010033333332103211	trials	phototagging
11731.821666666667	0.01003333333574119	trials	phototagging
11741.9287	0.005033333334722556	trials	phototagging
11742.929433333335	0.005000000001018634	trials	phototagging
11743.930100000001	0.005033333331084577	trials	phototagging
11744.930800000002	0.005033333331084577	trials	phototagging
11745.931500000002	0.004999999997380655	trials	phototagging
11746.9322	0.005000000001018634	trials	phototagging
11747.9329	0.005000000001018634	trials	phototagging
11748.9336	0.005000000001018634	trials	phototagging
11749.9343	0.005000000001018634	trials	phototagging
11750.934966666668	0.005033333334722556	trials	phototagging
11751.935700000002	0.004999999997380655	trials	phototagging
11752.936366666669	0.004999999997380655	trials	phototagging
11753.93706666667	0.005033333331084577	trials	phototagging
11754.937766666666	0.005000000001018634	trials	phototagging
11755.938466666666	0.005000000001018634	trials	phototagging
11756.939166666667	0.005000000001018634	trials	phototagging
11757.939866666668	0.005000000001018634	trials	phototagging
11758.940566666668	0.005000000001018634	trials	phototagging
11759.941266666669	0.004999999997380655	trials	phototagging
11760.941933333335	0.005033333331084577	trials	phototagging
11761.942666666666	0.005000000001018634	trials	phototagging
11762.943333333333	0.005000000001018634	trials	phototagging
11763.944033333333	0.005000000001018634	trials	phototagging
11764.944733333334	0.005000000001018634	trials	phototagging
11765.945433333334	0.005000000001018634	trials	phototagging
11766.946133333335	0.005000000001018634	trials	phototagging
11767.946833333335	0.004999999997380655	trials	phototagging
11768.947533333336	0.004999999997380655	trials	phototagging
11769.948233333333	0.005000000001018634	trials	phototagging
11770.948933333333	0.005000000001018634	trials	phototagging
11781.956566666668	0.005033333334722556	trials	phototagging
11781.966566666666	0.005033333334722556	trials	phototagging
11781.976600000002	0.004999999997380655	trials	phototagging
11781.9866	0.005000000001018634	trials	phototagging
11781.996600000002	0.004999999997380655	trials	phototagging
11782.0066	0.005033333334722556	trials	phototagging
11782.016633333333	0.005000000001018634	trials	phototagging
11782.026633333335	0.005000000001018634	trials	phototagging
11782.036633333333	0.005000000001018634	trials	phototagging
11782.046633333335	0.005033333331084577	trials	phototagging
11782.056666666667	0.005000000001018634	trials	phototagging
11782.066666666666	0.005000000001018634	trials	phototagging
11782.076666666668	0.005000000001018634	trials	phototagging
11782.086666666666	0.005000000001018634	trials	phototagging
11782.096666666668	0.005033333331084577	trials	phototagging
11782.1067	0.005000000001018634	trials	phototagging
11782.116700000002	0.004999999997380655	trials	phototagging
11782.1267	0.005000000001018634	trials	phototagging
11782.1367	0.005000000001018634	trials	phototagging
11782.146700000001	0.005000000001018634	trials	phototagging
11782.1567	0.005033333334722556	trials	phototagging
11782.166733333335	0.004999999997380655	trials	phototagging
11782.176733333334	0.005000000001018634	trials	phototagging
11782.186733333336	0.004999999997380655	trials	phototagging
11782.196766666668	0.005000000001018634	trials	phototagging
11782.206766666666	0.005000000001018634	trials	phototagging
11782.216766666668	0.004999999997380655	trials	phototagging
11782.226766666667	0.005000000001018634	trials	phototagging
11782.236766666669	0.005033333331084577	trials	phototagging
11782.2468	0.005000000001018634	trials	phototagging
11792.263766666667	0.010000000002037268	trials	phototagging
11792.363833333333	0.010000000002037268	trials	phototagging
11792.463900000002	0.00999999999839929	trials	phototagging
11792.563966666668	0.00999999999839929	trials	phototagging
11792.664033333334	0.00999999999839929	trials	phototagging
11792.7641	0.010000000002037268	trials	phototagging
11792.864166666666	0.01003333333574119	trials	phototagging
11792.964233333332	0.01003333333574119	trials	phototagging
11793.064300000002	0.010033333332103211	trials	phototagging
11793.164366666668	0.010033333332103211	trials	phototagging
11793.264466666667	0.00999999999839929	trials	phototagging
11793.364533333333	0.010000000002037268	trials	phototagging
11793.4646	0.010000000002037268	trials	phototagging
11793.564666666669	0.00999999999839929	trials	phototagging
11793.664733333335	0.00999999999839929	trials	phototagging
11793.7648	0.00999999999839929	trials	phototagging
11793.864866666667	0.010000000002037268	trials	phototagging
11793.964933333333	0.010000000002037268	trials	phototagging
11794.065000000002	0.010033333332103211	trials	phototagging
11794.165066666668	0.010033333332103211	trials	phototagging
11794.265133333334	0.010033333332103211	trials	phototagging
11794.3652	0.010033333332103211	trials	phototagging
11794.4653	0.010000000002037268	trials	phototagging
11794.565366666666	0.010000000002037268	trials	phototagging
11794.665433333335	0.00999999999839929	trials	phototagging
11794.765500000001	0.00999999999839929	trials	phototagging
11794.865566666667	0.00999999999839929	trials	phototagging
11794.965633333333	0.010000000002037268	trials	phototagging
11795.0657	0.010000000002037268	trials	phototagging
11795.165766666669	0.00999999999839929	trials	phototagging
11805.272800000002	0.10006666666595265	trials	phototagging
11806.2735	0.10006666666959063	trials	phototagging
11807.2742	0.10006666666595265	trials	phototagging
11808.2749	0.10006666666595265	trials	phototagging
11809.2756	0.10006666666595265	trials	phototagging
11810.276300000001	0.10006666666595265	trials	phototagging
11811.277000000002	0.10006666666595265	trials	phototagging
11812.277700000002	0.10006666666595265	trials	phototagging
11813.27836666667	0.10009999999965657	trials	phototagging
11814.279066666666	0.10006666666959063	trials	phototagging
11815.279766666667	0.10006666666595265	trials	phototagging
11816.280466666667	0.10006666666595265	trials	phototagging
11827.288133333335	0.004999999997380655	trials	phototagging
11827.298133333334	0.005000000001018634	trials	phototagging
11827.308133333336	0.005033333331084577	trials	phototagging
11827.318166666668	0.005000000001018634	trials	phototagging
11827.328166666666	0.005000000001018634	trials	phototagging
11827.338166666668	0.004999999997380655	trials	phototagging
11827.348166666667	0.005000000001018634	trials	phototagging
11827.358166666669	0.005033333331084577	trials	phototagging
11827.3682	0.005000000001018634	trials	phototagging
11827.3782	0.005000000001018634	trials	phototagging
11827.388200000001	0.005000000001018634	trials	phototagging
11827.3982	0.005033333334722556	trials	phototagging
11827.408233333335	0.004999999997380655	trials	phototagging
11827.418233333334	0.005000000001018634	trials	phototagging
11827.428233333336	0.004999999997380655	trials	phototagging
11827.438233333334	0.005033333334722556	trials	phototagging
11827.448233333333	0.005033333334722556	trials	phototagging
11827.458266666668	0.004999999997380655	trials	phototagging
11827.468266666667	0.005000000001018634	trials	phototagging
11827.478266666669	0.004999999997380655	trials	phototagging
11827.488266666667	0.005000000001018634	trials	phototagging
11827.498266666666	0.005033333334722556	trials	phototagging
11827.508266666668	0.005033333334722556	trials	phototagging
11827.5183	0.005000000001018634	trials	phototagging
11827.528300000002	0.004999999997380655	trials	phototagging
11827.5383	0.005000000001018634	trials	phototagging
11827.548300000002	0.005033333331084577	trials	phototagging
11827.558333333334	0.005000000001018634	trials	phototagging
11827.568333333333	0.005000000001018634	trials	phototagging
11827.578333333335	0.005000000001018634	trials	phototagging
11837.5953	0.10009999999965657	trials	phototagging
11838.596000000001	0.10006666666595265	trials	phototagging
11839.596700000002	0.10006666666595265	trials	phototagging
11840.597400000002	0.10006666666595265	trials	phototagging
11841.5981	0.10006666666959063	trials	phototagging
11842.5988	0.10006666666595265	trials	phototagging
11843.5995	0.10006666666595265	trials	phototagging
11844.6002	0.10006666666595265	trials	phototagging
11845.600900000001	0.10006666666595265	trials	phototagging
11846.601600000002	0.10003333333224873	trials	phototagging
11847.602266666669	0.10009999999965657	trials	phototagging
11848.602966666669	0.10006666666595265	trials	phototagging
11859.610633333334	0.010033333332103211	trials	phototagging
11859.7107	0.010000000002037268	trials	phototagging
11859.810766666666	0.01003333333574119	trials	phototagging
11859.910833333335	0.010033333332103211	trials	phototagging
11860.010900000001	0.010033333332103211	trials	phototagging
11860.110966666667	0.010033333332103211	trials	phototagging
11860.211066666667	0.010000000002037268	trials	phototagging
11860.311133333333	0.010000000002037268	trials	phototagging
11860.411200000002	0.00999999999839929	trials	phototagging
11860.511266666668	0.00999999999839929	trials	phototagging
11860.611333333334	0.00999999999839929	trials	phototagging
11860.7114	0.010000000002037268	trials	phototagging
11860.811466666666	0.010000000002037268	trials	phototagging
11860.911533333336	0.00999999999839929	trials	phototagging
11861.011600000002	0.010033333332103211	trials	phototagging
11861.111666666668	0.010033333332103211	trials	phototagging
11861.211766666667	0.00999999999839929	trials	phototagging
11861.311833333333	0.010000000002037268	trials	phototagging
11861.4119	0.010000000002037268	trials	phototagging
11861.511966666669	0.00999999999839929	trials	phototagging
11861.612033333335	0.00999999999839929	trials	phototagging
11861.7121	0.00999999999839929	trials	phototagging
11861.812166666667	0.010000000002037268	trials	phototagging
11861.912233333333	0.010000000002037268	trials	phototagging
11862.012300000002	0.010033333332103211	trials	phototagging
11862.112366666668	0.010033333332103211	trials	phototagging
11862.212433333334	0.010033333332103211	trials	phototagging
11862.312533333334	0.010000000002037268	trials	phototagging
11862.4126	0.010000000002037268	trials	phototagging
11862.512666666666	0.010000000002037268	trials	phototagging
11872.6197	0.005000000001018634	trials	phototagging
11873.6204	0.005000000001018634	trials	phototagging
11874.6211	0.005000000001018634	trials	phototagging
11875.6218	0.005000000001018634	trials	phototagging
11876.622500000001	0.005000000001018634	trials	phototagging
11877.623200000002	0.004999999997380655	trials	phototagging
11878.623866666669	0.005033333331084577	trials	phototagging
11879.62456666667	0.004999999997380655	trials	phototagging
11880.625266666666	0.005000000001018634	trials	phototagging
11881.625966666666	0.005000000001018634	trials	phototagging
11882.626666666667	0.005000000001018634	trials	phototagging
11883.627366666668	0.005000000001018634	trials	phototagging
11884.628066666668	0.005000000001018634	trials	phototagging
11885.628733333335	0.005033333331084577	trials	phototagging
11886.629433333335	0.005033333331084577	trials	phototagging
11887.630133333336	0.005033333331084577	trials	phototagging
11888.630833333333	0.005033333334722556	trials	phototagging
11889.631533333333	0.005033333334722556	trials	phototagging
11890.632233333334	0.005000000001018634	trials	phototagging
11891.632933333334	0.005000000001018634	trials	phototagging
11892.633633333335	0.005000000001018634	trials	phototagging
11893.634333333335	0.004999999997380655	trials	phototagging
11894.635033333336	0.004999999997380655	trials	phototagging
11895.635733333333	0.005000000001018634	trials	phototagging
11896.636433333333	0.005000000001018634	trials	phototagging
11897.6371	0.005033333334722556	trials	phototagging
11898.637833333334	0.005000000001018634	trials	phototagging
11899.638500000001	0.005033333334722556	trials	phototagging
11900.639200000001	0.005000000001018634	trials	phototagging
11901.639900000002	0.004999999997380655	trials	phototagging
11912.647566666667	0.005000000001018634	trials	phototagging
11913.648266666667	0.005000000001018634	trials	phototagging
11914.648966666668	0.005000000001018634	trials	phototagging
11915.649666666668	0.005000000001018634	trials	phototagging
11916.650366666669	0.004999999997380655	trials	phototagging
11917.651066666669	0.004999999997380655	trials	phototagging
11918.651733333332	0.005000000001018634	trials	phototagging
11919.652433333333	0.005000000001018634	trials	phototagging
11920.653133333333	0.005000000001018634	trials	phototagging
11921.653833333334	0.005000000001018634	trials	phototagging
11922.654533333334	0.005000000001018634	trials	phototagging
11923.655233333335	0.005000000001018634	trials	phototagging
11924.655933333335	0.004999999997380655	trials	phototagging
11925.656633333336	0.004999999997380655	trials	phototagging
11926.657333333333	0.005000000001018634	trials	phototagging
11927.658033333333	0.005000000001018634	trials	phototagging
11928.6587	0.005033333334722556	trials	phototagging
11929.6594	0.005000000001018634	trials	phototagging
11930.660100000001	0.005000000001018634	trials	phototagging
11931.660800000001	0.005000000001018634	trials	phototagging
11932.661500000002	0.004999999997380655	trials	phototagging
11933.662200000002	0.004999999997380655	trials	phototagging
11934.6629	0.005000000001018634	trials	phototagging
11935.6636	0.005000000001018634	trials	phototagging
11936.6643	0.005000000001018634	trials	phototagging
11937.664966666667	0.005033333334722556	trials	phototagging
11938.665666666668	0.005033333334722556	trials	phototagging
11939.666366666668	0.005000000001018634	trials	phototagging
11940.667066666669	0.004999999997380655	trials	phototagging
11941.66776666667	0.004999999997380655	trials	phototagging
11952.675433333334	0.010000000002037268	trials	phototagging
11952.7755	0.010000000002037268	trials	phototagging
11952.875566666666	0.010000000002037268	trials	phototagging
11952.975633333335	0.00999999999839929	trials	phototagging
11953.075700000001	0.010033333332103211	trials	phototagging
11953.175766666667	0.010033333332103211	trials	phototagging
11953.275833333333	0.01003333333574119	trials	phototagging
11953.3759	0.01003333333574119	trials	phototagging
11953.476000000002	0.00999999999839929	trials	phototagging
11953.576066666668	0.00999999999839929	trials	phototagging
11953.676133333334	0.00999999999839929	trials	phototagging
11953.7762	0.010000000002037268	trials	phototagging
11953.876266666666	0.010000000002037268	trials	phototagging
11953.976333333336	0.010033333332103211	trials	phototagging
11954.076400000002	0.00999999999839929	trials	phototagging
11954.176466666668	0.00999999999839929	trials	phototagging
11954.276533333334	0.010033333332103211	trials	phototagging
11954.376633333333	0.010000000002037268	trials	phototagging
11954.4767	0.010000000002037268	trials	phototagging
11954.576766666669	0.00999999999839929	trials	phototagging
11954.676833333335	0.00999999999839929	trials	phototagging
11954.7769	0.00999999999839929	trials	phototagging
11954.876966666667	0.010000000002037268	trials	phototagging
11954.977033333333	0.010000000002037268	trials	phototagging
11955.077100000002	0.00999999999839929	trials	phototagging
11955.177166666668	0.010033333332103211	trials	phototagging
11955.277233333334	0.010033333332103211	trials	phototagging
11955.377333333334	0.010000000002037268	trials	phototagging
11955.477366666666	0.01003333333574119	trials	phototagging
11955.577466666666	0.010000000002037268	trials	phototagging
