onset	duration	nwb_table	trial_type
95.41576666666697	3.68006666666588	trials	port_entry
107.29583333333358	0.31999999999970896	trials	port_entry
107.76583333333292	0.03003333333435876	trials	port_entry
107.88583333333372	0.030000000000654836	trials	port_entry
107.98583333333409	0.08993333333273767	trials	port_entry
108.19583333333321	0.17000000000007276	trials	port_entry
108.40583333333416	0.20999999999912689	trials	port_entry
108.69583333333321	0.17000000000007276	trials	port_entry
108.97583333333387	0.030000000000654836	trials	port_entry
109.11579999999958	0.04006666666828096	trials	port_entry
109.22583333333387	0.049999999999272404	trials	port_entry
110.02583333333314	0.04993333333368355	trials	port_entry
110.15583333333416	0.029999999998835847	trials	port_entry
110.31580000000031	0.7500333333337039	trials	port_entry
111.48589999999967	0.39996666666775127	trials	port_entry
214.44620000000032	0.2799666666669509	trials	port_entry
214.78616666666676	0.0899666666664416	trials	port_entry
215.4361666666664	0.39003333333312185	trials	port_entry
264.71930000000066	6.6599999999998545	trials	port_entry
273.5092999999997	1.500033333333704	trials	reward_stimulus_presentation
274.5092999999997	1.000033333333704	trials	reward_delivery
274.6092666666664	7.250033333333704	trials	port_entry
283.169366666667	3.789966666667169	trials	port_entry
290.58936666666705	0.039999999999054126	trials	port_entry
290.64936666666654	1.0600333333331946	trials	port_entry
293.7893666666678	0.6599999999998545	trials	port_entry
296.21936666666625	27.33010000000104	trials	port_entry
325.70946666666714	11.020033333332321	trials	port_entry
338.4395333333341	3.75	trials	port_entry
344.32956666666723	3.680000000000291	trials	port_entry
354.95956666666643	0.11000000000058208	trials	port_entry
360.89956666666694	11.819999999999709	trials	port_entry
363.5096333333331	13.500033333333704	trials	reward_stimulus_presentation
364.5096333333331	1.0	trials	reward_delivery
376.6096666666672	2.6199999999989814	trials	port_entry
384.9397000000008	4.3799999999992	trials	port_entry
415.77980000000025	0.15999999999985448	trials	port_entry
416.15979999999945	5.21996666666746	trials	port_entry
434.5097999999998	0.06996666666782403	trials	port_entry
434.71976666666706	4.64010000000053	trials	port_entry
442.1898666666675	3.7800333333325398	trials	port_entry
447.7499000000007	0.3099999999994907	trials	port_entry
448.4398666666675	3.4900333333334856	trials	port_entry
453.46993333333376	9.739999999999782	trials	port_entry
453.5099666666665	0.35996666666687815	trials	reward_stimulus_presentation
454.5099333333328	1.0	trials	reward_delivery
463.4999333333344	3.320033333333413	trials	port_entry
468.46993333333376	0.019966666666732635	trials	port_entry
468.7499333333344	0.04993333333186456	trials	port_entry
468.83996666666644	1.8599666666668782	trials	port_entry
496.46006666666653	1.7299999999995634	trials	port_entry
521.9701333333342	2.419966666666369	trials	port_entry
527.3101333333343	0.8699999999989814	trials	port_entry
528.6001333333334	0.019966666666732635	trials	port_entry
528.6401333333342	1.0500333333329763	trials	port_entry
530.1201666666675	1.5	trials	port_entry
532.4601666666676	1.1700000000000728	trials	port_entry
534.1401666666661	0.4600000000009459	trials	port_entry
534.6901666666672	1.3999999999996362	trials	port_entry
538.2601666666669	0.020000000000436557	trials	port_entry
538.4601666666676	0.5599666666657868	trials	port_entry
539.6301666666677	0.5100333333321032	trials	port_entry
541.4002	0.020000000000436557	trials	port_entry
542.9601999999995	8.940033333334213	trials	port_entry
543.5102333333343	20.0	trials	reward_stimulus_presentation
544.5102333333343	0.9998999999988882	trials	reward_delivery
565.7502666666678	2.9399999999986903	trials	port_entry
571.7902666666669	3.6300333333329036	trials	port_entry
580.8203333333331	0.6499999999996362	trials	port_entry
581.4902999999995	0.4099333333342656	trials	port_entry
608.6704000000009	4.780066666666244	trials	port_entry
613.9604333333336	2.90003333333334	trials	port_entry
619.0404666666673	1.5100000000002183	trials	port_entry
621.9004333333341	3.9499999999989086	trials	port_entry
628.510533333334	0.709966666665423	trials	reward_stimulus_presentation
628.8205333333335	9.919966666666369	trials	port_entry
629.510533333334	1.0	trials	reward_delivery
638.8405000000002	3.2500999999992928	trials	port_entry
642.4905666666673	3.7600000000002183	trials	port_entry
647.5905666666677	2.0900000000001455	trials	port_entry
650.1405666666669	3.469999999999345	trials	port_entry
658.8006000000005	3.709999999999127	trials	port_entry
662.9205999999995	1.1000000000003638	trials	port_entry
665.5005999999994	3.0200333333341405	trials	port_entry
670.100566666666	0.680033333333995	trials	port_entry
672.1806666666671	4.579999999999927	trials	port_entry
676.7906666666677	0.12999999999919964	trials	port_entry
676.9706666666661	7.200000000000728	trials	port_entry
686.1906333333336	2.190066666666098	trials	port_entry
689.3207000000002	4.860000000000582	trials	port_entry
694.2707333333328	0.059900000000197906	trials	port_entry
694.9807000000001	2.510033333333922	trials	port_entry
698.6507000000001	0.3899999999994179	trials	port_entry
699.0706666666665	1.1300333333329036	trials	port_entry
703.2506333333331	6.620100000000093	trials	port_entry
710.4007333333338	2.779966666666951	trials	port_entry
713.7607333333344	3.2800666666662437	trials	port_entry
717.8608000000004	5.959999999999127	trials	port_entry
718.5108666666674	20.002399999999398	trials	shock_stimulus_presentation
724.5208000000002	7.210033333332831	trials	port_entry
731.810833333333	4.21003333333465	trials	port_entry
736.0408666666663	2.5099333333346294	trials	port_entry
738.3108666666667	0.3000000000010914	trials	shock_relay
740.9708666666666	10.510033333333922	trials	port_entry
753.5609000000004	0.27000000000043656	trials	port_entry
753.8508999999995	0.030000000000654836	trials	port_entry
754.0709000000006	0.27999999999883585	trials	port_entry
754.4408666666677	0.09003333333203045	trials	port_entry
754.9609	2.2300333333332674	trials	port_entry
757.920900000001	0.029999999998835847	trials	port_entry
758.8008666666665	0.060033333333194605	trials	port_entry
759.1208999999999	3.2700666666678444	trials	port_entry
779.5609999999997	5.140000000001237	trials	port_entry
784.9510000000009	2.429999999998472	trials	port_entry
787.491	0.050000000001091394	trials	port_entry
788.2209999999995	1.6300333333347226	trials	port_entry
789.8909666666677	13.46009999999842	trials	port_entry
803.7710333333343	4.2700333333323215	trials	port_entry
808.2111000000004	4.259966666666514	trials	port_entry
812.8110666666671	0.03996666666716919	trials	port_entry
812.891066666667	0.05999999999949068	trials	port_entry
813.0010333333339	9.800100000000384	trials	port_entry
813.5111333333334	9.71996666666746	trials	reward_stimulus_presentation
814.5110999999997	1.0	trials	reward_delivery
822.8310666666675	0.17006666666566161	trials	port_entry
823.1111000000001	0.6300333333329036	trials	port_entry
824.0311333333339	0.1000000000003638	trials	port_entry
825.1011333333336	2.000033333333704	trials	port_entry
827.3011666666662	4.429966666666587	trials	port_entry
831.9310999999998	1.470033333333049	trials	port_entry
835.1111666666675	0.930000000000291	trials	port_entry
866.9312666666665	4.509966666666514	trials	port_entry
873.6113000000005	6.770000000000437	trials	port_entry
880.801300000001	2.65003333333334	trials	port_entry
883.7513333333336	5.930000000000291	trials	port_entry
889.7513666666673	2.9399666666668054	trials	port_entry
892.7713666666677	0.14996666666593228	trials	port_entry
893.1813333333339	3.870066666666389	trials	port_entry
897.2313666666669	0.360033333334286	trials	port_entry
898.6514000000006	4.25	trials	port_entry
903.0113999999994	20.530066666668063	trials	port_entry
903.5114666666668	20.002066666665996	trials	shock_stimulus_presentation
923.3114999999998	0.3000000000010914	trials	shock_relay
923.5614666666661	0.030000000000654836	trials	port_entry
923.6115000000009	0.09996666666665988	trials	port_entry
925.5614666666661	2.000033333333704	trials	port_entry
927.5914666666667	0.6200333333326853	trials	port_entry
928.281500000001	0.37999999999919964	trials	port_entry
942.6015333333344	4.8799999999992	trials	port_entry
948.2615333333342	5.830066666665516	trials	port_entry
954.4315666666662	3.150000000001455	trials	port_entry
958.1116000000002	2.5200000000004366	trials	port_entry
961.2815333333328	5.680033333333995	trials	port_entry
967.3916000000008	3.1000333333322487	trials	port_entry
970.6416000000008	0.1700333333319577	trials	port_entry
970.8816000000006	12.900066666667044	trials	port_entry
983.5117000000009	1.0799666666662233	trials	reward_stimulus_presentation
984.1916666666675	15.020066666666025	trials	port_entry
984.5116666666672	1.0	trials	reward_delivery
999.2916999999998	0.10003333333406772	trials	port_entry
999.4417333333331	2.25	trials	port_entry
1001.8417000000009	1.1300333333329036	trials	port_entry
1003.1316666666662	0.15006666666704405	trials	port_entry
1003.6217333333334	27.69000000000051	trials	port_entry
1031.5417333333335	0.5501000000003842	trials	port_entry
1032.5318333333344	2.75	trials	port_entry
1035.351833333334	0.10999999999876309	trials	port_entry
1035.551833333333	0.5400000000008731	trials	port_entry
1036.1518333333333	0.1000000000003638	trials	port_entry
1073.5120000000006	20.002766666666503	trials	shock_stimulus_presentation
1083.1419666666661	0.029966666666950914	trials	port_entry
1083.2119666666676	3.3500333333322487	trials	port_entry
1087.1419999999998	2.8999666666677513	trials	port_entry
1090.1820333333344	0.6299999999991996	trials	port_entry
1090.9720333333335	0.049999999999272404	trials	port_entry
1093.3120333333336	0.2999999999992724	trials	shock_relay
1093.452033333333	0.06273333333410847	trials	port_entry
1173.512333333334	20.000033333333704	trials	reward_stimulus_presentation
1174.512333333334	1.0	trials	reward_delivery
1234.692500000001	0.11999999999898137	trials	port_entry
1234.862500000001	11.920033333331958	trials	port_entry
1263.5126333333337	4.999966666666296	trials	reward_stimulus_presentation
1264.5126333333337	0.9999666666662961	trials	reward_delivery
1268.1125666666667	5.020000000000437	trials	port_entry
1273.552600000001	2.2299999999995634	trials	port_entry
1278.1126666666678	0.05999999999949068	trials	port_entry
1278.5026666666672	1.7399999999997817	trials	port_entry
1282.3726666666662	2.680000000000291	trials	port_entry
1285.5126666666674	0.020000000000436557	trials	port_entry
1285.6026666666676	0.23999999999978172	trials	port_entry
1285.9026666666668	0.15999999999985448	trials	port_entry
1286.112633333334	0.029966666666950914	trials	port_entry
1286.2226666666666	0.07999999999992724	trials	port_entry
1286.3225999999995	0.09006666666755336	trials	port_entry
1286.5326666666679	0.049999999999272404	trials	port_entry
1287.4426666666677	0.019999999998617568	trials	port_entry
1287.6126666666678	0.029966666665131925	trials	port_entry
1289.752700000001	0.06999999999970896	trials	port_entry
1289.842700000001	3.8099999999994907	trials	port_entry
1293.9927000000007	0.31999999999970896	trials	port_entry
1294.3526999999995	0.3000000000010914	trials	port_entry
1295.1527000000006	0.020000000000436557	trials	port_entry
1296.2327000000005	0.05999999999949068	trials	port_entry
1296.3626999999997	3.610033333334286	trials	port_entry
1301.4627333333337	3.5499999999992724	trials	port_entry
1322.6628	3.649999999999636	trials	port_entry
1326.4628000000012	0.019999999998617568	trials	port_entry
1326.5028000000002	0.029933333333246992	trials	port_entry
1326.6327999999994	2.0800000000017462	trials	port_entry
1329.0628333333334	0.019966666666732635	trials	port_entry
1329.192766666667	0.05006666666668025	trials	port_entry
1329.6128333333345	3.319966666666005	trials	port_entry
1337.2428333333337	3.6700000000000728	trials	port_entry
1341.4028333333335	2.9500000000007276	trials	port_entry
1345.0428666666667	0.0899666666664416	trials	port_entry
1345.4828666666672	1.7399666666660778	trials	port_entry
1348.3927999999996	0.050000000001091394	trials	port_entry
1348.4828666666672	0.030000000000654836	trials	port_entry
1348.5328000000009	0.23999999999978172	trials	port_entry
1349.892866666667	2.2700000000004366	trials	port_entry
1353.5129333333334	1.669933333332665	trials	reward_stimulus_presentation
1354.5128999999997	1.0	trials	reward_delivery
1354.7829000000002	5.770000000000437	trials	port_entry
1362.0928999999996	1.4800333333332674	trials	port_entry
1390.9030000000002	0.23999999999978172	trials	port_entry
1391.2330000000002	4.240033333333486	trials	port_entry
1399.873066666667	2.6599999999998545	trials	port_entry
1402.953066666667	0.06999999999970896	trials	port_entry
1403.5930666666663	0.4400000000005093	trials	port_entry
1404.6830666666665	7.319999999999709	trials	port_entry
1415.5330666666669	3.5600333333331946	trials	port_entry
1420.3130999999994	0.23000000000138243	trials	port_entry
1420.5931	3.7400333333334856	trials	port_entry
1426.1530999999995	2.7000333333344315	trials	port_entry
1429.3031333333329	0.029933333333246992	trials	port_entry
1430.7030333333332	0.16010000000096625	trials	port_entry
1430.9931333333334	0.610033333334286	trials	port_entry
1431.6231333333344	0.10003333333224873	trials	port_entry
1432.623066666667	5.770099999999729	trials	port_entry
1438.613166666666	2.90003333333334	trials	port_entry
1443.5131999999994	1.029966666666951	trials	port_entry
1443.5132333333331	20.0020999999997	trials	shock_stimulus_presentation
1444.6231666666663	0.029966666666950914	trials	port_entry
1463.313266666666	0.29996666666738747	trials	shock_relay
1469.0532999999996	2.150000000001455	trials	port_entry
1482.3333000000002	0.06999999999970896	trials	port_entry
1482.5233000000007	0.039999999999054126	trials	port_entry
1483.2332333333343	0.07013333333270566	trials	port_entry
1484.0833000000002	0.040000000000873115	trials	port_entry
1484.1833000000006	0.09000000000014552	trials	port_entry
1484.303366666667	0.0699333333341201	trials	port_entry
1499.133366666667	0.030000000000654836	trials	port_entry
1499.4133666666676	0.06999999999970896	trials	port_entry
1499.6433666666671	0.06999999999970896	trials	port_entry
1499.8433666666679	0.060033333333194605	trials	port_entry
1500.0833666666676	0.039999999999054126	trials	port_entry
1500.2633999999998	0.040000000000873115	trials	port_entry
1500.4433666666664	0.040000000000873115	trials	port_entry
1500.6933666666664	0.07999999999992724	trials	port_entry
1500.8933666666671	8.819966666666005	trials	port_entry
1509.9434333333338	0.04989999999997963	trials	port_entry
1510.0133333333342	0.8100999999987835	trials	port_entry
1510.9934000000012	0.75	trials	port_entry
1512.1134000000002	4.799999999999272	trials	port_entry
1517.4634333333343	28.060099999998783	trials	port_entry
1528.513500000001	20.0024333333331	trials	shock_stimulus_presentation
1547.5435333333335	0.9600000000009459	trials	port_entry
1548.313533333334	0.2999999999992724	trials	shock_relay
1549.3035333333337	1.3099999999994907	trials	port_entry
1558.7935666666672	0.21999999999934516	trials	port_entry
1568.1435666666675	0.19996666666520468	trials	port_entry
1590.2136666666665	24.700066666666316	trials	port_entry
1618.5138000000006	20.002699999999095	trials	shock_stimulus_presentation
1622.9537666666674	0.2399666666660778	trials	port_entry
1623.3637666666673	0.05996666666578676	trials	port_entry
1638.3138333333336	0.29993333333368355	trials	shock_relay
1650.4038666666675	5.510000000000218	trials	port_entry
1657.063900000001	3.7699999999986176	trials	port_entry
1660.9139333333333	15.050033333332976	trials	port_entry
1675.9839666666667	0.05999999999949068	trials	port_entry
1676.0639666666666	0.1000000000003638	trials	port_entry
1676.2039666666678	4.370033333332685	trials	port_entry
1680.934000000001	3.5099999999983993	trials	port_entry
1687.984033333334	0.47999999999956344	trials	port_entry
1693.054	1.2000000000007276	trials	port_entry
1694.7840333333334	18.520000000000437	trials	port_entry
1713.514133333334	20.002066666665996	trials	shock_stimulus_presentation
1716.6640666666663	0.03996666666716919	trials	port_entry
1716.884133333333	0.029966666666950914	trials	port_entry
1717.0441333333329	0.050000000001091394	trials	port_entry
1717.114066666667	0.020066666666025412	trials	port_entry
1717.2441	0.07996666666622332	trials	port_entry
1717.4141	0.10996666666687815	trials	port_entry
1717.6041000000005	0.14996666666593228	trials	port_entry
1717.8040333333338	0.11003333333246701	trials	port_entry
1717.9340666666667	1.5100666666676261	trials	port_entry
1719.464133333333	0.050000000001091394	trials	port_entry
1726.1341000000011	0.050033333332976326	trials	port_entry
1727.134133333333	0.07996666666804231	trials	port_entry
1728.5141666666677	0.09996666666665988	trials	port_entry
1728.684133333334	0.4499999999989086	trials	port_entry
1733.3140999999996	0.3000333333347953	trials	shock_relay
1756.5641333333333	0.49006666666718957	trials	port_entry
1761.094266666667	0.7199999999993452	trials	port_entry
1778.5643	0.7299999999995634	trials	port_entry
1794.544366666667	0.7199999999993452	trials	port_entry
1795.2843666666668	0.029966666666950914	trials	port_entry
1795.3443666666662	0.030000000000654836	trials	port_entry
1795.8343666666678	7.269999999998618	trials	port_entry
1803.5144	0.8599333333331742	trials	reward_stimulus_presentation
1803.9743666666673	11.090066666665734	trials	port_entry
1804.5143666666663	1.0	trials	reward_delivery
1815.8344333333334	4.239966666666078	trials	port_entry
1820.5843999999997	2.8800666666666075	trials	port_entry
1823.7244666666666	0.13000000000101863	trials	port_entry
1826.324466666667	11.240033333333486	trials	port_entry
1839.2044999999998	3.0900000000001455	trials	port_entry
1842.4745000000003	0.04996666666738747	trials	port_entry
1845.8245333333343	2.6199999999989814	trials	port_entry
1851.4345666666668	0.9899666666660778	trials	port_entry
1852.894533333334	0.2999999999992724	trials	port_entry
1858.6745666666666	2.3099999999994907	trials	port_entry
1869.9246000000003	1.8299999999999272	trials	port_entry
1880.884633333333	2.5600000000013097	trials	port_entry
1883.5146666666678	0.6699666666663688	trials	reward_stimulus_presentation
1883.7846333333327	8.130033333334723	trials	port_entry
1884.5146333333341	1.0	trials	reward_delivery
1894.004633333334	3.2800333333325398	trials	port_entry
1897.3246666666673	0.15003333333334012	trials	port_entry
1897.5946999999996	0.10996666666687815	trials	port_entry
1898.9047333333328	21.920033333333777	trials	port_entry
1921.794733333334	10.320066666667117	trials	port_entry
1937.9548333333332	4.200000000000728	trials	port_entry
1942.1748333333344	0.09000000000014552	trials	port_entry
1942.4548333333332	4.65003333333334	trials	port_entry
1947.294866666667	23.490033333333486	trials	port_entry
1970.9549000000006	10.820099999999002	trials	port_entry
1973.5149666666675	20.002066666665996	trials	shock_stimulus_presentation
1993.3150333333342	0.2999999999992724	trials	shock_relay
1996.9849666666669	69.85026666666636	trials	port_entry
2067.7252000000008	0.2100333333328308	trials	port_entry
2068.005266666667	4.6599999999998545	trials	port_entry
2073.515333333333	0.6699333333344839	trials	reward_stimulus_presentation
2073.7852666666677	22.880066666666607	trials	port_entry
2074.515300000001	1.0	trials	reward_delivery
2096.7653666666665	2.239966666667897	trials	port_entry
2099.1453666666675	0.02989999999954307	trials	port_entry
2099.3053666666674	23.090066666665734	trials	port_entry
2122.455366666667	2.7100666666665347	trials	port_entry
2125.185433333334	0.07999999999992724	trials	port_entry
2126.4654666666665	5.249966666666296	trials	port_entry
2132.2154666666665	6.830033333333631	trials	port_entry
2140.5554666666667	5.860033333334286	trials	port_entry
2146.515533333333	13.380000000001019	trials	port_entry
2159.965533333334	23.650066666667044	trials	port_entry
2163.5156333333343	20.00266666666539	trials	shock_stimulus_presentation
2183.3156333333336	0.29996666666738747	trials	shock_relay
2184.3856333333333	5.030033333334359	trials	port_entry
2189.555666666667	15.060033333333195	trials	port_entry
2204.655700000001	0.12999999999919964	trials	port_entry
2212.6657333333333	0.6399333333338291	trials	port_entry
2235.2158	3.9900333333334856	trials	port_entry
2239.3958000000002	0.09003333333384944	trials	port_entry
2240.765800000001	1.3699999999989814	trials	port_entry
2242.7057999999997	0.45996666666724195	trials	port_entry
2245.2158	1.4500666666663165	trials	port_entry
2246.6858666666667	1.610000000000582	trials	port_entry
2248.655866666668	2.4199999999982538	trials	port_entry
2253.5159000000003	0.819966666666005	trials	reward_stimulus_presentation
2253.9358666666667	6.300000000001091	trials	port_entry
2254.515933333334	0.9999666666662961	trials	reward_delivery
2262.495866666666	3.1900333333342132	trials	port_entry
2266.6159000000007	1.2199999999993452	trials	port_entry
2269.295900000001	2.0500333333329763	trials	port_entry
2273.725933333333	2.389933333333829	trials	port_entry
2276.195966666666	3.780000000000655	trials	port_entry
2281.8859666666667	2.929933333332883	trials	port_entry
2284.8359666666674	1.9099999999998545	trials	port_entry
2287.286	0.819999999999709	trials	port_entry
2289.4859333333334	0.020000000000436557	trials	port_entry
2290.7860333333338	5.389999999999418	trials	port_entry
2296.3559999999998	1.2800000000006548	trials	port_entry
2297.685933333334	1.8000666666666802	trials	port_entry
2299.5159999999996	0.11000000000058208	trials	port_entry
2299.655966666667	0.19003333333239425	trials	port_entry
2299.946	0.8700000000008004	trials	port_entry
2303.746000000001	2.750033333331885	trials	port_entry
2306.746033333333	1.430033333333995	trials	port_entry
2330.706133333333	5.329966666668042	trials	port_entry
2336.506133333334	0.7600333333321032	trials	port_entry
2339.1161666666667	0.1499999999996362	trials	port_entry
2339.3161666666674	3.8099666666657868	trials	port_entry
2343.486133333334	7.290033333332758	trials	port_entry
2343.5161666666663	0.36996666666709643	trials	reward_stimulus_presentation
2344.5161666666663	1.0	trials	reward_delivery
2351.3762000000006	0.5399999999990541	trials	port_entry
2352.056200000001	0.18000000000029104	trials	port_entry
2352.3662000000004	0.06999999999970896	trials	port_entry
2352.486200000001	0.029933333333246992	trials	port_entry
2352.6962000000003	1.4799999999995634	trials	port_entry
2354.5761999999995	1.430000000000291	trials	port_entry
2358.036133333333	0.04003333333457704	trials	port_entry
2358.3462333333337	0.03993333333346527	trials	port_entry
2358.7962333333344	1.3299999999999272	trials	port_entry
2361.146233333333	0.33993333333455666	trials	port_entry
2362.1762	0.020000000000436557	trials	port_entry
2364.2762000000002	2.070066666667117	trials	port_entry
2369.166266666667	3.7000000000007276	trials	port_entry
2374.916266666667	0.7800000000006548	trials	port_entry
2381.7163	1.1300000000010186	trials	port_entry
2383.3162666666667	0.030000000000654836	trials	port_entry
2383.4763000000003	0.19000000000050932	trials	port_entry
2383.7063	0.569999999999709	trials	port_entry
2384.2963	0.6499999999996362	trials	port_entry
2385.096300000001	1.2199999999993452	trials	port_entry
2386.366233333334	0.07006666666529782	trials	port_entry
2386.586300000001	0.019933333333028713	trials	port_entry
2386.8163000000004	0.05999999999949068	trials	port_entry
2386.916266666667	0.09996666666665988	trials	port_entry
2387.0362999999998	2.0300333333343588	trials	port_entry
2389.386333333334	0.0799333333325194	trials	port_entry
2391.6263	8.100066666667772	trials	port_entry
2399.8963666666677	0.20996666666542296	trials	port_entry
2400.4563666666672	2.139999999999418	trials	port_entry
2404.366366666667	8.450033333332613	trials	port_entry
2412.956400000001	0.06999999999970896	trials	port_entry
2413.0663999999997	11.030000000000655	trials	port_entry
2424.1564	0.030000000000654836	trials	port_entry
2424.3364	1.4800333333332674	trials	port_entry
2425.9164333333338	0.42000000000007276	trials	port_entry
2426.456433333333	0.020000000000436557	trials	port_entry
2428.516433333334	20.0027333333328	trials	shock_stimulus_presentation
2448.316500000001	0.2999999999992724	trials	shock_relay
2448.4765000000007	0.049999999999272404	trials	port_entry
2449.9064666666673	5.420066666665662	trials	port_entry
2455.666533333333	0.020000000000436557	trials	port_entry
2455.706533333334	5.260033333333922	trials	port_entry
2461.0665666666664	0.040000000000873115	trials	port_entry
2461.186566666667	0.05999999999949068	trials	port_entry
2461.686566666667	0.17000000000007276	trials	port_entry
2478.4565999999995	5.680033333333995	trials	port_entry
2484.606633333333	9.09996666666666	trials	port_entry
2494.8066333333336	9.410033333333558	trials	port_entry
2504.246666666668	0.360033333332467	trials	port_entry
2504.626666666667	0.06999999999970896	trials	port_entry
2504.8166666666675	0.029999999998835847	trials	port_entry
2504.866666666667	0.020000000000436557	trials	port_entry
2504.9466666666667	0.40996666666615056	trials	port_entry
2505.8166666666675	3.1900333333323942	trials	port_entry
2509.2067000000006	23.070033333333413	trials	port_entry
2518.5167666666675	18.060033333333195	trials	reward_stimulus_presentation
2519.5167666666675	1.0	trials	reward_delivery
2536.1767333333337	3.959999999999127	trials	port_entry
2540.2167666666664	0.15999999999985448	trials	port_entry
2540.4767666666667	1.1900333333342132	trials	port_entry
2542.096800000001	2.2300333333332674	trials	port_entry
2544.436833333333	0.1000000000003638	trials	port_entry
2546.496766666667	1.3000333333329763	trials	port_entry
2553.2868	0.9700333333330491	trials	port_entry
2562.1468999999997	1.1500000000014552	trials	port_entry
2569.9268666666667	1.3200666666671168	trials	port_entry
2576.5569333333333	1.6200000000008004	trials	port_entry
2580.686966666666	0.5999666666666599	trials	port_entry
2581.3169333333335	5.9500333333326125	trials	port_entry
2587.936966666666	25.840000000000146	trials	port_entry
2613.5170666666672	0.959966666667242	trials	reward_stimulus_presentation
2614.077033333333	7.670033333333777	trials	port_entry
2614.517100000001	0.9999333333325922	trials	reward_delivery
2621.8170666666665	2.260033333333922	trials	port_entry
2627.6170999999995	29.79006666666828	trials	port_entry
2663.397233333333	3.3800000000010186	trials	port_entry
2667.4172333333336	3.8700333333326853	trials	port_entry
2671.447233333334	0.26999999999861757	trials	port_entry
2671.7472333333335	0.020000000000436557	trials	port_entry
2672.187233333334	1.2299999999995634	trials	port_entry
2673.487266666667	0.03996666666716919	trials	port_entry
2673.7972333333328	0.08003333333363116	trials	port_entry
2673.967200000001	1.6600666666654433	trials	port_entry
2675.647266666667	0.07999999999992724	trials	port_entry
2676.9172666666673	0.12999999999919964	trials	port_entry
2677.577266666667	0.05999999999949068	trials	port_entry
2677.657266666667	0.06999999999970896	trials	port_entry
2677.7672666666676	0.019966666666732635	trials	port_entry
2677.807233333333	0.3100333333331946	trials	port_entry
2679.9372666666677	0.25	trials	port_entry
2680.247266666667	4.289999999999054	trials	port_entry
2684.657266666667	4.569999999999709	trials	port_entry
2689.6872999999996	0.22000000000116415	trials	port_entry
2689.927300000001	8.520033333332321	trials	port_entry
2698.977333333334	4.59996666666666	trials	port_entry
2703.517333333333	20.002800000000207	trials	shock_stimulus_presentation
2703.6973333333335	3.2000333333326125	trials	port_entry
2707.127333333334	6.059999999999491	trials	port_entry
2723.3174	0.3000333333329763	trials	shock_relay
2741.3274666666675	4.25	trials	port_entry
2745.757433333334	2.510033333332103	trials	port_entry
2749.2975000000006	1.5399999999990541	trials	port_entry
2751.897500000001	3.0100000000002183	trials	port_entry
2755.2975000000006	3.1700333333337767	trials	port_entry
2760.957533333334	2.109999999998763	trials	port_entry
2763.3375333333333	1.0200333333341405	trials	port_entry
2764.5275	0.2199333333337563	trials	port_entry
2764.8675666666677	0.15999999999985448	trials	port_entry
2769.6375666666663	0.050000000001091394	trials	port_entry
2769.837566666667	0.13999999999941792	trials	port_entry
2770.077566666667	0.13999999999941792	trials	port_entry
2770.3075666666664	0.12000000000080036	trials	port_entry
2770.497566666667	0.17000000000007276	trials	port_entry
2770.7175666666662	0.22000000000116415	trials	port_entry
2770.957566666668	0.05999999999949068	trials	port_entry
2771.0575666666664	0.2000000000007276	trials	port_entry
2771.297566666666	0.7900000000008731	trials	port_entry
2772.1075666666675	0.36999999999898137	trials	port_entry
2772.507566666667	0.05999999999949068	trials	port_entry
2772.5874999999996	2.080033333333631	trials	port_entry
2774.797566666666	0.21000000000094587	trials	port_entry
2776.1475666666665	0.02003333333414048	trials	port_entry
2776.8276000000005	0.039999999999054126	trials	port_entry
2777.057633333334	0.1899666666668054	trials	port_entry
2777.267600000001	0.029933333333246992	trials	port_entry
2777.337566666667	0.18000000000029104	trials	port_entry
2777.547566666666	0.2000000000007276	trials	port_entry
2777.7675666666673	0.790066666666462	trials	port_entry
2778.7576333333345	4.889966666665714	trials	port_entry
2783.517600000001	0.680033333332176	trials	reward_stimulus_presentation
2783.7976	4.739999999999782	trials	port_entry
2784.517600000001	1.0	trials	reward_delivery
2788.737633333334	5.790033333332758	trials	port_entry
2795.0076666666664	20.96003333333465	trials	port_entry
2816.0077	0.029966666666950914	trials	port_entry
2816.2877000000008	0.10003333333224873	trials	port_entry
2817.0576666666675	10.760099999999511	trials	port_entry
2828.0877666666674	0.06999999999970896	trials	port_entry
2828.1777666666676	8.019999999998618	trials	port_entry
2836.2177666666666	0.020000000000436557	trials	port_entry
2836.2577666666675	0.02003333333232149	trials	port_entry
2836.297733333333	0.060033333333194605	trials	port_entry
2836.727766666667	0.020000000000436557	trials	port_entry
2836.7677666666677	5.5200333333323215	trials	port_entry
2842.8477999999996	3.3800000000010186	trials	port_entry
2846.247800000001	6.18006666666588	trials	port_entry
2852.7478666666666	12.329999999999927	trials	port_entry
2865.187900000001	13.909999999999854	trials	port_entry
2873.5179333333344	20.002399999999398	trials	shock_stimulus_presentation
2879.6479	2.040066666666462	trials	port_entry
2882.0379666666668	5.389999999999418	trials	port_entry
2893.3179	0.30006666666668025	trials	shock_relay
2894.518	0.5099666666665144	trials	port_entry
2895.0479333333333	2.750066666667408	trials	port_entry
2898.428	4.829966666666223	trials	port_entry
2903.438	27.59009999999944	trials	port_entry
2931.4081000000006	46.440133333333506	trials	port_entry
2973.518266666668	20.0027333333328	trials	shock_stimulus_presentation
2986.0282666666662	0.3100000000013097	trials	port_entry
2986.3782666666666	0.11000000000058208	trials	port_entry
2986.6182666666664	0.11000000000058208	trials	port_entry
2986.7482666666674	6.7299666666658595	trials	port_entry
2993.318266666667	0.3000333333329763	trials	shock_relay
3040.068433333334	0.09000000000014552	trials	port_entry
3040.328433333334	0.2799666666669509	trials	port_entry
3040.6284333333333	4.590033333333849	trials	port_entry
3046.508466666666	1.0200000000004366	trials	port_entry
3047.5984666666664	0.09000000000014552	trials	port_entry
3063.5185666666675	4.609933333333174	trials	reward_stimulus_presentation
3064.5185666666675	1.0	trials	reward_delivery
3067.7285666666667	7.040000000000873	trials	port_entry
3074.8485666666675	3.0900000000001455	trials	port_entry
3078.3085666666666	1.4400000000005093	trials	port_entry
3081.498566666667	1.5100333333339222	trials	port_entry
3083.918566666667	0.09000000000014552	trials	port_entry
3091.6085999999996	2.0500333333347953	trials	port_entry
3095.6986333333334	1.4799999999995634	trials	port_entry
3097.848633333333	1.2200000000011642	trials	port_entry
3100.188633333333	0.17003333333377668	trials	port_entry
3100.9086333333344	0.23003333333326736	trials	port_entry
3101.558633333334	2.65003333333334	trials	port_entry
3104.3086000000003	0.9100999999991473	trials	port_entry
3105.398666666668	1.9199999999982538	trials	port_entry
3107.518633333333	1.3100666666668985	trials	port_entry
3108.9187	0.11000000000058208	trials	port_entry
3109.6186333333335	1.8900666666668258	trials	port_entry
3115.0586999999996	2.460000000000946	trials	port_entry
3119.9987	3.6900333333342132	trials	port_entry
3123.9487333333345	1.639999999999418	trials	port_entry
3126.5687333333335	0.05999999999949068	trials	port_entry
3126.958733333333	3.4099999999998545	trials	port_entry
3130.998733333334	0.039999999999054126	trials	port_entry
3131.0787666666674	0.019966666666732635	trials	port_entry
3131.1487333333334	0.04996666666738747	trials	port_entry
3131.248733333334	0.049999999999272404	trials	port_entry
3131.3287333333337	0.039999999999054126	trials	port_entry
3131.9487666666664	0.020000000000436557	trials	port_entry
3132.1687666666676	0.019999999998617568	trials	port_entry
3132.4987666666675	4.219999999999345	trials	port_entry
3136.9587666666666	0.03996666666716919	trials	port_entry
3137.048700000001	1.9800999999988562	trials	port_entry
3139.0887999999995	0.6300000000010186	trials	port_entry
3141.6787999999997	18.53003333333436	trials	port_entry
3153.5188333333335	8.220033333333049	trials	reward_stimulus_presentation
3154.5188333333335	1.0	trials	reward_delivery
3161.338866666667	0.6599999999998545	trials	port_entry
3165.1088666666674	0.20999999999912689	trials	port_entry
3165.388866666666	0.9099999999998545	trials	port_entry
3167.9788666666664	0.24003333333348564	trials	port_entry
3168.2388666666666	0.09000000000014552	trials	port_entry
3188.5689666666676	1.8400000000001455	trials	port_entry
3205.999	4.260033333333922	trials	port_entry
3210.399033333333	0.31999999999970896	trials	port_entry
3211.019033333334	1.4899999999997817	trials	port_entry
3212.689033333334	0.15999999999985448	trials	port_entry
3213.3290333333334	3.5599999999994907	trials	port_entry
3217.3289999999997	4.8800666666666075	trials	port_entry
3224.469033333333	3.470033333334868	trials	port_entry
3228.159066666667	1.2999999999992724	trials	port_entry
3229.6390666666666	2.179966666666587	trials	port_entry
3232.589100000001	1.0499666666655685	trials	port_entry
3234.3490666666676	0.039999999999054126	trials	port_entry
3235.7790999999997	6.440000000000509	trials	port_entry
3242.259100000001	0.9799666666658595	trials	port_entry
3243.519166666667	20.0027333333328	trials	shock_stimulus_presentation
3243.5990999999995	0.8200333333334129	trials	port_entry
3252.879133333334	2.640033333333122	trials	port_entry
3256.0791666666664	0.050000000001091394	trials	port_entry
3256.189166666667	7.2999666666673875	trials	port_entry
3263.319166666666	0.3000000000010914	trials	shock_relay
3285.8692666666666	0.3600000000005821	trials	port_entry
3286.2792666666664	1.4799999999995634	trials	port_entry
3290.8192666666673	0.17996666666658712	trials	port_entry
3294.3893000000007	0.6499666666677513	trials	port_entry
3315.339333333335	3.570033333333413	trials	port_entry
3321.1093999999994	0.46996666666746023	trials	port_entry
3326.4894000000004	0.5999999999985448	trials	port_entry
3327.1294	0.11999999999898137	trials	port_entry
3328.519433333333	0.9599666666690609	trials	reward_stimulus_presentation
3329.0794000000005	7.040033333334577	trials	port_entry
3329.519399999999	1.0	trials	reward_delivery
3336.319433333332	3.4500000000007276	trials	port_entry
3340.3394666666663	1.2999999999992724	trials	port_entry
3342.8894666666656	2.9400000000023283	trials	port_entry
3346.4694666666674	0.040000000000873115	trials	port_entry
3346.5894666666663	1.4900000000016007	trials	port_entry
3355.7895000000008	1.6899999999986903	trials	port_entry
3358.009500000002	2.149999999997817	trials	port_entry
3360.319433333332	0.19006666666973615	trials	port_entry
3371.309533333335	1.500033333333704	trials	port_entry
3376.189566666666	1.4400000000023283	trials	port_entry
3380.9195666666656	1.290033333334577	trials	port_entry
3382.4395999999997	1.389966666665714	trials	port_entry
3384.0795666666654	1.080066666669154	trials	port_entry
3385.179533333334	0.18006666666769888	trials	port_entry
3386.8995666666688	0.17999999999665306	trials	port_entry
3387.279566666666	0.06999999999970896	trials	port_entry
3387.3695666666663	0.5100333333357412	trials	port_entry
3387.9295	1.5300999999999476	trials	port_entry
3395.7096	2.6700333333319577	trials	port_entry
3398.6996666666655	0.10000000000218279	trials	port_entry
3398.8196333333344	0.029933333331428003	trials	port_entry
3399.1096666666654	2.1200000000026193	trials	port_entry
3401.3196333333344	0.32999999999810825	trials	port_entry
3402.139633333334	0.020000000000436557	trials	port_entry
3402.1996000000017	0.20003333333079354	trials	port_entry
3402.599666666667	15.790033333334577	trials	port_entry
3418.519699999999	1.0800000000017462	trials	reward_stimulus_presentation
3419.199699999999	8.270066666667844	trials	port_entry
3419.519699999999	1.0	trials	reward_delivery
3428.5796666666665	0.19006666666609817	trials	port_entry
3428.799733333335	1.1000333333322487	trials	port_entry
3429.9297333333325	0.020000000000436557	trials	port_entry
3477.8899	2.7999999999992724	trials	port_entry
3481.7899000000016	1.110033333330648	trials	port_entry
3486.1199333333334	0.8100000000013097	trials	port_entry
3486.949933333335	1.6599999999998545	trials	port_entry
3488.759933333333	0.6599999999998545	trials	port_entry
3489.5698666666667	0.5200666666678444	trials	port_entry
3490.199933333335	0.11999999999898137	trials	port_entry
3490.3699333333334	0.040000000000873115	trials	port_entry
3491.0299333333332	0.13000000000101863	trials	port_entry
3491.229933333334	4.119999999998981	trials	port_entry
3495.3699333333334	0.13999999999941792	trials	port_entry
3495.6498999999985	0.2700666666678444	trials	port_entry
3496.2399333333324	2.650000000001455	trials	port_entry
3500.4400000000005	0.1500000000014552	trials	port_entry
3500.699999999999	0.4400000000023283	trials	port_entry
3501.199966666665	0.1500000000014552	trials	port_entry
3502.42	0.019966666666732635	trials	port_entry
3504.199999999999	0.040000000000873115	trials	port_entry
3504.2599666666665	0.8400333333338494	trials	port_entry
3505.119966666667	0.38003333333472256	trials	port_entry
3505.7199999999993	0.06000000000130967	trials	port_entry
3505.800000000001	1.139999999999418	trials	port_entry
3507.129999999999	0.13999999999941792	trials	port_entry
3507.8499666666667	0.1500000000014552	trials	port_entry
3508.1799666666684	0.050033333332976326	trials	port_entry
3508.279966666667	0.18003333333399496	trials	port_entry
3509.5599999999995	0.3500000000021828	trials	port_entry
3510.6400000000012	2.430000000000291	trials	port_entry
3513.090000000002	10.039999999997235	trials	port_entry
3513.5200333333323	10.319999999999709	trials	reward_stimulus_presentation
3514.5200333333323	1.0	trials	reward_delivery
3523.440033333334	0.020000000000436557	trials	port_entry
3523.5200333333323	2.2000000000007276	trials	port_entry
3526.000033333332	0.15996666666978854	trials	port_entry
3526.180000000002	0.029999999998835847	trials	port_entry
3526.379999999999	0.8800333333347226	trials	port_entry
3528.090033333332	1.3000333333366143	trials	port_entry
3547.4801333333326	0.25	trials	port_entry
3547.8301333333347	2.039999999997235	trials	port_entry
3551.0201333333334	0.3400000000001455	trials	port_entry
3551.5801333333347	0.04003333333093906	trials	port_entry
3551.660133333333	0.10000000000218279	trials	port_entry
3552.9401333333353	7.620033333332685	trials	port_entry
3560.9901666666683	7.079999999998108	trials	port_entry
3568.140166666666	0.15999999999985448	trials	port_entry
3568.660133333333	0.0700666666671168	trials	port_entry
3569.100199999999	9.170033333335596	trials	port_entry
3578.6702333333324	3.720000000001164	trials	port_entry
3582.5502333333334	4.720066666668572	trials	port_entry
3587.3102333333354	0.03003333333253977	trials	port_entry
3587.490233333332	3.4500333333344315	trials	port_entry
3591.0202666666682	0.21999999999752617	trials	port_entry
3591.2802666666666	1.4599999999991269	trials	port_entry
3592.760266666666	1.6500000000014552	trials	port_entry
3594.460266666667	0.43000000000029104	trials	port_entry
3599.5402999999988	0.22000000000116415	trials	port_entry
3599.7902666666687	0.01999999999679858	trials	port_entry
3599.8602333333347	12.59009999999762	trials	port_entry
3603.520333333332	20.002000000000407	trials	shock_stimulus_presentation
3612.480333333335	0.049999999999272404	trials	port_entry
3612.5803333333333	0.09999999999854481	trials	port_entry
3612.7103333333343	8.400033333331521	trials	port_entry
3623.320333333335	0.3000333333329763	trials	shock_relay
3656.3904999999995	3.989933333334193	trials	port_entry
3661.0104666666684	1.8000333333329763	trials	port_entry
3665.1805000000004	4.4099999999998545	trials	port_entry
3681.3805666666685	8.799999999999272	trials	port_entry
3683.5206333333354	8.079966666664404	trials	reward_stimulus_presentation
3684.5206000000017	1.0	trials	reward_delivery
3691.200600000002	0.029933333331428003	trials	port_entry
3691.250600000001	0.47999999999956344	trials	port_entry
3693.570600000001	0.13999999999941792	trials	port_entry
3693.750600000001	1.4099999999998545	trials	port_entry
3698.290633333332	1.9600000000027649	trials	port_entry
3701.150599999999	0.020000000000436557	trials	port_entry
3701.1906	0.020000000000436557	trials	port_entry
3702.1006333333335	0.18999999999869033	trials	port_entry
3702.3906000000006	0.03003333333253977	trials	port_entry
3702.520566666668	29.680166666665173	trials	port_entry
3732.2207	0.06999999999970896	trials	port_entry
3732.320700000002	0.09999999999854481	trials	port_entry
3732.4506666666657	0.04003333333457704	trials	port_entry
3732.5806666666667	0.040000000000873115	trials	port_entry
3733.030733333335	0.15996666666615056	trials	port_entry
3733.2106666666677	1.8400666666675534	trials	port_entry
3735.2907333333333	8.450033333334432	trials	port_entry
3744.070766666666	35.10009999999966	trials	port_entry
3773.5209000000013	20.002699999997276	trials	shock_stimulus_presentation
3781.700866666668	27.57010000000082	trials	port_entry
3793.320866666667	0.2999999999992724	trials	shock_relay
3809.530966666667	0.06000000000130967	trials	port_entry
3809.6709666666666	15.99006666666537	trials	port_entry
3825.9010333333335	21.570066666667117	trials	port_entry
3849.4110999999994	1.6500333333351591	trials	port_entry
3852.651100000001	0.3800333333310846	trials	port_entry
3853.1011333333354	1.389999999999418	trials	port_entry
3854.861133333334	0.20999999999912689	trials	port_entry
3855.1811333333335	0.2000000000007276	trials	port_entry
3855.451133333334	0.049999999999272404	trials	port_entry
3855.581133333335	0.2599999999983993	trials	port_entry
3855.881133333334	0.040000000000873115	trials	port_entry
3861.911133333333	5.690000000002328	trials	port_entry
3867.761199999999	1.6699666666681878	trials	port_entry
3870.1611666666668	1.290033333334577	trials	port_entry
3873.0211666666673	4.610033333334286	trials	port_entry
3873.5212333333347	20.002033333330473	trials	shock_stimulus_presentation
3878.3912	8.78003333333254	trials	port_entry
3893.3212000000003	0.30006666666668025	trials	shock_relay
3906.9012999999995	5.940033333332394	trials	port_entry
3912.9513333333325	0.020000000000436557	trials	port_entry
3913.4312666666683	3.940066666666098	trials	port_entry
3917.591333333332	4.740000000001601	trials	port_entry
3922.4113333333353	0.08003333333181217	trials	port_entry
3922.6013666666677	0.959966666665423	trials	port_entry
3923.6613333333353	1.4800333333332674	trials	port_entry
3925.331400000001	0.6199333333315735	trials	port_entry
3926.141333333335	0.039999999997235136	trials	port_entry
3929.2113666666683	0.05996666666396777	trials	port_entry
3929.4414000000015	4.629966666663677	trials	port_entry
3934.1013666666677	2.1199666666652774	trials	port_entry
3936.2713999999996	19.590066666667553	trials	port_entry
3955.9414666666653	0.040000000000873115	trials	port_entry
3956.2514666666666	7.5900000000001455	trials	port_entry
3963.5215333333344	0.7699666666667326	trials	reward_stimulus_presentation
3963.8914999999997	11.370033333332685	trials	port_entry
3964.5215000000007	1.0	trials	reward_delivery
3975.3115666666654	88.02020000000266	trials	port_entry
4053.521833333334	10.279966666665132	trials	reward_stimulus_presentation
4054.5218000000004	1.0	trials	reward_delivery
4063.401833333335	2.6999666666633857	trials	port_entry
4066.131800000001	16.790066666664643	trials	port_entry
4083.0518666666667	61.58020000000033	trials	port_entry
4143.5221	1.5799333333343384	trials	reward_stimulus_presentation
4144.522066666666	0.9999666666662961	trials	reward_delivery
4144.702066666667	15.080000000001746	trials	port_entry
4159.802133333333	4.420033333335596	trials	port_entry
4164.942166666666	0.30996666666760575	trials	port_entry
4165.282166666666	0.06000000000130967	trials	port_entry
4165.382166666668	0.09000000000014552	trials	port_entry
4165.492166666669	0.12996666666367673	trials	port_entry
4165.872133333332	2.540033333334577	trials	port_entry
4170.6421666666665	0.8400000000001455	trials	port_entry
4171.972166666668	0.6699999999982538	trials	port_entry
4173.742133333335	0.04003333333093906	trials	port_entry
4173.862166666668	0.5999666666648409	trials	port_entry
4174.482133333333	0.220066666668572	trials	port_entry
4174.802133333333	1.110000000000582	trials	port_entry
4193.452266666665	4.690000000002328	trials	port_entry
4198.402266666666	0.040000000000873115	trials	port_entry
4198.882266666666	1.0300000000024738	trials	port_entry
4200.002266666668	0.09999999999854481	trials	port_entry
4201.662266666668	1.4099999999998545	trials	port_entry
4203.272266666669	0.019966666666732635	trials	port_entry
4203.402199999999	0.09006666666755336	trials	port_entry
4203.532266666667	0.029966666665131925	trials	port_entry
4203.772266666669	0.6299999999973807	trials	port_entry
4204.6023000000005	5.660066666667262	trials	port_entry
4210.462300000001	18.390066666666826	trials	port_entry
4228.5224	0.7699666666667326	trials	reward_stimulus_presentation
4228.892366666669	0.049999999999272404	trials	port_entry
4229.032366666668	8.310033333331376	trials	port_entry
4229.522366666666	1.000033333333704	trials	reward_delivery
4237.812366666667	0.049999999999272404	trials	port_entry
4239.082400000001	0.11999999999898137	trials	port_entry
4239.372366666668	0.039999999997235136	trials	port_entry
4239.492366666667	1.1200333333326853	trials	port_entry
4240.7123999999985	0.04993333333550254	trials	port_entry
4241.172400000001	0.2599999999983993	trials	port_entry
4241.872400000002	0.20999999999912689	trials	port_entry
4242.122400000002	0.08999999999650754	trials	port_entry
4252.412399999999	2.440066666666098	trials	port_entry
4255.182466666667	0.020000000000436557	trials	port_entry
4255.332466666669	0.029999999998835847	trials	port_entry
4255.402466666668	0.039999999997235136	trials	port_entry
4256.8224666666665	0.020000000000436557	trials	port_entry
4256.862466666667	0.09999999999854481	trials	port_entry
4258.722466666668	0.25	trials	port_entry
4259.092466666667	1.8699999999989814	trials	port_entry
4261.0224	0.05006666666668025	trials	port_entry
4261.402466666668	0.049999999999272404	trials	port_entry
4263.1924666666655	2.9500333333344315	trials	port_entry
4266.182500000001	0.32999999999810825	trials	port_entry
4266.812500000002	0.12999999999738066	trials	port_entry
4267.512499999999	4.510000000002037	trials	port_entry
4272.172499999999	0.3299333333343384	trials	port_entry
4272.602499999999	1.9099666666661506	trials	port_entry
4274.592500000001	0.15999999999985448	trials	port_entry
4274.772500000001	0.029999999998835847	trials	port_entry
4275.3724999999995	1.4099999999998545	trials	port_entry
4276.842500000001	0.19003333333239425	trials	port_entry
4277.062500000002	0.1099999999969441	trials	port_entry
4277.242466666668	0.0200333333305025	trials	port_entry
4277.592500000001	0.020000000000436557	trials	port_entry
4282.642566666667	0.1899666666649864	trials	port_entry
4285.252533333334	2.110033333334286	trials	port_entry
4287.452533333335	0.039999999997235136	trials	port_entry
4288.142566666667	3.6899333333312825	trials	port_entry
4292.452533333335	0.9699999999975262	trials	port_entry
4295.7826000000005	0.7400000000016007	trials	port_entry
4298.822600000001	25.24006666666537	trials	port_entry
4318.5226999999995	20.00266666666721	trials	shock_stimulus_presentation
4338.322699999999	0.3000333333366143	trials	shock_relay
4339.632733333334	62.09019999999873	trials	port_entry
4401.862933333332	12.02003333333414	trials	port_entry
4413.522999999999	1.1899666666686244	trials	reward_stimulus_presentation
4414.312966666666	0.019966666666732635	trials	port_entry
4414.352966666667	80.68026666666628	trials	port_entry
4414.5229666666655	1.0	trials	reward_delivery
4495.053233333334	10.500033333333704	trials	port_entry
4503.523299999999	2.4900000000016007	trials	reward_stimulus_presentation
4504.523266666665	1.000033333333704	trials	reward_delivery
4505.613266666665	11.880066666668426	trials	port_entry
4517.6833333333325	0.42000000000189175	trials	port_entry
4521.163333333332	0.3100000000013097	trials	port_entry
4521.613333333333	0.2899666666671692	trials	port_entry
4521.923333333334	1.4899666666678968	trials	port_entry
4526.153333333334	0.2999999999992724	trials	port_entry
4526.533266666667	5.210100000000239	trials	port_entry
4531.773366666666	0.2400000000016007	trials	port_entry
4532.033366666668	0.21999999999752617	trials	port_entry
4532.273366666666	35.640133333334234	trials	port_entry
4567.963466666666	61.15020000000004	trials	port_entry
4583.523566666669	20.000033333330066	trials	reward_stimulus_presentation
4584.523533333335	0.9999666666662961	trials	reward_delivery
4629.193666666668	0.3099999999976717	trials	port_entry
4629.5536666666685	0.13999999999941792	trials	port_entry
4629.7936666666665	0.13999999999941792	trials	port_entry
4630.103666666668	0.35996666666687815	trials	port_entry
4630.723633333333	89.11030000000028	trials	port_entry
4673.523900000002	19.999966666666296	trials	reward_stimulus_presentation
4674.523766666667	1.0000666666674078	trials	reward_delivery
4720.113933333332	1.5900666666675534	trials	port_entry
4721.793966666666	0.040000000000873115	trials	port_entry
4722.044	0.6599999999998545	trials	port_entry
4723.263933333334	0.02003333333414048	trials	port_entry
4723.663999999999	0.23000000000320142	trials	port_entry
4723.913966666665	0.8700333333363233	trials	port_entry
4726.563966666667	0.5	trials	port_entry
4727.243966666667	0.20003333333443152	trials	port_entry
4727.743966666667	0.020000000000436557	trials	port_entry
4727.903966666667	1.540033333334577	trials	port_entry
4729.854000000001	1.2599999999983993	trials	port_entry
4745.584066666668	3.0799666666644043	trials	port_entry
4748.734066666666	0.04990000000179862	trials	port_entry
4748.824033333332	0.09000000000014552	trials	port_entry
4748.944033333335	0.11996666666527744	trials	port_entry
4749.264066666668	0.3899999999994179	trials	port_entry
4750.454033333333	1.5600666666650795	trials	port_entry
4754.7741000000005	2.1599999999998545	trials	port_entry
4757.2541	1.3499999999985448	trials	port_entry
4759.084100000002	1.569999999999709	trials	port_entry
4761.294100000001	0.47999999999956344	trials	port_entry
4761.814100000001	0.019966666666732635	trials	port_entry
4762.104099999999	0.020133333335252246	trials	port_entry
4773.524200000002	20.002300000000105	trials	shock_stimulus_presentation
4792.904199999999	0.07003333333341288	trials	port_entry
4793.064133333335	0.4200666666656616	trials	port_entry
4793.324200000001	0.2999666666655685	trials	shock_relay
4830.004333333332	2.600000000002183	trials	port_entry
4832.924333333334	0.040000000000873115	trials	port_entry
4833.174333333334	0.09999999999854481	trials	port_entry
4833.294266666666	0.1700666666692996	trials	port_entry
4833.894333333332	2.530000000002474	trials	port_entry
4840.424400000002	0.19999999999708962	trials	port_entry
4843.134366666667	0.08003333333181217	trials	port_entry
4843.254366666666	0.4000333333351591	trials	port_entry
4843.674400000002	0.01999999999679858	trials	port_entry
4843.854400000002	0.029999999998835847	trials	port_entry
4844.1844	0.33000000000174623	trials	port_entry
4844.904400000001	0.5999999999985448	trials	port_entry
4846.124399999999	2.720000000001164	trials	port_entry
4850.3444	0.9399999999986903	trials	port_entry
4851.334333333334	0.7300666666669713	trials	port_entry
4854.0743999999995	0.049999999999272404	trials	port_entry
4855.304433333333	1.9699666666674602	trials	port_entry
4857.654433333335	0.039999999997235136	trials	port_entry
4857.764433333332	0.0699333333359391	trials	port_entry
4858.224433333335	2.469999999997526	trials	port_entry
4860.864366666667	1.7901000000019849	trials	port_entry
4862.774433333334	0.639966666665714	trials	port_entry
4863.524466666668	1.0199666666667326	trials	reward_stimulus_presentation
4864.144433333333	5.970033333334868	trials	port_entry
4864.524433333334	1.0	trials	reward_delivery
4870.154433333335	0.23003333333326736	trials	port_entry
4870.444466666666	2.4400333333360322	trials	port_entry
4872.974466666668	0.01999999999679858	trials	port_entry
4874.074466666667	0.060033333335013594	trials	port_entry
4874.164466666667	0.11999999999898137	trials	port_entry
4875.914466666667	0.11999999999898137	trials	port_entry
4876.064433333335	2.970066666664934	trials	port_entry
4879.074433333333	0.5500666666666802	trials	port_entry
4879.984433333333	0.029999999998835847	trials	port_entry
4880.434500000001	3.569999999999709	trials	port_entry
4884.504500000001	3.7399999999979627	trials	port_entry
4888.294500000002	0.16999999999825377	trials	port_entry
4888.494499999999	0.060033333335013594	trials	port_entry
4889.1445	1.0600333333350136	trials	port_entry
4892.2845333333335	0.020000000000436557	trials	port_entry
4892.644533333334	4.159966666666151	trials	port_entry
4897.0345	0.04003333333457704	trials	port_entry
4897.624533333334	0.30996666666760575	trials	port_entry
4898.014533333333	4.460033333332831	trials	port_entry
4902.574500000001	6.27009999999791	trials	port_entry
4909.0646	1.7699666666667326	trials	port_entry
4914.514633333334	0.569999999999709	trials	port_entry
4915.364633333333	3.959966666669061	trials	port_entry
4919.554600000001	20.330066666665516	trials	port_entry
4940.6246999999985	4.530033333336178	trials	port_entry
4945.254766666667	0.019966666666732635	trials	port_entry
4946.084733333335	0.37999999999738066	trials	port_entry
4946.574733333333	2.709999999999127	trials	port_entry
4950.594733333333	0.029999999998835847	trials	port_entry
4950.984733333333	0.030000000002473826	trials	port_entry
4951.354733333335	0.11999999999898137	trials	port_entry
4951.514733333335	0.06999999999970896	trials	port_entry
4951.834733333335	7.180033333330357	trials	port_entry
4953.524766666667	20.00203333333411	trials	shock_stimulus_presentation
4973.324766666667	0.30006666666668025	trials	shock_relay
4975.494833333332	88.0002999999997	trials	port_entry
5043.525100000001	20.00233333333381	trials	shock_stimulus_presentation
5063.325066666666	0.30006666666668025	trials	shock_relay
5077.675166666666	4.069999999999709	trials	port_entry
5083.365133333335	5.419999999998254	trials	port_entry
5090.7051999999985	6.220033333334868	trials	port_entry
5097.075233333335	1.7899666666671692	trials	port_entry
5102.585266666667	0.17989999999917927	trials	port_entry
5102.825200000001	21.270133333331614	trials	port_entry
5124.7953	2.8500333333322487	trials	port_entry
5128.525366666667	1.3798999999999069	trials	reward_stimulus_presentation
5129.505333333333	7.860033333334286	trials	port_entry
5129.525299999999	1.0	trials	reward_delivery
5138.595366666666	0.020000000000436557	trials	port_entry
5138.755366666666	0.040000000000873115	trials	port_entry
5139.745366666668	0.019933333333028713	trials	port_entry
5141.585366666668	0.029999999998835847	trials	port_entry
5141.805366666666	0.5200000000004366	trials	port_entry
5145.865366666667	1.2399666666678968	trials	port_entry
5147.335333333334	0.18000000000029104	trials	port_entry
5147.775366666667	0.1299666666673147	trials	port_entry
5150.125366666665	0.08000000000174623	trials	port_entry
5150.745366666668	4.000033333333704	trials	port_entry
5177.375433333333	2.250066666667408	trials	port_entry
5179.705500000002	0.039999999997235136	trials	port_entry
5180.085499999999	0.75	trials	port_entry
5180.8555	0.040000000000873115	trials	port_entry
5180.9655	0.049999999999272404	trials	port_entry
5181.085499999999	0.06000000000130967	trials	port_entry
5181.8955000000005	1.4299666666665871	trials	port_entry
5183.545500000002	0.37999999999738066	trials	port_entry
5191.665466666667	0.21006666666653473	trials	port_entry
5191.905499999999	1.6900333333360322	trials	port_entry
5194.275533333335	0.41999999999825377	trials	port_entry
5195.965533333334	0.20999999999912689	trials	port_entry
5196.215533333334	0.13000000000101863	trials	port_entry
5196.375533333334	0.4000000000014552	trials	port_entry
5199.635533333332	0.4900000000016007	trials	port_entry
5200.185533333335	0.48003333333326736	trials	port_entry
5200.765566666667	0.1500000000014552	trials	port_entry
5200.965566666668	0.34993333333113696	trials	port_entry
5203.045533333332	0.26996666666673264	trials	port_entry
5206.835533333333	1.4800333333332674	trials	port_entry
5208.3856	1.0199666666667326	trials	port_entry
5209.715566666668	0.07999999999810825	trials	port_entry
5210.265600000001	0.3499999999985448	trials	port_entry
5210.955599999999	0.11000000000058208	trials	port_entry
5212.955599999999	0.13000000000101863	trials	port_entry
5213.125600000001	1.569999999999709	trials	port_entry
5214.7256	0.4599999999991269	trials	port_entry
5218.195600000001	10.640033333333122	trials	port_entry
5218.525633333333	0.06996666666600504	trials	reward_stimulus_presentation
5219.525599999999	1.000033333333704	trials	reward_delivery
5228.905633333334	2.0499333333318646	trials	port_entry
5231.235633333332	1.4200000000018917	trials	port_entry
5232.715633333335	0.4499999999970896	trials	port_entry
5233.195633333335	1.7800333333325398	trials	port_entry
5235.025666666666	0.9099666666661506	trials	port_entry
5236.145633333335	1.8000333333329763	trials	port_entry
5238.495666666668	0.029999999998835847	trials	port_entry
5238.605666666668	0.9799999999995634	trials	port_entry
5239.945666666668	0.020000000000436557	trials	port_entry
5240.395666666665	2.400033333335159	trials	port_entry
5242.9557	1.139999999999418	trials	port_entry
5245.1657	0.10000000000218279	trials	port_entry
5245.295700000001	2.2999999999992724	trials	port_entry
5250.505733333333	4.180000000000291	trials	port_entry
5254.905733333335	0.5599999999976717	trials	port_entry
5256.055733333333	0.020000000000436557	trials	port_entry
5256.295733333334	0.5599999999976717	trials	port_entry
5256.925733333335	0.2599999999983993	trials	port_entry
5258.055733333333	0.680000000000291	trials	port_entry
5259.035733333332	0.22000000000116415	trials	port_entry
5260.125733333332	0.5	trials	port_entry
5271.045766666668	0.3399333333327377	trials	port_entry
5271.455766666668	2.2000000000007276	trials	port_entry
5274.8957666666665	0.43003333333399496	trials	port_entry
5275.475800000002	0.0799333333307004	trials	port_entry
5276.685800000001	0.06996666666600504	trials	port_entry
5277.855799999999	2.0799666666680423	trials	port_entry
5280.275766666668	1.4600666666665347	trials	port_entry
5283.095833333335	0.8899333333320101	trials	port_entry
5284.355833333333	0.42000000000189175	trials	port_entry
5286.075833333334	0.6099333333331742	trials	port_entry
5295.9258666666665	1.7600000000020373	trials	port_entry
5300.365833333335	0.08003333333181217	trials	port_entry
5300.485866666668	0.22999999999956344	trials	port_entry
5300.735866666668	0.06999999999970896	trials	port_entry
5303.415900000002	1.4299666666665871	trials	port_entry
5306.195900000001	0.029999999998835847	trials	port_entry
5306.455899999999	1.819999999999709	trials	port_entry
5313.525966666666	20.00233333333381	trials	shock_stimulus_presentation
5333.325933333335	0.3000333333329763	trials	shock_relay
5334.255966666666	0.33003333333545015	trials	port_entry
5334.645966666669	13.830066666665516	trials	port_entry
5348.565933333333	0.11010000000169384	trials	port_entry
5349.256033333333	0.26000000000203727	trials	port_entry
5349.796066666668	11.659999999999854	trials	port_entry
5361.926066666669	4.620033333332685	trials	port_entry
5366.596100000001	3.7700000000004366	trials	port_entry
5370.386133333335	0.029999999998835847	trials	port_entry
5370.486133333334	6.75	trials	port_entry
5379.206133333335	0.15999999999985448	trials	port_entry
5379.386133333335	0.6799999999966531	trials	port_entry
5380.606133333333	0.11000000000058208	trials	port_entry
5380.786133333333	0.20999999999912689	trials	port_entry
5381.026133333335	0.5399333333334653	trials	port_entry
5383.436100000001	0.06006666666507954	trials	port_entry
5383.566133333332	5.000033333333704	trials	port_entry
5388.776166666668	7.8400333333302115	trials	port_entry
5396.826200000001	7.160033333333558	trials	port_entry
5403.526200000002	0.9199999999982538	trials	reward_stimulus_presentation
5404.046199999999	10.240066666669009	trials	port_entry
5404.526233333332	1.0	trials	reward_delivery
5414.366233333332	0.030000000002473826	trials	port_entry
5414.596233333332	22.980100000000675	trials	port_entry
5437.696333333335	0.1099999999969441	trials	port_entry
5438.946333333335	0.06999999999970896	trials	port_entry
5439.056333333332	1.0499666666692065	trials	port_entry
5441.986266666669	0.04006666666464298	trials	port_entry
5446.686366666667	3.540000000000873	trials	port_entry
5452.716399999999	0.13999999999941792	trials	port_entry
5470.6164333333345	4.130033333331085	trials	port_entry
5475.9864333333335	2.4799999999995634	trials	port_entry
5478.526433333334	0.029999999998835847	trials	port_entry
5479.306466666667	3.1699999999982538	trials	port_entry
5482.636466666669	20.88006666666479	trials	port_entry
5483.526466666668	20.001966666666704	trials	shock_stimulus_presentation
5503.326466666667	0.30006666666668025	trials	shock_relay
5503.686533333335	2.0600333333313756	trials	port_entry
5505.796533333332	0.7800333333361777	trials	port_entry
5506.676566666667	1.4000000000014552	trials	port_entry
5508.156533333333	65.89023333333535	trials	port_entry
5573.5268000000015	1.0299999999988358	trials	reward_stimulus_presentation
5574.156799999999	0.3299333333343384	trials	port_entry
5574.516766666666	0.0699333333359391	trials	port_entry
5574.5268000000015	1.0	trials	reward_delivery
5574.8968	0.07996666666804231	trials	port_entry
5575.296800000002	0.06996666666600504	trials	port_entry
5575.8768	0.04993333333186456	trials	port_entry
5575.9668	9.78003333333254	trials	port_entry
5585.766766666666	1.8000333333329763	trials	port_entry
5587.596733333334	35.76016666666692	trials	port_entry
5623.4269	0.22006666666493402	trials	port_entry
5624.166966666666	2.4500000000007276	trials	port_entry
5626.676933333334	0.30996666666760575	trials	port_entry
5627.1169666666665	38.34013333333496	trials	port_entry
5665.507100000001	0.36999999999898137	trials	port_entry
5665.917100000001	0.7099999999991269	trials	port_entry
5666.667066666667	0.03003333333253977	trials	port_entry
5666.727100000002	0.039999999997235136	trials	port_entry
5666.7871	2.180000000000291	trials	port_entry
5669.087099999999	0.08000000000174623	trials	port_entry
5669.507100000001	5.069999999999709	trials	port_entry
5673.527133333335	1.4699000000000524	trials	reward_stimulus_presentation
5674.527133333335	0.9999666666662961	trials	reward_delivery
5674.597066666667	0.08003333333181217	trials	port_entry
5674.727100000002	1.3999999999978172	trials	port_entry
5677.347133333335	6.229999999999563	trials	port_entry
5683.657133333332	0.4900000000016007	trials	port_entry
5685.117166666669	1.9099999999998545	trials	port_entry
5688.907133333332	1.610000000000582	trials	port_entry
5690.5871333333325	0.030033333336177748	trials	port_entry
5690.647133333334	0.25	trials	port_entry
5690.917066666667	0.05006666666668025	trials	port_entry
5691.037133333333	0.1500000000014552	trials	port_entry
5691.827166666668	0.05996666666760575	trials	port_entry
5691.927133333333	0.08003333333545015	trials	port_entry
5692.097133333335	2.960033333332831	trials	port_entry
5695.197166666667	0.8499999999985448	trials	port_entry
5696.077133333334	23.6301666666659	trials	port_entry
5719.727233333333	0.11999999999898137	trials	port_entry
5719.987200000001	0.10003333333224873	trials	port_entry
5720.967233333335	0.39003333333312185	trials	port_entry
5723.097266666666	1.680000000000291	trials	port_entry
5729.787300000002	2.9099999999998545	trials	port_entry
5732.757299999999	0.2400000000016007	trials	port_entry
5733.257299999999	0.040000000000873115	trials	port_entry
5733.387266666667	1.9900333333353046	trials	port_entry
5735.627300000002	0.39003333333312185	trials	port_entry
5736.1173	1.1299666666673147	trials	port_entry
5737.2972666666665	0.540066666668281	trials	port_entry
5737.887266666667	0.08003333333545015	trials	port_entry
5737.987299999999	0.09996666666847887	trials	port_entry
5738.107333333335	0.07996666666440433	trials	port_entry
5738.3673	0.11999999999898137	trials	port_entry
5741.017300000001	20.380099999998492	trials	port_entry
5761.927399999999	8.190000000002328	trials	port_entry
5763.527433333335	20.002000000000407	trials	shock_stimulus_presentation
5783.327433333334	0.3000333333329763	trials	shock_relay
5784.937466666668	1.6899999999986903	trials	port_entry
5787.347466666668	9.000033333333704	trials	port_entry
5796.367500000002	0.059999999997671694	trials	port_entry
5797.097466666668	0.06009999999878346	trials	port_entry
5797.467533333334	2.4099999999998545	trials	port_entry
5799.907533333333	0.11999999999898137	trials	port_entry
5800.207533333332	1.3100000000013097	trials	port_entry
5802.8075333333345	0.1799333333328832	trials	port_entry
5803.347500000002	0.2700333333305025	trials	port_entry
5803.767533333334	0.040000000000873115	trials	port_entry
5806.467533333334	0.020000000000436557	trials	port_entry
5807.337533333333	0.06999999999970896	trials	port_entry
5807.747533333333	4.7000333333344315	trials	port_entry
5812.647566666668	0.569999999999709	trials	port_entry
5813.487533333335	0.050033333332976326	trials	port_entry
5813.797566666666	0.11000000000058208	trials	port_entry
5813.9775666666665	0.2000000000007276	trials	port_entry
5814.4775666666665	4.729999999999563	trials	port_entry
5819.327533333335	0.13003333333108458	trials	port_entry
5819.527566666666	1.2100000000027649	trials	port_entry
5820.837566666667	0.6199999999989814	trials	port_entry
5822.207533333332	0.45006666666813544	trials	port_entry
5822.757566666665	32.80013333333409	trials	port_entry
5853.527700000001	20.002300000000105	trials	shock_stimulus_presentation
5865.707666666667	0.049999999999272404	trials	port_entry
5866.017733333332	0.08000000000174623	trials	port_entry
5866.267733333332	2.350000000002183	trials	port_entry
5869.717699999999	0.04003333333457704	trials	port_entry
5869.777733333334	3.709966666665423	trials	port_entry
5873.327766666667	0.2999999999992724	trials	shock_relay
5883.727766666669	0.08999999999650754	trials	port_entry
5884.017733333332	0.33003333333545015	trials	port_entry
5884.907799999999	0.040000000000873115	trials	port_entry
5886.2378333333345	0.1299333333336108	trials	port_entry
5886.5378	9.620033333332685	trials	port_entry
5896.367833333332	0.09000000000014552	trials	port_entry
5896.507833333335	2.4900333333316667	trials	port_entry
5899.387833333332	45.00016666666852	trials	port_entry
5943.528	1.9199999999982538	trials	reward_stimulus_presentation
5944.528033333334	0.9999666666662961	trials	reward_delivery
5945.048000000001	0.06999999999970896	trials	port_entry
5945.478000000001	0.06999999999970896	trials	port_entry
5945.5779999999995	0.049999999999272404	trials	port_entry
5946.048000000001	5.700000000000728	trials	port_entry
5951.968033333333	0.11000000000058208	trials	port_entry
5952.1280333333325	0.08000000000174623	trials	port_entry
5952.428000000002	0.07999999999810825	trials	port_entry
5953.748033333335	29.680033333330357	trials	port_entry
5983.6981	6.840033333333849	trials	port_entry
5990.718133333334	12.779966666665132	trials	port_entry
6003.518166666667	2.820033333333413	trials	port_entry
6006.918200000002	0.059999999997671694	trials	port_entry
6008.638199999999	6.790033333334577	trials	port_entry
6017.038200000001	0.18999999999869033	trials	port_entry
6017.278199999999	0.03996666666716919	trials	port_entry
6017.378233333335	12.21003333333283	trials	port_entry
6028.5283	1.6099333333331742	trials	reward_stimulus_presentation
6029.528199999999	1.000033333333704	trials	reward_delivery
6029.738233333335	0.04996666666556848	trials	port_entry
6029.908300000001	0.14993333333404735	trials	port_entry
6030.088300000001	85.13026666666701	trials	port_entry
6116.078566666665	0.019933333336666692	trials	port_entry
6116.178566666667	22.340066666667553	trials	port_entry
6118.528633333333	20.0022666666664	trials	shock_stimulus_presentation
6138.328633333333	0.3000333333329763	trials	shock_relay
6147.0686000000005	1.9200333333319577	trials	port_entry
6149.118666666667	0.03003333333253977	trials	port_entry
6149.1686666666665	0.2399666666678968	trials	port_entry
6150.138666666668	1.2300333333332674	trials	port_entry
6153.888700000001	2.0799999999981083	trials	port_entry
6173.798733333335	1.9599999999991269	trials	port_entry
6175.818733333335	0.13999999999941792	trials	port_entry
6176.618700000001	0.02003333333414048	trials	port_entry
6177.068766666665	0.020000000000436557	trials	port_entry
6177.108733333333	0.5100333333357412	trials	port_entry
6177.898766666667	0.5	trials	port_entry
6179.938700000001	0.0400999999983469	trials	port_entry
6180.028800000002	0.09996666666484089	trials	port_entry
6180.158733333332	0.18003333333399496	trials	port_entry
6180.7888	0.6299666666673147	trials	port_entry
6181.828766666667	8.240033333331667	trials	port_entry
6190.1088	23.670099999999366	trials	port_entry
6213.528866666666	0.7100333333364688	trials	reward_stimulus_presentation
6213.838833333333	0.2700333333341405	trials	port_entry
6214.198900000001	0.059999999997671694	trials	port_entry
6214.528899999999	1.0	trials	reward_delivery
6214.8789000000015	12.47003333333123	trials	port_entry
6228.948933333335	0.059999999997671694	trials	port_entry
6229.968933333335	15.16003333332992	trials	port_entry
6245.8589666666685	72.22023333333345	trials	port_entry
6303.529166666665	20.001900000002934	trials	shock_stimulus_presentation
6318.109200000001	0.029999999998835847	trials	port_entry
6318.219200000001	5.410033333333558	trials	port_entry
6323.329233333332	0.3000000000029104	trials	shock_relay
6334.489266666666	0.1500000000014552	trials	port_entry
6334.739266666666	0.06000000000130967	trials	port_entry
6334.929266666668	0.5999999999985448	trials	port_entry
6335.999266666668	0.09999999999854481	trials	port_entry
6336.509266666666	0.17000000000189175	trials	port_entry
6336.999266666668	0.15996666666615056	trials	port_entry
6337.569266666667	0.1899666666649864	trials	port_entry
6337.799266666667	1.7799999999988358	trials	port_entry
6339.729300000001	0.049999999999272404	trials	port_entry
6339.799300000001	0.049999999999272404	trials	port_entry
6341.519300000002	0.07999999999810825	trials	port_entry
6342.1193	3.8800333333347226	trials	port_entry
6347.329333333333	0.30996666666760575	trials	port_entry
6347.669266666666	0.18006666666769888	trials	port_entry
6347.899333333333	0.07996666666804231	trials	port_entry
6348.629333333332	0.08000000000174623	trials	port_entry
6348.889333333334	0.15999999999985448	trials	port_entry
6349.119333333334	0.18999999999869033	trials	port_entry
6349.5993	5.130033333334723	trials	port_entry
6355.029266666666	3.2800666666662437	trials	port_entry
6358.909333333335	0.09999999999854481	trials	port_entry
6359.059333333333	0.4400000000023283	trials	port_entry
6359.549333333334	0.040000000000873115	trials	port_entry
6359.869333333334	0.020000000000436557	trials	port_entry
6361.309366666666	0.43000000000029104	trials	port_entry
6361.859366666666	0.020000000000436557	trials	port_entry
6362.159366666669	0.049999999999272404	trials	port_entry
6362.789366666666	2.8100000000013097	trials	port_entry
6365.749366666669	18.050033333332976	trials	port_entry
6383.529433333335	1.639966666665714	trials	reward_stimulus_presentation
6384.529433333335	1.0	trials	reward_delivery
6384.769433333333	0.0899666666664416	trials	port_entry
6384.899433333334	6.880000000001019	trials	port_entry
6391.7994666666655	0.06996666666964302	trials	port_entry
6391.939433333335	0.15003333333152113	trials	port_entry
6392.119400000001	0.07003333333341288	trials	port_entry
6392.749466666666	0.030000000002473826	trials	port_entry
6392.949466666667	0.16999999999825377	trials	port_entry
6393.389466666666	0.05993333333390183	trials	port_entry
6393.589466666666	4.729999999999563	trials	port_entry
6398.599500000002	3.0499999999992724	trials	port_entry
6401.7294999999995	0.04996666666920646	trials	port_entry
6402.2495	0.26996666666673264	trials	port_entry
6402.5594666666675	0.02003333333414048	trials	port_entry
6402.599466666668	0.01999999999679858	trials	port_entry
6402.639533333333	0.14993333333404735	trials	port_entry
6402.829500000002	0.06999999999970896	trials	port_entry
6402.949500000001	0.09000000000014552	trials	port_entry
6403.199500000001	0.03996666666716919	trials	port_entry
6403.699500000001	0.18000000000029104	trials	port_entry
6404.029499999999	1.9500000000007276	trials	port_entry
6406.059500000001	2.680033333333995	trials	port_entry
6408.899533333335	0.01999999999679858	trials	port_entry
6408.949533333334	0.03993333333346527	trials	port_entry
6409.009533333332	0.08000000000174623	trials	port_entry
6409.209533333333	0.019966666666732635	trials	port_entry
6415.779566666666	0.09996666666847887	trials	port_entry
6415.959533333333	2.2299999999995634	trials	port_entry
6418.579533333335	0.12999999999738066	trials	port_entry
6420.409566666667	0.07999999999810825	trials	port_entry
6420.599533333332	4.169966666668188	trials	port_entry
6428.579599999999	2.180000000000291	trials	port_entry
6442.579599999999	4.960066666666535	trials	port_entry
6447.919633333333	0.23003333333326736	trials	port_entry
6448.349666666667	0.020000000000436557	trials	port_entry
6448.719666666666	0.030000000002473826	trials	port_entry
6448.809666666666	7.7999666666692065	trials	port_entry
6456.639633333334	0.09000000000014552	trials	port_entry
6456.749633333335	0.9800666666669713	trials	port_entry
6457.759633333333	0.1500333333351591	trials	port_entry
6457.9697	0.02993333333506598	trials	port_entry
6458.069633333334	0.06999999999970896	trials	port_entry
6458.199633333335	0.20003333333079354	trials	port_entry
6459.469666666666	2.390033333333122	trials	port_entry
6461.879666666666	0.02003333333414048	trials	port_entry
6462.049700000001	1.0599999999976717	trials	port_entry
6463.1497	0.040000000000873115	trials	port_entry
6463.209733333335	0.06996666666600504	trials	port_entry
6463.519699999999	0.040000000000873115	trials	port_entry
6465.409700000002	0.6099999999969441	trials	port_entry
6466.2197	0.04996666666556848	trials	port_entry
6466.599700000001	1.2599999999983993	trials	port_entry
6467.879666666666	0.360033333334286	trials	port_entry
6468.439700000001	0.06999999999970896	trials	port_entry
6468.589699999999	0.7199666666674602	trials	port_entry
6473.529733333335	1.110000000000582	trials	reward_stimulus_presentation
6474.239733333334	0.029999999998835847	trials	port_entry
6474.289733333333	0.06000000000130967	trials	port_entry
6474.4397333333345	4.890033333333122	trials	port_entry
6474.529766666668	1.0	trials	reward_delivery
6480.289766666667	1.0900000000001455	trials	port_entry
6481.639766666665	0.020000000000436557	trials	port_entry
6481.679766666666	0.06000000000130967	trials	port_entry
6481.829766666668	0.09000000000014552	trials	port_entry
6482.049766666665	0.07000000000334694	trials	port_entry
6485.579766666668	0.1799333333328832	trials	port_entry
6485.789733333333	1.6200333333326853	trials	port_entry
6487.899800000001	0.09993333333113696	trials	port_entry
6488.019733333333	2.7100666666665347	trials	port_entry
6490.899800000001	0.24996666666629608	trials	port_entry
6491.329800000001	0.020000000000436557	trials	port_entry
6491.469800000001	0.06996666666600504	trials	port_entry
6491.559766666667	0.020000000000436557	trials	port_entry
6491.599766666668	0.12003333333268529	trials	port_entry
6491.8398	0.029999999998835847	trials	port_entry
6492.0198	0.05993333333390183	trials	port_entry
6492.099800000002	0.01999999999679858	trials	port_entry
6496.6098	0.5	trials	port_entry
6497.139733333335	0.3400666666639154	trials	port_entry
6497.5198	0.040000000000873115	trials	port_entry
6497.599800000002	0.049999999999272404	trials	port_entry
6497.689800000002	0.029999999998835847	trials	port_entry
6498.209799999999	0.040000000000873115	trials	port_entry
6498.319799999999	0.049999999999272404	trials	port_entry
6498.509800000002	0.07999999999810825	trials	port_entry
6499.4498	0.020000000000436557	trials	port_entry
6505.889766666665	0.03006666666988167	trials	port_entry
6506.049833333333	0.040000000000873115	trials	port_entry
6507.059833333335	0.03003333333253977	trials	port_entry
6510.409833333333	0.139966666665714	trials	port_entry
6511.109833333334	0.11000000000058208	trials	port_entry
6511.329833333335	0.09000000000014552	trials	port_entry
6511.509833333335	0.20999999999912689	trials	port_entry
6516.149833333335	0.029999999998835847	trials	port_entry
6516.309866666668	0.020000000000436557	trials	port_entry
6516.369866666666	0.040000000000873115	trials	port_entry
6516.499866666667	0.15999999999985448	trials	port_entry
6516.799833333333	0.06996666666600504	trials	port_entry
6517.269866666667	0.22999999999956344	trials	port_entry
6517.679833333334	0.020000000000436557	trials	port_entry
6517.889866666666	0.709966666665423	trials	port_entry
6518.639866666666	0.020000000000436557	trials	port_entry
6522.029866666666	7.000033333333704	trials	port_entry
6529.1498666666685	3.930066666664061	trials	port_entry
6533.439899999999	7.9500333333344315	trials	port_entry
6541.819933333334	17.61006666666799	trials	port_entry
6559.709966666667	0.040000000000873115	trials	port_entry
6559.769966666669	15.10013333333336	trials	port_entry
6573.530033333334	20.001966666666704	trials	shock_stimulus_presentation
6578.820066666665	0.4000000000014552	trials	port_entry
6579.250066666666	2.260033333335741	trials	port_entry
6587.800099999999	0.2299666666694975	trials	port_entry
6588.1001000000015	0.06999999999970896	trials	port_entry
6588.210100000002	0.28999999999723514	trials	port_entry
6588.770033333332	4.820066666667117	trials	port_entry
6593.330100000001	0.3000333333329763	trials	shock_relay
6621.650233333332	3.239966666667897	trials	port_entry
6625.560166666668	0.07003333333341288	trials	port_entry
6625.650200000002	0.32999999999810825	trials	port_entry
6626.310200000002	0.22999999999956344	trials	port_entry
6626.560200000002	1.9800333333332674	trials	port_entry
6630.080233333332	0.2400000000016007	trials	port_entry
6630.360233333335	3.889999999999418	trials	port_entry
6637.2603	0.20999999999912689	trials	port_entry
6637.490200000002	4.1300666666647885	trials	port_entry
6642.180266666668	0.03993333333346527	trials	port_entry
6642.260266666666	0.13000000000101863	trials	port_entry
6642.9403	0.02993333333506598	trials	port_entry
6642.990266666666	0.04003333333457704	trials	port_entry
6643.2603	5.720000000001164	trials	port_entry
6649.010333333334	0.06999999999970896	trials	port_entry
6649.100266666666	0.8100333333350136	trials	port_entry
6650.220333333333	1.75	trials	port_entry
6652.1902666666665	0.04006666666828096	trials	port_entry
6654.130333333333	0.049999999999272404	trials	port_entry
6655.940333333334	1.0900000000001455	trials	port_entry
6657.150299999999	0.22999999999956344	trials	port_entry
6657.690333333334	0.05996666666760575	trials	port_entry
6658.270333333332	0.06000000000130967	trials	port_entry
6658.390333333335	0.020000000000436557	trials	port_entry
6658.430300000002	0.6200333333326853	trials	port_entry
6659.300433333332	2.529866666667658	trials	port_entry
6662.270300000002	1.4000333333315211	trials	port_entry
6663.5304000000015	0.6099666666668782	trials	reward_stimulus_presentation
6663.740400000001	7.089966666666442	trials	port_entry
6664.530333333334	1.0000666666674078	trials	reward_delivery
6670.890366666668	0.020000000000436557	trials	port_entry
6684.570433333332	1.4200000000018917	trials	port_entry
6686.020433333333	0.18999999999869033	trials	port_entry
6686.390433333332	2.0800000000017462	trials	port_entry
6690.220433333334	0.13999999999941792	trials	port_entry
6690.380433333334	0.10993333333317423	trials	port_entry
6690.530433333335	0.01999999999679858	trials	port_entry
6691.150433333334	0.2999999999992724	trials	port_entry
6691.490433333334	0.21999999999752617	trials	port_entry
6691.760433333335	0.8900333333331218	trials	port_entry
6692.670433333335	8.400033333331521	trials	port_entry
6701.720466666668	11.290066666664643	trials	port_entry
6730.080566666666	4.490033333335305	trials	port_entry
6734.940566666666	1.430000000000291	trials	port_entry
6736.6006	0.019966666666732635	trials	port_entry
6736.6705999999995	6.0499666666692065	trials	port_entry
6743.000633333335	0.049999999999272404	trials	port_entry
6743.110633333332	0.44993333333331975	trials	port_entry
6743.810633333333	0.2900000000008731	trials	port_entry
6744.190633333334	4.8400000000001455	trials	port_entry
6753.5306666666675	2.959999999999127	trials	reward_stimulus_presentation
6754.5306666666675	1.0	trials	reward_delivery
6756.090666666669	9.47996666666586	trials	port_entry
6765.660600000001	7.090099999997619	trials	port_entry
6773.360699999999	1.3800333333347226	trials	port_entry
6777.550700000002	2.0600333333313756	trials	port_entry
6780.390666666668	0.12003333333268529	trials	port_entry
6780.590699999999	0.9900333333353046	trials	port_entry
6781.760700000001	32.330133333332924	trials	port_entry
6814.260833333332	29.56010000000242	trials	port_entry
6843.5309	0.8300333333354502	trials	reward_stimulus_presentation
6843.960933333334	0.049999999999272404	trials	port_entry
6844.100933333333	30.13010000000213	trials	port_entry
6844.530933333333	1.0	trials	reward_delivery
6875.321033333335	0.039999999997235136	trials	port_entry
6875.431033333332	0.06000000000130967	trials	port_entry
6875.5210333333325	3.819933333335939	trials	port_entry
6885.511033333334	0.3100333333313756	trials	port_entry
6885.871066666668	5.690033333332394	trials	port_entry
6894.351066666668	4.649999999997817	trials	port_entry
6899.481066666665	11.89010000000053	trials	port_entry
6911.991133333335	18.500099999997474	trials	port_entry
6928.531199999999	20.002300000000105	trials	shock_stimulus_presentation
6931.7112	1.1500333333351591	trials	port_entry
6947.281266666667	1.3100000000013097	trials	port_entry
6948.331233333332	0.3000000000029104	trials	shock_relay
6948.791299999999	0.030000000002473826	trials	port_entry
6949.531233333333	39.43016666666881	trials	port_entry
6989.071399999999	10.130066666668426	trials	port_entry
7002.241466666668	2.1699999999982538	trials	port_entry
7004.621499999999	0.5399666666671692	trials	port_entry
7005.451466666667	0.25	trials	port_entry
7005.951466666667	12.980066666666971	trials	port_entry
7018.531533333333	1.319999999999709	trials	reward_stimulus_presentation
7019.451533333335	68.78013333333365	trials	port_entry
7019.531533333333	1.0	trials	reward_delivery
7088.641733333332	25.320066666667117	trials	port_entry
7113.531799999999	1.3100000000013097	trials	reward_stimulus_presentation
7114.441799999999	7.850066666669591	trials	port_entry
7114.5318333333325	0.9999666666662961	trials	reward_delivery
7122.391866666667	19.96003333333283	trials	port_entry
7142.421899999999	0.09000000000014552	trials	port_entry
7142.591900000001	16.160066666667262	trials	port_entry
7158.8719666666675	7.620066666666389	trials	port_entry
7166.6020333333345	19.800033333332976	trials	port_entry
7186.682066666666	0.06999999999970896	trials	port_entry
7187.762066666668	0.049999999999272404	trials	port_entry
7188.482066666666	6.630033333334723	trials	port_entry
7195.2021	0.2599999999983993	trials	port_entry
7195.482099999999	0.18000000000029104	trials	port_entry
7196.512133333335	0.07999999999810825	trials	port_entry
7197.1121	13.190066666666098	trials	port_entry
7203.5320999999985	20.002233333336335	trials	shock_stimulus_presentation
7210.602166666666	0.1500000000014552	trials	port_entry
7216.972133333335	0.18000000000029104	trials	port_entry
7217.352133333332	0.2900000000008731	trials	port_entry
7223.332199999999	0.3000000000029104	trials	shock_relay
7237.792200000002	1.860033333330648	trials	port_entry
7239.772266666669	0.1099999999969441	trials	port_entry
7239.9222666666665	0.08000000000174623	trials	port_entry
7240.032266666667	0.36999999999898137	trials	port_entry
7242.562233333332	0.08003333333545015	trials	port_entry
7242.692233333333	1.1000333333322487	trials	port_entry
7243.852266666667	0.3899999999994179	trials	port_entry
7247.232266666668	0.569999999999709	trials	port_entry
7249.082233333333	0.33003333333545015	trials	port_entry
7249.842266666668	0.019966666666732635	trials	port_entry
7261.442300000001	2.360033333334286	trials	port_entry
7267.192366666668	4.8400000000001455	trials	port_entry
7272.252366666666	5.180000000000291	trials	port_entry
7278.222366666667	5.490033333331667	trials	port_entry
7283.532366666668	0.8200333333334129	trials	reward_stimulus_presentation
7283.9524	9.920033333331958	trials	port_entry
7284.532400000002	1.0	trials	reward_delivery
7293.912433333333	0.4500000000007276	trials	port_entry
7296.762433333335	0.31996666666600504	trials	port_entry
7299.612433333334	1.2000000000007276	trials	port_entry
7300.842433333333	0.020000000000436557	trials	port_entry
7300.882433333334	0.5400000000008731	trials	port_entry
7301.552433333332	1.3700333333363233	trials	port_entry
7303.212466666666	0.13999999999941792	trials	port_entry
7303.382466666668	0.020000000000436557	trials	port_entry
7304.242466666668	0.029933333331428003	trials	port_entry
7304.312400000001	0.12006666666638921	trials	port_entry
7304.532466666666	0.3900000000030559	trials	port_entry
7304.9424666666655	0.05000000000291038	trials	port_entry
7305.332466666669	0.01999999999679858	trials	port_entry
7305.732466666666	0.5200000000004366	trials	port_entry
7366.492666666667	3.2700000000004366	trials	port_entry
7370.372666666668	1.819999999999709	trials	port_entry
7373.532666666668	20.001833333331888	trials	shock_stimulus_presentation
7380.802700000002	1.7899666666635312	trials	port_entry
7382.682666666666	0.06999999999970896	trials	port_entry
7393.332766666668	0.2999666666655685	trials	shock_relay
7394.352733333335	4.390033333333122	trials	port_entry
7398.842699999999	2.470066666668572	trials	port_entry
7401.342766666667	12.27003333333414	trials	port_entry
7413.8928	16.170033333335596	trials	port_entry
7430.132833333335	1.790066666664643	trials	port_entry
7439.382866666669	20.990099999999074	trials	port_entry
7473.533033333335	2.5599666666639678	trials	reward_stimulus_presentation
7474.533000000001	1.000033333333704	trials	reward_delivery
7475.693000000001	7.090033333333849	trials	port_entry
7483.303033333335	0.6799999999966531	trials	port_entry
7485.562966666666	0.0200666666678444	trials	port_entry
7485.603033333335	0.020000000000436557	trials	port_entry
7485.783033333335	1.4299333333328832	trials	port_entry
7488.8830333333335	0.15999999999985448	trials	port_entry
7490.453066666667	0.7299666666658595	trials	port_entry
7493.973066666667	1.4099666666661506	trials	port_entry
7497.013100000002	0.5	trials	port_entry
7498.7330999999995	1.2299999999995634	trials	port_entry
7501.053099999999	2.710000000002765	trials	port_entry
7504.623099999999	2.2700333333341405	trials	port_entry
7506.9131333333335	0.2999999999992724	trials	port_entry
7508.033133333332	2.4799666666694975	trials	port_entry
7510.793100000001	0.41999999999825377	trials	port_entry
7512.743133333335	2.5799999999981083	trials	port_entry
7517.013133333332	0.5400000000008731	trials	port_entry
7517.573166666667	0.26996666666673264	trials	port_entry
7519.403166666669	2.4099666666661506	trials	port_entry
7522.123166666666	0.030000000002473826	trials	port_entry
7522.263133333332	0.33003333333545015	trials	port_entry
7523.703133333334	0.050033333332976326	trials	port_entry
7525.773166666668	0.3499999999985448	trials	port_entry
7526.313166666669	5.5900333333302115	trials	port_entry
7532.023200000001	0.23999999999796273	trials	port_entry
7532.483200000001	0.15999999999985448	trials	port_entry
7533.563133333335	1.1600999999973283	trials	port_entry
7535.063233333332	0.020000000000436557	trials	port_entry
7535.883233333332	0.5700000000033469	trials	port_entry
7536.593233333335	0.19999999999708962	trials	port_entry
7539.443233333333	1.4599999999991269	trials	port_entry
7542.003200000001	0.2200333333312301	trials	port_entry
7542.943233333333	0.2199333333337563	trials	port_entry
7550.993266666666	0.029966666668769903	trials	port_entry
7551.233266666668	0.07999999999810825	trials	port_entry
7551.333233333333	0.8299666666680423	trials	port_entry
7553.753266666668	0.23999999999796273	trials	port_entry
7554.053266666668	1.7800333333325398	trials	port_entry
7560.733233333334	0.3300666666655161	trials	port_entry
7562.973266666666	0.02003333333414048	trials	port_entry
7563.093266666669	0.6500333333315211	trials	port_entry
7563.533300000001	0.7300333333332674	trials	reward_stimulus_presentation
7563.863333333333	5.56000000000131	trials	port_entry
7564.533266666667	1.0001000000011118	trials	reward_delivery
7569.523333333333	0.4299333333328832	trials	port_entry
7570.403333333334	1.2799999999988358	trials	port_entry
7571.8332666666665	1.4600666666665347	trials	port_entry
7574.283333333335	0.2599999999983993	trials	port_entry
7574.603333333334	0.3999999999978172	trials	port_entry
7577.2633000000005	0.18999999999869033	trials	port_entry
7577.783333333335	0.020000000000436557	trials	port_entry
7580.763366666668	2.8299666666644043	trials	port_entry
7585.6133666666665	2.0200000000004366	trials	port_entry
7605.543433333334	1.9399999999986903	trials	port_entry
7608.183466666667	0.3399666666664416	trials	port_entry
7608.603466666666	0.05996666666760575	trials	port_entry
7608.693466666666	0.019966666666732635	trials	port_entry
7608.953433333334	3.389966666665714	trials	port_entry
7612.663466666667	0.10996666666687815	trials	port_entry
7613.963466666666	3.1599999999998545	trials	port_entry
7617.283466666666	4.510000000002037	trials	port_entry
7622.003466666667	0.16999999999825377	trials	port_entry
7622.793500000002	3.9199999999982538	trials	port_entry
7626.7835	0.2800000000024738	trials	port_entry
7628.433500000001	0.020000000000436557	trials	port_entry
7628.6534999999985	0.3400000000001455	trials	port_entry
7629.263499999999	0.6900000000023283	trials	port_entry
7629.973466666668	2.750033333333704	trials	port_entry
7634.383500000002	0.3200333333334129	trials	port_entry
7635.193499999999	2.0499666666692065	trials	port_entry
7639.653533333332	1.3800333333347226	trials	port_entry
7641.153566666666	1.1300000000010186	trials	port_entry
7642.313500000002	0.06006666666507954	trials	port_entry
7642.473566666666	0.1699333333344839	trials	port_entry
7644.123566666667	0.14993333333404735	trials	port_entry
7644.673566666666	0.42000000000189175	trials	port_entry
7647.623566666667	0.7999999999992724	trials	port_entry
7648.463566666667	1.2399666666678968	trials	port_entry
7651.953599999999	9.249966666666296	trials	port_entry
7653.533566666667	12.240099999999074	trials	reward_stimulus_presentation
7654.533600000001	1.0	trials	reward_delivery
7665.3736333333345	0.3399666666664416	trials	port_entry
7665.793599999999	0.8200333333334129	trials	port_entry
7666.763633333334	0.050033333332976326	trials	port_entry
7670.903666666667	0.040000000000873115	trials	port_entry
7671.003666666666	1.6200000000026193	trials	port_entry
7675.503666666666	1.860000000000582	trials	port_entry
7679.063700000001	0.6900333333323942	trials	port_entry
7679.803699999999	0.019933333336666692	trials	port_entry
7679.853633333334	1.2400333333316667	trials	port_entry
7681.663699999999	0.05996666666760575	trials	port_entry
7681.743666666667	0.049999999999272404	trials	port_entry
7681.813666666667	0.049999999999272404	trials	port_entry
7693.833733333335	1.639999999999418	trials	port_entry
7696.893766666666	3.0499999999992724	trials	port_entry
7700.8537000000015	1.0600666666650795	trials	port_entry
7701.933766666667	0.7400000000016007	trials	port_entry
7712.023800000001	6.399999999997817	trials	port_entry
7719.873799999999	0.3400000000001455	trials	port_entry
7720.243766666668	0.11996666666527744	trials	port_entry
7720.5538	0.9900000000016007	trials	port_entry
7721.8938	1.0499999999992724	trials	port_entry
7723.433800000001	5.03003333333254	trials	port_entry
7728.623833333333	1.7099999999991269	trials	port_entry
7730.363833333335	0.21996666666382225	trials	port_entry
7731.953833333335	0.020000000000436557	trials	port_entry
7732.233833333334	3.900033333331521	trials	port_entry
7736.243833333332	1.2000000000007276	trials	port_entry
7737.533833333333	0.48003333333326736	trials	port_entry
7739.753833333334	7.36006666666799	trials	port_entry
7743.533933333334	20.00216666666529	trials	shock_stimulus_presentation
7759.063966666667	4.499933333332592	trials	port_entry
7763.333933333333	0.2999666666655685	trials	shock_relay
7782.124033333335	5.0	trials	port_entry
7787.244033333334	0.3899999999994179	trials	port_entry
7787.834033333334	0.4399999999986903	trials	port_entry
7789.204066666667	0.09000000000014552	trials	port_entry
7789.364033333333	1.1599999999998545	trials	port_entry
7790.734033333332	0.3100000000013097	trials	port_entry
7791.114033333333	0.22999999999956344	trials	port_entry
7791.414033333333	6.5	trials	port_entry
7798.334033333334	0.32999999999810825	trials	port_entry
7798.994066666668	0.18003333333399496	trials	port_entry
7799.294100000001	0.07999999999810825	trials	port_entry
7799.3940999999995	4.260000000002037	trials	port_entry
7803.744100000002	3.4199999999982538	trials	port_entry
7807.314100000001	0.5000333333337039	trials	port_entry
7807.884100000001	1.639999999999418	trials	port_entry
7809.8441	0.040000000000873115	trials	port_entry
7810.354099999999	0.10000000000218279	trials	port_entry
7810.664033333333	2.010066666669445	trials	port_entry
7812.9441333333325	1.360000000000582	trials	port_entry
7814.374133333333	3.8800000000010186	trials	port_entry
7818.3241333333335	4.599999999998545	trials	port_entry
7823.064166666665	5.660033333333558	trials	port_entry
7828.5342	0.7600000000020373	trials	reward_stimulus_presentation
7828.894200000001	5.499933333332592	trials	port_entry
7829.5342	1.0	trials	reward_delivery
7834.414200000001	2.9799666666658595	trials	port_entry
7837.454200000002	0.12999999999738066	trials	port_entry
7837.614200000002	0.13999999999941792	trials	port_entry
7837.844200000001	24.290099999998347	trials	port_entry
7862.594299999999	3.5	trials	port_entry
7866.284300000001	0.4699999999975262	trials	port_entry
7866.804300000002	1.3299999999981083	trials	port_entry
7868.9943	0.5200000000004366	trials	port_entry
7869.5342666666675	8.790066666664643	trials	port_entry
7878.3443333333325	0.020000000000436557	trials	port_entry
7878.494333333334	0.11999999999898137	trials	port_entry
7878.664333333332	0.08000000000174623	trials	port_entry
7879.394333333332	2.7600000000020373	trials	port_entry
7882.224333333334	0.029999999998835847	trials	port_entry
7882.404333333334	0.029999999998835847	trials	port_entry
7882.494333333334	0.06999999999970896	trials	port_entry
7883.004333333332	1.360000000000582	trials	port_entry
7884.7443	6.580066666665516	trials	port_entry
7891.344366666666	0.049999999999272404	trials	port_entry
7891.494366666668	3.9400333333323942	trials	port_entry
7895.534399999999	9.570033333333413	trials	port_entry
7905.294433333334	3.5599999999976717	trials	port_entry
7908.874366666669	1.1000666666659527	trials	port_entry
7910.224433333335	1.3100333333313756	trials	port_entry
7911.554433333333	10.240033333335305	trials	port_entry
7918.5345	20.0028999999995	trials	shock_stimulus_presentation
7922.864466666668	2.7599999999983993	trials	port_entry
7938.334533333333	0.2999999999992724	trials	shock_relay
7969.374633333335	1.9799333333321556	trials	port_entry
7972.294633333333	5.130033333334723	trials	port_entry
7977.664666666666	0.8700000000026193	trials	port_entry
7980.264666666668	2.9500000000007276	trials	port_entry
7983.354666666668	0.49003333333166665	trials	port_entry
7984.1847	0.7799999999988358	trials	port_entry
7985.154700000001	1.0400000000008731	trials	port_entry
7986.994666666667	2.860000000000582	trials	port_entry
7989.904666666667	1.1400666666668258	trials	port_entry
7991.194700000002	4.319999999999709	trials	port_entry
7996.424733333335	1.4099999999998545	trials	port_entry
7997.964733333332	0.5600000000013097	trials	port_entry
7998.6847333333335	7.630033333334723	trials	port_entry
8009.094766666667	20.73006666666697	trials	port_entry
8013.534799999999	16.740033333335305	trials	reward_stimulus_presentation
8014.534799999999	1.0	trials	reward_delivery
8029.8748	5.400033333335159	trials	port_entry
8035.954833333335	3.2400333333316667	trials	port_entry
8039.394866666667	1.9799999999995634	trials	port_entry
8041.514866666666	0.36999999999898137	trials	port_entry
8042.504866666668	0.3099999999976717	trials	port_entry
8045.594866666668	2.570066666667117	trials	port_entry
8048.184866666668	0.9700333333312301	trials	port_entry
8049.414900000002	0.029999999998835847	trials	port_entry
8052.2649	0.030299999998533167	trials	port_entry
8052.534900000001	0.9399666666649864	trials	port_entry
8053.504866666668	0.0200333333305025	trials	port_entry
8055.9449	0.029999999998835847	trials	port_entry
8056.074900000001	0.0200333333305025	trials	port_entry
8063.844933333332	1.0599333333339018	trials	port_entry
8066.954966666666	1.930000000000291	trials	port_entry
8071.314966666667	1.9000000000014552	trials	port_entry
8075.524966666666	9.000066666667408	trials	port_entry
8086.385033333334	0.06996666666600504	trials	port_entry
8086.555000000002	7.370066666666389	trials	port_entry
8093.975033333334	0.110033333334286	trials	port_entry
8094.135033333334	3.72003333333123	trials	port_entry
8098.235066666666	3.5499666666692065	trials	port_entry
8102.305066666666	0.05996666666760575	trials	port_entry
8102.395033333332	0.10000000000218279	trials	port_entry
8102.625033333332	7.440066666669736	trials	port_entry
8103.535066666665	20.002533333336032	trials	shock_stimulus_presentation
8110.5051	0.040000000000873115	trials	port_entry
8112.185100000001	0.029933333331428003	trials	port_entry
8112.275100000001	1.029933333331428	trials	port_entry
8113.395133333333	0.02993333333506598	trials	port_entry
8114.765133333332	0.03989999999976135	trials	port_entry
8114.865133333335	0.049999999999272404	trials	port_entry
8114.945133333333	3.6700000000018917	trials	port_entry
8123.335133333332	0.3000000000029104	trials	shock_relay
8123.465066666666	0.04003333333457704	trials	port_entry
8135.535099999999	2.230100000000675	trials	port_entry
8140.005200000001	0.3499666666648409	trials	port_entry
8140.895200000001	0.07996666666440433	trials	port_entry
8143.055200000001	1.0900000000001455	trials	port_entry
8152.065199999999	0.5000333333337039	trials	port_entry
8153.785233333334	1.2399999999979627	trials	port_entry
8155.155233333333	0.13999999999941792	trials	port_entry
8155.3852333333325	0.22000000000116415	trials	port_entry
8155.6352333333325	6.940033333336032	trials	port_entry
8162.6852666666655	3.709966666669061	trials	port_entry
8166.465266666668	0.43000000000029104	trials	port_entry
8167.2953	0.029999999998835847	trials	port_entry
8167.425300000001	0.040000000000873115	trials	port_entry
8167.595299999999	0.08000000000174623	trials	port_entry
8167.765400000002	0.04989999999816064	trials	port_entry
8167.8652999999995	2.27996666666877	trials	port_entry
8170.305266666668	0.09999999999854481	trials	port_entry
8170.8252666666685	5.28003333333254	trials	port_entry
8176.2253	3.9100333333335584	trials	port_entry
8180.235333333332	0.11000000000058208	trials	port_entry
8181.1753333333345	2.6699999999982538	trials	port_entry
8183.535300000001	0.7300666666669713	trials	reward_stimulus_presentation
8183.865333333333	6.130033333334723	trials	port_entry
8184.535366666669	1.0	trials	reward_delivery
8191.055333333332	3.0500000000029104	trials	port_entry
8194.3254	1.5599666666676058	trials	port_entry
8196.075333333332	0.19003333333603223	trials	port_entry
8196.435366666667	3.150000000001455	trials	port_entry
8200.8954	1.1099666666668782	trials	port_entry
8202.285399999999	0.02993333333506598	trials	port_entry
8202.335400000002	0.059999999997671694	trials	port_entry
8202.535399999999	0.040000000000873115	trials	port_entry
8202.8954	1.2099999999991269	trials	port_entry
8205.1454	2.0600000000013097	trials	port_entry
8208.4554	1.2700333333341405	trials	port_entry
8210.465433333333	0.9399666666686244	trials	port_entry
8212.135433333335	2.860000000000582	trials	port_entry
8216.965466666667	2.4499333333333198	trials	port_entry
8221.105466666666	0.4900000000016007	trials	port_entry
8231.045466666668	1.8800333333310846	trials	port_entry
8234.3755	1.3598999999994703	trials	port_entry
8255.825600000002	2.849966666664841	trials	port_entry
8260.075566666668	1.3400000000001455	trials	port_entry
8263.3556	2.290033333334577	trials	port_entry
8267.955633333333	0.7799666666687699	trials	port_entry
8271.6756	0.17006666666566161	trials	port_entry
8273.535633333335	0.8799999999973807	trials	reward_stimulus_presentation
8274.0156	11.210100000000239	trials	port_entry
8274.535633333335	1.0	trials	reward_delivery
8290.5757	1.5	trials	port_entry
8293.6857	1.2099999999991269	trials	port_entry
8295.155700000001	0.20999999999912689	trials	port_entry
8301.215733333333	0.17000000000189175	trials	port_entry
8301.705733333334	0.020000000000436557	trials	port_entry
8301.765733333335	0.029999999998835847	trials	port_entry
8302.445733333332	0.020000000000436557	trials	port_entry
8302.775733333334	3.5099999999983993	trials	port_entry
8306.425733333335	5.5900000000001455	trials	port_entry
8312.105733333332	9.010066666669445	trials	port_entry
8321.185800000001	0.059999999997671694	trials	port_entry
8321.455833333335	19.40003333333152	trials	port_entry
8341.0058	19.11013333333176	trials	port_entry
8360.775933333332	0.6500000000014552	trials	port_entry
8361.485933333335	12.380033333331085	trials	port_entry
8373.535966666668	1.3200333333334129	trials	reward_stimulus_presentation
8374.455966666666	0.040000000000873115	trials	port_entry
8374.536000000002	1.0	trials	reward_delivery
8374.545966666667	4.790000000000873	trials	port_entry
8379.555999999999	0.07000000000334694	trials	port_entry
8379.805999999999	1.9000000000014552	trials	port_entry
8381.735999999999	20.570033333333413	trials	port_entry
8402.626033333332	2.760033333335741	trials	port_entry
8405.636066666668	17.570033333333413	trials	port_entry
8423.266099999999	0.2399666666678968	trials	port_entry
8424.016099999999	0.029966666668769903	trials	port_entry
8424.106066666665	0.0200666666678444	trials	port_entry
8424.246099999998	25.360100000001694	trials	port_entry
8449.6262	13.670033333331958	trials	port_entry
8463.346233333332	0.21996666666746023	trials	port_entry
8463.536233333334	0.20999999999912689	trials	reward_stimulus_presentation
8464.106233333334	0.13000000000101863	trials	port_entry
8464.276233333332	0.05000000000291038	trials	port_entry
8464.366233333332	7.570066666667117	trials	port_entry
8464.536266666668	1.0	trials	reward_delivery
8471.986299999999	0.06996666666964302	trials	port_entry
8472.196300000001	0.01989999999932479	trials	port_entry
8472.4363	0.049999999999272404	trials	port_entry
8474.3863	0.22996666666585952	trials	port_entry
8474.7463	0.18000000000029104	trials	port_entry
8475.016233333334	2.2000666666681354	trials	port_entry
8477.526266666666	0.05000000000291038	trials	port_entry
8477.596266666666	0.7000333333344315	trials	port_entry
8478.346266666666	0.110033333334286	trials	port_entry
8478.7063	0.03993333333346527	trials	port_entry
8478.8463	0.22000000000116415	trials	port_entry
8479.0963	0.040000000000873115	trials	port_entry
8479.176300000001	0.040000000000873115	trials	port_entry
8480.2563	0.10000000000218279	trials	port_entry
8481.3463	0.030000000002473826	trials	port_entry
8481.926300000001	0.20999999999912689	trials	port_entry
8482.2263	0.06999999999970896	trials	port_entry
8488.506333333333	1.1500333333351591	trials	port_entry
8489.756333333333	0.06999999999970896	trials	port_entry
8495.806366666666	0.05000000000291038	trials	port_entry
8495.906366666668	10.600033333332249	trials	port_entry
8506.726400000001	0.4099999999998545	trials	port_entry
8507.636400000001	0.22999999999956344	trials	port_entry
8508.136400000001	0.040000000000873115	trials	port_entry
8508.196399999999	31.95010000000184	trials	port_entry
8540.1765	0.040000000000873115	trials	port_entry
8540.2865	0.22000000000116415	trials	port_entry
8540.546499999999	18.820000000003347	trials	port_entry
8553.536566666668	20.002199999998993	trials	shock_stimulus_presentation
8559.816566666666	13.75	trials	port_entry
8573.3366	0.2999999999992724	trials	shock_relay
8573.596533333335	0.0200333333305025	trials	port_entry
8573.6366	0.13999999999941792	trials	port_entry
8573.936599999999	42.48013333333438	trials	port_entry
8616.566733333335	1.3099666666639678	trials	port_entry
8617.936766666668	1.0499999999992724	trials	port_entry
8624.6068	0.11000000000058208	trials	port_entry
8624.9168	0.029999999998835847	trials	port_entry
8625.1068	0.02990000000136206	trials	port_entry
8625.156799999999	6.269933333333029	trials	port_entry
8631.4868	0.15999999999985448	trials	port_entry
8631.686800000001	0.06999999999970896	trials	port_entry
8631.8368	4.030000000002474	trials	port_entry
8638.2168	0.12003333333268529	trials	port_entry
8638.356833333333	0.06000000000130967	trials	port_entry
8638.476766666668	3.540033333330939	trials	port_entry
8642.796833333332	1.180033333333995	trials	port_entry
8643.536900000001	0.9899666666642588	trials	reward_stimulus_presentation
8644.126833333334	0.09003333333384944	trials	port_entry
8644.536833333334	1.000033333333704	trials	reward_delivery
8645.466866666668	7.930033333333995	trials	port_entry
8653.6769	1.2799999999988358	trials	port_entry
8655.216900000001	0.09999999999854481	trials	port_entry
8655.3369	4.110000000000582	trials	port_entry
8659.896900000002	1.2399999999979627	trials	port_entry
8662.276899999999	0.030033333336177748	trials	port_entry
8663.256933333332	0.10000000000218279	trials	port_entry
8663.406866666666	0.03003333333253977	trials	port_entry
8663.616866666665	0.3000333333366143	trials	port_entry
8663.966900000001	0.020000000000436557	trials	port_entry
8664.2669	0.020000000000436557	trials	port_entry
8664.306900000001	0.029999999998835847	trials	port_entry
8664.716900000001	0.25996666666469537	trials	port_entry
8665.126833333334	0.8699999999989814	trials	port_entry
8685.146966666665	2.570000000003347	trials	port_entry
8689.056966666665	0.2500333333337039	trials	port_entry
8689.367	0.04996666666556848	trials	port_entry
8690.387	0.1500000000014552	trials	port_entry
8690.626999999999	0.040000000000873115	trials	port_entry
8690.856933333334	0.020000000000436557	trials	port_entry
8691.216966666669	0.25003333333006594	trials	port_entry
8691.577	2.3999666666677513	trials	port_entry
8694.056999999999	0.5299666666687699	trials	port_entry
8694.667	1.610000000000582	trials	port_entry
8696.457	0.7000000000007276	trials	port_entry
8697.467033333332	0.06996666666964302	trials	port_entry
8697.747033333335	3.1199999999989814	trials	port_entry
8700.887033333334	0.029999999998835847	trials	port_entry
8700.937033333334	0.06999999999970896	trials	port_entry
8701.077033333333	0.08000000000174623	trials	port_entry
8701.197033333332	0.040000000000873115	trials	port_entry
8701.297033333334	0.06999999999970896	trials	port_entry
8701.487033333333	2.179966666666587	trials	port_entry
8703.777033333334	1.5900000000001455	trials	port_entry
8705.807033333333	4.119966666668915	trials	port_entry
8710.037066666666	1.4299666666665871	trials	port_entry
8711.727066666668	0.7599999999983993	trials	port_entry
8712.627066666666	4.540000000000873	trials	port_entry
8717.417066666667	0.09999999999854481	trials	port_entry
8717.537066666666	0.21000000000276486	trials	port_entry
8717.777066666667	1.7100333333328308	trials	port_entry
8720.0071	0.22000000000116415	trials	port_entry
8720.317100000002	2.0599999999976717	trials	port_entry
8722.5371	0.21996666666746023	trials	port_entry
8723.047100000002	0.059999999997671694	trials	port_entry
8723.1271	0.1500000000014552	trials	port_entry
8723.297100000002	0.11996666666527744	trials	port_entry
8723.587033333335	2.2700666666642064	trials	port_entry
8725.957066666668	3.1400666666668258	trials	port_entry
8728.537166666667	1.069966666666005	trials	reward_stimulus_presentation
8729.207100000001	6.660066666667262	trials	port_entry
8729.537133333333	1.0	trials	reward_delivery
8736.147166666668	0.23999999999796273	trials	port_entry
8736.437166666668	0.5199999999967986	trials	port_entry
8736.977400000002	0.12976666666509118	trials	port_entry
8738.067133333332	0.040000000000873115	trials	port_entry
8744.297166666665	1.25	trials	port_entry
8752.397200000001	0.7698999999993248	trials	port_entry
8755.457166666665	0.14006666666682577	trials	port_entry
8755.647233333335	0.07996666666440433	trials	port_entry
8760.407166666666	0.220066666668572	trials	port_entry
8760.687233333332	0.019933333333028713	trials	port_entry
8762.617233333332	0.09000000000014552	trials	port_entry
8769.397200000001	0.020099999997910345	trials	port_entry
8771.307266666669	1.7099999999991269	trials	port_entry
8774.077266666665	0.5400000000008731	trials	port_entry
8783.497233333333	0.16010000000096625	trials	port_entry
8788.287300000002	0.029999999998835847	trials	port_entry
8801.0374	3.4799333333357936	trials	port_entry
8804.817333333334	0.20003333333443152	trials	port_entry
8812.287366666666	3.0200666666678444	trials	port_entry
8815.507433333334	0.06000000000130967	trials	port_entry
8815.647433333334	0.06999999999970896	trials	port_entry
8815.767433333333	2.7999333333355025	trials	port_entry
8818.537466666667	20.00216666666529	trials	shock_stimulus_presentation
8818.587399999999	19.9200666666693	trials	port_entry
8838.337466666666	0.2999999999992724	trials	shock_relay
8853.717533333334	0.4399999999986903	trials	port_entry
8880.357600000001	2.7800333333325398	trials	port_entry
8883.177633333335	0.12999999999738066	trials	port_entry
8884.637633333334	0.1299666666673147	trials	port_entry
8884.797633333334	0.16999999999825377	trials	port_entry
8892.587666666668	0.22999999999956344	trials	port_entry
8892.887666666667	0.20999999999912689	trials	port_entry
8893.177666666668	0.11999999999898137	trials	port_entry
8893.347666666667	20.410066666667262	trials	port_entry
8913.537699999999	0.790033333334577	trials	reward_stimulus_presentation
8913.927733333332	0.1400000000030559	trials	port_entry
8914.167733333334	0.040000000000873115	trials	port_entry
8914.237733333333	5.740033333335305	trials	port_entry
8914.537733333333	0.9999666666662961	trials	reward_delivery
8920.207766666668	0.28999999999723514	trials	port_entry
8920.727766666669	3.4899999999979627	trials	port_entry
8924.377766666667	0.8500000000021828	trials	port_entry
8925.657799999999	0.04996666666920646	trials	port_entry
8925.817766666665	0.020000000000436557	trials	port_entry
8928.817799999999	0.020000000000436557	trials	port_entry
8929.497733333335	0.0200333333305025	trials	port_entry
8929.727766666669	0.2699999999967986	trials	port_entry
8936.227799999999	5.030033333336178	trials	port_entry
8942.1278	0.3200333333334129	trials	port_entry
8942.477833333332	1.2900000000008731	trials	port_entry
8943.877833333334	0.07996666666804231	trials	port_entry
8944.247833333333	0.05996666666760575	trials	port_entry
8944.327800000001	0.029999999998835847	trials	port_entry
8944.527833333335	0.7099999999991269	trials	port_entry
8945.397833333334	6.150033333331521	trials	port_entry
8951.657866666666	59.83016666666663	trials	port_entry
9003.538033333332	20.001833333335526	trials	shock_stimulus_presentation
9011.508033333334	27.17013333333307	trials	port_entry
9023.338066666665	0.3000333333366143	trials	shock_relay
9039.088166666666	23.52996666666877	trials	port_entry
9063.178233333334	3.1200333333326853	trials	port_entry
9066.428166666667	5.290100000001985	trials	port_entry
9072.018266666668	0.8600000000005821	trials	port_entry
9072.958266666667	0.5999333333347749	trials	port_entry
9074.198266666668	0.43000000000029104	trials	port_entry
9075.078266666666	6.170000000001892	trials	port_entry
9081.6683	0.2899666666671692	trials	port_entry
9082.028233333333	2.3100333333350136	trials	port_entry
9083.538333333332	1.389966666669352	trials	reward_stimulus_presentation
9084.5283	0.019966666666732635	trials	port_entry
9084.538300000002	1.0	trials	reward_delivery
9084.608266666668	0.039999999997235136	trials	port_entry
9084.768233333334	0.4900666666653706	trials	port_entry
9085.2783	0.06999999999970896	trials	port_entry
9085.928233333334	0.19006666666609817	trials	port_entry
9086.158300000001	5.909966666666151	trials	port_entry
9092.128299999998	0.18000000000029104	trials	port_entry
9092.338300000001	11.150033333331521	trials	port_entry
9103.8283	0.06006666666871752	trials	port_entry
9104.388366666668	45.700133333331905	trials	port_entry
9151.0385	0.7700000000004366	trials	port_entry
9152.428466666666	12.960100000000239	trials	port_entry
9166.628600000002	3.529966666665132	trials	port_entry
9170.218566666668	0.6900333333323942	trials	port_entry
9171.038600000002	0.06999999999970896	trials	port_entry
9171.788600000002	21.770066666664206	trials	port_entry
9173.538600000002	20.00233333333017	trials	shock_stimulus_presentation
9193.338600000001	0.2999999999992724	trials	shock_relay
9193.5986	0.7500333333337039	trials	port_entry
9194.478633333334	4.860033333334286	trials	port_entry
9202.2787	0.06000000000130967	trials	port_entry
9202.7787	0.040000000000873115	trials	port_entry
9203.178699999999	0.2699333333366667	trials	port_entry
9225.358733333333	0.3700333333326853	trials	port_entry
9228.388766666669	0.360033333330648	trials	port_entry
9239.428766666666	0.6099666666668782	trials	port_entry
9240.668766666668	0.569999999999709	trials	port_entry
9241.388766666669	0.12999999999738066	trials	port_entry
9257.308866666668	0.4599999999991269	trials	port_entry
9259.138866666666	0.4099999999998545	trials	port_entry
9273.538900000001	3.0900333333338494	trials	reward_stimulus_presentation
9274.538933333335	1.0	trials	reward_delivery
9276.228933333334	3.500033333333704	trials	port_entry
9279.818966666668	0.41999999999825377	trials	port_entry
9282.748933333334	0.20996666666542296	trials	port_entry
9288.5889	0.39006666666682577	trials	port_entry
9319.499066666665	0.1699333333344839	trials	port_entry
9327.889099999999	0.3399666666700796	trials	port_entry
9331.319099999999	0.7600000000020373	trials	port_entry
9363.539200000001	15.880066666664788	trials	reward_stimulus_presentation
9364.539200000001	1.0	trials	reward_delivery
9379.019266666668	0.020000000000436557	trials	port_entry
9379.0793	0.020000000000436557	trials	port_entry
9379.489266666666	5.000033333333704	trials	port_entry
9389.709333333334	0.09999999999854481	trials	port_entry
9389.849333333334	0.9000000000014552	trials	port_entry
9391.169333333333	0.029999999998835847	trials	port_entry
9391.979333333335	0.039999999997235136	trials	port_entry
9407.399366666667	0.27999999999883585	trials	port_entry
9413.4194	0.3400000000001455	trials	port_entry
9415.169366666667	0.2999666666655685	trials	port_entry
9415.509333333333	3.4900999999990745	trials	port_entry
9427.139400000002	0.14003333333312185	trials	port_entry
9451.629533333335	0.8899999999994179	trials	port_entry
9453.5395	1.0100333333321032	trials	reward_stimulus_presentation
9454.149533333335	0.13999999999941792	trials	port_entry
9454.309533333335	7.0799333333307	trials	port_entry
9454.539533333334	1.0	trials	reward_delivery
9461.7295	1.75	trials	port_entry
9463.769566666668	0.8999999999978172	trials	port_entry
9466.309566666669	2.209966666665423	trials	port_entry
9470.9096	2.029966666665132	trials	port_entry
9475.059566666669	1.4600333333328308	trials	port_entry
9478.0796	1.180000000000291	trials	port_entry
9479.839600000001	0.36999999999898137	trials	port_entry
9513.469666666666	0.2700333333341405	trials	port_entry
9513.8297	3.2599999999983993	trials	port_entry
9521.949733333333	2.889999999999418	trials	port_entry
9525.609733333333	0.3100000000013097	trials	port_entry
9526.939733333335	0.07999999999810825	trials	port_entry
9527.109733333333	0.030000000002473826	trials	port_entry
9527.229733333335	0.6899999999986903	trials	port_entry
9528.589733333332	3.8100000000013097	trials	port_entry
9534.239733333334	0.41999999999825377	trials	port_entry
9534.6897	5.39010000000053	trials	port_entry
9540.1098	0.06000000000130967	trials	port_entry
9540.279800000002	0.1099999999969441	trials	port_entry
9540.4098	0.06000000000130967	trials	port_entry
9540.489800000001	0.020000000000436557	trials	port_entry
9540.599800000002	0.06999999999970896	trials	port_entry
9540.689800000002	0.059999999997671694	trials	port_entry
9540.9698	1.2099999999991269	trials	port_entry
9542.389833333333	0.16996666666818783	trials	port_entry
9543.5398	0.7200333333348681	trials	reward_stimulus_presentation
9543.859833333334	5.989966666667897	trials	port_entry
9544.539833333334	1.0	trials	reward_delivery
9553.089833333333	0.8600000000005821	trials	port_entry
9576.7599	2.9100333333335584	trials	port_entry
9580.859933333335	0.49003333333166665	trials	port_entry
9581.369933333333	0.110033333334286	trials	port_entry
9581.609966666669	0.05996666666396777	trials	port_entry
9583.249933333334	1.5300333333325398	trials	port_entry
9584.809966666666	1.319999999999709	trials	port_entry
9586.149966666666	0.049999999999272404	trials	port_entry
9586.579966666666	0.06000000000130967	trials	port_entry
9586.959966666667	0.049999999999272404	trials	port_entry
9587.189966666667	0.03993333333346527	trials	port_entry
9587.569966666668	0.04996666666556848	trials	port_entry
9589.509933333333	0.5600333333350136	trials	port_entry
9590.109966666669	0.17999999999665306	trials	port_entry
9607.910000000002	0.29003333333093906	trials	port_entry
9608.220066666667	1.3399666666664416	trials	port_entry
9612.929966666668	4.600066666665953	trials	port_entry
9617.710066666668	0.029999999998835847	trials	port_entry
9618.270066666666	2.25	trials	port_entry
9620.540066666666	0.06993333333230112	trials	port_entry
9620.780066666668	0.12999999999738066	trials	port_entry
9620.980033333335	0.4099999999998545	trials	port_entry
9622.410066666665	2.400000000001455	trials	port_entry
9624.960100000002	0.1799333333328832	trials	port_entry
9626.710066666668	0.6599999999998545	trials	port_entry
9627.450066666666	0.02003333333414048	trials	port_entry
9627.760066666668	5.290033333330939	trials	port_entry
9628.540133333334	20.001966666666704	trials	shock_stimulus_presentation
9635.920100000001	2.210033333332831	trials	port_entry
9648.340166666667	0.2999999999992724	trials	shock_relay
9649.480166666666	7.0200333333341405	trials	port_entry
9656.9602	14.209999999999127	trials	port_entry
9671.410233333334	45.56016666666619	trials	port_entry
9716.9904	0.029999999998835847	trials	port_entry
9718.540433333334	14.340000000000146	trials	reward_stimulus_presentation
9719.5404	0.9999333333325922	trials	reward_delivery
9732.480433333332	3.5500000000029104	trials	port_entry
9737.160433333333	0.8800000000010186	trials	port_entry
9739.850433333335	1.0299999999988358	trials	port_entry
9757.040500000001	2.390033333333122	trials	port_entry
9767.500533333334	1.319999999999709	trials	port_entry
9786.260566666666	0.3700333333326853	trials	port_entry
9798.060633333333	1.8700000000026193	trials	port_entry
9801.300633333334	0.34003333333384944	trials	port_entry
9812.730633333334	6.880033333331085	trials	port_entry
9813.5407	8.78003333333254	trials	reward_stimulus_presentation
9814.540666666666	1.0	trials	reward_delivery
9821.920733333334	1.6699666666645498	trials	port_entry
9842.7008	2.4799666666658595	trials	port_entry
9849.420833333335	0.31999999999970896	trials	port_entry
9858.1808	2.260066666665807	trials	port_entry
9862.080833333335	0.2599999999983993	trials	port_entry
9866.630866666668	0.37999999999738066	trials	port_entry
9867.590866666667	0.14990000000034343	trials	port_entry
9882.700933333335	2.3099999999976717	trials	port_entry
9885.720933333332	0.1900000000023283	trials	port_entry
9886.630933333332	0.07996666666804231	trials	port_entry
9886.930900000001	0.049999999999272404	trials	port_entry
9887.570933333334	0.2700333333341405	trials	port_entry
9889.030933333333	1.7100333333328308	trials	port_entry
9892.160966666668	1.1999999999970896	trials	port_entry
9893.500933333335	0.020000000000436557	trials	port_entry
9896.370966666667	2.529999999998836	trials	port_entry
9899.351	0.8699999999989814	trials	port_entry
9900.241	0.46996666666746023	trials	port_entry
9900.760966666667	0.08000000000174623	trials	port_entry
9900.860966666665	0.09000000000014552	trials	port_entry
9903.540966666666	20.00113333333502	trials	shock_stimulus_presentation
9910.601	1.6599999999998545	trials	port_entry
9915.261033333334	8.25	trials	port_entry
9923.341066666666	0.2999999999992724	trials	shock_relay
9924.121066666668	0.8499999999985448	trials	port_entry
9938.781100000002	0.3899999999994179	trials	port_entry
9950.741100000001	0.12006666666638921	trials	port_entry
9951.071166666667	1.6300000000010186	trials	port_entry
9957.891166666666	0.040000000000873115	trials	port_entry
9971.1012	0.11000000000058208	trials	port_entry
9971.3012	0.020000000000436557	trials	port_entry
9983.541200000001	1.4200666666656616	trials	reward_stimulus_presentation
9984.541266666665	1.0	trials	reward_delivery
9984.561266666666	4.81000000000131	trials	port_entry
9989.691266666667	2.040033333334577	trials	port_entry
9993.9213	2.150000000001455	trials	port_entry
9997.4213	1.8800333333347226	trials	port_entry
9999.321300000001	0.03996666666716919	trials	port_entry
10003.551266666667	2.0600333333313756	trials	port_entry
10008.071366666665	1.7800000000024738	trials	port_entry
10014.431366666666	1.110000000000582	trials	port_entry
10019.691333333334	4.140066666666826	trials	port_entry
10027.6314	0.47999999999956344	trials	port_entry
10061.081533333332	0.569966666669643	trials	port_entry
10063.761499999999	0.4199666666681878	trials	port_entry
10073.541566666669	2.1299999999973807	trials	reward_stimulus_presentation
10074.541533333335	1.0	trials	reward_delivery
10075.271533333334	6.090033333333849	trials	port_entry
10081.851566666666	0.029966666668769903	trials	port_entry
10081.981566666667	0.6199999999989814	trials	port_entry
10085.671566666666	1.110033333334286	trials	port_entry
10093.431566666668	1.6300333333310846	trials	port_entry
10101.391633333335	2.2999999999992724	trials	port_entry
10140.601766666668	2.639999999999418	trials	port_entry
10143.941766666669	0.7199999999975262	trials	port_entry
10150.401800000001	0.3899999999994179	trials	port_entry
10150.901800000001	0.15999999999985448	trials	port_entry
10156.441833333332	1.9400000000023283	trials	port_entry
10159.611833333334	0.09000000000014552	trials	port_entry
10159.911833333334	0.18999999999869033	trials	port_entry
10160.131833333335	3.7400333333316667	trials	port_entry
10163.961866666667	0.36999999999898137	trials	port_entry
10164.701866666668	0.11000000000058208	trials	port_entry
10164.841866666668	0.3899999999994179	trials	port_entry
10165.321866666667	0.11000000000058208	trials	port_entry
10165.511800000002	0.10003333333224873	trials	port_entry
10166.441833333332	0.020000000000436557	trials	port_entry
10166.601799999999	0.050033333336614305	trials	port_entry
10166.751833333334	4.330033333331812	trials	port_entry
10172.881866666668	0.029999999998835847	trials	port_entry
10173.051866666667	0.09999999999854481	trials	port_entry
10173.221866666669	0.8400000000001455	trials	port_entry
10173.541833333335	0.9500333333307935	trials	reward_stimulus_presentation
10174.091866666668	10.050033333332976	trials	port_entry
10174.541900000002	0.9999666666662961	trials	reward_delivery
10184.2619	1.2400000000016007	trials	port_entry
10186.9819	1.680033333333995	trials	port_entry
10197.601966666667	2.250033333333704	trials	port_entry
10199.911966666668	0.0200333333305025	trials	port_entry
10200.181999999999	0.02993333333506598	trials	port_entry
10200.422	0.07999999999810825	trials	port_entry
10201.271999999999	0.1500000000014552	trials	port_entry
10201.461966666668	0.18000000000029104	trials	port_entry
10201.712000000001	0.24996666666629608	trials	port_entry
10201.991966666666	0.27000000000043656	trials	port_entry
10213.561966666666	1.8300333333354502	trials	port_entry
10215.912033333332	0.020000000000436557	trials	port_entry
10216.302033333335	0.01999999999679858	trials	port_entry
10217.751999999999	0.2400000000016007	trials	port_entry
10225.722033333333	0.25	trials	port_entry
10226.212066666669	0.3899999999994179	trials	port_entry
10232.422066666668	0.020000000000436557	trials	port_entry
10232.592066666666	0.019966666666732635	trials	port_entry
10258.142166666667	3.389999999999418	trials	port_entry
10262.712166666666	0.27000000000043656	trials	port_entry
10263.542166666668	20.00143333333108	trials	shock_stimulus_presentation
10264.1022	3.7299999999995634	trials	port_entry
10283.342233333335	0.2999999999992724	trials	shock_relay
10284.082166666665	69.97030000000086	trials	port_entry
10353.5424	1.2700666666678444	trials	reward_stimulus_presentation
10354.412433333333	5.2400666666690086	trials	port_entry
10354.542466666668	1.0	trials	reward_delivery
10360.592433333333	26.24013333333278	trials	port_entry
10386.852566666666	0.049999999999272404	trials	port_entry
10386.942566666667	4.880033333334723	trials	port_entry
10391.872566666667	9.540033333334577	trials	port_entry
10402.1026	1.4399999999986903	trials	port_entry
10403.672666666667	0.22999999999956344	trials	port_entry
10403.942666666668	0.11999999999898137	trials	port_entry
10405.772666666666	0.05000000000291038	trials	port_entry
10406.022666666666	0.38000000000101863	trials	port_entry
10406.552666666668	0.059999999997671694	trials	port_entry
10407.192633333334	1.0200333333341405	trials	port_entry
10408.292666666666	0.1500000000014552	trials	port_entry
10408.492666666667	0.09999999999854481	trials	port_entry
10408.732666666669	1.0199666666667326	trials	port_entry
10409.772633333332	10.490066666669009	trials	port_entry
10421.162699999999	3.819966666669643	trials	port_entry
10429.372733333335	0.07999999999810825	trials	port_entry
10429.482733333332	8.130033333334723	trials	port_entry
10438.172766666668	12.380066666664788	trials	port_entry
10443.542733333334	20.00113333333502	trials	shock_stimulus_presentation
10450.8728	12.65996666666615	trials	port_entry
10463.342833333334	0.2999666666655685	trials	shock_relay
10480.962866666667	2.8800333333347226	trials	port_entry
10485.292899999999	1.110000000000582	trials	port_entry
10488.222899999999	16.29006666666828	trials	port_entry
10505.012966666667	2.5199333333330287	trials	port_entry
10507.692933333334	0.3100333333350136	trials	port_entry
10508.022966666666	13.880066666668426	trials	port_entry
10521.953	0.15999999999985448	trials	port_entry
10522.153	0.18003333333399496	trials	port_entry
10522.432999999999	5.250066666667408	trials	port_entry
10527.723033333334	14.31006666666508	trials	port_entry
10528.543066666667	13.970033333334868	trials	reward_stimulus_presentation
10529.543066666667	0.9999666666662961	trials	reward_delivery
10542.1131	5.5900000000001455	trials	port_entry
10547.8431	7.470033333334868	trials	port_entry
10555.393133333333	0.08000000000174623	trials	port_entry
10555.493133333335	16.31006666666508	trials	port_entry
10572.243199999999	2.4200000000018917	trials	port_entry
10574.723199999999	18.610033333334286	trials	port_entry
10593.353233333333	0.049999999999272404	trials	port_entry
10593.493199999999	1.400100000002567	trials	port_entry
10595.053300000001	17.539999999997235	trials	port_entry
10613.1333	0.6599999999998545	trials	port_entry
10614.3133	4.550033333332976	trials	port_entry
10618.543333333333	1.4900000000016007	trials	reward_stimulus_presentation
10619.543333333333	1.0	trials	reward_delivery
10619.633333333333	7.68999999999869	trials	port_entry
10628.023333333333	1.4500333333344315	trials	port_entry
10639.693366666668	0.020000000000436557	trials	port_entry
10639.803366666665	0.10000000000218279	trials	port_entry
10640.023366666666	0.020000000000436557	trials	port_entry
10640.083400000001	0.04996666666556848	trials	port_entry
10648.443433333332	0.020000000000436557	trials	port_entry
10648.493433333335	0.09999999999854481	trials	port_entry
10648.703433333334	0.06999999999970896	trials	port_entry
10648.963433333332	0.7700000000004366	trials	port_entry
10649.863433333334	0.13000000000101863	trials	port_entry
10652.963433333332	0.09993333333477494	trials	port_entry
10653.103433333332	0.46996666666746023	trials	port_entry
10653.603466666666	0.10003333333588671	trials	port_entry
10653.7234	0.09006666666755336	trials	port_entry
10654.5234	0.020000000000436557	trials	port_entry
10654.5734	0.049999999999272404	trials	port_entry
10659.503466666667	0.029999999998835847	trials	port_entry
10659.593466666667	0.029933333331428003	trials	port_entry
10665.883466666668	0.020000000000436557	trials	port_entry
10665.923466666665	0.020000000000436557	trials	port_entry
10666.183466666667	0.48003333333326736	trials	port_entry
10705.043633333333	0.21996666666746023	trials	port_entry
10705.363633333332	2.720000000001164	trials	port_entry
10708.103633333334	0.11999999999898137	trials	port_entry
10708.933633333332	0.13000000000101863	trials	port_entry
10709.343633333332	22.130066666668426	trials	port_entry
10713.543599999999	20.00113333333502	trials	shock_stimulus_presentation
10731.983733333333	18.690033333336032	trials	port_entry
10733.3437	0.29993333333550254	trials	shock_relay
10751.143766666666	6.209999999999127	trials	port_entry
10757.523733333333	0.4600333333328308	trials	port_entry
10758.053766666666	0.020000000000436557	trials	port_entry
10758.433766666667	0.34003333333384944	trials	port_entry
10758.9438	0.05000000000291038	trials	port_entry
10759.223800000002	0.029966666665131925	trials	port_entry
10759.7538	8.25	trials	port_entry
10768.2738	6.110066666664352	trials	port_entry
10775.153866666666	0.9600000000027649	trials	port_entry
10776.333866666666	0.13000000000101863	trials	port_entry
10776.513866666666	0.09000000000014552	trials	port_entry
10776.653866666666	0.1500000000014552	trials	port_entry
10778.173866666666	5.150000000001455	trials	port_entry
10783.473833333335	5.590066666663915	trials	port_entry
10789.083933333333	0.02993333333506598	trials	port_entry
10789.183900000002	2.1999999999970896	trials	port_entry
10791.413866666668	0.020000000000436557	trials	port_entry
10791.5139	1.4000000000014552	trials	port_entry
10793.113900000002	4.669999999998254	trials	port_entry
10799.163900000001	0.7099999999991269	trials	port_entry
10800.303866666667	0.02003333333414048	trials	port_entry
10800.343866666668	23.17006666666566	trials	port_entry
10803.543966666666	20.001400000001013	trials	shock_stimulus_presentation
10823.344	0.29993333333550254	trials	shock_relay
10829.533966666668	2.5300666666662437	trials	port_entry
10832.083933333333	10.490133333332778	trials	port_entry
10843.104066666669	11.980033333333267	trials	port_entry
10855.134100000001	0.09999999999854481	trials	port_entry
10855.784099999999	1.3000333333329763	trials	port_entry
10870.094133333334	0.050033333332976326	trials	port_entry
10870.274133333334	2.8500333333322487	trials	port_entry
10873.364133333334	0.050033333332976326	trials	port_entry
10873.4341	0.24006666666537058	trials	port_entry
10874.634133333335	0.22996666666585952	trials	port_entry
10875.384100000001	0.19003333333239425	trials	port_entry
10875.754133333334	0.8900333333331218	trials	port_entry
10876.994166666665	15.710066666666535	trials	port_entry
10883.544233333332	20.00170000000071	trials	shock_stimulus_presentation
10893.534166666666	1.5500666666666802	trials	port_entry
10903.344166666668	0.30010000000038417	trials	shock_relay
10907.004299999999	2.960000000002765	trials	port_entry
10914.1343	0.5299999999988358	trials	port_entry
10914.7043	26.150100000002567	trials	port_entry
10941.474400000001	0.16999999999825377	trials	port_entry
10941.724400000001	32.22009999999864	trials	port_entry
10973.544466666668	1.0500333333329763	trials	reward_stimulus_presentation
10974.1945	6.120033333332685	trials	port_entry
10974.544500000002	1.0	trials	reward_delivery
10980.6745	1.250033333333704	trials	port_entry
10981.944533333333	13.130066666668426	trials	port_entry
10995.094566666668	7.969999999997526	trials	port_entry
11003.124566666667	15.570066666667117	trials	port_entry
11019.1946	13.920066666665662	trials	port_entry
11033.854666666668	0.059999999997671694	trials	port_entry
11034.344666666666	0.060033333335013594	trials	port_entry
11035.004666666666	18.5	trials	port_entry
11053.874766666666	13.33003333333545	trials	port_entry
11067.5548	5.989966666667897	trials	port_entry
11498.459333333334	0.2784333333329414	trials	phototagging
11499.017533333334	0.2273333333323535	trials	phototagging
11500.437566666666	0.10006666666959063	trials	phototagging
11501.4383	0.10006666666595265	trials	phototagging
11502.439	0.10009999999965657	trials	phototagging
11503.439733333335	0.10009999999965657	trials	phototagging
11504.440466666669	0.10006666666595265	trials	phototagging
11505.4412	0.10006666666595265	trials	phototagging
11506.441933333334	0.10006666666595265	trials	phototagging
11507.442666666668	0.10006666666595265	trials	phototagging
11508.443400000002	0.10006666666595265	trials	phototagging
11509.444099999999	0.10010000000329455	trials	phototagging
11510.444833333333	0.10006666666595265	trials	phototagging
11511.445566666667	0.10006666666595265	trials	phototagging
11522.453566666665	0.005000000001018634	trials	phototagging
11522.463600000001	0.005000000001018634	trials	phototagging
11522.4736	0.005000000001018634	trials	phototagging
11522.483600000001	0.004999999997380655	trials	phototagging
11522.4936	0.005000000001018634	trials	phototagging
11522.503633333332	0.005000000001018634	trials	phototagging
11522.513633333334	0.005000000001018634	trials	phototagging
11522.523633333332	0.005000000001018634	trials	phototagging
11522.533633333334	0.005000000001018634	trials	phototagging
11522.543666666666	0.005000000001018634	trials	phototagging
11522.553666666669	0.004999999997380655	trials	phototagging
11522.563666666667	0.005000000001018634	trials	phototagging
11522.573666666665	0.005000000001018634	trials	phototagging
11522.583666666667	0.005000000001018634	trials	phototagging
11522.593666666666	0.005033333334722556	trials	phototagging
11522.603700000001	0.004999999997380655	trials	phototagging
11522.6137	0.005000000001018634	trials	phototagging
11522.623700000002	0.004999999997380655	trials	phototagging
11522.6337	0.005033333334722556	trials	phototagging
11522.643733333332	0.005000000001018634	trials	phototagging
11522.653733333334	0.004999999997380655	trials	phototagging
11522.663733333333	0.005000000001018634	trials	phototagging
11522.673733333335	0.004999999997380655	trials	phototagging
11522.683733333333	0.005033333334722556	trials	phototagging
11522.693766666665	0.005000000001018634	trials	phototagging
11522.703766666667	0.005000000001018634	trials	phototagging
11522.713766666666	0.005000000001018634	trials	phototagging
11522.723766666668	0.004999999997380655	trials	phototagging
11522.733766666666	0.005033333334722556	trials	phototagging
11522.743800000002	0.004999999997380655	trials	phototagging
11532.761100000002	0.00999999999839929	trials	phototagging
11532.861166666667	0.00999999999839929	trials	phototagging
11532.961233333333	0.00999999999839929	trials	phototagging
11533.0613	0.010000000002037268	trials	phototagging
11533.161366666665	0.010000000002037268	trials	phototagging
11533.261466666669	0.00999999999839929	trials	phototagging
11533.361533333335	0.00999999999839929	trials	phototagging
11533.4616	0.00999999999839929	trials	phototagging
11533.561666666666	0.010000000002037268	trials	phototagging
11533.661733333332	0.010000000002037268	trials	phototagging
11533.761800000002	0.010033333332103211	trials	phototagging
11533.861900000002	0.00999999999839929	trials	phototagging
11533.961966666668	0.00999999999839929	trials	phototagging
11534.062033333334	0.00999999999839929	trials	phototagging
11534.1621	0.010000000002037268	trials	phototagging
11534.262166666666	0.01003333333574119	trials	phototagging
11534.362233333335	0.010033333332103211	trials	phototagging
11534.462333333335	0.00999999999839929	trials	phototagging
11534.5624	0.00999999999839929	trials	phototagging
11534.662466666667	0.010000000002037268	trials	phototagging
11534.762533333333	0.01003333333574119	trials	phototagging
11534.862599999999	0.01003333333574119	trials	phototagging
11534.962666666668	0.010033333332103211	trials	phototagging
11535.062766666668	0.00999999999839929	trials	phototagging
11535.162833333334	0.00999999999839929	trials	phototagging
11535.2629	0.010000000002037268	trials	phototagging
11535.362966666666	0.01003333333574119	trials	phototagging
11535.463033333335	0.010033333332103211	trials	phototagging
11535.563100000001	0.010033333332103211	trials	phototagging
11535.6632	0.00999999999839929	trials	phototagging
11545.770566666668	0.004999999997380655	trials	phototagging
11546.771266666668	0.004999999997380655	trials	phototagging
11547.771999999999	0.005000000001018634	trials	phototagging
11548.772733333333	0.005000000001018634	trials	phototagging
11549.773466666667	0.005000000001018634	trials	phototagging
11550.774200000002	0.004999999997380655	trials	phototagging
11551.774933333332	0.005000000001018634	trials	phototagging
11552.775633333333	0.005000000001018634	trials	phototagging
11553.776366666667	0.005033333334722556	trials	phototagging
11554.777100000001	0.004999999997380655	trials	phototagging
11555.777833333335	0.004999999997380655	trials	phototagging
11556.778566666666	0.005000000001018634	trials	phototagging
11557.7793	0.005000000001018634	trials	phototagging
11558.780033333334	0.005000000001018634	trials	phototagging
11559.780766666669	0.004999999997380655	trials	phototagging
11560.781466666665	0.005000000001018634	trials	phototagging
11561.7822	0.005000000001018634	trials	phototagging
11562.782933333334	0.005000000001018634	trials	phototagging
11563.783666666668	0.004999999997380655	trials	phototagging
11564.784399999999	0.005000000001018634	trials	phototagging
11565.785133333333	0.005000000001018634	trials	phototagging
11566.785866666667	0.005000000001018634	trials	phototagging
11567.786566666668	0.005033333331084577	trials	phototagging
11568.787300000002	0.004999999997380655	trials	phototagging
11569.788033333332	0.005000000001018634	trials	phototagging
11570.788766666667	0.005000000001018634	trials	phototagging
11571.7895	0.005000000001018634	trials	phototagging
11572.790233333335	0.004999999997380655	trials	phototagging
11573.790966666666	0.005000000001018634	trials	phototagging
11574.791666666666	0.005033333334722556	trials	phototagging
11585.799700000001	0.004999999997380655	trials	phototagging
11586.800433333332	0.005000000001018634	trials	phototagging
11587.801133333332	0.005000000001018634	trials	phototagging
11588.801866666667	0.005000000001018634	trials	phototagging
11589.8026	0.005000000001018634	trials	phototagging
11590.803333333335	0.004999999997380655	trials	phototagging
11591.804066666666	0.005000000001018634	trials	phototagging
11592.8048	0.005000000001018634	trials	phototagging
11593.805533333334	0.005000000001018634	trials	phototagging
11594.806233333335	0.005033333331084577	trials	phototagging
11595.806966666665	0.005033333334722556	trials	phototagging
11596.8077	0.005000000001018634	trials	phototagging
11597.808433333334	0.005000000001018634	trials	phototagging
11598.809166666668	0.004999999997380655	trials	phototagging
11599.809900000002	0.004999999997380655	trials	phototagging
11600.810633333333	0.005000000001018634	trials	phototagging
11601.811366666667	0.005000000001018634	trials	phototagging
11602.812066666667	0.005000000001018634	trials	phototagging
11603.812800000002	0.004999999997380655	trials	phototagging
11604.813533333332	0.005000000001018634	trials	phototagging
11605.814266666666	0.005000000001018634	trials	phototagging
11606.815	0.005000000001018634	trials	phototagging
11607.815733333335	0.004999999997380655	trials	phototagging
11608.816433333335	0.005033333331084577	trials	phototagging
11609.817166666666	0.005000000001018634	trials	phototagging
11610.8179	0.005000000001018634	trials	phototagging
11611.818633333334	0.005000000001018634	trials	phototagging
11612.819366666668	0.004999999997380655	trials	phototagging
11613.820099999999	0.005000000001018634	trials	phototagging
11614.820833333333	0.005000000001018634	trials	phototagging
11625.828833333335	0.010033333332103211	trials	phototagging
11625.9289	0.010033333332103211	trials	phototagging
11626.028966666667	0.010033333332103211	trials	phototagging
11626.129066666666	0.010000000002037268	trials	phototagging
11626.229133333332	0.010000000002037268	trials	phototagging
11626.329200000002	0.00999999999839929	trials	phototagging
11626.429266666668	0.010033333332103211	trials	phototagging
11626.529366666668	0.00999999999839929	trials	phototagging
11626.629433333334	0.00999999999839929	trials	phototagging
11626.7295	0.010000000002037268	trials	phototagging
11626.829566666665	0.010000000002037268	trials	phototagging
11626.929633333335	0.010033333332103211	trials	phototagging
11627.029700000001	0.010033333332103211	trials	phototagging
11627.1298	0.00999999999839929	trials	phototagging
11627.229866666667	0.010000000002037268	trials	phototagging
11627.329933333333	0.010000000002037268	trials	phototagging
11627.430000000002	0.00999999999839929	trials	phototagging
11627.530066666668	0.010033333332103211	trials	phototagging
11627.630166666668	0.00999999999839929	trials	phototagging
11627.730233333334	0.00999999999839929	trials	phototagging
11627.8303	0.010000000002037268	trials	phototagging
11627.930366666666	0.010000000002037268	trials	phototagging
11628.030433333335	0.00999999999839929	trials	phototagging
11628.130533333335	0.00999999999839929	trials	phototagging
11628.2306	0.00999999999839929	trials	phototagging
11628.330666666667	0.010000000002037268	trials	phototagging
11628.430733333333	0.010000000002037268	trials	phototagging
11628.530799999999	0.010000000002037268	trials	phototagging
11628.630900000002	0.00999999999839929	trials	phototagging
11628.730966666668	0.00999999999839929	trials	phototagging
11638.838300000001	0.005033333331084577	trials	phototagging
11639.839033333332	0.005000000001018634	trials	phototagging
11640.839766666666	0.005000000001018634	trials	phototagging
11641.8405	0.005000000001018634	trials	phototagging
11642.841233333334	0.004999999997380655	trials	phototagging
11643.841966666669	0.004999999997380655	trials	phototagging
11644.8427	0.005000000001018634	trials	phototagging
11645.8434	0.005033333334722556	trials	phototagging
11646.844133333334	0.005033333334722556	trials	phototagging
11647.844866666668	0.004999999997380655	trials	phototagging
11648.845599999999	0.005000000001018634	trials	phototagging
11649.846333333333	0.005000000001018634	trials	phototagging
11650.847066666667	0.005000000001018634	trials	phototagging
11651.847800000001	0.004999999997380655	trials	phototagging
11652.848500000002	0.005033333331084577	trials	phototagging
11653.849233333332	0.005033333334722556	trials	phototagging
11654.849966666667	0.005000000001018634	trials	phototagging
11655.8507	0.005000000001018634	trials	phototagging
11656.851433333335	0.004999999997380655	trials	phototagging
11657.852166666666	0.005000000001018634	trials	phototagging
11658.8529	0.005000000001018634	trials	phototagging
11659.853633333334	0.005000000001018634	trials	phototagging
11660.854366666668	0.004999999997380655	trials	phototagging
11661.855099999999	0.005000000001018634	trials	phototagging
11662.8558	0.005000000001018634	trials	phototagging
11663.856533333334	0.005000000001018634	trials	phototagging
11664.857266666668	0.004999999997380655	trials	phototagging
11665.858000000002	0.004999999997380655	trials	phototagging
11666.858733333333	0.005000000001018634	trials	phototagging
11667.859466666667	0.005000000001018634	trials	phototagging
11678.867466666668	0.004999999997380655	trials	phototagging
11678.877466666667	0.005033333334722556	trials	phototagging
11678.887499999999	0.005000000001018634	trials	phototagging
11678.897500000001	0.005000000001018634	trials	phototagging
11678.9075	0.005000000001018634	trials	phototagging
11678.917500000001	0.004999999997380655	trials	phototagging
11678.927533333333	0.005000000001018634	trials	phototagging
11678.937533333332	0.005000000001018634	trials	phototagging
11678.947533333334	0.005000000001018634	trials	phototagging
11678.957533333332	0.005000000001018634	trials	phototagging
11678.967566666668	0.004999999997380655	trials	phototagging
11678.977566666666	0.005000000001018634	trials	phototagging
11678.987566666668	0.004999999997380655	trials	phototagging
11678.997566666667	0.005000000001018634	trials	phototagging
11679.007566666665	0.005000000001018634	trials	phototagging
11679.017600000001	0.005000000001018634	trials	phototagging
11679.0276	0.005000000001018634	trials	phototagging
11679.037600000001	0.004999999997380655	trials	phototagging
11679.0476	0.005000000001018634	trials	phototagging
11679.057600000002	0.004999999997380655	trials	phototagging
11679.067633333334	0.005000000001018634	trials	phototagging
11679.077633333332	0.005000000001018634	trials	phototagging
11679.087633333334	0.004999999997380655	trials	phototagging
11679.097633333333	0.005000000001018634	trials	phototagging
11679.107633333335	0.005033333331084577	trials	phototagging
11679.117666666667	0.005000000001018634	trials	phototagging
11679.127666666665	0.005000000001018634	trials	phototagging
11679.137666666667	0.005000000001018634	trials	phototagging
11679.147666666666	0.005033333334722556	trials	phototagging
11679.157700000002	0.004999999997380655	trials	phototagging
11689.175000000001	0.00999999999839929	trials	phototagging
11689.275066666667	0.00999999999839929	trials	phototagging
11689.375133333333	0.010000000002037268	trials	phototagging
11689.475199999999	0.010000000002037268	trials	phototagging
11689.575266666669	0.010033333332103211	trials	phototagging
11689.675366666668	0.00999999999839929	trials	phototagging
11689.775433333334	0.00999999999839929	trials	phototagging
11689.8755	0.00999999999839929	trials	phototagging
11689.975566666666	0.010000000002037268	trials	phototagging
11690.075633333332	0.010000000002037268	trials	phototagging
11690.175733333335	0.00999999999839929	trials	phototagging
11690.275800000001	0.00999999999839929	trials	phototagging
11690.375866666667	0.00999999999839929	trials	phototagging
11690.475933333333	0.010000000002037268	trials	phototagging
11690.576	0.01003333333574119	trials	phototagging
11690.676066666669	0.010033333332103211	trials	phototagging
11690.776166666668	0.00999999999839929	trials	phototagging
11690.876233333334	0.00999999999839929	trials	phototagging
11690.9763	0.00999999999839929	trials	phototagging
11691.076366666666	0.01003333333574119	trials	phototagging
11691.176433333332	0.01003333333574119	trials	phototagging
11691.276500000002	0.010033333332103211	trials	phototagging
11691.376600000001	0.00999999999839929	trials	phototagging
11691.476666666667	0.00999999999839929	trials	phototagging
11691.576733333333	0.010000000002037268	trials	phototagging
11691.6768	0.01003333333574119	trials	phototagging
11691.776866666665	0.01003333333574119	trials	phototagging
11691.876966666669	0.00999999999839929	trials	phototagging
11691.977033333334	0.00999999999839929	trials	phototagging
11692.0771	0.00999999999839929	trials	phototagging
11702.184466666668	0.10006666666595265	trials	phototagging
11703.185200000002	0.10006666666595265	trials	phototagging
11704.185933333332	0.10006666666959063	trials	phototagging
11705.186666666666	0.10006666666595265	trials	phototagging
11706.187366666667	0.10009999999965657	trials	phototagging
11707.188100000001	0.10009999999965657	trials	phototagging
11708.188833333335	0.10006666666595265	trials	phototagging
11709.189566666666	0.10006666666595265	trials	phototagging
11710.1903	0.10006666666595265	trials	phototagging
11711.191033333334	0.10006666666595265	trials	phototagging
11712.191766666669	0.10006666666595265	trials	phototagging
11713.1925	0.10006666666595265	trials	phototagging
11724.2005	0.005033333331084577	trials	phototagging
11724.210533333333	0.004966666667314712	trials	phototagging
11724.220533333335	0.004999999997380655	trials	phototagging
11724.230533333333	0.005000000001018634	trials	phototagging
11724.240533333335	0.004999999997380655	trials	phototagging
11724.250533333334	0.005033333334722556	trials	phototagging
11724.260566666666	0.005000000001018634	trials	phototagging
11724.270566666668	0.004999999997380655	trials	phototagging
11724.280566666666	0.005000000001018634	trials	phototagging
11724.290566666668	0.004999999997380655	trials	phototagging
11724.3006	0.005000000001018634	trials	phototagging
11724.310599999999	0.005000000001018634	trials	phototagging
11724.320600000001	0.005000000001018634	trials	phototagging
11724.3306	0.005000000001018634	trials	phototagging
11724.340600000001	0.005033333331084577	trials	phototagging
11724.350633333333	0.005000000001018634	trials	phototagging
11724.360633333332	0.005000000001018634	trials	phototagging
11724.370633333334	0.005000000001018634	trials	phototagging
11724.380633333332	0.005000000001018634	trials	phototagging
11724.390633333334	0.005000000001018634	trials	phototagging
11724.400666666666	0.005000000001018634	trials	phototagging
11724.410666666668	0.004999999997380655	trials	phototagging
11724.420666666667	0.005000000001018634	trials	phototagging
11724.430666666665	0.005000000001018634	trials	phototagging
11724.440666666667	0.005000000001018634	trials	phototagging
11724.4507	0.005000000001018634	trials	phototagging
11724.460700000001	0.004999999997380655	trials	phototagging
11724.4707	0.005000000001018634	trials	phototagging
11724.480700000002	0.004999999997380655	trials	phototagging
11724.490733333334	0.005000000001018634	trials	phototagging
11734.508033333334	0.10006666666595265	trials	phototagging
11735.508733333334	0.10009999999965657	trials	phototagging
11736.509500000002	0.10006666666595265	trials	phototagging
11737.510199999999	0.10006666666959063	trials	phototagging
11738.510933333333	0.10006666666595265	trials	phototagging
11739.511666666667	0.10006666666595265	trials	phototagging
11740.512400000001	0.10006666666595265	trials	phototagging
11741.513133333332	0.10006666666959063	trials	phototagging
11742.513866666666	0.10006666666595265	trials	phototagging
11743.514566666667	0.10009999999965657	trials	phototagging
11744.515300000001	0.10006666666595265	trials	phototagging
11745.516033333335	0.10009999999965657	trials	phototagging
11756.524066666667	0.00999999999839929	trials	phototagging
11756.624133333333	0.010000000002037268	trials	phototagging
11756.724233333332	0.009966666668333346	trials	phototagging
11756.824300000002	0.00999999999839929	trials	phototagging
11756.924366666668	0.00999999999839929	trials	phototagging
11757.024433333334	0.00999999999839929	trials	phototagging
11757.1245	0.010000000002037268	trials	phototagging
11757.224566666666	0.010000000002037268	trials	phototagging
11757.324666666666	0.010000000002037268	trials	phototagging
11757.424733333335	0.00999999999839929	trials	phototagging
11757.524800000001	0.00999999999839929	trials	phototagging
11757.624866666667	0.00999999999839929	trials	phototagging
11757.724933333333	0.01003333333574119	trials	phototagging
11757.824999999999	0.01003333333574119	trials	phototagging
11757.925099999999	0.010000000002037268	trials	phototagging
11758.025166666668	0.00999999999839929	trials	phototagging
11758.125233333334	0.00999999999839929	trials	phototagging
11758.2253	0.010000000002037268	trials	phototagging
11758.3254	0.010000000002037268	trials	phototagging
11758.425433333332	0.01003333333574119	trials	phototagging
11758.525533333335	0.00999999999839929	trials	phototagging
11758.625600000001	0.00999999999839929	trials	phototagging
11758.725666666667	0.00999999999839929	trials	phototagging
11758.825733333333	0.010033333332103211	trials	phototagging
11758.925833333333	0.010000000002037268	trials	phototagging
11759.025899999999	0.010000000002037268	trials	phototagging
11759.125966666668	0.00999999999839929	trials	phototagging
11759.226033333334	0.00999999999839929	trials	phototagging
11759.3261	0.010033333332103211	trials	phototagging
11759.426166666666	0.01003333333574119	trials	phototagging
11769.533533333333	0.005033333334722556	trials	phototagging
11770.534266666667	0.005033333331084577	trials	phototagging
11771.535000000002	0.004999999997380655	trials	phototagging
11772.535733333332	0.005000000001018634	trials	phototagging
11773.536466666666	0.005000000001018634	trials	phototagging
11774.5372	0.005000000001018634	trials	phototagging
11775.537933333335	0.004999999997380655	trials	phototagging
11776.538666666665	0.005000000001018634	trials	phototagging
11777.5394	0.005000000001018634	trials	phototagging
11778.540133333334	0.005000000001018634	trials	phototagging
11779.540833333334	0.005000000001018634	trials	phototagging
11780.541566666669	0.004999999997380655	trials	phototagging
11781.5423	0.005000000001018634	trials	phototagging
11782.543033333333	0.005000000001018634	trials	phototagging
11783.543766666668	0.005000000001018634	trials	phototagging
11784.544500000002	0.004999999997380655	trials	phototagging
11785.545233333332	0.005000000001018634	trials	phototagging
11786.545966666667	0.005000000001018634	trials	phototagging
11787.546666666667	0.005033333334722556	trials	phototagging
11788.547400000001	0.005033333331084577	trials	phototagging
11789.548133333332	0.005000000001018634	trials	phototagging
11790.548866666666	0.005000000001018634	trials	phototagging
11791.5496	0.005000000001018634	trials	phototagging
11792.550333333334	0.004999999997380655	trials	phototagging
11793.551066666669	0.004999999997380655	trials	phototagging
11794.5518	0.005000000001018634	trials	phototagging
11795.5525	0.005033333334722556	trials	phototagging
11796.553233333334	0.005033333334722556	trials	phototagging
11797.553966666668	0.004999999997380655	trials	phototagging
11798.554699999999	0.005000000001018634	trials	phototagging
11809.562733333334	0.005000000001018634	trials	phototagging
11810.563466666668	0.004999999997380655	trials	phototagging
11811.564199999999	0.005000000001018634	trials	phototagging
11812.564933333333	0.005000000001018634	trials	phototagging
11813.565666666667	0.005000000001018634	trials	phototagging
11814.566366666668	0.004999999997380655	trials	phototagging
11815.567100000002	0.004999999997380655	trials	phototagging
11816.567833333333	0.005000000001018634	trials	phototagging
11817.568566666667	0.005000000001018634	trials	phototagging
11818.569300000001	0.005000000001018634	trials	phototagging
11819.570033333335	0.004999999997380655	trials	phototagging
11820.570766666666	0.005000000001018634	trials	phototagging
11821.5715	0.005000000001018634	trials	phototagging
11822.572233333334	0.005000000001018634	trials	phototagging
11823.572966666668	0.004999999997380655	trials	phototagging
11824.573666666665	0.005000000001018634	trials	phototagging
11825.5744	0.005033333334722556	trials	phototagging
11826.575133333334	0.005000000001018634	trials	phototagging
11827.575866666668	0.004999999997380655	trials	phototagging
11828.576599999999	0.005000000001018634	trials	phototagging
11829.577333333333	0.005000000001018634	trials	phototagging
11830.578066666667	0.005000000001018634	trials	phototagging
11831.578800000001	0.004999999997380655	trials	phototagging
11832.579533333335	0.004999999997380655	trials	phototagging
11833.580266666666	0.005000000001018634	trials	phototagging
11834.580966666666	0.005033333334722556	trials	phototagging
11835.5817	0.005033333334722556	trials	phototagging
11836.582433333335	0.004999999997380655	trials	phototagging
11837.583166666665	0.005000000001018634	trials	phototagging
11838.5839	0.005000000001018634	trials	phototagging
11849.591933333335	0.00999999999839929	trials	phototagging
11849.692000000001	0.010033333332103211	trials	phototagging
11849.792066666667	0.00999999999839929	trials	phototagging
11849.892166666667	0.009966666668333346	trials	phototagging
11849.992233333332	0.010000000002037268	trials	phototagging
11850.092300000002	0.00999999999839929	trials	phototagging
11850.192366666668	0.00999999999839929	trials	phototagging
11850.292433333334	0.00999999999839929	trials	phototagging
11850.3925	0.010033333332103211	trials	phototagging
11850.4926	0.010000000002037268	trials	phototagging
11850.592666666666	0.010000000002037268	trials	phototagging
11850.692733333335	0.00999999999839929	trials	phototagging
11850.792800000001	0.00999999999839929	trials	phototagging
11850.892866666667	0.010033333332103211	trials	phototagging
11850.992966666667	0.010000000002037268	trials	phototagging
11851.093033333333	0.010000000002037268	trials	phototagging
11851.193099999999	0.010000000002037268	trials	phototagging
11851.293166666668	0.00999999999839929	trials	phototagging
11851.393233333334	0.00999999999839929	trials	phototagging
11851.493333333334	0.00999999999839929	trials	phototagging
11851.5934	0.010000000002037268	trials	phototagging
11851.693466666666	0.010000000002037268	trials	phototagging
11851.793533333335	0.00999999999839929	trials	phototagging
11851.893600000001	0.00999999999839929	trials	phototagging
11851.993666666667	0.010033333332103211	trials	phototagging
11852.093766666667	0.00999999999839929	trials	phototagging
11852.193833333333	0.010000000002037268	trials	phototagging
11852.293899999999	0.010000000002037268	trials	phototagging
11852.393966666668	0.010033333332103211	trials	phototagging
11852.494033333334	0.010033333332103211	trials	phototagging
11903.391833333333	0.10006666666595265	trials	phototagging
11904.392566666667	0.10006666666595265	trials	phototagging
11905.393300000002	0.10006666666595265	trials	phototagging
11906.394033333332	0.10006666666959063	trials	phototagging
11907.394766666666	0.10006666666595265	trials	phototagging
11908.3955	0.10006666666595265	trials	phototagging
11909.396233333335	0.10003333333224873	trials	phototagging
11910.396933333335	0.10006666666595265	trials	phototagging
11911.397666666666	0.10006666666959063	trials	phototagging
11912.3984	0.10006666666595265	trials	phototagging
11913.399133333334	0.10006666666595265	trials	phototagging
11914.399866666668	0.10006666666595265	trials	phototagging
11925.4079	0.005000000001018634	trials	phototagging
11925.417899999999	0.005000000001018634	trials	phototagging
11925.4279	0.005000000001018634	trials	phototagging
11925.437899999999	0.005000000001018634	trials	phototagging
11925.447933333335	0.004999999997380655	trials	phototagging
11925.457933333333	0.005000000001018634	trials	phototagging
11925.467933333335	0.004999999997380655	trials	phototagging
11925.477933333334	0.005000000001018634	trials	phototagging
11925.487966666666	0.005000000001018634	trials	phototagging
11925.497966666668	0.005000000001018634	trials	phototagging
11925.507966666666	0.005000000001018634	trials	phototagging
11925.517966666668	0.004999999997380655	trials	phototagging
11925.528	0.005000000001018634	trials	phototagging
11925.537999999999	0.005000000001018634	trials	phototagging
11925.548	0.005000000001018634	trials	phototagging
11925.557999999999	0.005000000001018634	trials	phototagging
11925.568000000001	0.005033333331084577	trials	phototagging
11925.578033333333	0.005000000001018634	trials	phototagging
11925.588033333335	0.004999999997380655	trials	phototagging
11925.598033333334	0.005000000001018634	trials	phototagging
11925.608033333332	0.005000000001018634	trials	phototagging
11925.618033333334	0.005033333331084577	trials	phototagging
11925.628066666666	0.005000000001018634	trials	phototagging
11925.638066666668	0.004999999997380655	trials	phototagging
11925.648066666667	0.005000000001018634	trials	phototagging
11925.658066666669	0.004999999997380655	trials	phototagging
11925.668066666667	0.005000000001018634	trials	phototagging
11925.6781	0.005000000001018634	trials	phototagging
11925.688100000001	0.004999999997380655	trials	phototagging
11925.6981	0.005000000001018634	trials	phototagging
11935.7154	0.01003333333574119	trials	phototagging
11935.815499999999	0.010000000002037268	trials	phototagging
11935.915566666668	0.00999999999839929	trials	phototagging
11936.015633333334	0.00999999999839929	trials	phototagging
11936.1157	0.010033333332103211	trials	phototagging
11936.215766666666	0.01003333333574119	trials	phototagging
11936.315833333332	0.01003333333574119	trials	phototagging
11936.415933333332	0.010000000002037268	trials	phototagging
11936.516000000001	0.00999999999839929	trials	phototagging
11936.616066666667	0.00999999999839929	trials	phototagging
11936.716133333333	0.010033333332103211	trials	phototagging
11936.8162	0.01003333333574119	trials	phototagging
11936.916299999999	0.010000000002037268	trials	phototagging
11937.016366666669	0.00999999999839929	trials	phototagging
11937.116433333334	0.00999999999839929	trials	phototagging
11937.2165	0.00999999999839929	trials	phototagging
11937.3166	0.00999999999839929	trials	phototagging
11937.416666666666	0.010000000002037268	trials	phototagging
11937.516733333332	0.010000000002037268	trials	phototagging
11937.616800000002	0.00999999999839929	trials	phototagging
11937.716866666668	0.00999999999839929	trials	phototagging
11937.816933333334	0.010033333332103211	trials	phototagging
11937.917033333333	0.010000000002037268	trials	phototagging
11938.0171	0.010000000002037268	trials	phototagging
11938.117166666669	0.00999999999839929	trials	phototagging
11938.217233333335	0.00999999999839929	trials	phototagging
11938.3173	0.010033333332103211	trials	phototagging
11938.4174	0.00999999999839929	trials	phototagging
11938.517466666666	0.010000000002037268	trials	phototagging
11938.617533333332	0.010000000002037268	trials	phototagging
11948.7249	0.005000000001018634	trials	phototagging
11949.725633333333	0.005000000001018634	trials	phototagging
11950.726366666668	0.005000000001018634	trials	phototagging
11951.727100000002	0.004999999997380655	trials	phototagging
11952.727833333332	0.005000000001018634	trials	phototagging
11953.728566666667	0.005000000001018634	trials	phototagging
11954.7293	0.005000000001018634	trials	phototagging
11955.730033333335	0.004999999997380655	trials	phototagging
11956.730733333332	0.005033333334722556	trials	phototagging
11957.731466666666	0.005033333334722556	trials	phototagging
11958.7322	0.005000000001018634	trials	phototagging
11959.732933333335	0.004999999997380655	trials	phototagging
11960.733666666665	0.005000000001018634	trials	phototagging
11961.7344	0.005000000001018634	trials	phototagging
11962.735133333334	0.005000000001018634	trials	phototagging
11963.735866666668	0.004999999997380655	trials	phototagging
11964.736600000002	0.004999999997380655	trials	phototagging
11965.737333333333	0.005000000001018634	trials	phototagging
11966.738066666667	0.005000000001018634	trials	phototagging
11967.738766666667	0.005033333334722556	trials	phototagging
11968.739500000001	0.005033333331084577	trials	phototagging
11969.740233333332	0.005000000001018634	trials	phototagging
11970.740966666666	0.005000000001018634	trials	phototagging
11971.7417	0.005000000001018634	trials	phototagging
11972.742433333335	0.004999999997380655	trials	phototagging
11973.743166666665	0.005000000001018634	trials	phototagging
11974.7439	0.005000000001018634	trials	phototagging
11975.744633333334	0.005000000001018634	trials	phototagging
11976.745366666668	0.004999999997380655	trials	phototagging
11977.746099999998	0.005000000001018634	trials	phototagging
11988.754133333334	0.005000000001018634	trials	phototagging
11989.754866666668	0.004999999997380655	trials	phototagging
11990.755566666669	0.004999999997380655	trials	phototagging
11991.7563	0.005033333334722556	trials	phototagging
11992.757033333333	0.005000000001018634	trials	phototagging
11993.757766666668	0.005000000001018634	trials	phototagging
11994.758500000002	0.004999999997380655	trials	phototagging
11995.759233333332	0.005000000001018634	trials	phototagging
11996.759966666667	0.005000000001018634	trials	phototagging
11997.7607	0.005000000001018634	trials	phototagging
11998.761433333335	0.004999999997380655	trials	phototagging
11999.762166666666	0.005000000001018634	trials	phototagging
12000.7629	0.005000000001018634	trials	phototagging
12001.7636	0.005000000001018634	trials	phototagging
12002.764366666668	0.004999999997380655	trials	phototagging
12003.765066666669	0.004999999997380655	trials	phototagging
12004.7658	0.005000000001018634	trials	phototagging
12005.766533333333	0.005000000001018634	trials	phototagging
12006.767266666668	0.005000000001018634	trials	phototagging
12007.768000000002	0.004999999997380655	trials	phototagging
12008.768733333332	0.005000000001018634	trials	phototagging
12009.769466666667	0.005000000001018634	trials	phototagging
12010.7702	0.005000000001018634	trials	phototagging
12011.770933333335	0.004999999997380655	trials	phototagging
12012.771666666666	0.005000000001018634	trials	phototagging
12013.772366666666	0.005033333334722556	trials	phototagging
12014.7731	0.005000000001018634	trials	phototagging
12015.773833333335	0.004999999997380655	trials	phototagging
12016.774566666669	0.004999999997380655	trials	phototagging
12017.7753	0.005000000001018634	trials	phototagging
12028.783333333335	0.010033333332103211	trials	phototagging
12028.883433333334	0.00999999999839929	trials	phototagging
12028.9835	0.00999999999839929	trials	phototagging
12029.083566666666	0.010000000002037268	trials	phototagging
12029.183633333332	0.010000000002037268	trials	phototagging
12029.283700000002	0.00999999999839929	trials	phototagging
12029.383800000001	0.00999999999839929	trials	phototagging
12029.483866666667	0.00999999999839929	trials	phototagging
12029.583933333333	0.010000000002037268	trials	phototagging
12029.684	0.010000000002037268	trials	phototagging
12029.784066666665	0.01003333333574119	trials	phototagging
12029.884133333335	0.010033333332103211	trials	phototagging
12029.984233333334	0.00999999999839929	trials	phototagging
12030.0843	0.00999999999839929	trials	phototagging
12030.184366666666	0.010000000002037268	trials	phototagging
12030.284433333332	0.010000000002037268	trials	phototagging
12030.384533333332	0.010000000002037268	trials	phototagging
12030.484566666668	0.010033333332103211	trials	phototagging
12030.584666666668	0.00999999999839929	trials	phototagging
12030.684733333333	0.00999999999839929	trials	phototagging
12030.7848	0.010000000002037268	trials	phototagging
12030.884866666665	0.01003333333574119	trials	phototagging
12030.984933333335	0.010033333332103211	trials	phototagging
12031.085033333335	0.00999999999839929	trials	phototagging
12031.1851	0.00999999999839929	trials	phototagging
12031.285166666667	0.010033333332103211	trials	phototagging
12031.385233333333	0.01003333333574119	trials	phototagging
12031.485300000002	0.010033333332103211	trials	phototagging
12031.585400000002	0.00999999999839929	trials	phototagging
12031.685466666668	0.00999999999839929	trials	phototagging
12041.792833333335	0.005033333331084577	trials	phototagging
12042.793566666665	0.005000000001018634	trials	phototagging
12043.7943	0.005000000001018634	trials	phototagging
12044.795033333334	0.005000000001018634	trials	phototagging
12045.795766666668	0.004999999997380655	trials	phototagging
12046.796499999999	0.005000000001018634	trials	phototagging
12047.797233333333	0.005000000001018634	trials	phototagging
12048.797966666667	0.005000000001018634	trials	phototagging
12049.798700000001	0.004999999997380655	trials	phototagging
12050.799433333335	0.004999999997380655	trials	phototagging
12051.800166666666	0.005000000001018634	trials	phototagging
12052.8009	0.005000000001018634	trials	phototagging
12053.8016	0.005033333334722556	trials	phototagging
12054.802366666669	0.004999999997380655	trials	phototagging
12055.803066666665	0.005000000001018634	trials	phototagging
12056.8038	0.005033333334722556	trials	phototagging
12057.804533333334	0.005000000001018634	trials	phototagging
12058.805266666668	0.004999999997380655	trials	phototagging
12059.805999999999	0.005000000001018634	trials	phototagging
12060.806733333333	0.005000000001018634	trials	phototagging
12061.807466666667	0.005000000001018634	trials	phototagging
12062.808200000001	0.004999999997380655	trials	phototagging
12063.808933333332	0.005000000001018634	trials	phototagging
12064.809666666666	0.005000000001018634	trials	phototagging
12065.8104	0.005000000001018634	trials	phototagging
12066.811133333335	0.004999999997380655	trials	phototagging
12067.811866666669	0.004999999997380655	trials	phototagging
12068.812566666666	0.005033333334722556	trials	phototagging
12069.8133	0.005033333334722556	trials	phototagging
12070.814033333334	0.005000000001018634	trials	phototagging
12081.8221	0.005000000001018634	trials	phototagging
12081.832100000001	0.004999999997380655	trials	phototagging
12081.8421	0.005000000001018634	trials	phototagging
12081.852100000002	0.004999999997380655	trials	phototagging
12081.8621	0.005033333334722556	trials	phototagging
12081.872133333332	0.005000000001018634	trials	phototagging
12081.882133333334	0.005000000001018634	trials	phototagging
12081.892133333333	0.005000000001018634	trials	phototagging
12081.902133333335	0.004999999997380655	trials	phototagging
12081.912133333333	0.005033333334722556	trials	phototagging
12081.922166666665	0.005000000001018634	trials	phototagging
12081.932166666667	0.005000000001018634	trials	phototagging
12081.942166666666	0.005000000001018634	trials	phototagging
12081.952166666668	0.005033333331084577	trials	phototagging
12081.9622	0.005000000001018634	trials	phototagging
12081.972200000002	0.004999999997380655	trials	phototagging
12081.9822	0.005000000001018634	trials	phototagging
12081.992199999999	0.005033333334722556	trials	phototagging
12082.002233333335	0.004999999997380655	trials	phototagging
12082.012233333333	0.005000000001018634	trials	phototagging
12082.022233333335	0.004999999997380655	trials	phototagging
12082.032233333333	0.005000000001018634	trials	phototagging
12082.042266666665	0.005000000001018634	trials	phototagging
12082.052266666667	0.005000000001018634	trials	phototagging
12082.062266666666	0.005000000001018634	trials	phototagging
12082.072266666668	0.004999999997380655	trials	phototagging
12082.082266666666	0.005000000001018634	trials	phototagging
12082.092300000002	0.004999999997380655	trials	phototagging
12082.1023	0.005000000001018634	trials	phototagging
12082.112299999999	0.005000000001018634	trials	phototagging
12092.129600000002	0.010033333332103211	trials	phototagging
12092.229700000002	0.00999999999839929	trials	phototagging
12092.329766666668	0.00999999999839929	trials	phototagging
12092.429833333334	0.00999999999839929	trials	phototagging
12092.5299	0.01003333333574119	trials	phototagging
12092.629966666665	0.01003333333574119	trials	phototagging
12092.730066666665	0.010000000002037268	trials	phototagging
12092.830133333335	0.00999999999839929	trials	phototagging
12092.9302	0.00999999999839929	trials	phototagging
12093.030266666667	0.010033333332103211	trials	phototagging
12093.130333333333	0.01003333333574119	trials	phototagging
12093.230433333332	0.010000000002037268	trials	phototagging
12093.330500000002	0.00999999999839929	trials	phototagging
12093.430566666668	0.00999999999839929	trials	phototagging
12093.530633333334	0.00999999999839929	trials	phototagging
12093.630733333333	0.010000000002037268	trials	phototagging
12093.7308	0.010000000002037268	trials	phototagging
12093.830866666665	0.010000000002037268	trials	phototagging
12093.930933333335	0.00999999999839929	trials	phototagging
12094.031	0.00999999999839929	trials	phototagging
12094.131066666667	0.010033333332103211	trials	phototagging
12094.231166666666	0.010000000002037268	trials	phototagging
12094.331233333332	0.010000000002037268	trials	phototagging
12094.431300000002	0.00999999999839929	trials	phototagging
12094.531366666668	0.00999999999839929	trials	phototagging
12094.631433333334	0.00999999999839929	trials	phototagging
12094.7315	0.010033333332103211	trials	phototagging
12094.8316	0.010000000002037268	trials	phototagging
12094.931666666665	0.010000000002037268	trials	phototagging
12095.031733333335	0.00999999999839929	trials	phototagging
12105.139133333332	0.10006666666959063	trials	phototagging
12106.139866666666	0.10006666666595265	trials	phototagging
12107.1406	0.10006666666595265	trials	phototagging
12108.141300000001	0.10009999999965657	trials	phototagging
12109.142066666665	0.10003333333588671	trials	phototagging
12110.142766666666	0.10006666666595265	trials	phototagging
12111.1435	0.10006666666595265	trials	phototagging
12112.144233333334	0.10006666666595265	trials	phototagging
12113.144966666669	0.10006666666595265	trials	phototagging
12114.1457	0.10006666666959063	trials	phototagging
12115.146433333333	0.10006666666595265	trials	phototagging
12116.147166666668	0.10006666666595265	trials	phototagging
12127.1552	0.005000000001018634	trials	phototagging
12127.165200000001	0.005033333331084577	trials	phototagging
12127.175233333333	0.005000000001018634	trials	phototagging
12127.185233333335	0.004999999997380655	trials	phototagging
12127.195233333334	0.005000000001018634	trials	phototagging
12127.205233333332	0.005033333334722556	trials	phototagging
12127.215266666668	0.004999999997380655	trials	phototagging
12127.225266666666	0.005000000001018634	trials	phototagging
12127.235266666668	0.004999999997380655	trials	phototagging
12127.245266666667	0.005033333334722556	trials	phototagging
12127.255299999999	0.005000000001018634	trials	phototagging
12127.265300000001	0.005000000001018634	trials	phototagging
12127.2753	0.005000000001018634	trials	phototagging
12127.285300000001	0.004999999997380655	trials	phototagging
12127.2953	0.005000000001018634	trials	phototagging
12127.305333333332	0.005000000001018634	trials	phototagging
12127.315333333334	0.005000000001018634	trials	phototagging
12127.325333333332	0.005000000001018634	trials	phototagging
12127.335333333334	0.005000000001018634	trials	phototagging
12127.345333333333	0.005000000001018634	trials	phototagging
12127.355366666668	0.004999999997380655	trials	phototagging
12127.365366666667	0.005000000001018634	trials	phototagging
12127.375366666665	0.005000000001018634	trials	phototagging
12127.385366666667	0.005000000001018634	trials	phototagging
12127.3954	0.005000000001018634	trials	phototagging
12127.405400000001	0.004999999997380655	trials	phototagging
12127.4154	0.005000000001018634	trials	phototagging
12127.425400000002	0.004999999997380655	trials	phototagging
12127.4354	0.005000000001018634	trials	phototagging
12127.445433333332	0.005000000001018634	trials	phototagging
12137.462733333332	0.10006666666959063	trials	phototagging
12138.463466666666	0.10009999999965657	trials	phototagging
12139.4642	0.10006666666595265	trials	phototagging
12140.464933333335	0.10006666666595265	trials	phototagging
12141.465666666669	0.10006666666595265	trials	phototagging
12142.4664	0.10006666666595265	trials	phototagging
12143.467133333334	0.10006666666595265	trials	phototagging
12144.467866666668	0.10006666666595265	trials	phototagging
12145.468600000002	0.10006666666595265	trials	phototagging
12146.469299999999	0.10009999999965657	trials	phototagging
12147.470033333333	0.10009999999965657	trials	phototagging
12148.470800000001	0.10006666666595265	trials	phototagging
12159.478833333333	0.010000000002037268	trials	phototagging
12159.578899999999	0.01003333333574119	trials	phototagging
12159.678966666668	0.00999999999839929	trials	phototagging
12159.779066666668	0.00999999999839929	trials	phototagging
12159.879133333334	0.00999999999839929	trials	phototagging
12159.9792	0.010000000002037268	trials	phototagging
12160.079266666666	0.010000000002037268	trials	phototagging
12160.179333333335	0.010033333332103211	trials	phototagging
12160.279400000001	0.010033333332103211	trials	phototagging
12160.379500000001	0.00999999999839929	trials	phototagging
12160.479566666667	0.00999999999839929	trials	phototagging
12160.579633333333	0.010000000002037268	trials	phototagging
12160.679699999999	0.010000000002037268	trials	phototagging
12160.779800000002	0.00999999999839929	trials	phototagging
12160.879833333334	0.010033333332103211	trials	phototagging
12160.979933333334	0.00999999999839929	trials	phototagging
12161.08	0.010000000002037268	trials	phototagging
12161.180066666666	0.01003333333574119	trials	phototagging
12161.280133333332	0.01003333333574119	trials	phototagging
12161.380200000001	0.010033333332103211	trials	phototagging
12161.480300000001	0.00999999999839929	trials	phototagging
12161.580366666667	0.00999999999839929	trials	phototagging
12161.680433333333	0.010000000002037268	trials	phototagging
12161.780499999999	0.01003333333574119	trials	phototagging
12161.880566666669	0.010033333332103211	trials	phototagging
12161.980666666668	0.00999999999839929	trials	phototagging
12162.080733333334	0.00999999999839929	trials	phototagging
12162.1808	0.00999999999839929	trials	phototagging
12162.280866666666	0.010000000002037268	trials	phototagging
12162.380966666666	0.010000000002037268	trials	phototagging
12172.488333333333	0.005000000001018634	trials	phototagging
12173.489066666667	0.005000000001018634	trials	phototagging
12174.489800000001	0.004999999997380655	trials	phototagging
12175.490533333335	0.004999999997380655	trials	phototagging
12176.491266666666	0.005000000001018634	trials	phototagging
12177.492	0.005000000001018634	trials	phototagging
12178.492733333334	0.005000000001018634	trials	phototagging
12179.493466666669	0.004999999997380655	trials	phototagging
12180.4942	0.005000000001018634	trials	phototagging
12181.494933333333	0.005000000001018634	trials	phototagging
12182.495666666668	0.005000000001018634	trials	phototagging
12183.496366666668	0.005033333331084577	trials	phototagging
12184.497133333332	0.005000000001018634	trials	phototagging
12185.497833333333	0.005033333334722556	trials	phototagging
12186.498566666667	0.005000000001018634	trials	phototagging
12187.499300000001	0.005033333331084577	trials	phototagging
12188.500033333332	0.005000000001018634	trials	phototagging
12189.500766666666	0.005033333334722556	trials	phototagging
12190.5015	0.005000000001018634	trials	phototagging
12191.502233333335	0.004999999997380655	trials	phototagging
12192.502966666669	0.004999999997380655	trials	phototagging
12193.5037	0.005000000001018634	trials	phototagging
12194.504433333334	0.005000000001018634	trials	phototagging
12195.505166666668	0.005000000001018634	trials	phototagging
12196.505900000002	0.004999999997380655	trials	phototagging
12197.506633333333	0.005000000001018634	trials	phototagging
12198.507366666667	0.005000000001018634	trials	phototagging
12199.508100000001	0.005000000001018634	trials	phototagging
12200.508833333335	0.004999999997380655	trials	phototagging
12201.509566666666	0.005000000001018634	trials	phototagging
12212.517600000001	0.005000000001018634	trials	phototagging
12213.518333333335	0.004999999997380655	trials	phototagging
12214.519066666666	0.005000000001018634	trials	phototagging
12215.5198	0.005000000001018634	trials	phototagging
12216.520533333334	0.005000000001018634	trials	phototagging
12217.521266666668	0.004999999997380655	trials	phototagging
12218.521999999999	0.005000000001018634	trials	phototagging
12219.522733333333	0.005000000001018634	trials	phototagging
12220.523466666667	0.005000000001018634	trials	phototagging
12221.524200000002	0.004999999997380655	trials	phototagging
12222.524933333332	0.005000000001018634	trials	phototagging
12223.525666666666	0.005000000001018634	trials	phototagging
12224.5264	0.005000000001018634	trials	phototagging
12225.527100000001	0.005033333331084577	trials	phototagging
12226.527866666665	0.005000000001018634	trials	phototagging
12227.528566666666	0.005033333334722556	trials	phototagging
12228.529333333334	0.005000000001018634	trials	phototagging
12229.530066666668	0.004999999997380655	trials	phototagging
12230.530766666669	0.004999999997380655	trials	phototagging
12231.5315	0.005033333334722556	trials	phototagging
12232.532233333333	0.005000000001018634	trials	phototagging
12233.532966666668	0.005000000001018634	trials	phototagging
12234.533700000002	0.004999999997380655	trials	phototagging
12235.534433333332	0.005000000001018634	trials	phototagging
12236.535166666667	0.005000000001018634	trials	phototagging
12237.5359	0.005000000001018634	trials	phototagging
12238.536633333335	0.004999999997380655	trials	phototagging
12239.537366666666	0.005000000001018634	trials	phototagging
12240.5381	0.005000000001018634	trials	phototagging
12241.538833333334	0.005000000001018634	trials	phototagging
12252.5469	0.010000000002037268	trials	phototagging
12252.646966666665	0.010000000002037268	trials	phototagging
12252.747033333335	0.00999999999839929	trials	phototagging
12252.8471	0.00999999999839929	trials	phototagging
12252.947166666667	0.00999999999839929	trials	phototagging
12253.047233333333	0.01003333333574119	trials	phototagging
12253.147333333332	0.010000000002037268	trials	phototagging
12253.247400000002	0.00999999999839929	trials	phototagging
12253.347466666668	0.00999999999839929	trials	phototagging
12253.447533333334	0.00999999999839929	trials	phototagging
12253.547633333334	0.009966666668333346	trials	phototagging
12253.6477	0.010000000002037268	trials	phototagging
12253.747766666665	0.010000000002037268	trials	phototagging
12253.847833333335	0.00999999999839929	trials	phototagging
12253.947900000001	0.00999999999839929	trials	phototagging
12254.047966666667	0.010033333332103211	trials	phototagging
12254.148033333333	0.01003333333574119	trials	phototagging
12254.248133333333	0.010000000002037268	trials	phototagging
12254.348199999999	0.010000000002037268	trials	phototagging
12254.448266666668	0.00999999999839929	trials	phototagging
12254.548333333334	0.010033333332103211	trials	phototagging
12254.6484	0.010033333332103211	trials	phototagging
12254.7485	0.010000000002037268	trials	phototagging
12254.848566666666	0.010000000002037268	trials	phototagging
12254.948633333335	0.00999999999839929	trials	phototagging
12255.048700000001	0.010033333332103211	trials	phototagging
12255.1488	0.00999999999839929	trials	phototagging
12255.248866666667	0.00999999999839929	trials	phototagging
12255.348933333333	0.010000000002037268	trials	phototagging
12255.448999999999	0.010000000002037268	trials	phototagging
