onset	duration	nwb_table	trial_type
285.8152	20.0	trials	reward_stimulus_presentation
286.81513333333334	0.8000333333333174	trials	reward_delivery
374.8851	0.3700666666666734	trials	port_entry
375.4351	0.17003333333337878	trials	port_entry
375.72520000000003	7.589966666666612	trials	port_entry
375.81513333333334	0.019966666666675792	trials	reward_stimulus_presentation
376.81513333333334	0.8000333333333174	trials	reward_delivery
387.06516666666664	1.080000000000041	trials	port_entry
465.8152	19.999900000000025	trials	reward_stimulus_presentation
466.81516666666664	0.8000000000000114	trials	reward_delivery
487.05516666666665	0.18000000000006366	trials	port_entry
487.54516666666666	4.269966666666733	trials	port_entry
493.62513333333334	0.14999999999997726	trials	port_entry
497.8351333333334	0.3200333333332992	trials	port_entry
500.55516666666665	0.05000000000006821	trials	port_entry
500.68516666666665	0.11000000000001364	trials	port_entry
500.8751666666667	2.439999999999941	trials	port_entry
555.8151666666666	19.999933333333388	trials	neutral_stimulus_presentation
597.0351666666667	3.67999999999995	trials	port_entry
601.6851333333333	0.1100333333333765	trials	port_entry
601.8751333333333	0.02003333333334467	trials	port_entry
603.8051666666667	0.01999999999998181	trials	port_entry
607.1051333333334	0.04003333333332648	trials	port_entry
637.5350666666667	2.8600999999999885	trials	port_entry
640.8151666666666	0.7100000000000364	trials	reward_stimulus_presentation
641.1251666666667	10.309966666666583	trials	port_entry
641.8151666666666	0.8000000000000682	trials	reward_delivery
652.9751333333334	0.07996666666667807	trials	port_entry
653.1051	5.150066666666703	trials	port_entry
662.2951333333333	3.000033333333363	trials	port_entry
694.4351333333333	4.07000000000005	trials	port_entry
702.7951333333333	2.15003333333334	trials	port_entry
730.8151666666666	20.002500000000055	trials	shock_stimulus_presentation
750.6150333333334	0.3000999999999294	trials	shock_relay
770.1351333333333	0.15993333333335613	trials	port_entry
770.3450666666666	3.660000000000082	trials	port_entry
775.7351	0.7100000000000364	trials	port_entry
777.3250666666667	1.9900666666667348	trials	port_entry
781.8851333333333	0.9800000000000182	trials	port_entry
785.5251333333333	0.06996666666668716	trials	port_entry
804.9651	2.6200000000000045	trials	port_entry
814.5151333333333	1.4499666666666826	trials	port_entry
818.2451333333333	1.0199999999999818	trials	port_entry
825.6751333333333	7.7000000000000455	trials	port_entry
825.8151666666666	0.25996666666674173	trials	reward_stimulus_presentation
826.8151	0.7999999999999545	trials	reward_delivery
833.7451333333333	1.9799666666666553	trials	port_entry
836.8851	2.4500000000000455	trials	port_entry
842.6050333333334	0.09010000000000673	trials	port_entry
842.7251	2.5600333333333083	trials	port_entry
846.2551333333333	0.09000000000003183	trials	port_entry
846.4651333333334	2.689999999999941	trials	port_entry
876.7751333333333	0.10000000000002274	trials	port_entry
876.9451333333334	3.3299999999999272	trials	port_entry
881.1751333333333	1.1899000000000797	trials	port_entry
884.8250666666667	2.8700666666667303	trials	port_entry
889.4851	0.0700333333332992	trials	port_entry
889.9251333333333	0.5999666666666599	trials	port_entry
894.8551	1.7899999999999636	trials	port_entry
915.8151333333334	20.0	trials	neutral_stimulus_presentation
926.6051	0.0700333333332992	trials	port_entry
926.8051	2.929966666666587	trials	port_entry
931.0650666666667	1.8200333333332992	trials	port_entry
935.6551333333333	1.8999999999999773	trials	port_entry
940.9151333333333	0.8999666666667281	trials	port_entry
960.9350666666667	0.19000000000005457	trials	port_entry
961.2150666666666	2.2100666666666484	trials	port_entry
968.9751333333334	1.5599999999999454	trials	port_entry
995.8150666666667	16.940033333333304	trials	reward_stimulus_presentation
996.8150999999999	0.8000000000001819	trials	reward_delivery
1012.3551000000001	4.879999999999882	trials	port_entry
1021.5051	3.3099999999998317	trials	port_entry
1027.9751	2.0	trials	port_entry
1033.8150999999998	2.3100000000004	trials	port_entry
1037.5250999999998	0.11000000000012733	trials	port_entry
1040.8850666666667	2.65003333333334	trials	port_entry
1046.0151	1.8500333333331582	trials	port_entry
1050.9051	2.200000000000273	trials	port_entry
1057.1650333333332	0.1700666666665711	trials	port_entry
1057.4651	2.349999999999909	trials	port_entry
1063.5350666666668	1.5700333333334129	trials	port_entry
1085.8150999999998	20.002000000000407	trials	shock_stimulus_presentation
1097.5850999999998	0.12996666666685996	trials	port_entry
1097.7649999999999	3.150100000000293	trials	port_entry
1103.4551000000001	0.03999999999996362	trials	port_entry
1105.6150666666667	0.299966666666478	trials	shock_relay
1110.4651	2.3200000000001637	trials	port_entry
1121.0951	1.9899999999997817	trials	port_entry
1128.2150666666666	0.12003333333314004	trials	port_entry
1128.3750666666665	0.7600000000002183	trials	port_entry
1138.725	2.5001000000002023	trials	port_entry
1151.3150666666666	1.850033333333613	trials	port_entry
1163.9250666666667	0.13000000000010914	trials	port_entry
1164.1350666666667	1.4600333333332856	trials	port_entry
1185.8151333333335	19.999966666666296	trials	reward_stimulus_presentation
1186.8150999999998	0.8000000000001819	trials	reward_delivery
1208.085	6.010099999999966	trials	port_entry
1216.4751	1.569999999999709	trials	port_entry
1221.7950666666666	0.09000000000014552	trials	port_entry
1222.0050666666666	1.6800333333335402	trials	port_entry
1229.8551000000002	1.8799999999996544	trials	port_entry
1231.9051	0.09000000000014552	trials	port_entry
1266.8050666666668	3.240033333333031	trials	port_entry
1275.8150999999998	19.99996666666675	trials	neutral_stimulus_presentation
1302.4751	2.7199666666665507	trials	port_entry
1307.6250666666665	0.9300333333335402	trials	port_entry
1311.1250333333332	0.11000000000012733	trials	port_entry
1332.7550666666666	2.0899333333331924	trials	port_entry
1335.5350666666668	0.6399999999998727	trials	port_entry
1341.2151	0.9299666666665871	trials	port_entry
1345.0751	1.4299666666665871	trials	port_entry
1356.8450666666668	0.9200333333333219	trials	port_entry
1360.8250666666668	2.7799999999997453	trials	port_entry
1365.8150666666666	1.1300333333333583	trials	reward_stimulus_presentation
1366.5450333333333	0.0500000000001819	trials	port_entry
1366.6550333333334	5.640033333333122	trials	port_entry
1366.8150999999998	0.7998999999999796	trials	reward_delivery
1372.3850666666667	2.6000333333331582	trials	port_entry
1375.045	0.10010000000011132	trials	port_entry
1375.3451	3.2199666666665507	trials	port_entry
1381.1850666666664	2.3199333333336654	trials	port_entry
1388.8649999999998	2.7401000000004387	trials	port_entry
1391.6850666666664	3.1699666666668236	trials	port_entry
1394.9850666666666	0.4499999999998181	trials	port_entry
1397.2750666666666	2.6899666666668054	trials	port_entry
1407.9350666666664	2.6900000000000546	trials	port_entry
1412.9650000000001	4.010066666666717	trials	port_entry
1419.7550666666666	1.0900000000001455	trials	port_entry
1422.4350666666664	0.24000000000023647	trials	port_entry
1422.9350666666664	3.729966666666769	trials	port_entry
1426.8949666666667	2.320066666666662	trials	port_entry
1431.5850666666665	3.9300666666667894	trials	port_entry
1437.8150333333333	7.410066666666808	trials	port_entry
1450.2749666666668	2.8500999999996566	trials	port_entry
1455.0150666666668	0.6199999999998909	trials	port_entry
1455.8150666666666	20.002600000000257	trials	shock_stimulus_presentation
1475.6150333333335	0.3000333333329763	trials	shock_relay
1481.2650666666668	3.5099666666665144	trials	port_entry
1493.9050666666667	2.22993333333352	trials	port_entry
1497.7150333333334	0.02999999999974534	trials	port_entry
1501.875	2.2600666666667166	trials	port_entry
1504.6549666666665	0.15010000000029322	trials	port_entry
1507.7650666666668	3.5299999999997453	trials	port_entry
1511.7050666666669	0.15999999999985448	trials	port_entry
1516.7550333333334	4.209966666666787	trials	port_entry
1529.4749666666667	0.15003333333334012	trials	port_entry
1529.7150000000001	2.0900333333333947	trials	port_entry
1540.8150666666666	19.99996666666675	trials	neutral_stimulus_presentation
1545.2150333333334	0.1799999999998363	trials	port_entry
1545.4250333333334	2.0300333333334493	trials	port_entry
1548.8049666666666	11.950033333333522	trials	port_entry
1560.9550333333332	0.12000000000034561	trials	port_entry
1561.0949999999998	0.020033333333685732	trials	port_entry
1561.5350666666668	0.08999999999969077	trials	port_entry
1561.7450666666668	0.16003333333310366	trials	port_entry
1562.0151	0.11999999999989086	trials	port_entry
1562.1550666666667	0.11000000000012733	trials	port_entry
1562.2850666666668	0.3300333333331764	trials	port_entry
1562.6651000000002	0.11996666666664169	trials	port_entry
1562.9850666666666	0.03000000000020009	trials	port_entry
1577.2650666666668	12.839966666666442	trials	port_entry
1593.1250666666665	1.9700000000002547	trials	port_entry
1595.2150666666666	0.1799999999998363	trials	port_entry
1595.5550666666668	0.17000000000007276	trials	port_entry
1595.8650666666667	0.23999999999978172	trials	port_entry
1596.1550666666667	0.6999999999998181	trials	port_entry
1596.9650666666666	0.09999999999990905	trials	port_entry
1597.2150666666666	0.11999999999989086	trials	port_entry
1597.5350666666668	0.1499999999996362	trials	port_entry
1597.7750666666666	0.03000000000020009	trials	port_entry
1597.8550666666665	0.03999999999996362	trials	port_entry
1598.2050666666669	0.02999999999974534	trials	port_entry
1598.6750666666667	0.01999999999998181	trials	port_entry
1598.7249666666667	0.04006666666646197	trials	port_entry
1598.8549666666668	0.030099999999947613	trials	port_entry
1598.9850333333334	0.15003333333334012	trials	port_entry
1599.2950333333333	0.020033333333230985	trials	port_entry
1601.045	0.270033333333231	trials	port_entry
1601.3350333333333	0.040033333333212795	trials	port_entry
1601.8550333333333	0.01999999999998181	trials	port_entry
1604.9150333333332	0.03999999999996362	trials	port_entry
1606.5150666666668	2.3599666666664234	trials	port_entry
1610.8550333333333	0.12996666666685996	trials	port_entry
1613.0650333333333	0.1100333333333765	trials	port_entry
1613.1950333333334	0.5000333333332492	trials	port_entry
1630.8150666666666	20.002300000000105	trials	shock_stimulus_presentation
1650.6150333333335	0.3000333333329763	trials	shock_relay
1691.1650333333332	1.0300000000002	trials	port_entry
1701.1150666666667	3.329966666666678	trials	port_entry
1704.4950333333331	0.09000000000014552	trials	port_entry
1710.7050666666669	0.07999999999992724	trials	port_entry
1710.8250666666668	0.11999999999989086	trials	port_entry
1711.0050666666666	0.03000000000020009	trials	port_entry
1719.9249666666665	2.600066666666862	trials	port_entry
1722.6650666666665	0.04000000000041837	trials	port_entry
1722.8350333333333	0.0500000000001819	trials	port_entry
1725.8150666666666	20.002633333333506	trials	shock_stimulus_presentation
1745.6150333333335	0.3000333333329763	trials	shock_relay
1746.2450333333331	0.050033333333431074	trials	port_entry
1746.3850333333335	42.84999999999991	trials	port_entry
1790.5650666666666	0.14000000000032742	trials	port_entry
1811.1050666666665	3.6100000000001273	trials	port_entry
1815.8150666666666	19.99996666666675	trials	neutral_stimulus_presentation
1815.8450333333335	0.07999999999992724	trials	port_entry
1816.4650333333334	20.610000000000127	trials	port_entry
1837.245	0.11000000000012733	trials	port_entry
1837.6750666666667	0.07993333333342889	trials	port_entry
1838.5549999999998	1.3800666666666075	trials	port_entry
1844.0949999999998	2.050033333333431	trials	port_entry
1846.1950333333334	0.20993333333308328	trials	port_entry
1846.505	0.11999999999989086	trials	port_entry
1846.745	0.03000000000020009	trials	port_entry
1855.1750333333334	11.770033333333231	trials	port_entry
1867.5050666666666	0.03993333333346527	trials	port_entry
1868.4850333333334	1.0099666666665144	trials	port_entry
1871.9550666666669	0.09999999999990905	trials	port_entry
1872.0950333333335	0.10003333333315823	trials	port_entry
1895.8150666666666	14.29989999999998	trials	reward_stimulus_presentation
1896.815	0.7999999999997272	trials	reward_delivery
1909.7150000000001	0.13999999999987267	trials	port_entry
1909.9150333333332	5.670000000000073	trials	port_entry
1918.9449666666665	2.3600333333333765	trials	port_entry
1925.7950666666666	2.7800000000002	trials	port_entry
1937.1050333333333	0.01999999999998181	trials	port_entry
1937.1450333333332	3.200033333333522	trials	port_entry
1946.3850333333335	0.02999999999974534	trials	port_entry
1946.4950333333331	0.09000000000014552	trials	port_entry
1946.6150333333335	2.399999999999636	trials	port_entry
1972.6850333333332	0.03999999999996362	trials	port_entry
1985.8150666666666	19.99996666666675	trials	neutral_stimulus_presentation
2015.3550333333333	3.4200000000000728	trials	port_entry
2023.4550333333336	0.02999999999974534	trials	port_entry
2023.6350333333335	0.03999999999996362	trials	port_entry
2023.6950333333334	2.2800000000002	trials	port_entry
2026.045	0.060033333333194605	trials	port_entry
2059.1550333333334	2.630000000000109	trials	port_entry
2063.0150333333336	2.900000000000091	trials	port_entry
2068.4350333333336	3.0500333333329763	trials	port_entry
2073.245	1.2300666666669713	trials	port_entry
2079.4050333333334	2.349999999999909	trials	port_entry
2082.6750333333334	0.03000000000020009	trials	port_entry
2082.7249666666667	0.04006666666691672	trials	port_entry
2085.815066666667	19.999966666666296	trials	neutral_stimulus_presentation
2087.0550000000003	2.410066666666353	trials	port_entry
2097.3249666666666	2.670033333333322	trials	port_entry
2102.6750333333334	1.8200000000001637	trials	port_entry
2149.1150333333335	3.4600000000000364	trials	port_entry
2175.815066666667	20.00246666666635	trials	shock_stimulus_presentation
2195.6150333333335	0.3000000000001819	trials	shock_relay
2218.7850000000003	0.1499999999996362	trials	port_entry
2218.9549666666667	1.4800666666669713	trials	port_entry
2230.2250333333336	2.599933333332956	trials	port_entry
2238.5750000000003	3.399966666666387	trials	port_entry
2246.7550333333334	0.5999666666666599	trials	port_entry
2265.8149333333336	20.0000666666665	trials	reward_stimulus_presentation
2266.8149333333336	0.7999999999997272	trials	reward_delivery
2289.0750000000003	4.350033333333158	trials	port_entry
2293.4450333333334	0.03000000000020009	trials	port_entry
2301.025	2.3600333333333765	trials	port_entry
2309.175	2.020033333333231	trials	port_entry
2333.155	2.6100333333333765	trials	port_entry
2342.5450333333333	0.13000000000010914	trials	port_entry
2342.8350333333333	2.0699666666669145	trials	port_entry
2351.6650333333337	2.5699333333332106	trials	port_entry
2355.8150333333333	1.7200000000002547	trials	reward_stimulus_presentation
2356.8150333333333	0.8000000000001819	trials	reward_delivery
2357.1350333333335	16.31993333333321	trials	port_entry
2373.905	2.59996666666666	trials	port_entry
2377.005	5.87003333333314	trials	port_entry
2388.5150000000003	2.769966666666278	trials	port_entry
2408.564966666667	3.6800666666667894	trials	port_entry
2418.2350333333334	0.8198999999999614	trials	port_entry
2419.2750333333333	0.01999999999998181	trials	port_entry
2419.3250000000003	0.14003333333312185	trials	port_entry
2440.8150333333333	19.99996666666675	trials	neutral_stimulus_presentation
2444.5950000000003	3.9699999999998	trials	port_entry
2451.5549333333333	0.10003333333361297	trials	port_entry
2451.7649666666666	2.4800333333332674	trials	port_entry
2454.2650000000003	0.02999999999974534	trials	port_entry
2455.025	0.060033333333194605	trials	port_entry
2456.8949666666667	2.93003333333354	trials	port_entry
2464.965	4.380000000000109	trials	port_entry
2470.5750000000003	1.5899999999996908	trials	port_entry
2472.225	0.13000000000010914	trials	port_entry
2474.605	0.06003333333364935	trials	port_entry
2475.0850333333333	0.03993333333346527	trials	port_entry
2475.6350333333335	0.07000000000016371	trials	port_entry
2479.6049666666668	8.240033333333486	trials	port_entry
2493.275	0.7800000000002001	trials	port_entry
2504.875	1.6900333333333037	trials	port_entry
2506.6850333333336	0.36999999999989086	trials	port_entry
2527.965	0.4800000000000182	trials	port_entry
2529.7650000000003	26.330033333333176	trials	port_entry
2530.8150333333333	19.99996666666675	trials	reward_stimulus_presentation
2531.815	0.8000000000001819	trials	reward_delivery
2557.8850333333335	5.56996666666646	trials	port_entry
2564.685	2.8199666666669145	trials	port_entry
2568.7649666666666	0.24003333333348564	trials	port_entry
2569.0550333333335	2.8600000000001273	trials	port_entry
2575.8050000000003	3.4099999999998545	trials	port_entry
2586.1550333333334	0.03000000000020009	trials	port_entry
2586.2550333333334	4.519999999999982	trials	port_entry
2592.425	0.06996666666645979	trials	port_entry
2597.1249333333335	0.07006666666666206	trials	port_entry
2598.5950333333335	0.09999999999990905	trials	port_entry
2598.904966666667	0.16996666666636884	trials	port_entry
2599.0950000000003	5.630033333333358	trials	port_entry
2609.315	3.500033333333249	trials	port_entry
2622.295	2.6699666666668236	trials	port_entry
2625.8149333333336	0.6700000000000728	trials	reward_stimulus_presentation
2626.084966666667	16.810033333333195	trials	port_entry
2626.8149333333336	0.8000333333334311	trials	reward_delivery
2644.2050333333336	3.649966666666387	trials	port_entry
2648.7750333333333	2.749966666666751	trials	port_entry
2651.6150333333335	0.07999999999992724	trials	port_entry
2652.775	3.230000000000018	trials	port_entry
2658.6250333333332	3.0400000000004184	trials	port_entry
2662.925	2.3099999999999454	trials	port_entry
2687.395	3.2200000000002547	trials	port_entry
2691.045	1.2699999999999818	trials	port_entry
2708.2849333333334	5.019966666666733	trials	port_entry
2715.815	20.002800000000207	trials	shock_stimulus_presentation
2734.665	9.320000000000164	trials	port_entry
2735.6150000000002	0.299966666666478	trials	shock_relay
2744.0950333333335	0.07000000000016371	trials	port_entry
2756.205	2.970033333333504	trials	port_entry
2759.214966666667	0.03006666666669844	trials	port_entry
2759.3950333333332	0.03000000000020009	trials	port_entry
2768.0350000000003	3.1199333333329378	trials	port_entry
2771.245	0.03000000000020009	trials	port_entry
2771.565	0.19000000000005457	trials	port_entry
2771.8250000000003	0.11996666666664169	trials	port_entry
2772.125	0.10993333333362898	trials	port_entry
2772.2850000000003	0.16996666666636884	trials	port_entry
2774.1950333333334	13.239933333333283	trials	port_entry
2787.5149333333334	0.2700666666669349	trials	port_entry
2787.895	0.20993333333353803	trials	port_entry
2788.1249000000003	0.6400333333331218	trials	port_entry
2788.8949333333335	0.0900333333333947	trials	port_entry
2789.1049333333335	0.23003333333326736	trials	port_entry
2789.444966666667	0.2899999999999636	trials	port_entry
2789.875	0.18993333333355622	trials	port_entry
2790.0950000000003	0.01999999999998181	trials	port_entry
2790.185	1.729966666666769	trials	port_entry
2791.944966666667	0.13003333333335831	trials	port_entry
2792.105	0.03999999999996362	trials	port_entry
2792.1649333333335	0.4400666666665529	trials	port_entry
2792.675	0.05999999999994543	trials	port_entry
2793.2850000000003	0.07993333333297414	trials	port_entry
2793.525	0.13000000000010914	trials	port_entry
2793.715	0.03999999999996362	trials	port_entry
2793.905	0.09999999999990905	trials	port_entry
2794.0950000000003	0.03999999999996362	trials	port_entry
2794.255	1.7399999999997817	trials	port_entry
2795.8150333333333	19.99996666666675	trials	neutral_stimulus_presentation
2796.175	4.9399333333331015	trials	port_entry
2801.1349333333333	0.10996666666687815	trials	port_entry
2801.314966666667	0.1799999999998363	trials	port_entry
2801.565	0.19993333333331975	trials	port_entry
2801.834966666667	0.13000000000010914	trials	port_entry
2802.245	0.04000000000041837	trials	port_entry
2803.6649333333335	0.47003333333350383	trials	port_entry
2804.215	0.23999999999978172	trials	port_entry
2804.545	0.2800000000002001	trials	port_entry
2804.8450000000003	0.31999999999970896	trials	port_entry
2805.195	1.8899999999998727	trials	port_entry
2807.1150000000002	0.22003333333304909	trials	port_entry
2807.5749666666666	0.07003333333341288	trials	port_entry
2807.8849333333333	0.09996666666665988	trials	port_entry
2808.0849000000003	0.240099999999984	trials	port_entry
2808.385	0.2699999999999818	trials	port_entry
2808.6749333333332	21.260066666666717	trials	port_entry
2830.0950000000003	0.2699999999999818	trials	port_entry
2830.4049333333332	0.11006666666708043	trials	port_entry
2849.275	0.020033333333230985	trials	port_entry
2849.505	0.09999999999990905	trials	port_entry
2849.7850333333336	0.06999999999970896	trials	port_entry
2850.094966666667	0.0399666666662597	trials	port_entry
2850.375	0.07000000000016371	trials	port_entry
2850.8450000000003	0.050033333332976326	trials	port_entry
2851.525	0.05999999999994543	trials	port_entry
2851.6649333333335	0.05006666666668025	trials	port_entry
2851.855	0.11000000000012733	trials	port_entry
2852.0349333333334	0.01999999999998181	trials	port_entry
2852.2650000000003	0.02999999999974534	trials	port_entry
2852.915	0.01999999999998181	trials	port_entry
2853.165	0.03000000000020009	trials	port_entry
2853.5849333333335	0.01999999999998181	trials	port_entry
2854.425	2.129933333333156	trials	port_entry
2856.585	0.38999999999987267	trials	port_entry
2856.995	7.550000000000182	trials	port_entry
2865.3249333333333	0.1800666666667894	trials	port_entry
2865.675	3.0899666666664416	trials	port_entry
2869.0150000000003	0.169999999999618	trials	port_entry
2885.815	19.99996666666675	trials	neutral_stimulus_presentation
2886.8050000000003	14.169999999999618	trials	port_entry
2901.145	2.180000000000291	trials	port_entry
2903.6449666666667	0.03999999999996362	trials	port_entry
2916.5250333333333	3.3198999999999614	trials	port_entry
2919.9249333333332	0.10006666666686215	trials	port_entry
2920.2849333333334	0.05999999999994543	trials	port_entry
2920.4049333333332	0.1100333333333765	trials	port_entry
2923.2249333333334	0.09006666666664387	trials	port_entry
2923.8650000000002	0.01999999999998181	trials	port_entry
2924.0950000000003	0.07999999999992724	trials	port_entry
2924.475	0.01999999999998181	trials	port_entry
2925.6150000000002	0.01999999999998181	trials	port_entry
2925.905	0.06996666666645979	trials	port_entry
2926.165	0.20000000000027285	trials	port_entry
2926.4249333333332	0.2000666666667712	trials	port_entry
2926.745	0.19000000000005457	trials	port_entry
2927.025	0.24000000000023647	trials	port_entry
2927.3650000000002	0.2899999999999636	trials	port_entry
2927.695	0.8200000000001637	trials	port_entry
2928.5350000000003	0.07999999999992724	trials	port_entry
2928.745	0.1299333333336108	trials	port_entry
2929.0149666666666	0.24003333333348564	trials	port_entry
2929.2850000000003	0.29999999999972715	trials	port_entry
2929.875	17.319966666666915	trials	port_entry
2947.564966666667	0.11000000000012733	trials	port_entry
2947.7849666666666	5.400000000000091	trials	port_entry
2953.754966666667	0.1399666666666235	trials	port_entry
2967.2050333333336	2.749966666666296	trials	port_entry
2971.5149666666666	0.04003333333366754	trials	port_entry
2971.5950000000003	0.02999999999974534	trials	port_entry
2971.645	0.5300000000002001	trials	port_entry
2972.275	0.19000000000005457	trials	port_entry
2977.4549666666667	0.01993333333348346	trials	port_entry
2977.755	0.029933333333246992	trials	port_entry
2978.0550000000003	0.02999999999974534	trials	port_entry
2982.4549666666667	0.03000000000020009	trials	port_entry
2982.754966666667	23.040033333333213	trials	port_entry
2985.815	20.001833333333252	trials	shock_stimulus_presentation
3005.6150000000002	0.2998999999999796	trials	shock_relay
3005.9649333333336	5.8800666666666075	trials	port_entry
3011.905	0.18003333333308547	trials	port_entry
3013.625	0.019966666666732635	trials	port_entry
3013.6749333333332	0.020066666666934907	trials	port_entry
3013.864966666667	2.769966666666278	trials	port_entry
3016.945	13.4699999999998	trials	port_entry
3030.605	0.19000000000005457	trials	port_entry
3033.3049666666666	0.44003333333330374	trials	port_entry
3033.8449333333333	0.020066666666934907	trials	port_entry
3034.045	1.7699666666667326	trials	port_entry
3038.274966666667	0.2699999999999818	trials	port_entry
3038.9349666666667	0.5199666666667326	trials	port_entry
3044.1849333333334	0.050033333333431074	trials	port_entry
3075.815	19.9999333333335	trials	neutral_stimulus_presentation
3079.984966666667	5.790033333333213	trials	port_entry
3085.795	0.49000000000023647	trials	port_entry
3086.315	9.87996666666686	trials	port_entry
3105.3949666666667	0.020033333333230985	trials	port_entry
3105.734966666667	0.03999999999996362	trials	port_entry
3106.024966666667	0.11000000000012733	trials	port_entry
3106.254966666667	0.13000000000010914	trials	port_entry
3106.4049333333332	0.07003333333341288	trials	port_entry
3106.564966666667	0.15993333333335613	trials	port_entry
3106.7449333333334	0.11999999999989086	trials	port_entry
3106.8849333333333	0.970066666666753	trials	port_entry
3107.875	0.4399666666668054	trials	port_entry
3108.334966666667	0.9099333333333561	trials	port_entry
3109.2649	1.8900666666668258	trials	port_entry
3111.214966666667	4.440033333333304	trials	port_entry
3115.7350333333334	0.09999999999990905	trials	port_entry
3115.8949666666667	0.48003333333326736	trials	port_entry
3117.2949333333336	0.14006666666637102	trials	port_entry
3157.195	5.059999999999945	trials	port_entry
3162.3450000000003	0.1399666666666235	trials	port_entry
3162.565	0.25	trials	port_entry
3163.0049333333336	0.11006666666662568	trials	port_entry
3163.165	0.9600000000000364	trials	port_entry
3164.3249666666666	0.6100333333333765	trials	port_entry
3164.9549333333334	22.67006666666657	trials	port_entry
3165.815	20.0	trials	reward_stimulus_presentation
3166.815	0.7999666666669327	trials	reward_delivery
3188.6649666666667	0.10003333333361297	trials	port_entry
3188.7849666666666	0.06996666666691453	trials	port_entry
3189.225	2.5300000000002	trials	port_entry
3193.625	0.24000000000023647	trials	port_entry
3194.025	0.2899999999999636	trials	port_entry
3221.665	3.2800000000002	trials	port_entry
3228.9749333333334	0.9800666666665165	trials	port_entry
3230.334966666667	0.01999999999998181	trials	port_entry
3255.814966666667	20.002033333333202	trials	shock_stimulus_presentation
3271.8749666666668	2.8900333333335766	trials	port_entry
3275.6150000000002	0.29999999999972715	trials	shock_relay
3277.2249666666667	1.679933333333338	trials	port_entry
3291.274966666667	0.030033333333449264	trials	port_entry
3291.404966666667	2.0500333333329763	trials	port_entry
3295.8249333333333	0.019966666666732635	trials	port_entry
3298.8649	0.7400666666667348	trials	port_entry
3340.815	3.6999333333333198	trials	reward_stimulus_presentation
3341.815	0.7999666666669327	trials	reward_delivery
3344.1149333333333	4.240033333333486	trials	port_entry
3352.9749666666667	0.020033333333230985	trials	port_entry
3353.0350000000003	0.019966666666277888	trials	port_entry
3356.675	4.230000000000018	trials	port_entry
3363.0150000000003	1.9799666666663143	trials	port_entry
3366.545	2.3899333333333743	trials	port_entry
3370.664866666667	0.01999999999998181	trials	port_entry
3370.7049	0.07009999999991123	trials	port_entry
3370.795	0.0499333333332288	trials	port_entry
3370.8749000000003	0.050033333332976326	trials	port_entry
3372.024966666667	1.6199666666666417	trials	port_entry
3379.174966666667	0.04996666666647798	trials	port_entry
3379.3450000000003	1.8799999999996544	trials	port_entry
3383.0950000000003	0.06999999999970896	trials	port_entry
3387.9349666666667	0.13000000000010914	trials	port_entry
3388.084966666667	2.390033333333122	trials	port_entry
3396.444966666667	1.9000333333333401	trials	port_entry
3399.8250000000003	2.319999999999709	trials	port_entry
3410.334966666667	1.770033333333231	trials	port_entry
3419.295	1.8499666666666599	trials	port_entry
3425.195	1.7599999999997635	trials	port_entry
3428.7849666666666	0.850033333333613	trials	port_entry
3430.814966666667	0.8499666666666599	trials	reward_stimulus_presentation
3431.2649666666666	16.38000000000011	trials	port_entry
3431.8149333333336	0.8000333333334311	trials	reward_delivery
3449.475	5.170000000000073	trials	port_entry
3455.5950000000003	0.11999999999989086	trials	port_entry
3456.065	0.08989999999994325	trials	port_entry
3456.235	2.0	trials	port_entry
3460.134966666667	2.129966666666405	trials	port_entry
3462.334966666667	0.17000000000007276	trials	port_entry
3464.0550000000003	0.05999999999994543	trials	port_entry
3466.435	0.08000000000038199	trials	port_entry
3466.6150000000002	0.06999999999970896	trials	port_entry
3466.835	0.0500000000001819	trials	port_entry
3469.5349	13.070099999999911	trials	port_entry
3482.645	0.20000000000027285	trials	port_entry
3483.045	0.049966666666932724	trials	port_entry
3483.145	0.029966666666950914	trials	port_entry
3483.645	1.8900000000003274	trials	port_entry
3487.525	1.859899999999925	trials	port_entry
3489.5649333333336	0.1799999999998363	trials	port_entry
3494.844966666667	0.1499999999996362	trials	port_entry
3495.024966666667	0.17000000000007276	trials	port_entry
3495.214966666667	2.040066666666462	trials	port_entry
3497.275	0.01999999999998181	trials	port_entry
3500.6949333333337	1.9699999999998	trials	port_entry
3502.7049666666667	0.03000000000020009	trials	port_entry
3503.334966666667	0.15000000000009095	trials	port_entry
3503.5249000000003	0.07003333333295814	trials	port_entry
3503.6649333333335	0.02006666666648016	trials	port_entry
3504.645	0.05999999999994543	trials	port_entry
3515.665	3.6600000000003092	trials	port_entry
3519.8250333333335	2.5698999999999614	trials	port_entry
3525.815	2.369999999999891	trials	reward_stimulus_presentation
3526.815	0.7999666666669327	trials	reward_delivery
3527.7850000000003	0.11999999999989086	trials	port_entry
3527.955	16.210000000000036	trials	port_entry
3544.7850000000003	14.4699999999998	trials	port_entry
3561.5750000000003	2.12003333333314	trials	port_entry
3576.214966666667	0.10999999999967258	trials	port_entry
3576.3949666666667	3.4200000000000728	trials	port_entry
3581.395	2.579966666666678	trials	port_entry
3586.6249666666668	1.8900333333335766	trials	port_entry
3591.384966666667	2.3899999999998727	trials	port_entry
3593.955	0.10996666666687815	trials	port_entry
3595.125	0.12003333333359478	trials	port_entry
3595.3250000000003	0.7599999999997635	trials	port_entry
3596.1150000000002	0.050033333333431074	trials	port_entry
3596.205	0.020033333333685732	trials	port_entry
3596.2750333333333	1.2399333333332834	trials	port_entry
3601.2650000000003	0.13999999999987267	trials	port_entry
3601.625	2.5300000000002	trials	port_entry
3604.495	0.04000000000041837	trials	port_entry
3607.375	1.4099666666666053	trials	port_entry
3615.8150333333333	20.002433333333556	trials	shock_stimulus_presentation
3634.4549666666667	3.279966666666951	trials	port_entry
3635.614966666667	0.2999333333332288	trials	shock_relay
3695.814966666667	1.5800333333331764	trials	reward_stimulus_presentation
3696.814966666667	0.8000333333334311	trials	reward_delivery
3696.995	24.149900000000343	trials	port_entry
3721.315	3.600033333333613	trials	port_entry
3726.3749666666668	9.010033333333467	trials	port_entry
3735.5349666666666	8.700033333333522	trials	port_entry
3745.4549666666667	1.0399666666667144	trials	port_entry
3746.6849666666667	0.19003333333330374	trials	port_entry
3785.8150333333333	19.99996666666675	trials	neutral_stimulus_presentation
3789.705	4.660000000000309	trials	port_entry
3802.225	2.6400000000003274	trials	port_entry
3811.955	1.7199333333333016	trials	port_entry
3826.274966666667	2.699999999999818	trials	port_entry
3852.044966666667	0.22003333333350383	trials	port_entry
3852.3049666666666	2.900000000000091	trials	port_entry
3856.1249333333335	0.1100333333333765	trials	port_entry
3856.254966666667	0.07999999999992724	trials	port_entry
3857.5049333333336	0.46006666666653473	trials	port_entry
3859.5549666666666	1.8200333333334129	trials	port_entry
3867.175	2.6599666666666053	trials	port_entry
3876.0249333333336	1.140066666666371	trials	port_entry
3885.814966666667	20.002533333333304	trials	shock_stimulus_presentation
3887.5950000000003	0.2300000000000182	trials	port_entry
3905.614966666667	0.29999999999972715	trials	shock_relay
3974.1650333333337	3.679966666666587	trials	port_entry
3975.8150333333333	19.99996666666675	trials	neutral_stimulus_presentation
3985.585	1.2499666666667508	trials	port_entry
4033.154966666667	2.4800333333332674	trials	port_entry
4062.624933333333	2.9100666666672623	trials	port_entry
4065.8150333333338	0.6599666666661506	trials	reward_stimulus_presentation
4066.0750000000003	9.510000000000218	trials	port_entry
4066.815	0.8000000000001819	trials	reward_delivery
4076.084966666667	2.8099666666666963	trials	port_entry
4081.3350000000005	0.13999999999941792	trials	port_entry
4081.5750000000003	2.9399666666668054	trials	port_entry
4084.554966666667	0.1999999999998181	trials	port_entry
4086.195	0.15999999999985448	trials	port_entry
4091.6749999999997	3.5100000000002183	trials	port_entry
4098.044933333333	0.09006666666664387	trials	port_entry
4098.245	2.2299999999995634	trials	port_entry
4106.114966666666	2.4900333333334856	trials	port_entry
4129.564966666666	0.030033333333449264	trials	port_entry
4129.665	4.04989999999998	trials	port_entry
4134.945033333333	0.5599333333329923	trials	port_entry
4150.285	3.3099999999994907	trials	port_entry
4154.835	22.199999999999818	trials	port_entry
4155.815	20.0	trials	reward_stimulus_presentation
4156.815	0.8000000000001819	trials	reward_delivery
4179.304933333333	1.9700000000002547	trials	port_entry
4181.755	0.16999999999916326	trials	port_entry
4182.125	0.23999999999978172	trials	port_entry
4184.325	2.5900000000001455	trials	port_entry
4188.1849999999995	0.02999999999974534	trials	port_entry
4192.315	3.449999999999818	trials	port_entry
4197.934933333333	0.1800666666667894	trials	port_entry
4198.1449999999995	4.219933333333756	trials	port_entry
4203.214999999999	0.5600000000004002	trials	port_entry
4204.674999999999	0.1500000000005457	trials	port_entry
4210.915	3.9899999999997817	trials	port_entry
4235.734966666666	3.130000000000109	trials	port_entry
4240.125	20.30999999999949	trials	port_entry
4240.815033333333	19.999966666666296	trials	reward_stimulus_presentation
4241.815	0.8000000000001819	trials	reward_delivery
4260.585	5.089899999999943	trials	port_entry
4265.714933333333	3.6599999999998545	trials	port_entry
4270.235	2.8400000000001455	trials	port_entry
4274.334933333333	0.1300666666666075	trials	port_entry
4274.535	0.17000000000007276	trials	port_entry
4274.785	0.019999999999527063	trials	port_entry
4274.825	5.029899999999543	trials	port_entry
4279.934899999999	0.07003333333341288	trials	port_entry
4283.625	8.00993333333281	trials	port_entry
4292.054999999999	2.75	trials	port_entry
4295.524966666666	2.070033333333413	trials	port_entry
4297.825	0.02999999999974534	trials	port_entry
4299.514999999999	2.680000000000291	trials	port_entry
4303.514999999999	2.869999999999891	trials	port_entry
4306.454966666666	0.08006666666642559	trials	port_entry
4306.764999999999	0.04989999999997963	trials	port_entry
4307.0349	0.06000000000040018	trials	port_entry
4307.1548999999995	1.6700000000000728	trials	port_entry
4308.864933333333	3.5801000000001295	trials	port_entry
4312.745033333333	0.07000000000061846	trials	port_entry
4312.905033333333	2.7598999999991065	trials	port_entry
4317.045	0.02999999999974534	trials	port_entry
4317.735	0.03999999999996362	trials	port_entry
4317.864966666666	8.190033333333304	trials	port_entry
4326.155	4.100000000000364	trials	port_entry
4330.815033333333	20.002366666666603	trials	shock_stimulus_presentation
4333.684933333333	0.21000000000003638	trials	port_entry
4334.1449999999995	0.13000000000010914	trials	port_entry
4341.224999999999	0.14003333333312185	trials	port_entry
4341.435033333333	7.53996666666626	trials	port_entry
4349.125	0.03999999999996362	trials	port_entry
4350.614966666666	0.3000333333338858	trials	shock_relay
4351.014999999999	12.329999999999927	trials	port_entry
4366.835	0.019933333333028713	trials	port_entry
4367.165	0.049999999999272404	trials	port_entry
4367.474899999999	0.05006666666668025	trials	port_entry
4367.764966666667	0.09003333333293995	trials	port_entry
4368.034933333333	3.3200999999999112	trials	port_entry
4371.645033333333	0.7499666666662961	trials	port_entry
4372.415	2.2000333333326125	trials	port_entry
4374.644933333333	0.26006666666671663	trials	port_entry
4374.945033333333	0.05999999999949068	trials	port_entry
4375.255	0.7299333333330651	trials	port_entry
4376.014999999999	24.11999999999989	trials	port_entry
4400.174999999999	0.08000000000083674	trials	port_entry
4401.995	0.019999999999527063	trials	port_entry
4402.045	0.3099999999994907	trials	port_entry
4425.815	1.1299666666664052	trials	reward_stimulus_presentation
4426.545	0.12999999999919964	trials	port_entry
4426.694966666666	25.169933333333574	trials	port_entry
4426.814966666666	0.8000666666666802	trials	reward_delivery
4452.714999999999	3.4200000000000728	trials	port_entry
4456.6749666666665	2.1899999999996	trials	port_entry
4458.9249666666665	0.029966666666950914	trials	port_entry
4459.195033333333	4.84996666666666	trials	port_entry
4464.554999999999	1.250033333333704	trials	port_entry
4466.474999999999	3.8699666666670964	trials	port_entry
4471.004933333333	1.1700333333337767	trials	port_entry
4472.255	0.0999999999994543	trials	port_entry
4472.855	3.630000000000109	trials	port_entry
4476.775	0.09000000000014552	trials	port_entry
4476.905	2.100000000000364	trials	port_entry
4479.714999999999	0.24000000000069122	trials	port_entry
4480.424999999999	15.660033333333558	trials	port_entry
4496.225033333333	3.3599333333331742	trials	port_entry
4499.744966666666	0.11999999999989086	trials	port_entry
4500.194966666666	0.030066666667153186	trials	port_entry
4500.294966666666	1.1000333333331582	trials	port_entry
4502.275033333333	1.979966666666769	trials	port_entry
4505.174999999999	3.0800000000008367	trials	port_entry
4508.854966666667	0.0399666666662597	trials	port_entry
4509.445	0.29993333333368355	trials	port_entry
4510.445	2.59996666666666	trials	port_entry
4514.404966666666	0.44006666666700767	trials	port_entry
4515.815	0.7799999999997453	trials	reward_stimulus_presentation
4516.195	9.56993333333321	trials	port_entry
4516.815033333333	0.7999999999992724	trials	reward_delivery
4527.735	4.620033333333595	trials	port_entry
4534.365	2.949999999999818	trials	port_entry
4540.1449999999995	3.129933333333611	trials	port_entry
4543.374933333333	0.08006666666733508	trials	port_entry
4543.474933333333	0.11006666666708043	trials	port_entry
4547.295033333333	3.1500000000005457	trials	port_entry
4565.355033333333	3.049966666666478	trials	port_entry
4574.494966666666	2.5300333333334493	trials	port_entry
4593.315033333333	18.23999999999978	trials	port_entry
4595.815033333333	16.70993333333263	trials	reward_stimulus_presentation
4596.815	0.8000000000001819	trials	reward_delivery
4612.125033333333	3.2499666666672056	trials	port_entry
4615.3949999999995	4.15003333333334	trials	port_entry
4619.735033333333	2.5	trials	port_entry
4627.425033333333	2.639900000000125	trials	port_entry
4633.655	3.399999999999636	trials	port_entry
4637.595033333333	0.019999999999527063	trials	port_entry
4640.485	2.1899333333331015	trials	port_entry
4642.815	0.04996666666647798	trials	port_entry
4643.085033333333	0.07996666666713281	trials	port_entry
4643.205	4.149933333333138	trials	port_entry
4648.094999999999	0.11000000000058208	trials	port_entry
4656.045	2.7899666666662597	trials	port_entry
4663.075	3.6099999999996726	trials	port_entry
4677.3949999999995	2.9300333333330855	trials	port_entry
4685.815033333333	0.6099666666659687	trials	reward_stimulus_presentation
4686.025	29.609999999999673	trials	port_entry
4686.815	0.8000333333329763	trials	reward_delivery
4715.865	3.0199333333330287	trials	port_entry
4718.955	0.02996666666604142	trials	port_entry
4719.104933333333	0.060033333333194605	trials	port_entry
4719.254933333333	0.5200666666669349	trials	port_entry
4719.815	0.15999999999985448	trials	port_entry
4720.315033333333	2.429966666666587	trials	port_entry
4722.764966666667	0.2700666666660254	trials	port_entry
4723.214999999999	0.1000000000003638	trials	port_entry
4725.085	2.399999999999636	trials	port_entry
4727.665	0.06996666666600504	trials	port_entry
4727.824966666666	2.120033333333595	trials	port_entry
4730.065	0.1000000000003638	trials	port_entry
4740.375033333333	3.8099666666666963	trials	port_entry
4746.345033333333	4.85990000000038	trials	port_entry
4753.384999999999	0.12000000000080036	trials	port_entry
4754.405	3.0299999999997453	trials	port_entry
4757.524966666666	0.28003333333344926	trials	port_entry
4759.134999999999	2.1999666666670237	trials	port_entry
4761.354966666667	0.4200333333328672	trials	port_entry
4761.855	0.06000000000040018	trials	port_entry
4762.3749	0.24003333333348564	trials	port_entry
4762.684966666667	0.1399666666666235	trials	port_entry
4764.204966666666	2.030066666667153	trials	port_entry
4767.035033333333	0.03999999999996362	trials	port_entry
4767.705033333333	0.6000000000003638	trials	port_entry
4768.425033333333	0.0399666666662597	trials	port_entry
4768.495033333333	3.9699333333337563	trials	port_entry
4772.505	2.270033333333231	trials	port_entry
4775.175033333333	0.07999999999992724	trials	port_entry
4779.064966666666	5.65003333333334	trials	port_entry
4785.815033333333	20.002199999999903	trials	shock_stimulus_presentation
4786.025033333333	1.3599666666659687	trials	port_entry
4792.675033333333	0.27000000000043656	trials	port_entry
4792.965033333333	10.300000000000182	trials	port_entry
4805.615	0.3000000000001819	trials	shock_relay
4805.855	0.019966666666732635	trials	port_entry
4805.974966666667	5.09003333333294	trials	port_entry
4811.155	0.020033333333230985	trials	port_entry
4818.585	2.699999999999818	trials	port_entry
4821.304933333333	0.39006666666682577	trials	port_entry
4821.735	0.4700333333330491	trials	port_entry
4822.254966666666	0.0500000000001819	trials	port_entry
4822.375	0.050033333332976326	trials	port_entry
4831.235033333333	0.05999999999949068	trials	port_entry
4831.545	0.2600333333330127	trials	port_entry
4831.844999999999	3.9000000000005457	trials	port_entry
4835.774966666666	0.05006666666668025	trials	port_entry
4840.065	0.020033333333230985	trials	port_entry
4840.514999999999	0.02010000000063883	trials	port_entry
4872.675033333333	2.7100000000000364	trials	port_entry
4875.814966666666	0.880066666667517	trials	reward_stimulus_presentation
4876.295033333333	8.239966666666987	trials	port_entry
4876.815033333333	0.799966666666478	trials	reward_delivery
4884.915	3.0499999999992724	trials	port_entry
4890.424999999999	2.1900000000005093	trials	port_entry
4896.294966666666	2.619999999999891	trials	port_entry
4900.554999999999	1.8500000000003638	trials	port_entry
4905.915	2.0399999999999636	trials	port_entry
4915.3949999999995	2.220033333333049	trials	port_entry
4920.035033333333	1.5700000000006185	trials	port_entry
4929.954966666666	0.15003333333334012	trials	port_entry
4930.165	2.149999999999636	trials	port_entry
4934.394933333333	0.11006666666708043	trials	port_entry
4936.184933333333	1.650066666667044	trials	port_entry
4939.004966666666	0.09010000000034779	trials	port_entry
4939.294933333333	1.000033333333704	trials	port_entry
4946.365	2.4899666666669873	trials	port_entry
4951.745033333333	2.459966666667242	trials	port_entry
4955.945033333333	0.13999999999941792	trials	port_entry
4959.355	1.5299999999997453	trials	port_entry
4965.814966666666	20.000066666667408	trials	neutral_stimulus_presentation
4981.325	3.930000000000291	trials	port_entry
4987.814966666666	0.029966666666950914	trials	port_entry
4987.885033333333	0.02999999999974534	trials	port_entry
4988.005033333333	0.10999999999967258	trials	port_entry
4988.155033333333	1.6599999999998545	trials	port_entry
4991.505033333333	0.6299666666664052	trials	port_entry
4993.945	1.470033333333049	trials	port_entry
4996.804966666667	1.0100666666667166	trials	port_entry
4999.625	0.6600333333326489	trials	port_entry
5006.255	0.16999999999916326	trials	port_entry
5009.494966666666	2.8600333333333765	trials	port_entry
5012.605	0.75	trials	port_entry
5016.705033333333	2.639933333333829	trials	port_entry
5021.344999999999	0.13000000000010914	trials	port_entry
5021.554999999999	0.32000000000061846	trials	port_entry
5040.795	1.9199999999991633	trials	port_entry
5045.045033333333	1.6900333333333037	trials	port_entry
5055.815033333333	20.002300000000105	trials	shock_stimulus_presentation
5071.615033333333	3.230000000000473	trials	port_entry
5075.615033333333	0.3000000000001819	trials	shock_relay
5076.075033333333	0.930000000000291	trials	port_entry
5089.665033333333	0.1000000000003638	trials	port_entry
5089.805033333333	0.569999999999709	trials	port_entry
5122.215033333333	1.9200000000000728	trials	port_entry
5140.815033333333	8.569999999999709	trials	reward_stimulus_presentation
5141.815033333333	0.799933333332774	trials	reward_delivery
5148.984966666666	0.08006666666733508	trials	port_entry
5149.195	0.5300333333334493	trials	port_entry
5150.295	0.03003333333253977	trials	port_entry
5150.344966666667	0.14003333333312185	trials	port_entry
5150.714999999999	0.08003333333363116	trials	port_entry
5151.445	0.02999999999974534	trials	port_entry
5151.754966666666	0.29006666666646197	trials	port_entry
5152.084966666666	0.06006666666689853	trials	port_entry
5153.405033333333	0.019999999999527063	trials	port_entry
5157.585	0.05999999999949068	trials	port_entry
5158.584966666666	0.07999999999992724	trials	port_entry
5158.784966666666	0.03999999999996362	trials	port_entry
5160.155	4.470033333333049	trials	port_entry
5164.805033333333	1.519999999999527	trials	port_entry
5182.085033333333	2.7700000000004366	trials	port_entry
5205.015033333333	2.3599999999996726	trials	port_entry
5207.795	1.3200333333325034	trials	port_entry
5212.625033333333	2.309933333333902	trials	port_entry
5218.795	1.970033333333049	trials	port_entry
5230.815033333333	20.0	trials	neutral_stimulus_presentation
5231.634999999999	2.40003333333334	trials	port_entry
5240.415033333333	2.8100000000004	trials	port_entry
5249.225033333333	2.319999999999709	trials	port_entry
5259.745033333333	3.1199666666670964	trials	port_entry
5275.085	2.740033333332576	trials	port_entry
5277.965033333333	0.02999999999974534	trials	port_entry
5284.675033333333	3.7899999999999636	trials	port_entry
5293.445033333333	1.9099999999998545	trials	port_entry
5299.145033333333	4.219999999999345	trials	port_entry
5308.745066666666	3.679966666666587	trials	port_entry
5325.815	20.000033333333704	trials	neutral_stimulus_presentation
5326.695066666666	2.779966666666951	trials	port_entry
5355.655033333333	2.4799999999995634	trials	port_entry
5386.365033333333	2.7700000000004366	trials	port_entry
5396.405033333333	2.679966666666587	trials	port_entry
5407.365033333333	0.10003333333406772	trials	port_entry
5407.665033333333	0.08996666666735109	trials	port_entry
5415.815066666666	0.6700000000000728	trials	reward_stimulus_presentation
5416.085033333333	24.470000000000255	trials	port_entry
5416.815	0.8000333333329763	trials	reward_delivery
5442.165033333333	2.580033333333631	trials	port_entry
5445.985033333333	0.04003333333275805	trials	port_entry
5448.895033333333	2.099933333332956	trials	port_entry
5451.195033333333	2.119999999999891	trials	port_entry
5453.365066666666	0.06996666666691453	trials	port_entry
5456.724966666667	2.9800333333332674	trials	port_entry
5465.035	0.05999999999949068	trials	port_entry
5465.134999999999	2.630033333333813	trials	port_entry
5468.005033333333	0.2600333333330127	trials	port_entry
5468.615066666666	0.06000000000040018	trials	port_entry
5468.905	0.03999999999996362	trials	port_entry
5476.365033333333	2.880000000000109	trials	port_entry
5488.905	3.0500333333329763	trials	port_entry
5492.605033333333	2.4099999999998545	trials	port_entry
5495.035033333333	0.020000000000436557	trials	port_entry
5495.115033333333	0.09996666666665988	trials	port_entry
5495.235	0.029966666666950914	trials	port_entry
5495.815033333333	20.002133333333404	trials	shock_stimulus_presentation
5501.595033333333	0.3599999999996726	trials	port_entry
5502.015033333333	13.830033333333631	trials	port_entry
5515.615066666666	0.3000000000001819	trials	shock_relay
5515.975033333333	0.18999999999959982	trials	port_entry
5516.255033333333	2.449999999999818	trials	port_entry
5519.685033333333	1.5	trials	port_entry
5524.575066666666	0.06996666666691453	trials	port_entry
5524.675066666667	4.049999999999272	trials	port_entry
5528.755066666667	0.05993333333299233	trials	port_entry
5528.854966666667	0.09003333333293995	trials	port_entry
5538.494966666666	0.09000000000014552	trials	port_entry
5538.655	2.019999999999527	trials	port_entry
5540.795	0.019999999999527063	trials	port_entry
5553.244966666666	4.110099999999875	trials	port_entry
5571.215066666667	3.469999999999345	trials	port_entry
5574.735	0.07006666666620731	trials	port_entry
5575.234966666666	0.04010000000016589	trials	port_entry
5585.8151	1.3199666666669145	trials	reward_stimulus_presentation
5586.735066666666	0.09000000000014552	trials	port_entry
5586.815066666666	0.8000000000001819	trials	reward_delivery
5586.865066666666	28.840000000000146	trials	port_entry
5615.905066666666	0.1499999999996362	trials	port_entry
5616.185033333333	4.480033333333267	trials	port_entry
5621.505066666667	0.0899666666664416	trials	port_entry
5621.675066666667	0.06999999999970896	trials	port_entry
5624.175033333333	0.0500000000001819	trials	port_entry
5624.545	2.0599999999994907	trials	port_entry
5627.505	0.049999999999272404	trials	port_entry
5627.744966666666	0.06000000000040018	trials	port_entry
5628.025033333333	0.1399666666666235	trials	port_entry
5628.285033333333	0.03996666666716919	trials	port_entry
5628.764999999999	0.05003333333388582	trials	port_entry
5628.8949999999995	0.34003333333384944	trials	port_entry
5629.285033333333	0.1000000000003638	trials	port_entry
5630.265033333333	0.029966666666950914	trials	port_entry
5630.585033333333	0.020000000000436557	trials	port_entry
5632.285033333333	0.030000000000654836	trials	port_entry
5632.335033333333	0.020000000000436557	trials	port_entry
5639.745033333333	0.16000000000076398	trials	port_entry
5640.025033333333	0.10999999999967258	trials	port_entry
5641.144933333333	0.14003333333312185	trials	port_entry
5641.375033333333	0.19000000000050932	trials	port_entry
5641.605033333333	0.59003333333294	trials	port_entry
5642.215066666667	0.1299333333327013	trials	port_entry
5642.365066666666	0.22996666666676902	trials	port_entry
5642.674999999999	0.0500000000001819	trials	port_entry
5642.745	0.019999999999527063	trials	port_entry
5642.794966666666	0.04003333333366754	trials	port_entry
5642.854966666667	0.21006666666653473	trials	port_entry
5643.134999999999	0.4000333333333401	trials	port_entry
5643.585033333333	0.10003333333315823	trials	port_entry
5643.715033333333	0.19000000000050932	trials	port_entry
5643.965066666667	0.10999999999967258	trials	port_entry
5644.155066666666	0.19000000000050932	trials	port_entry
5644.405033333333	0.34003333333293995	trials	port_entry
5644.805066666666	0.0500000000001819	trials	port_entry
5644.885066666667	0.27999999999974534	trials	port_entry
5645.225033333333	0.3400000000001455	trials	port_entry
5645.625033333333	5.199999999999818	trials	port_entry
5650.845033333333	0.3400000000001455	trials	port_entry
5651.205033333333	0.7200000000002547	trials	port_entry
5651.945033333333	0.4399999999995998	trials	port_entry
5652.415033333333	0.38000000000010914	trials	port_entry
5652.815033333333	6.130000000000109	trials	port_entry
5658.964966666666	3.4700999999995474	trials	port_entry
5662.465066666667	0.019999999999527063	trials	port_entry
5664.215066666667	0.06999999999970896	trials	port_entry
5664.505066666667	0.5999999999994543	trials	port_entry
5665.135066666667	0.3099999999994907	trials	port_entry
5665.485066666666	0.2899999999999636	trials	port_entry
5665.825066666666	0.3999666666668418	trials	port_entry
5666.265066666666	0.43993333333401097	trials	port_entry
5666.805066666666	10.670000000000073	trials	port_entry
5679.155033333333	1.7899999999999636	trials	port_entry
5685.335	3.570033333333413	trials	port_entry
5685.8151	19.999966666666296	trials	neutral_stimulus_presentation
5689.035	0.03999999999996362	trials	port_entry
5689.405066666666	0.09000000000014552	trials	port_entry
5697.664966666666	2.5400333333336675	trials	port_entry
5700.325066666666	0.07999999999992724	trials	port_entry
5701.025066666666	1.3400000000001455	trials	port_entry
5702.505066666667	0.09000000000014552	trials	port_entry
5702.845066666667	0.02999999999974534	trials	port_entry
5704.055033333333	0.02999999999974534	trials	port_entry
5704.305033333333	0.03999999999996362	trials	port_entry
5706.595033333333	0.020033333333230985	trials	port_entry
5706.845066666667	2.1599666666661506	trials	port_entry
5715.275033333333	3.2300333333332674	trials	port_entry
5718.655	0.05999999999949068	trials	port_entry
5718.765066666666	0.1299333333336108	trials	port_entry
5718.935033333333	0.11999999999989086	trials	port_entry
5719.095066666667	0.019999999999527063	trials	port_entry
5722.285066666666	3.019999999999527	trials	port_entry
5725.455066666666	0.03006666666624369	trials	port_entry
5729.425033333333	3.359966666666878	trials	port_entry
5732.815	0.0700666666671168	trials	port_entry
5733.075	0.020033333333230985	trials	port_entry
5733.285033333333	0.07999999999992724	trials	port_entry
5735.345033333333	3.1800333333330855	trials	port_entry
5738.5850666666665	0.1799333333328832	trials	port_entry
5739.195066666666	0.02999999999974534	trials	port_entry
5748.974966666667	0.10009999999965657	trials	port_entry
5749.105066666666	2.550000000000182	trials	port_entry
5756.005	4.43006666666588	trials	port_entry
5761.995066666666	2.3099999999994907	trials	port_entry
5765.335033333333	0.07003333333341288	trials	port_entry
5770.215066666667	0.03993333333346527	trials	port_entry
5770.3350666666665	3.7899333333334653	trials	port_entry
5775.815066666666	20.0	trials	neutral_stimulus_presentation
5776.755066666667	2.470033333333049	trials	port_entry
5786.265066666666	2.1299666666673147	trials	port_entry
5790.235033333333	2.2800333333325398	trials	port_entry
5794.625	2.060066666665989	trials	port_entry
5796.985033333333	0.019999999999527063	trials	port_entry
5797.0251	0.04996666666647798	trials	port_entry
5800.515066666666	2.5399999999999636	trials	port_entry
5808.8350666666665	1.050000000000182	trials	port_entry
5862.005066666667	0.3799666666664052	trials	port_entry
5862.415	2.8400000000001455	trials	port_entry
5865.815	20.0026666666663	trials	shock_stimulus_presentation
5868.734966666666	1.920100000000275	trials	port_entry
5876.904966666666	0.22000000000025466	trials	port_entry
5877.355	9.140066666666826	trials	port_entry
5885.615066666666	0.2998999999999796	trials	shock_relay
5887.4150666666665	0.09000000000014552	trials	port_entry
5888.365	2.770033333333231	trials	port_entry
5891.245066666666	0.1699333333335744	trials	port_entry
5891.565066666666	0.5199666666667326	trials	port_entry
5896.895033333333	0.10003333333315823	trials	port_entry
5907.8350666666665	0.02999999999974534	trials	port_entry
5907.945066666666	2.880000000000109	trials	port_entry
5910.945066666666	0.03999999999996362	trials	port_entry
5918.994966666666	2.3300666666664256	trials	port_entry
5939.995066666666	2.159933333333356	trials	port_entry
5954.845066666667	7.609999999999673	trials	port_entry
5955.8151	20.0	trials	neutral_stimulus_presentation
5962.625033333333	0.23003333333326736	trials	port_entry
5962.925033333333	0.12996666666640522	trials	port_entry
5963.155033333333	0.060033333333194605	trials	port_entry
5963.3949999999995	0.02999999999974534	trials	port_entry
5970.725066666666	4.0699666666669145	trials	port_entry
5974.925033333333	0.8500333333331582	trials	port_entry
5975.845066666667	1.9899666666660778	trials	port_entry
5987.285066666666	1.5899333333336472	trials	port_entry
5988.915	0.09000000000014552	trials	port_entry
5997.205066666666	1.8900000000003274	trials	port_entry
6028.6951	0.2699333333330287	trials	port_entry
6029.1451	0.07999999999992724	trials	port_entry
6030.795066666667	0.019966666666732635	trials	port_entry
6030.955066666666	0.18000000000029104	trials	port_entry
6031.485066666666	0.020000000000436557	trials	port_entry
6031.865066666666	2.1100333333333765	trials	port_entry
6034.215033333333	0.020066666666934907	trials	port_entry
6034.5551	0.02999999999974534	trials	port_entry
6035.855033333333	0.0500000000001819	trials	port_entry
6036.294966666666	1.3300666666664256	trials	port_entry
6037.895033333333	0.02999999999974534	trials	port_entry
6040.8151	1.269999999999527	trials	reward_stimulus_presentation
6041.6851	24.919933333333574	trials	port_entry
6041.8151	0.8000000000001819	trials	reward_delivery
6067.085033333333	2.5600666666668985	trials	port_entry
6070.455099999999	2.0700000000006185	trials	port_entry
6072.755033333333	0.05006666666668025	trials	port_entry
6081.505033333333	4.760066666666717	trials	port_entry
6086.715099999999	1.7899999999999636	trials	port_entry
6089.1151	0.13000000000010914	trials	port_entry
6091.305033333333	5.130000000000109	trials	port_entry
6096.865066666666	0.2600000000002183	trials	port_entry
6097.185066666666	0.07999999999992724	trials	port_entry
6098.3951	3.3599999999996726	trials	port_entry
6103.4751	0.04996666666647798	trials	port_entry
6106.6551	0.07999999999992724	trials	port_entry
6106.7751	0.0500000000001819	trials	port_entry
6108.965033333333	0.03999999999996362	trials	port_entry
6110.3951	3.0900000000001455	trials	port_entry
6113.545099999999	2.2700000000004366	trials	port_entry
6123.915	2.1100333333333765	trials	port_entry
6127.445066666666	2.100000000000364	trials	port_entry
6130.545066666667	1.3999999999996362	trials	port_entry
6130.8151	20.0026666666663	trials	shock_stimulus_presentation
6150.6151	0.2999999999992724	trials	shock_relay
6153.275033333333	2.1100333333333765	trials	port_entry
6159.865033333333	4.120033333333595	trials	port_entry
6164.795066666667	2.719999999999345	trials	port_entry
6167.635033333333	0.3900000000003274	trials	port_entry
6168.075066666666	0.02999999999974534	trials	port_entry
6176.145066666666	2.1700000000000728	trials	port_entry
6199.955066666666	0.270033333333231	trials	port_entry
6200.2651	0.18000000000029104	trials	port_entry
6200.5151	1.4899999999997817	trials	port_entry
6225.815066666666	1.2100000000000364	trials	reward_stimulus_presentation
6226.6250666666665	27.41003333333356	trials	port_entry
6226.815066666666	0.799966666666478	trials	reward_delivery
6254.1051	6.720000000000255	trials	port_entry
6261.065066666666	0.06006666666689853	trials	port_entry
6264.845033333333	5.700033333333522	trials	port_entry
6306.6350999999995	0.23000000000047294	trials	port_entry
6306.9250999999995	4.170000000000073	trials	port_entry
6311.955066666666	2.3400000000001455	trials	port_entry
6314.635066666667	0.23999999999978172	trials	port_entry
6315.305033333333	0.10009999999965657	trials	port_entry
6315.8151	19.9999333333335	trials	neutral_stimulus_presentation
6317.4851	1.4498999999996158	trials	port_entry
6327.2751	2.2899999999999636	trials	port_entry
6357.1451	3.5699666666669145	trials	port_entry
6392.7651	33.029999999999745	trials	port_entry
6395.815133333333	19.9999333333335	trials	reward_stimulus_presentation
6396.8151	0.799933333332774	trials	reward_delivery
6425.875099999999	4.030033333333449	trials	port_entry
6430.0951	6.120033333333595	trials	port_entry
6443.724999999999	3.5801333333338334	trials	port_entry
6447.645133333333	0.1799333333328832	trials	port_entry
6447.975066666666	1.5100666666667166	trials	port_entry
6449.985133333333	3.5499666666673875	trials	port_entry
6461.935133333333	2.3499999999994543	trials	port_entry
6471.045099999999	2.630000000000109	trials	port_entry
6473.915099999999	0.08996666666735109	trials	port_entry
6474.5251	0.21000000000003638	trials	port_entry
6477.655066666666	0.06999999999970896	trials	port_entry
6485.8151	0.7600000000002183	trials	reward_stimulus_presentation
6486.1750999999995	14.680000000000291	trials	port_entry
6486.8151	0.8000000000001819	trials	reward_delivery
6502.6750999999995	9.03003333333345	trials	port_entry
6513.225066666666	9.600066666666862	trials	port_entry
6522.845133333333	0.11999999999989086	trials	port_entry
6522.995133333333	3.680000000000291	trials	port_entry
6526.715133333333	0.23999999999978172	trials	port_entry
6527.155133333333	1.9099333333333561	trials	port_entry
6529.125099999999	7.230000000000473	trials	port_entry
6536.7251	0.6400333333331218	trials	port_entry
6537.915133333333	0.18000000000029104	trials	port_entry
6538.155133333333	0.1500000000005457	trials	port_entry
6538.345133333333	0.3499999999994543	trials	port_entry
6539.795133333333	0.019999999999527063	trials	port_entry
6545.715099999999	3.8900000000003274	trials	port_entry
6549.635133333333	0.09000000000014552	trials	port_entry
6555.565133333333	3.1200000000008004	trials	port_entry
6560.755133333333	1.7399666666669873	trials	port_entry
6563.3350666666665	0.03999999999996362	trials	port_entry
6563.455066666666	0.06996666666691453	trials	port_entry
6569.465133333333	0.5500000000001819	trials	port_entry
6570.095133333333	0.019999999999527063	trials	port_entry
6570.295133333333	5.109966666666878	trials	port_entry
6578.095066666667	0.13013333333310584	trials	port_entry
6578.275033333333	4.350099999999657	trials	port_entry
6584.965133333333	31.639966666666623	trials	port_entry
6585.815166666666	20.0024999999996	trials	shock_stimulus_presentation
6605.6151	0.2999999999992724	trials	shock_relay
6616.625099999999	0.5200000000004366	trials	port_entry
6617.3151	1.7899999999999636	trials	port_entry
6619.175133333333	3.3699333333333925	trials	port_entry
6634.8951	5.830033333333631	trials	port_entry
6649.285133333333	1.8799666666664052	trials	port_entry
6651.385033333333	0.2600333333330127	trials	port_entry
6652.725166666666	1.029933333333247	trials	port_entry
6675.815166666666	19.999966666666296	trials	neutral_stimulus_presentation
6676.765133333333	4.559999999999491	trials	port_entry
6684.275133333333	0.28993333333346527	trials	port_entry
6684.635133333333	1.5	trials	port_entry
6765.815166666666	2.3599333333331742	trials	reward_stimulus_presentation
6766.815133333333	0.8000000000001819	trials	reward_delivery
6767.775133333333	6.610000000000582	trials	port_entry
6794.1750999999995	5.230000000000473	trials	port_entry
6802.585133333333	2.6300333333329036	trials	port_entry
6805.835099999999	0.2100333333337403	trials	port_entry
6808.745133333333	2.7799999999997453	trials	port_entry
6811.875133333333	0.020000000000436557	trials	port_entry
6811.915133333333	0.059966666666696256	trials	port_entry
6811.995066666666	0.04006666666646197	trials	port_entry
6812.485133333333	0.27000000000043656	trials	port_entry
6812.825066666666	0.02999999999974534	trials	port_entry
6813.445133333333	0.029933333333246992	trials	port_entry
6814.125099999999	0.17996666666658712	trials	port_entry
6814.4751	0.03999999999996362	trials	port_entry
6816.475133333333	2.769999999999527	trials	port_entry
6824.805066666666	0.0600333333341041	trials	port_entry
6829.945133333333	2.270033333333231	trials	port_entry
6832.505166666666	0.1500000000005457	trials	port_entry
6837.635166666666	2.930000000000291	trials	port_entry
6847.345166666666	3.2299333333339746	trials	port_entry
6855.815166666666	17.44993333333332	trials	reward_stimulus_presentation
6856.815066666666	0.8001000000003842	trials	reward_delivery
6872.8651	4.9299999999993815	trials	port_entry
6885.605066666666	0.05003333333388582	trials	port_entry
6885.6750999999995	0.02999999999974534	trials	port_entry
6885.825066666666	2.250033333333704	trials	port_entry
6925.8151	4.199966666666114	trials	port_entry
6933.845166666666	2.1899666666668054	trials	port_entry
6940.815166666666	20.001966666666704	trials	shock_stimulus_presentation
6960.615133333333	0.3000000000001819	trials	shock_relay
6976.665166666667	2.939966666665896	trials	port_entry
6988.115066666666	0.34003333333293995	trials	port_entry
6988.585099999999	2.150066666667044	trials	port_entry
6991.585166666667	0.839999999999236	trials	port_entry
7028.955133333333	12.449999999999818	trials	port_entry
7030.8152	11.269933333333029	trials	reward_stimulus_presentation
7031.815133333333	0.8000333333338858	trials	reward_delivery
7041.685133333333	2.0399999999999636	trials	port_entry
7046.115133333333	1.1000333333331582	trials	port_entry
7052.015166666666	0.030000000000654836	trials	port_entry
7052.1151666666665	0.03999999999996362	trials	port_entry
7053.3251666666665	0.02999999999974534	trials	port_entry
7053.385166666666	0.030000000000654836	trials	port_entry
7059.1151	3.0900999999994383	trials	port_entry
7063.975166666666	2.110000000000582	trials	port_entry
7069.5751666666665	0.06999999999970896	trials	port_entry
7069.715099999999	1.0600666666668985	trials	port_entry
7071.415166666667	0.1999999999998181	trials	port_entry
7071.705166666667	0.17000000000007276	trials	port_entry
7072.745133333333	2.630000000000109	trials	port_entry
7087.445166666666	2.879899999999907	trials	port_entry
7090.375133333333	0.6200333333335948	trials	port_entry
7096.845166666666	2.129933333333611	trials	port_entry
7110.935166666666	2.680000000000291	trials	port_entry
7113.835133333333	0.3200333333334129	trials	port_entry
7114.215166666666	1.9199333333335744	trials	port_entry
7125.815133333333	1.2300333333341769	trials	reward_stimulus_presentation
7126.645166666666	12.739999999999782	trials	port_entry
7126.815166666666	0.8000000000001819	trials	reward_delivery
7139.955166666667	0.18999999999959982	trials	port_entry
7140.3651666666665	10.619966666666187	trials	port_entry
7158.205166666667	7.499933333332592	trials	port_entry
7170.545133333333	2.629966666666405	trials	port_entry
7175.405066666666	0.1501333333335424	trials	port_entry
7175.715099999999	2.709966666667242	trials	port_entry
7179.785166666667	0.04996666666647798	trials	port_entry
7179.885166666666	0.08003333333363116	trials	port_entry
7180.1651999999995	0.07999999999992724	trials	port_entry
7180.295133333333	0.02999999999974534	trials	port_entry
7181.015133333333	1.9200333333328672	trials	port_entry
7189.595166666666	2.6699333333335744	trials	port_entry
7193.475166666666	2.830033333333631	trials	port_entry
7201.765166666666	5.5900000000001455	trials	port_entry
7208.435166666666	1.5899666666664416	trials	port_entry
7210.355166666666	0.06000000000040018	trials	port_entry
7213.625166666667	4.279966666666041	trials	port_entry
7215.8151	20.0021666666662	trials	shock_stimulus_presentation
7220.015166666666	0.6100333333333765	trials	port_entry
7220.925166666666	0.14000000000032742	trials	port_entry
7225.825199999999	4.749966666667206	trials	port_entry
7230.685166666666	9.600033333333158	trials	port_entry
7235.615199999999	0.29996666666738747	trials	shock_relay
7240.325199999999	6.309966666666696	trials	port_entry
7246.895166666666	0.31999999999970896	trials	port_entry
7247.725166666666	0.06000000000040018	trials	port_entry
7248.8551	0.020066666666934907	trials	port_entry
7249.0751	0.990099999999984	trials	port_entry
7250.205199999999	0.14000000000032742	trials	port_entry
7251.035166666667	0.03999999999996362	trials	port_entry
7251.235166666666	0.019966666666732635	trials	port_entry
7251.695133333333	2.1400000000003274	trials	port_entry
7253.8651666666665	0.5599999999994907	trials	port_entry
7254.455166666667	0.02999999999974534	trials	port_entry
7254.525166666666	0.04003333333366754	trials	port_entry
7254.7552	0.10999999999967258	trials	port_entry
7255.2652	0.08993333333273767	trials	port_entry
7255.535199999999	0.1000000000003638	trials	port_entry
7255.865199999999	0.07000000000061846	trials	port_entry
7256.145133333333	0.08999999999923602	trials	port_entry
7256.475166666666	0.1100333333333765	trials	port_entry
7256.775166666666	0.10996666666687815	trials	port_entry
7257.0652	0.09996666666665988	trials	port_entry
7257.375166666667	0.050033333332976326	trials	port_entry
7257.655166666666	0.05999999999949068	trials	port_entry
7258.855166666666	0.020000000000436557	trials	port_entry
7260.005166666666	0.030000000000654836	trials	port_entry
7261.135166666666	0.13000000000010914	trials	port_entry
7261.435166666666	0.11000000000058208	trials	port_entry
7261.745166666667	0.13000000000010914	trials	port_entry
7262.025166666666	0.15999999999985448	trials	port_entry
7262.3251666666665	0.17000000000007276	trials	port_entry
7262.6151666666665	0.2600000000002183	trials	port_entry
7262.935166666666	0.23003333333326736	trials	port_entry
7263.235133333333	2.6900333333333037	trials	port_entry
7267.425133333333	1.639999999999418	trials	port_entry
7269.495199999999	19.759966666666514	trials	port_entry
7290.395166666666	0.07999999999992724	trials	port_entry
7290.655166666666	0.1499999999996362	trials	port_entry
7290.955166666667	0.17999999999938154	trials	port_entry
7291.275166666666	0.1000000000003638	trials	port_entry
7292.205166666667	0.09000000000014552	trials	port_entry
7292.465166666666	0.08996666666735109	trials	port_entry
7292.6151666666665	0.07003333333341288	trials	port_entry
7293.045166666667	0.049999999999272404	trials	port_entry
7293.435166666666	0.03999999999996362	trials	port_entry
7293.735166666666	0.059966666666696256	trials	port_entry
7294.095166666666	0.030000000000654836	trials	port_entry
7295.225133333333	0.0399666666662597	trials	port_entry
7295.435133333333	29.16003333333265	trials	port_entry
7295.815166666666	20.000033333333704	trials	reward_stimulus_presentation
7296.8152	0.799966666666478	trials	reward_delivery
7329.5452	3.819999999999709	trials	port_entry
7334.0152	5.769966666666733	trials	port_entry
7340.745199999999	5.210000000000036	trials	port_entry
7346.0252	0.03999999999996362	trials	port_entry
7347.335166666667	3.9899999999997817	trials	port_entry
7351.405166666666	0.07999999999992724	trials	port_entry
7354.405166666666	0.03993333333346527	trials	port_entry
7356.165133333333	2.8900000000003274	trials	port_entry
7359.105133333333	0.06000000000040018	trials	port_entry
7371.315166666666	3.599933333332956	trials	port_entry
7376.175166666666	2.560033333334104	trials	port_entry
7385.815166666666	19.999966666666296	trials	neutral_stimulus_presentation
7387.1952	0.019999999999527063	trials	port_entry
7387.5851999999995	0.020000000000436557	trials	port_entry
7388.1052	0.02999999999974534	trials	port_entry
7401.785233333333	0.19996666666702367	trials	port_entry
7402.505133333333	0.019999999999527063	trials	port_entry
7402.8751999999995	0.02999999999974534	trials	port_entry
7430.7352	4.029999999999745	trials	port_entry
7453.1352	3.0399333333334653	trials	port_entry
7459.055166666666	2.1400333333340313	trials	port_entry
7462.025133333333	0.02010000000063883	trials	port_entry
7463.0952	5.390000000000327	trials	port_entry
7468.545166666667	0.050033333332976326	trials	port_entry
7485.8152	7.759999999999309	trials	reward_stimulus_presentation
7486.815233333333	0.8000000000001819	trials	reward_delivery
7493.1752	3.9099999999998545	trials	port_entry
7521.535199999999	0.15003333333334012	trials	port_entry
7521.7352	3.1699999999991633	trials	port_entry
7527.495199999999	1.110000000000582	trials	port_entry
7543.6952	3.3799999999991996	trials	port_entry
7555.2752	3.0	trials	port_entry
7561.7552	0.2899999999999636	trials	port_entry
7575.8152	7.370033333332685	trials	reward_stimulus_presentation
7576.8152	0.8000333333329763	trials	reward_delivery
7582.785166666667	4.870033333332685	trials	port_entry
7603.045166666667	3.360033333332467	trials	port_entry
7609.005166666666	1.4700333333339586	trials	port_entry
7618.5652	2.210033333332831	trials	port_entry
7623.825199999999	1.5200000000004366	trials	port_entry
7638.755233333333	2.269999999999527	trials	port_entry
7644.185233333333	2.5499666666673875	trials	port_entry
7655.0252	2.2600333333330127	trials	port_entry
7661.9352	3.520033333333231	trials	port_entry
7665.815233333333	19.999899999999798	trials	neutral_stimulus_presentation
7668.365233333333	1.3800000000001091	trials	port_entry
7671.765233333333	0.24000000000069122	trials	port_entry
7691.885166666666	3.1700000000000728	trials	port_entry
7699.475233333333	0.07996666666713281	trials	port_entry
7699.575233333333	2.050000000000182	trials	port_entry
7707.115199999999	0.03999999999996362	trials	port_entry
7707.3052	0.22000000000025466	trials	port_entry
7734.905199999999	0.2600000000002183	trials	port_entry
7735.2352	0.23003333333326736	trials	port_entry
7737.3152	0.1499999999996362	trials	port_entry
7755.815166666666	20.00233333333381	trials	shock_stimulus_presentation
7775.615233333333	0.3000000000001819	trials	shock_relay
7775.8452333333325	0.029933333334156487	trials	port_entry
7787.435233333333	3.1500000000005457	trials	port_entry
7840.8152666666665	6.8899666666666235	trials	reward_stimulus_presentation
7841.815233333333	0.8000000000001819	trials	reward_delivery
7847.3052	0.22003333333304909	trials	port_entry
7847.625233333333	5.079933333333429	trials	port_entry
7854.215233333333	1.7599999999993088	trials	port_entry
7881.515166666666	3.290100000000166	trials	port_entry
7890.2752666666665	1.7299999999995634	trials	port_entry
7896.9352	0.04996666666647798	trials	port_entry
7926.6752	2.6800333333330855	trials	port_entry
7930.8152666666665	20.001933333333	trials	shock_stimulus_presentation
7943.555266666666	1.4699666666665507	trials	port_entry
7947.665266666666	0.22990000000027067	trials	port_entry
7950.615266666667	0.2999999999992724	trials	shock_relay
7998.325233333333	2.1099999999996726	trials	port_entry
8025.815299999999	19.999966666667206	trials	reward_stimulus_presentation
8026.8152666666665	0.8000000000001819	trials	reward_delivery
8060.075199999999	3.6601000000000568	trials	port_entry
8065.335266666666	1.3699666666670964	trials	port_entry
8067.395266666666	0.0500000000001819	trials	port_entry
8067.5252666666665	0.11999999999989086	trials	port_entry
8068.0252	0.04996666666647798	trials	port_entry
8115.8152666666665	20.000033333332794	trials	neutral_stimulus_presentation
8128.495266666666	3.7000000000007276	trials	port_entry
8183.085266666666	3.9100333333335584	trials	port_entry
8188.455199999999	0.3700666666663892	trials	port_entry
8195.8153	16.809966666667606	trials	reward_stimulus_presentation
8196.8153	0.8000000000010914	trials	reward_delivery
8212.225266666666	4.370033333334504	trials	port_entry
8246.3153	3.5899666666664416	trials	port_entry
8250.9253	0.5900000000001455	trials	port_entry
8265.615233333334	2.4500000000007276	trials	port_entry
8285.815200000001	8.250066666665589	trials	reward_stimulus_presentation
8286.8153	0.8000000000010914	trials	reward_delivery
8293.665266666667	5.620033333334504	trials	port_entry
8301.9053	1.7899333333334653	trials	port_entry
8334.765300000001	5.260000000000218	trials	port_entry
8342.4753	0.040000000000873115	trials	port_entry
8342.535300000001	0.049999999999272404	trials	port_entry
8342.6553	0.5300000000006548	trials	port_entry
8353.5853	2.850000000000364	trials	port_entry
8357.4953	0.5599999999994907	trials	port_entry
8368.115300000001	2.4399333333331015	trials	port_entry
8379.9253	0.020000000000436557	trials	port_entry
8380.015300000001	2.90003333333334	trials	port_entry
8385.815333333334	20.0	trials	neutral_stimulus_presentation
8386.4753	1.4299333333347022	trials	port_entry
8393.5953	0.139966666665714	trials	port_entry
8393.755233333333	1.1401000000005297	trials	port_entry
8401.3853	0.3100000000013097	trials	port_entry
8408.485266666667	0.15999999999985448	trials	port_entry
8413.935300000001	2.149999999999636	trials	port_entry
8417.375333333333	0.06000000000130967	trials	port_entry
8417.465333333334	0.1000000000003638	trials	port_entry
8417.625333333333	0.07999999999992724	trials	port_entry
8418.245333333334	0.039999999999054126	trials	port_entry
8418.345333333335	0.039999999999054126	trials	port_entry
8420.265300000001	0.02003333333232149	trials	port_entry
8436.8953	2.239966666667897	trials	port_entry
8453.795333333333	1.6099666666668782	trials	port_entry
8462.185300000001	0.05999999999949068	trials	port_entry
8462.275300000001	0.22999999999956344	trials	port_entry
8475.815333333334	1.0	trials	reward_stimulus_presentation
8476.415333333334	7.109966666666878	trials	port_entry
8476.815333333334	0.7999999999992724	trials	reward_delivery
8524.795333333333	3.8699666666670964	trials	port_entry
8547.425333333334	2.0199999999986176	trials	port_entry
8564.485333333334	1.8400000000001455	trials	port_entry
8565.815366666668	20.0024333333331	trials	shock_stimulus_presentation
8568.795333333333	0.959966666667242	trials	port_entry
8585.615366666667	0.3000000000010914	trials	shock_relay
8604.555333333334	2.639999999999418	trials	port_entry
8612.275333333333	0.020000000000436557	trials	port_entry
8612.355333333335	0.09999999999854481	trials	port_entry
8612.475333333334	0.18000000000029104	trials	port_entry
8614.435300000001	1.8699999999989814	trials	port_entry
8626.715333333334	2.4699333333337563	trials	port_entry
8633.265333333335	0.8999999999996362	trials	port_entry
8647.835266666667	2.3299999999999272	trials	port_entry
8655.8153	1.3300333333336312	trials	reward_stimulus_presentation
8656.745333333334	4.799999999999272	trials	port_entry
8656.815333333334	0.7999999999992724	trials	reward_delivery
8685.9753	3.6300000000010186	trials	port_entry
8705.335366666668	2.09996666666666	trials	port_entry
8733.645333333334	2.4800333333332674	trials	port_entry
8740.815366666668	19.999933333332592	trials	reward_stimulus_presentation
8741.815333333334	0.7999999999992724	trials	reward_delivery
8790.015266666667	4.930099999999584	trials	port_entry
8830.605366666667	2.9200000000000728	trials	port_entry
8830.815400000001	20.002566666666098	trials	shock_stimulus_presentation
8840.885366666667	1.7099999999991269	trials	port_entry
8846.425366666666	1.1599666666679695	trials	port_entry
8850.615333333333	0.3000000000010914	trials	shock_relay
8859.005366666668	1.9599999999991269	trials	port_entry
8884.5754	2.099900000001071	trials	port_entry
8896.415366666668	0.1499999999996362	trials	port_entry
8896.605366666667	0.9899999999997817	trials	port_entry
8906.925333333334	0.13003333333290357	trials	port_entry
8907.2953	2.8900666666668258	trials	port_entry
8925.815433333333	8.229933333333975	trials	reward_stimulus_presentation
8926.815366666668	0.7999999999992724	trials	reward_delivery
8933.645366666668	0.1999999999989086	trials	port_entry
8934.205333333333	0.08003333333363116	trials	port_entry
8934.425366666666	3.610033333334286	trials	port_entry
8940.605366666667	0.06999999999970896	trials	port_entry
8946.9154	3.319900000000416	trials	port_entry
8951.735366666668	1.2399999999997817	trials	port_entry
8978.6254	3.09996666666666	trials	port_entry
9003.555366666667	2.0600333333331946	trials	port_entry
9015.815433333333	20.002300000000105	trials	shock_stimulus_presentation
9035.615366666667	0.3000333333329763	trials	shock_relay
9039.525333333333	2.330100000001039	trials	port_entry
9053.335333333334	2.180033333332176	trials	port_entry
9059.4254	1.25	trials	port_entry
9068.115366666667	1.5599999999994907	trials	port_entry
9095.305333333334	0.08006666666733508	trials	port_entry
9095.635400000001	7.68999999999869	trials	port_entry
9095.815400000001	8.889999999999418	trials	reward_stimulus_presentation
9096.815400000001	0.7999666666655685	trials	reward_delivery
9104.305400000001	2.2299999999995634	trials	port_entry
9131.8254	1.8700333333345043	trials	port_entry
9137.4554	0.03996666666716919	trials	port_entry
9137.655366666668	0.03003333333253977	trials	port_entry
9138.315400000001	0.05999999999949068	trials	port_entry
9139.095366666666	0.060033333335013594	trials	port_entry
9139.2454	0.020000000000436557	trials	port_entry
9139.925433333334	3.7199333333337563	trials	port_entry
9150.815400000001	1.8499999999985448	trials	port_entry
9185.815400000001	20.0	trials	neutral_stimulus_presentation
9186.575433333333	2.709966666667242	trials	port_entry
9223.5754	2.2400333333334856	trials	port_entry
9242.605433333334	0.24996666666629608	trials	port_entry
9242.895433333333	0.14996666666775127	trials	port_entry
9243.215400000001	1.8699666666670964	trials	port_entry
9249.715400000001	1.0200000000004366	trials	port_entry
9256.685433333334	1.7299666666658595	trials	port_entry
9267.065433333333	0.2000000000007276	trials	port_entry
9267.285433333334	1.609999999998763	trials	port_entry
9269.135333333334	0.24003333333348564	trials	port_entry
9283.1954	1.7900000000008731	trials	port_entry
9285.815433333333	1.390000000001237	trials	reward_stimulus_presentation
9286.805433333335	0.1999999999989086	trials	port_entry
9286.815366666668	0.8000333333329763	trials	reward_delivery
9287.035433333334	5.130033333332904	trials	port_entry
9328.5254	3.2999999999992724	trials	port_entry
9338.965433333335	0.07999999999992724	trials	port_entry
9364.275433333334	2.3699999999989814	trials	port_entry
9375.815433333333	2.429966666666587	trials	reward_stimulus_presentation
9376.815366666668	0.7999999999992724	trials	reward_delivery
9377.8454	4.610033333334286	trials	port_entry
9387.925433333334	1.8299666666662233	trials	port_entry
9392.795433333335	2.639999999999418	trials	port_entry
9396.065433333333	0.020000000000436557	trials	port_entry
9407.8354	2.570033333333413	trials	port_entry
9411.625433333335	0.019999999998617568	trials	port_entry
9411.675433333334	0.05999999999949068	trials	port_entry
9425.985433333333	2.1900000000005093	trials	port_entry
9429.375433333335	0.7699999999986176	trials	port_entry
9430.285433333334	0.09000000000014552	trials	port_entry
9440.385433333335	1.9699999999993452	trials	port_entry
9442.865433333334	1.5100333333321032	trials	port_entry
9457.715433333335	2.279999999998836	trials	port_entry
9460.525433333334	0.0799333333325194	trials	port_entry
9460.795433333335	0.09000000000014552	trials	port_entry
9461.025433333334	0.20993333333353803	trials	port_entry
9461.275366666667	0.15006666666704405	trials	port_entry
9465.815366666668	20.000099999999293	trials	reward_stimulus_presentation
9466.815366666668	0.7999999999992724	trials	reward_delivery
9486.685433333334	4.28003333333254	trials	port_entry
9499.345466666668	2.1299666666654957	trials	port_entry
9542.085466666667	3.5799999999999272	trials	port_entry
9555.8155	4.339966666666442	trials	reward_stimulus_presentation
9556.815466666667	0.8000000000010914	trials	reward_delivery
9559.755466666667	6.699966666667024	trials	port_entry
9568.965466666667	2.5200000000004366	trials	port_entry
9573.595466666668	2.110000000000582	trials	port_entry
9577.645466666667	1.360000000000582	trials	port_entry
9586.965466666667	3.25	trials	port_entry
9593.375466666666	2.1300000000010186	trials	port_entry
9597.875433333335	1.5399666666653502	trials	port_entry
9608.305366666667	2.2300333333332674	trials	port_entry
9613.795466666666	2.2600000000002183	trials	port_entry
9628.335466666667	2.3400000000001455	trials	port_entry
9640.815466666667	20.001833333333707	trials	shock_stimulus_presentation
9641.845433333334	1.8500333333340677	trials	port_entry
9647.635466666667	0.040000000000873115	trials	port_entry
9648.1254	0.11006666666617093	trials	port_entry
9648.255433333334	0.060033333333194605	trials	port_entry
9649.715466666667	0.040000000000873115	trials	port_entry
9660.615466666668	0.2999999999992724	trials	shock_relay
9663.8955	2.2600000000002183	trials	port_entry
9666.5355	0.06999999999970896	trials	port_entry
9666.6355	0.08993333333273767	trials	port_entry
9666.9755	0.7399666666660778	trials	port_entry
9675.155466666667	1.3400000000001455	trials	port_entry
9686.755500000001	2.1899666666668054	trials	port_entry
9703.6055	2.2599666666683333	trials	port_entry
9716.675500000001	1.8799666666654957	trials	port_entry
9725.715400000001	2.500066666665589	trials	port_entry
9730.815533333334	5.129966666665496	trials	reward_stimulus_presentation
9731.8155	0.7999999999992724	trials	reward_delivery
9735.5455	4.75	trials	port_entry
9740.5455	1.7499333333344111	trials	port_entry
9762.165500000001	2.649999999999636	trials	port_entry
9814.405433333333	2.9600666666665347	trials	port_entry
9825.815533333334	19.999966666666296	trials	neutral_stimulus_presentation
9831.995466666667	1.6200666666663892	trials	port_entry
9850.0854	0.020000000000436557	trials	port_entry
9851.075433333333	0.03006666666624369	trials	port_entry
9851.2355	0.05999999999949068	trials	port_entry
9851.415500000001	0.09003333333203045	trials	port_entry
9852.505500000001	0.3099999999994907	trials	port_entry
9856.235433333333	2.1200000000008004	trials	port_entry
9889.4555	1.9899999999997817	trials	port_entry
9894.3655	0.1400000000012369	trials	port_entry
9908.7755	0.6300000000010186	trials	port_entry
9915.815566666668	20.001899999999296	trials	shock_stimulus_presentation
9925.785433333334	0.09006666666573437	trials	port_entry
9926.015500000001	2.109999999998763	trials	port_entry
9934.8655	1.470033333334868	trials	port_entry
9935.615533333334	0.3000000000010914	trials	shock_relay
9960.8155	1.8900333333331218	trials	port_entry
9972.4455	2.180033333333995	trials	port_entry
9985.6455	2.290000000000873	trials	port_entry
9995.815566666668	1.5499666666655685	trials	reward_stimulus_presentation
9996.815566666668	0.7999666666655685	trials	reward_delivery
9996.9655	14.660033333333558	trials	port_entry
10018.155533333334	3.4100333333335584	trials	port_entry
10029.915533333335	3.6199333333333925	trials	port_entry
10044.375533333334	3.139999999999418	trials	port_entry
10050.7755	3.120066666668208	trials	port_entry
10058.595533333333	1.890000000001237	trials	port_entry
10061.7455	1.4800333333332674	trials	port_entry
10079.8655	2.940066666667917	trials	port_entry
10083.105566666667	0.13999999999941792	trials	port_entry
10083.955533333334	0.030000000000654836	trials	port_entry
10084.005566666667	36.47996666666768	trials	port_entry
10085.815566666668	20.0	trials	reward_stimulus_presentation
10086.815533333334	0.8000333333329763	trials	reward_delivery
10131.905533333334	3.679966666666587	trials	port_entry
10136.235566666668	1.38993333333201	trials	port_entry
10154.725533333334	3.3400000000001455	trials	port_entry
10160.385533333334	2.3800333333329036	trials	port_entry
10165.065466666667	0.9900666666671896	trials	port_entry
10169.165500000001	2.370066666666389	trials	port_entry
10174.385566666668	0.019999999998617568	trials	port_entry
10174.425533333333	1.430000000000291	trials	port_entry
10181.595500000001	1.8100999999987835	trials	port_entry
10185.8156	2.459933333333538	trials	reward_stimulus_presentation
10186.815566666668	0.7999666666655685	trials	reward_delivery
10187.875533333334	13.22996666666586	trials	port_entry
10204.245533333335	3.039999999999054	trials	port_entry
10212.015566666667	2.530000000000655	trials	port_entry
10218.375533333334	2.9200000000000728	trials	port_entry
10224.4855	2.5200999999997293	trials	port_entry
10229.665566666667	1.610000000000582	trials	port_entry
10234.195566666667	1.4400000000005093	trials	port_entry
10260.345566666667	2.7299999999995634	trials	port_entry
10275.815566666668	20.002366666665694	trials	shock_stimulus_presentation
10295.615566666667	0.2999999999992724	trials	shock_relay
10327.635566666668	4.360033333332467	trials	port_entry
10334.9056	2.1499333333340473	trials	port_entry
10342.6955	2.36006666666799	trials	port_entry
10349.135566666668	1.6700333333319577	trials	port_entry
10352.345566666667	2.649999999999636	trials	port_entry
10355.8555	0.51010000000133	trials	port_entry
10356.415566666667	0.050033333334795316	trials	port_entry
10360.445566666667	2.959966666667242	trials	port_entry
10365.8156	1.2599666666665144	trials	reward_stimulus_presentation
10366.675566666667	14.450033333334432	trials	port_entry
10366.815566666668	0.7999999999992724	trials	reward_delivery
10382.035600000001	3.1599999999998545	trials	port_entry
10388.875566666668	2.500033333333704	trials	port_entry
10393.0156	3.7199666666674602	trials	port_entry
10399.315533333334	2.469999999999345	trials	port_entry
10404.4156	0.020000000000436557	trials	port_entry
10406.805566666668	2.470033333333049	trials	port_entry
10413.5856	2.4799666666676785	trials	port_entry
10422.545600000001	2.4799999999995634	trials	port_entry
10426.755566666667	1.9100333333335584	trials	port_entry
10431.4056	0.49003333333348564	trials	port_entry
10433.6456	1.4800000000013824	trials	port_entry
10438.225566666668	2.6199999999989814	trials	port_entry
10442.9756	2.1999666666670237	trials	port_entry
10447.045633333333	3.1499000000003434	trials	port_entry
10453.195600000001	1.639999999999418	trials	port_entry
10455.815633333334	20.0	trials	neutral_stimulus_presentation
10457.2256	3.389966666667533	trials	port_entry
10473.1856	2.1599999999998545	trials	port_entry
10475.725633333333	0.2699333333330287	trials	port_entry
10476.225633333333	0.18993333333310147	trials	port_entry
10476.515633333334	1.6499999999996362	trials	port_entry
10481.0156	0.7899999999990541	trials	port_entry
10503.5956	2.7599666666665144	trials	port_entry
10520.265566666667	2.5500666666666802	trials	port_entry
10524.715633333333	0.22000000000116415	trials	port_entry
10526.045633333333	1.8799666666673147	trials	port_entry
10530.095566666667	0.08003333333363116	trials	port_entry
10530.255566666667	2.0600333333331946	trials	port_entry
10533.145566666668	1.0499999999992724	trials	port_entry
10540.815633333334	3.600000000000364	trials	reward_stimulus_presentation
10541.815633333334	0.8000000000010914	trials	reward_delivery
10544.015533333333	0.17010000000118453	trials	port_entry
10544.245633333334	8.409999999999854	trials	port_entry
10555.945633333335	2.399999999999636	trials	port_entry
10567.335633333334	3.030000000000655	trials	port_entry
10571.755633333334	2.6599999999998545	trials	port_entry
10575.975633333333	3.4099333333342656	trials	port_entry
10586.125633333333	2.9099666666679695	trials	port_entry
10593.265566666667	2.580066666667335	trials	port_entry
10596.095633333334	0.4499999999989086	trials	port_entry
10598.535633333335	1.8799333333317918	trials	port_entry
10600.555633333333	0.7600000000002183	trials	port_entry
10617.035600000001	2.5100000000002183	trials	port_entry
10622.035633333335	0.029999999998835847	trials	port_entry
10622.345633333334	0.05993333333208284	trials	port_entry
10623.115600000001	0.07999999999992724	trials	port_entry
10623.215566666668	0.03003333333253977	trials	port_entry
10623.285600000001	0.019999999998617568	trials	port_entry
10623.7756	2.4899999999997817	trials	port_entry
10630.815633333334	19.99993333333441	trials	neutral_stimulus_presentation
10631.655633333334	1.889933333333829	trials	port_entry
10645.5756	0.21000000000094587	trials	port_entry
10645.8056	3.1300333333347226	trials	port_entry
10660.5556	2.470033333334868	trials	port_entry
10674.215633333333	2.6900000000005093	trials	port_entry
10677.675633333334	0.1000000000003638	trials	port_entry
10677.965633333333	0.11000000000058208	trials	port_entry
10678.245633333334	0.2000000000007276	trials	port_entry
10678.495633333334	0.5200000000004366	trials	port_entry
10679.1056	0.23003333333326736	trials	port_entry
10681.615666666667	2.819966666667824	trials	port_entry
10684.615633333335	0.17000000000007276	trials	port_entry
10684.835633333334	10.260000000000218	trials	port_entry
10695.375666666667	0.07999999999992724	trials	port_entry
10696.0556	0.1500000000014552	trials	port_entry
10696.235566666668	0.04003333333275805	trials	port_entry
10696.3056	0.23000000000138243	trials	port_entry
10696.655633333334	0.17000000000007276	trials	port_entry
10700.785633333335	0.06999999999970896	trials	port_entry
10700.875666666667	0.029966666666950914	trials	port_entry
10701.065633333334	0.15999999999985448	trials	port_entry
10701.355633333334	0.1899666666668054	trials	port_entry
10701.6656	10.730033333333267	trials	port_entry
10712.625633333333	0.5200000000004366	trials	port_entry
10713.195633333335	0.07999999999992724	trials	port_entry
10713.355633333334	0.07999999999992724	trials	port_entry
10713.515633333334	0.06999999999970896	trials	port_entry
10714.165633333334	0.06999999999970896	trials	port_entry
10714.365566666667	1.8000666666666802	trials	port_entry
10716.2356	0.49003333333348564	trials	port_entry
10716.775633333335	0.7899999999990541	trials	port_entry
10717.5856	2.3100333333331946	trials	port_entry
10720.665633333334	0.19000000000050932	trials	port_entry
10720.935633333334	8.069999999999709	trials	port_entry
10725.815633333334	20.002166666667108	trials	shock_stimulus_presentation
10729.385633333333	0.050033333334795316	trials	port_entry
10732.775633333335	13.079966666666223	trials	port_entry
10745.615633333335	0.2999999999992724	trials	shock_relay
10745.965633333333	2.390000000001237	trials	port_entry
10748.395633333334	0.1400000000012369	trials	port_entry
10749.185566666667	0.050033333332976326	trials	port_entry
10749.695600000001	0.3100666666668985	trials	port_entry
10750.145533333334	0.020000000000436557	trials	port_entry
10767.865600000001	0.15999999999985448	trials	port_entry
10768.0656	0.03996666666716919	trials	port_entry
10768.135633333333	2.0	trials	port_entry
10793.055666666667	3.239933333334193	trials	port_entry
10796.405633333334	0.28993333333346527	trials	port_entry
10796.715566666668	0.039999999999054126	trials	port_entry
10797.0756	1.6800666666676989	trials	port_entry
10807.745633333334	0.049999999999272404	trials	port_entry
10807.875633333333	1.360000000000582	trials	port_entry
10809.575666666668	0.019966666666732635	trials	port_entry
10809.795633333333	0.050000000001091394	trials	port_entry
10815.815700000001	19.999966666666296	trials	neutral_stimulus_presentation
10818.385633333333	2.4500333333344315	trials	port_entry
10820.945666666667	0.07999999999992724	trials	port_entry
10821.065633333334	0.040000000000873115	trials	port_entry
10830.4256	3.3400666666675534	trials	port_entry
10841.0656	11.030066666668063	trials	port_entry
10875.505666666668	0.08993333333273767	trials	port_entry
10875.625566666668	0.17009999999936554	trials	port_entry
10875.815666666667	0.030000000000654836	trials	port_entry
10875.865666666667	15.550000000001091	trials	port_entry
10891.505666666668	0.139966666665714	trials	port_entry
10891.745633333334	2.680033333333995	trials	port_entry
10894.495666666668	0.10003333333224873	trials	port_entry
10895.555666666667	0.05013333333408809	trials	port_entry
10895.815666666667	20.00186666666741	trials	shock_stimulus_presentation
10900.165666666668	0.1999999999989086	trials	port_entry
10900.505666666668	1.4799666666658595	trials	port_entry
10902.135633333333	0.12003333333450428	trials	port_entry
10902.305633333333	1.5500333333329763	trials	port_entry
10914.885600000001	2.550099999998565	trials	port_entry
10915.615666666667	0.29996666666738747	trials	shock_relay
10917.675666666668	0.9500333333326125	trials	port_entry
10918.645700000001	0.12999999999919964	trials	port_entry
10918.825700000001	0.139966666665714	trials	port_entry
10931.685666666668	8.119999999998981	trials	port_entry
10939.845666666668	0.04996666666556848	trials	port_entry
10942.295600000001	61.91006666666544	trials	port_entry
10985.815700000001	19.709933333333538	trials	reward_stimulus_presentation
10986.815666666667	0.7999666666673875	trials	reward_delivery
11005.125666666667	0.1600333333335584	trials	port_entry
11005.4257	20.299966666667387	trials	port_entry
11028.795666666667	2.239966666667897	trials	port_entry
11031.095633333334	0.44003333333239425	trials	port_entry
11031.7656	0.049999999999272404	trials	port_entry
11036.7257	3.969999999999345	trials	port_entry
11040.9557	0.030000000000654836	trials	port_entry
11041.0057	0.13000000000101863	trials	port_entry
11041.245700000001	0.019999999998617568	trials	port_entry
11041.335700000001	0.10999999999876309	trials	port_entry
11047.375666666667	5.870033333334504	trials	port_entry
11053.2857	0.13999999999941792	trials	port_entry
11053.825700000001	6.079999999999927	trials	port_entry
11059.9257	0.279933333333247	trials	port_entry
11060.355633333334	0.20006666666631645	trials	port_entry
11060.635666666667	0.16996666666636884	trials	port_entry
11061.155633333334	0.040000000000873115	trials	port_entry
11065.3457	0.6300000000010186	trials	port_entry
11066.125633333333	5.530066666668063	trials	port_entry
11071.7557	0.050000000001091394	trials	port_entry
11071.9557	13.860000000000582	trials	port_entry
11538.134366666667	0.27863333333334594	trials	phototagging
11538.692966666667	0.22753333333275805	trials	phototagging
11540.133966666668	0.10013333333154151	trials	phototagging
11541.135466666667	0.10016666666706442	trials	phototagging
11542.136966666667	0.10016666666706442	trials	phototagging
11543.138466666667	0.10016666666706442	trials	phototagging
11544.139966666668	0.10016666666706442	trials	phototagging
11545.1415	0.1001333333333605	trials	phototagging
11546.143	0.10016666666706442	trials	phototagging
11547.1445	0.10016666666706442	trials	phototagging
11548.146	0.10016666666706442	trials	phototagging
11549.147500000001	0.10016666666706442	trials	phototagging
11550.149033333333	0.1001333333333605	trials	phototagging
11551.150533333333	0.1001333333333605	trials	phototagging
11562.1671	0.004999999999199645	trials	phototagging
11562.1771	0.004999999999199645	trials	phototagging
11562.187133333335	0.004999999999199645	trials	phototagging
11562.197133333333	0.005000000001018634	trials	phototagging
11562.207166666667	0.005000000001018634	trials	phototagging
11562.217166666667	0.004999999999199645	trials	phototagging
11562.227166666667	0.005033333332903567	trials	phototagging
11562.237200000001	0.004999999999199645	trials	phototagging
11562.2472	0.005033333334722556	trials	phototagging
11562.257233333334	0.005000000001018634	trials	phototagging
11562.267233333334	0.005033333332903567	trials	phototagging
11562.277266666668	0.004999999999199645	trials	phototagging
11562.287266666668	0.004999999999199645	trials	phototagging
11562.2973	0.005000000001018634	trials	phototagging
11562.3073	0.005000000001018634	trials	phototagging
11562.317333333334	0.004999999999199645	trials	phototagging
11562.327333333335	0.004999999999199645	trials	phototagging
11562.337333333335	0.005033333332903567	trials	phototagging
11562.347366666667	0.005000000001018634	trials	phototagging
11562.357366666667	0.005033333332903567	trials	phototagging
11562.367400000001	0.004999999999199645	trials	phototagging
11562.377400000001	0.004999999999199645	trials	phototagging
11562.387433333333	0.005000000001018634	trials	phototagging
11562.397433333334	0.005000000001018634	trials	phototagging
11562.407466666667	0.004999999999199645	trials	phototagging
11562.417466666668	0.004999999999199645	trials	phototagging
11562.427466666668	0.005033333332903567	trials	phototagging
11562.4375	0.005000000001018634	trials	phototagging
11562.4475	0.005033333332903567	trials	phototagging
11562.457533333334	0.004999999999199645	trials	phototagging
11572.482600000001	0.010033333332103211	trials	phototagging
11572.582766666666	0.010000000000218279	trials	phototagging
11572.6829	0.0100333333339222	trials	phototagging
11572.783066666667	0.010000000000218279	trials	phototagging
11572.8832	0.0100333333339222	trials	phototagging
11572.983366666667	0.010000000000218279	trials	phototagging
11573.0835	0.0100333333339222	trials	phototagging
11573.183666666668	0.010000000000218279	trials	phototagging
11573.283800000001	0.010033333332103211	trials	phototagging
11573.383966666668	0.00999999999839929	trials	phototagging
11573.4841	0.0100333333339222	trials	phototagging
11573.584266666667	0.010000000000218279	trials	phototagging
11573.6844	0.0100333333339222	trials	phototagging
11573.784566666667	0.010000000000218279	trials	phototagging
11573.884733333334	0.010000000000218279	trials	phototagging
11573.984866666668	0.010000000000218279	trials	phototagging
11574.085033333335	0.00999999999839929	trials	phototagging
11574.185166666668	0.00999999999839929	trials	phototagging
11574.285300000001	0.010033333332103211	trials	phototagging
11574.385466666667	0.010000000000218279	trials	phototagging
11574.485633333334	0.010000000000218279	trials	phototagging
11574.585766666667	0.010000000000218279	trials	phototagging
11574.685933333334	0.010000000000218279	trials	phototagging
11574.786066666667	0.0100333333339222	trials	phototagging
11574.886233333335	0.010000000000218279	trials	phototagging
11574.986366666668	0.010033333332103211	trials	phototagging
11575.086500000001	0.010033333332103211	trials	phototagging
11575.186666666666	0.0100333333339222	trials	phototagging
11575.286833333334	0.010000000000218279	trials	phototagging
11575.386966666667	0.0100333333339222	trials	phototagging
11585.5022	0.004999999999199645	trials	phototagging
11586.503700000001	0.004999999999199645	trials	phototagging
11587.505200000001	0.004999999999199645	trials	phototagging
11588.5067	0.005000000001018634	trials	phototagging
11589.5082	0.005033333332903567	trials	phototagging
11590.509733333334	0.004999999999199645	trials	phototagging
11591.511233333335	0.004999999999199645	trials	phototagging
11592.512733333333	0.005000000001018634	trials	phototagging
11593.514233333333	0.005000000001018634	trials	phototagging
11594.515733333334	0.005000000001018634	trials	phototagging
11595.517233333334	0.005033333332903567	trials	phototagging
11596.518766666668	0.004999999999199645	trials	phototagging
11597.520266666666	0.005000000001018634	trials	phototagging
11598.521766666667	0.005000000001018634	trials	phototagging
11599.523266666667	0.005000000001018634	trials	phototagging
11600.524766666667	0.005033333332903567	trials	phototagging
11601.526300000001	0.004999999999199645	trials	phototagging
11602.5278	0.005000000001018634	trials	phototagging
11603.5293	0.005000000001018634	trials	phototagging
11604.5308	0.005000000001018634	trials	phototagging
11605.5323	0.004999999999199645	trials	phototagging
11606.533833333335	0.004999999999199645	trials	phototagging
11607.535333333333	0.005000000001018634	trials	phototagging
11608.536833333334	0.005000000001018634	trials	phototagging
11609.538333333334	0.004999999999199645	trials	phototagging
11610.539833333334	0.004999999999199645	trials	phototagging
11611.541366666666	0.005000000001018634	trials	phototagging
11612.542866666667	0.005000000001018634	trials	phototagging
11613.544366666667	0.005000000001018634	trials	phototagging
11614.545866666667	0.004999999999199645	trials	phototagging
11625.562433333334	0.004999999999199645	trials	phototagging
11626.563933333335	0.004999999999199645	trials	phototagging
11627.565466666667	0.005000000001018634	trials	phototagging
11628.566966666667	0.004999999999199645	trials	phototagging
11629.568466666668	0.004999999999199645	trials	phototagging
11630.569966666668	0.004999999999199645	trials	phototagging
11631.571466666668	0.005033333332903567	trials	phototagging
11632.573	0.005000000001018634	trials	phototagging
11633.5745	0.004999999999199645	trials	phototagging
11634.576000000001	0.004999999999199645	trials	phototagging
11635.577500000001	0.004999999999199645	trials	phototagging
11636.579	0.005033333334722556	trials	phototagging
11637.580533333334	0.005000000001018634	trials	phototagging
11638.582033333334	0.004999999999199645	trials	phototagging
11639.583533333334	0.004999999999199645	trials	phototagging
11640.585033333335	0.004999999999199645	trials	phototagging
11641.586533333333	0.005000000001018634	trials	phototagging
11642.588066666667	0.004999999999199645	trials	phototagging
11643.589566666667	0.004999999999199645	trials	phototagging
11644.591066666668	0.004999999999199645	trials	phototagging
11645.592566666668	0.004999999999199645	trials	phototagging
11646.594066666667	0.005000000001018634	trials	phototagging
11647.595566666667	0.005033333332903567	trials	phototagging
11648.5971	0.004999999999199645	trials	phototagging
11649.598600000001	0.004999999999199645	trials	phototagging
11650.600100000001	0.004999999999199645	trials	phototagging
11651.6016	0.005000000001018634	trials	phototagging
11652.6031	0.005033333332903567	trials	phototagging
11653.604633333334	0.004999999999199645	trials	phototagging
11654.606133333335	0.004999999999199645	trials	phototagging
11665.6227	0.010000000000218279	trials	phototagging
11665.722833333333	0.0100333333339222	trials	phototagging
11665.823	0.010000000000218279	trials	phototagging
11665.923133333334	0.0100333333339222	trials	phototagging
11666.0233	0.0100333333339222	trials	phototagging
11666.123433333334	0.0100333333339222	trials	phototagging
11666.223600000001	0.010000000000218279	trials	phototagging
11666.323766666666	0.010000000000218279	trials	phototagging
11666.4239	0.010000000000218279	trials	phototagging
11666.524066666667	0.010000000000218279	trials	phototagging
11666.6242	0.0100333333339222	trials	phototagging
11666.724366666667	0.010000000000218279	trials	phototagging
11666.8245	0.010000000000218279	trials	phototagging
11666.924666666668	0.010000000000218279	trials	phototagging
11667.024800000001	0.010000000000218279	trials	phototagging
11667.124966666668	0.00999999999839929	trials	phototagging
11667.225100000001	0.00999999999839929	trials	phototagging
11667.325266666667	0.010000000000218279	trials	phototagging
11667.4254	0.0100333333339222	trials	phototagging
11667.525566666667	0.010000000000218279	trials	phototagging
11667.6257	0.0100333333339222	trials	phototagging
11667.725866666668	0.010000000000218279	trials	phototagging
11667.826000000001	0.010033333332103211	trials	phototagging
11667.926166666668	0.00999999999839929	trials	phototagging
11668.026300000001	0.010033333332103211	trials	phototagging
11668.126466666667	0.010000000000218279	trials	phototagging
11668.2266	0.0100333333339222	trials	phototagging
11668.326766666667	0.010000000000218279	trials	phototagging
11668.4269	0.0100333333339222	trials	phototagging
11668.527066666667	0.010000000000218279	trials	phototagging
11678.642266666668	0.005033333332903567	trials	phototagging
11679.643766666668	0.005033333332903567	trials	phototagging
11680.6453	0.005000000001018634	trials	phototagging
11681.6468	0.005000000001018634	trials	phototagging
11682.6483	0.004999999999199645	trials	phototagging
11683.649800000001	0.005033333332903567	trials	phototagging
11684.651300000001	0.005033333332903567	trials	phototagging
11685.652833333334	0.005000000001018634	trials	phototagging
11686.654333333334	0.004999999999199645	trials	phototagging
11687.655833333334	0.004999999999199645	trials	phototagging
11688.657333333334	0.004999999999199645	trials	phototagging
11689.658833333335	0.005033333332903567	trials	phototagging
11690.660366666667	0.005000000001018634	trials	phototagging
11691.661866666667	0.004999999999199645	trials	phototagging
11692.663366666668	0.004999999999199645	trials	phototagging
11693.664866666668	0.004999999999199645	trials	phototagging
11694.666366666666	0.005033333334722556	trials	phototagging
11695.667866666667	0.005033333334722556	trials	phototagging
11696.6694	0.004999999999199645	trials	phototagging
11697.670900000001	0.004999999999199645	trials	phototagging
11698.672400000001	0.004999999999199645	trials	phototagging
11699.6739	0.005033333334722556	trials	phototagging
11700.6754	0.005033333334722556	trials	phototagging
11701.676933333334	0.004999999999199645	trials	phototagging
11702.678433333334	0.004999999999199645	trials	phototagging
11703.679933333335	0.005033333332903567	trials	phototagging
11704.681433333333	0.005033333334722556	trials	phototagging
11705.682933333333	0.005033333332903567	trials	phototagging
11706.684466666668	0.004999999999199645	trials	phototagging
11707.685966666668	0.004999999999199645	trials	phototagging
11718.702533333333	0.005000000001018634	trials	phototagging
11718.712566666667	0.005000000001018634	trials	phototagging
11718.722566666667	0.004999999999199645	trials	phototagging
11718.732566666667	0.005033333332903567	trials	phototagging
11718.742600000001	0.004999999999199645	trials	phototagging
11718.7526	0.005033333334722556	trials	phototagging
11718.762633333334	0.005000000001018634	trials	phototagging
11718.772633333334	0.004999999999199645	trials	phototagging
11718.782666666668	0.004999999999199645	trials	phototagging
11718.792666666668	0.004999999999199645	trials	phototagging
11718.8027	0.005000000001018634	trials	phototagging
11718.8127	0.005000000001018634	trials	phototagging
11718.8227	0.005033333332903567	trials	phototagging
11718.832733333335	0.004999999999199645	trials	phototagging
11718.842733333335	0.005033333332903567	trials	phototagging
11718.852766666667	0.005000000001018634	trials	phototagging
11718.862766666667	0.005033333332903567	trials	phototagging
11718.872800000001	0.004999999999199645	trials	phototagging
11718.882800000001	0.004999999999199645	trials	phototagging
11718.892833333333	0.005000000001018634	trials	phototagging
11718.902833333334	0.005033333332903567	trials	phototagging
11718.912866666667	0.004999999999199645	trials	phototagging
11718.922866666668	0.004999999999199645	trials	phototagging
11718.9329	0.005000000001018634	trials	phototagging
11718.9429	0.005000000001018634	trials	phototagging
11718.952933333334	0.004999999999199645	trials	phototagging
11718.962933333334	0.004999999999199645	trials	phototagging
11718.972933333334	0.004999999999199645	trials	phototagging
11718.982966666666	0.005000000001018634	trials	phototagging
11718.992966666667	0.005000000001018634	trials	phototagging
11729.018066666667	0.010000000000218279	trials	phototagging
11729.1182	0.0100333333339222	trials	phototagging
11729.218366666668	0.010000000000218279	trials	phototagging
11729.318500000001	0.010033333332103211	trials	phototagging
11729.418666666666	0.010000000000218279	trials	phototagging
11729.5188	0.0100333333339222	trials	phototagging
11729.618966666667	0.010000000000218279	trials	phototagging
11729.7191	0.0100333333339222	trials	phototagging
11729.819266666667	0.010000000000218279	trials	phototagging
11729.9194	0.0100333333339222	trials	phototagging
11730.019566666668	0.010000000000218279	trials	phototagging
11730.119700000001	0.010033333332103211	trials	phototagging
11730.219866666666	0.010000000000218279	trials	phototagging
11730.32	0.0100333333339222	trials	phototagging
11730.420166666667	0.010000000000218279	trials	phototagging
11730.5203	0.0100333333339222	trials	phototagging
11730.620466666667	0.010000000000218279	trials	phototagging
11730.720633333334	0.010000000000218279	trials	phototagging
11730.820766666668	0.010000000000218279	trials	phototagging
11730.920933333335	0.00999999999839929	trials	phototagging
11731.021066666668	0.010033333332103211	trials	phototagging
11731.121233333333	0.010000000000218279	trials	phototagging
11731.221366666667	0.010000000000218279	trials	phototagging
11731.321533333334	0.010000000000218279	trials	phototagging
11731.421666666667	0.010000000000218279	trials	phototagging
11731.521833333334	0.010000000000218279	trials	phototagging
11731.621966666668	0.0100333333339222	trials	phototagging
11731.722133333335	0.010000000000218279	trials	phototagging
11731.822266666668	0.010033333332103211	trials	phototagging
11731.922433333333	0.010000000000218279	trials	phototagging
11742.037633333333	0.10016666666706442	trials	phototagging
11743.039133333334	0.10016666666706442	trials	phototagging
11744.040633333334	0.10016666666706442	trials	phototagging
11745.042166666668	0.1001333333333605	trials	phototagging
11746.043666666666	0.10016666666706442	trials	phototagging
11747.045166666667	0.10016666666706442	trials	phototagging
11748.046666666667	0.10016666666706442	trials	phototagging
11749.048200000001	0.1001333333333605	trials	phototagging
11750.049700000001	0.1001333333333605	trials	phototagging
11751.0512	0.1001333333333605	trials	phototagging
11752.0527	0.1001333333333605	trials	phototagging
11753.0542	0.10016666666706442	trials	phototagging
11764.070766666668	0.004999999999199645	trials	phototagging
11764.0808	0.005000000001018634	trials	phototagging
11764.0908	0.005000000001018634	trials	phototagging
11764.100833333334	0.004999999999199645	trials	phototagging
11764.110833333334	0.004999999999199645	trials	phototagging
11764.120866666668	0.004999999999199645	trials	phototagging
11764.130866666666	0.005000000001018634	trials	phototagging
11764.1409	0.005000000001018634	trials	phototagging
11764.1509	0.004999999999199645	trials	phototagging
11764.160933333334	0.004999999999199645	trials	phototagging
11764.170933333335	0.004999999999199645	trials	phototagging
11764.180933333333	0.005033333334722556	trials	phototagging
11764.190966666667	0.005000000001018634	trials	phototagging
11764.200966666667	0.005033333332903567	trials	phototagging
11764.211000000001	0.004999999999199645	trials	phototagging
11764.221000000001	0.005033333332903567	trials	phototagging
11764.231033333333	0.005000000001018634	trials	phototagging
11764.241033333334	0.005000000001018634	trials	phototagging
11764.251066666668	0.004999999999199645	trials	phototagging
11764.261066666668	0.004999999999199645	trials	phototagging
11764.271066666668	0.005033333332903567	trials	phototagging
11764.2811	0.005000000001018634	trials	phototagging
11764.2911	0.005000000001018634	trials	phototagging
11764.301133333334	0.004999999999199645	trials	phototagging
11764.311133333335	0.004999999999199645	trials	phototagging
11764.321166666667	0.005000000001018634	trials	phototagging
11764.331166666667	0.005000000001018634	trials	phototagging
11764.341166666667	0.005033333332903567	trials	phototagging
11764.351200000001	0.004999999999199645	trials	phototagging
11764.361233333333	0.005000000001018634	trials	phototagging
11774.3863	0.1001333333333605	trials	phototagging
11775.3878	0.10016666666706442	trials	phototagging
11776.3893	0.10016666666706442	trials	phototagging
11777.390833333335	0.1001333333333605	trials	phototagging
11778.392333333333	0.1001333333333605	trials	phototagging
11779.393833333334	0.1001333333333605	trials	phototagging
11780.395333333334	0.1001333333333605	trials	phototagging
11781.396833333334	0.10016666666706442	trials	phototagging
11782.398333333334	0.10016666666524543	trials	phototagging
11783.399866666667	0.1001333333333605	trials	phototagging
11784.401366666667	0.1001333333333605	trials	phototagging
11785.402866666667	0.1001333333333605	trials	phototagging
11796.419433333334	0.010000000000218279	trials	phototagging
11796.519600000001	0.00999999999839929	trials	phototagging
11796.619733333335	0.00999999999839929	trials	phototagging
11796.7199	0.010000000000218279	trials	phototagging
11796.820033333333	0.0100333333339222	trials	phototagging
11796.9202	0.010000000000218279	trials	phototagging
11797.020333333334	0.0100333333339222	trials	phototagging
11797.1205	0.010000000000218279	trials	phototagging
11797.220633333334	0.010033333332103211	trials	phototagging
11797.320800000001	0.00999999999839929	trials	phototagging
11797.420933333335	0.010033333332103211	trials	phototagging
11797.5211	0.010000000000218279	trials	phototagging
11797.621233333333	0.0100333333339222	trials	phototagging
11797.7214	0.010000000000218279	trials	phototagging
11797.821533333334	0.0100333333339222	trials	phototagging
11797.9217	0.010000000000218279	trials	phototagging
11798.021833333334	0.0100333333339222	trials	phototagging
11798.122000000001	0.010000000000218279	trials	phototagging
11798.222133333335	0.010033333332103211	trials	phototagging
11798.3223	0.010000000000218279	trials	phototagging
11798.422433333333	0.0100333333339222	trials	phototagging
11798.5226	0.0100333333339222	trials	phototagging
11798.622766666667	0.010000000000218279	trials	phototagging
11798.7229	0.0100333333339222	trials	phototagging
11798.823066666668	0.010000000000218279	trials	phototagging
11798.923200000001	0.010033333332103211	trials	phototagging
11799.023333333334	0.010033333332103211	trials	phototagging
11799.1235	0.010000000000218279	trials	phototagging
11799.223666666667	0.010000000000218279	trials	phototagging
11799.3238	0.0100333333339222	trials	phototagging
11809.439033333334	0.004999999999199645	trials	phototagging
11810.440533333334	0.004999999999199645	trials	phototagging
11811.442033333335	0.004999999999199645	trials	phototagging
11812.443533333333	0.005000000001018634	trials	phototagging
11813.445066666667	0.005000000001018634	trials	phototagging
11814.446566666667	0.004999999999199645	trials	phototagging
11815.448066666668	0.004999999999199645	trials	phototagging
11816.449566666668	0.004999999999199645	trials	phototagging
11817.451066666667	0.005000000001018634	trials	phototagging
11818.452566666667	0.005000000001018634	trials	phototagging
11819.4541	0.004999999999199645	trials	phototagging
11820.455600000001	0.004999999999199645	trials	phototagging
11821.457100000001	0.004999999999199645	trials	phototagging
11822.4586	0.005000000001018634	trials	phototagging
11823.4601	0.005000000001018634	trials	phototagging
11824.461633333334	0.004999999999199645	trials	phototagging
11825.463133333335	0.004999999999199645	trials	phototagging
11826.464633333333	0.005000000001018634	trials	phototagging
11827.466133333333	0.005000000001018634	trials	phototagging
11828.467633333334	0.005000000001018634	trials	phototagging
11829.469166666668	0.004999999999199645	trials	phototagging
11830.470666666668	0.004999999999199645	trials	phototagging
11831.472166666666	0.005000000001018634	trials	phototagging
11832.473666666667	0.005000000001018634	trials	phototagging
11833.475166666667	0.005000000001018634	trials	phototagging
11834.476666666667	0.005033333332903567	trials	phototagging
11835.478200000001	0.004999999999199645	trials	phototagging
11836.4797	0.005000000001018634	trials	phototagging
11837.4812	0.005000000001018634	trials	phototagging
11838.4827	0.004999999999199645	trials	phototagging
11849.499266666668	0.005033333332903567	trials	phototagging
11850.5008	0.005000000001018634	trials	phototagging
11851.5023	0.005000000001018634	trials	phototagging
11852.5038	0.005000000001018634	trials	phototagging
11853.5053	0.004999999999199645	trials	phototagging
11854.506800000001	0.004999999999199645	trials	phototagging
11855.508300000001	0.005033333332903567	trials	phototagging
11856.509833333334	0.005000000001018634	trials	phototagging
11857.511333333334	0.004999999999199645	trials	phototagging
11858.512833333334	0.004999999999199645	trials	phototagging
11859.514333333334	0.005033333332903567	trials	phototagging
11860.515833333335	0.005033333332903567	trials	phototagging
11861.517366666667	0.005000000001018634	trials	phototagging
11862.518866666667	0.004999999999199645	trials	phototagging
11863.520366666668	0.004999999999199645	trials	phototagging
11864.521866666668	0.005033333332903567	trials	phototagging
11865.523366666666	0.005033333334722556	trials	phototagging
11866.5249	0.005000000001018634	trials	phototagging
11867.5264	0.004999999999199645	trials	phototagging
11868.527900000001	0.004999999999199645	trials	phototagging
11869.529400000001	0.005033333332903567	trials	phototagging
11870.530933333333	0.005000000001018634	trials	phototagging
11871.532433333334	0.005000000001018634	trials	phototagging
11872.533933333334	0.004999999999199645	trials	phototagging
11873.535433333334	0.004999999999199645	trials	phototagging
11874.536933333335	0.005033333332903567	trials	phototagging
11875.538466666667	0.005000000001018634	trials	phototagging
11876.539966666667	0.004999999999199645	trials	phototagging
11877.541466666667	0.004999999999199645	trials	phototagging
11878.542966666668	0.004999999999199645	trials	phototagging
11889.559533333333	0.0100333333339222	trials	phototagging
11889.6597	0.010000000000218279	trials	phototagging
11889.759833333334	0.0100333333339222	trials	phototagging
11889.86	0.010000000000218279	trials	phototagging
11889.960133333334	0.0100333333339222	trials	phototagging
11890.060300000001	0.010000000000218279	trials	phototagging
11890.160433333334	0.010033333332103211	trials	phototagging
11890.260600000001	0.00999999999839929	trials	phototagging
11890.360733333335	0.010033333332103211	trials	phototagging
11890.4609	0.010000000000218279	trials	phototagging
11890.561033333333	0.0100333333339222	trials	phototagging
11890.6612	0.010000000000218279	trials	phototagging
11890.761333333334	0.0100333333339222	trials	phototagging
11890.8615	0.010000000000218279	trials	phototagging
11890.961666666668	0.00999999999839929	trials	phototagging
11891.061800000001	0.010033333332103211	trials	phototagging
11891.161966666667	0.010000000000218279	trials	phototagging
11891.2621	0.0100333333339222	trials	phototagging
11891.362233333333	0.0100333333339222	trials	phototagging
11891.4624	0.010000000000218279	trials	phototagging
11891.562566666667	0.010000000000218279	trials	phototagging
11891.6627	0.0100333333339222	trials	phototagging
11891.762866666668	0.010000000000218279	trials	phototagging
11891.863000000001	0.010033333332103211	trials	phototagging
11891.963166666666	0.010000000000218279	trials	phototagging
11892.0633	0.010000000000218279	trials	phototagging
11892.163466666667	0.010000000000218279	trials	phototagging
11892.2636	0.0100333333339222	trials	phototagging
11892.363766666667	0.010000000000218279	trials	phototagging
11892.4639	0.0100333333339222	trials	phototagging
11935.1155	0.004533333334620693	trials	phototagging
11935.860466666667	0.849466666666558	trials	phototagging
11936.928133333335	0.10686666666515521	trials	phototagging
11978.105433333334	0.27866666666704987	trials	phototagging
11978.664066666668	0.22753333333275805	trials	phototagging
11980.7075	0.10016666666706442	trials	phototagging
11981.709	0.10016666666706442	trials	phototagging
11982.710500000001	0.10016666666706442	trials	phototagging
11983.712033333333	0.1001333333333605	trials	phototagging
11984.713533333334	0.1001333333333605	trials	phototagging
11985.715033333334	0.1001333333333605	trials	phototagging
11986.716533333334	0.10016666666706442	trials	phototagging
11987.718033333334	0.10016666666524543	trials	phototagging
11988.719566666667	0.1001333333333605	trials	phototagging
11989.721066666667	0.1001333333333605	trials	phototagging
11990.722566666667	0.1001333333333605	trials	phototagging
11991.724066666668	0.10016666666706442	trials	phototagging
12002.740633333335	0.005033333332903567	trials	phototagging
12002.750666666667	0.005000000001018634	trials	phototagging
12002.760666666667	0.005000000001018634	trials	phototagging
12002.770666666667	0.005033333332903567	trials	phototagging
12002.780700000001	0.004999999999199645	trials	phototagging
12002.790700000001	0.005033333332903567	trials	phototagging
12002.800733333333	0.005000000001018634	trials	phototagging
12002.810733333334	0.005033333332903567	trials	phototagging
12002.820766666668	0.004999999999199645	trials	phototagging
12002.830766666668	0.004999999999199645	trials	phototagging
12002.840766666668	0.005033333332903567	trials	phototagging
12002.8508	0.005000000001018634	trials	phototagging
12002.8608	0.005033333332903567	trials	phototagging
12002.870833333334	0.004999999999199645	trials	phototagging
12002.880833333335	0.004999999999199645	trials	phototagging
12002.890866666667	0.005000000001018634	trials	phototagging
12002.900866666667	0.005000000001018634	trials	phototagging
12002.9109	0.004999999999199645	trials	phototagging
12002.920900000001	0.004999999999199645	trials	phototagging
12002.930900000001	0.005033333332903567	trials	phototagging
12002.940933333333	0.005000000001018634	trials	phototagging
12002.950933333334	0.005033333332903567	trials	phototagging
12002.960966666667	0.004999999999199645	trials	phototagging
12002.970966666668	0.004999999999199645	trials	phototagging
12002.981	0.005000000001018634	trials	phototagging
12002.991	0.005000000001018634	trials	phototagging
12003.001033333334	0.004999999999199645	trials	phototagging
12003.011033333334	0.004999999999199645	trials	phototagging
12003.021066666668	0.004999999999199645	trials	phototagging
12003.031066666666	0.005000000001018634	trials	phototagging
12013.056133333333	0.0100333333339222	trials	phototagging
12013.1563	0.010000000000218279	trials	phototagging
12013.256433333334	0.0100333333339222	trials	phototagging
12013.356600000001	0.010000000000218279	trials	phototagging
12013.456733333334	0.010033333332103211	trials	phototagging
12013.556900000001	0.00999999999839929	trials	phototagging
12013.657033333335	0.010033333332103211	trials	phototagging
12013.7572	0.010000000000218279	trials	phototagging
12013.857333333333	0.0100333333339222	trials	phototagging
12013.9575	0.010000000000218279	trials	phototagging
12014.057633333334	0.0100333333339222	trials	phototagging
12014.1578	0.0100333333339222	trials	phototagging
12014.257933333334	0.0100333333339222	trials	phototagging
12014.358100000001	0.010033333332103211	trials	phototagging
12014.458233333335	0.010033333332103211	trials	phototagging
12014.5584	0.010000000000218279	trials	phototagging
12014.658566666667	0.010000000000218279	trials	phototagging
12014.7587	0.0100333333339222	trials	phototagging
12014.858866666667	0.010000000000218279	trials	phototagging
12014.959	0.0100333333339222	trials	phototagging
12015.059133333334	0.0100333333339222	trials	phototagging
12015.159300000001	0.010033333332103211	trials	phototagging
12015.259466666666	0.010000000000218279	trials	phototagging
12015.3596	0.0100333333339222	trials	phototagging
12015.459766666667	0.010000000000218279	trials	phototagging
12015.5599	0.0100333333339222	trials	phototagging
12015.660066666667	0.010000000000218279	trials	phototagging
12015.7602	0.0100333333339222	trials	phototagging
12015.860366666668	0.010000000000218279	trials	phototagging
12015.960500000001	0.010033333332103211	trials	phototagging
12026.075733333333	0.005000000001018634	trials	phototagging
12027.077233333333	0.005000000001018634	trials	phototagging
12028.078733333334	0.005000000001018634	trials	phototagging
12029.080233333334	0.004999999999199645	trials	phototagging
12030.081733333334	0.004999999999199645	trials	phototagging
12031.083233333335	0.005033333332903567	trials	phototagging
12032.084733333333	0.005033333334722556	trials	phototagging
12033.086266666667	0.004999999999199645	trials	phototagging
12034.087766666667	0.004999999999199645	trials	phototagging
12035.089266666668	0.004999999999199645	trials	phototagging
12036.090766666668	0.004999999999199645	trials	phototagging
12037.092266666667	0.005033333334722556	trials	phototagging
12038.0938	0.004999999999199645	trials	phototagging
12039.0953	0.004999999999199645	trials	phototagging
12040.096800000001	0.004999999999199645	trials	phototagging
12041.098300000001	0.004999999999199645	trials	phototagging
12042.099833333334	0.005000000001018634	trials	phototagging
12043.101333333334	0.004999999999199645	trials	phototagging
12044.102833333334	0.004999999999199645	trials	phototagging
12045.104333333335	0.004999999999199645	trials	phototagging
12046.105833333333	0.005000000001018634	trials	phototagging
12047.107333333333	0.005000000001018634	trials	phototagging
12048.108866666667	0.004999999999199645	trials	phototagging
12049.110366666668	0.004999999999199645	trials	phototagging
12050.111866666668	0.004999999999199645	trials	phototagging
12051.113366666666	0.005000000001018634	trials	phototagging
12052.114866666667	0.005000000001018634	trials	phototagging
12053.116366666667	0.005033333332903567	trials	phototagging
12054.117900000001	0.004999999999199645	trials	phototagging
12055.119400000001	0.004999999999199645	trials	phototagging
12066.135966666667	0.005000000001018634	trials	phototagging
12067.137466666667	0.005000000001018634	trials	phototagging
12068.138966666667	0.004999999999199645	trials	phototagging
12069.140466666668	0.005033333332903567	trials	phototagging
12070.142	0.005000000001018634	trials	phototagging
12071.1435	0.005000000001018634	trials	phototagging
12072.145	0.005000000001018634	trials	phototagging
12073.1465	0.004999999999199645	trials	phototagging
12074.148000000001	0.004999999999199645	trials	phototagging
12075.149500000001	0.005033333332903567	trials	phototagging
12076.151033333334	0.005000000001018634	trials	phototagging
12077.152533333334	0.004999999999199645	trials	phototagging
12078.154033333334	0.004999999999199645	trials	phototagging
12079.155533333334	0.004999999999199645	trials	phototagging
12080.157033333335	0.005033333332903567	trials	phototagging
12081.158533333333	0.005033333334722556	trials	phototagging
12082.160066666667	0.004999999999199645	trials	phototagging
12083.161566666668	0.004999999999199645	trials	phototagging
12084.163066666668	0.004999999999199645	trials	phototagging
12085.164566666666	0.005000000001018634	trials	phototagging
12086.166066666667	0.005033333334722556	trials	phototagging
12087.1676	0.004999999999199645	trials	phototagging
12088.169100000001	0.004999999999199645	trials	phototagging
12089.170600000001	0.004999999999199645	trials	phototagging
12090.1721	0.005000000001018634	trials	phototagging
12091.1736	0.005033333334722556	trials	phototagging
12092.1751	0.005033333332903567	trials	phototagging
12093.176633333334	0.004999999999199645	trials	phototagging
12094.178133333335	0.004999999999199645	trials	phototagging
12095.179633333333	0.005000000001018634	trials	phototagging
12106.1962	0.010000000000218279	trials	phototagging
12106.296333333334	0.0100333333339222	trials	phototagging
12106.3965	0.0100333333339222	trials	phototagging
12106.496666666668	0.010000000000218279	trials	phototagging
12106.596800000001	0.010033333332103211	trials	phototagging
12106.696966666666	0.010000000000218279	trials	phototagging
12106.7971	0.0100333333339222	trials	phototagging
12106.897233333333	0.0100333333339222	trials	phototagging
12106.9974	0.0100333333339222	trials	phototagging
12107.097566666667	0.010000000000218279	trials	phototagging
12107.1977	0.0100333333339222	trials	phototagging
12107.297866666668	0.010000000000218279	trials	phototagging
12107.398000000001	0.010033333332103211	trials	phototagging
12107.498166666668	0.00999999999839929	trials	phototagging
12107.598300000001	0.010033333332103211	trials	phototagging
12107.698466666667	0.010000000000218279	trials	phototagging
12107.7986	0.0100333333339222	trials	phototagging
12107.898766666667	0.010000000000218279	trials	phototagging
12107.9989	0.0100333333339222	trials	phototagging
12108.099066666668	0.010000000000218279	trials	phototagging
12108.199200000001	0.010033333332103211	trials	phototagging
12108.299366666668	0.00999999999839929	trials	phototagging
12108.399500000001	0.010033333332103211	trials	phototagging
12108.499666666667	0.010000000000218279	trials	phototagging
12108.5998	0.0100333333339222	trials	phototagging
12108.699966666667	0.010000000000218279	trials	phototagging
12108.800133333334	0.010000000000218279	trials	phototagging
12108.900266666667	0.010000000000218279	trials	phototagging
12109.000433333335	0.010000000000218279	trials	phototagging
12109.100566666668	0.010033333332103211	trials	phototagging
12119.215766666668	0.004999999999199645	trials	phototagging
12120.217266666667	0.005033333334722556	trials	phototagging
12121.2188	0.004999999999199645	trials	phototagging
12122.2203	0.004999999999199645	trials	phototagging
12123.221800000001	0.004999999999199645	trials	phototagging
12124.223300000001	0.004999999999199645	trials	phototagging
12125.2248	0.005033333334722556	trials	phototagging
12126.226333333334	0.004999999999199645	trials	phototagging
12127.227833333334	0.004999999999199645	trials	phototagging
12128.229333333335	0.004999999999199645	trials	phototagging
12129.230833333333	0.005000000001018634	trials	phototagging
12130.232333333333	0.005000000001018634	trials	phototagging
12131.233866666667	0.004999999999199645	trials	phototagging
12132.235366666668	0.004999999999199645	trials	phototagging
12133.236866666668	0.004999999999199645	trials	phototagging
12134.238366666666	0.005000000001018634	trials	phototagging
12135.239866666667	0.005000000001018634	trials	phototagging
12136.241366666667	0.005033333332903567	trials	phototagging
12137.242900000001	0.004999999999199645	trials	phototagging
12138.244400000001	0.004999999999199645	trials	phototagging
12139.2459	0.005000000001018634	trials	phototagging
12140.2474	0.005000000001018634	trials	phototagging
12141.2489	0.004999999999199645	trials	phototagging
12142.250433333335	0.004999999999199645	trials	phototagging
12143.251933333333	0.005000000001018634	trials	phototagging
12144.253433333333	0.005000000001018634	trials	phototagging
12145.254933333334	0.005000000001018634	trials	phototagging
12146.256433333334	0.004999999999199645	trials	phototagging
12147.257966666668	0.004999999999199645	trials	phototagging
12148.259466666666	0.005000000001018634	trials	phototagging
12159.276033333334	0.005000000001018634	trials	phototagging
12159.286033333334	0.005033333332903567	trials	phototagging
12159.296066666668	0.004999999999199645	trials	phototagging
12159.306066666668	0.005033333332903567	trials	phototagging
12159.3161	0.005000000001018634	trials	phototagging
12159.3261	0.005000000001018634	trials	phototagging
12159.336133333334	0.004999999999199645	trials	phototagging
12159.346133333334	0.004999999999199645	trials	phototagging
12159.356133333335	0.004999999999199645	trials	phototagging
12159.366166666667	0.005000000001018634	trials	phototagging
12159.376166666667	0.005000000001018634	trials	phototagging
12159.3862	0.004999999999199645	trials	phototagging
12159.396200000001	0.004999999999199645	trials	phototagging
12159.406200000001	0.005033333332903567	trials	phototagging
12159.416233333333	0.005000000001018634	trials	phototagging
12159.426233333334	0.005033333332903567	trials	phototagging
12159.436266666668	0.004999999999199645	trials	phototagging
12159.446266666668	0.004999999999199645	trials	phototagging
12159.4563	0.005000000001018634	trials	phototagging
12159.4663	0.005000000001018634	trials	phototagging
12159.476333333334	0.004999999999199645	trials	phototagging
12159.486333333334	0.004999999999199645	trials	phototagging
12159.496366666668	0.004999999999199645	trials	phototagging
12159.506366666667	0.005000000001018634	trials	phototagging
12159.516366666667	0.005033333334722556	trials	phototagging
12159.5264	0.004999999999199645	trials	phototagging
12159.536433333335	0.004999999999199645	trials	phototagging
12159.546433333335	0.004999999999199645	trials	phototagging
12159.556433333333	0.005000000001018634	trials	phototagging
12159.566466666667	0.005000000001018634	trials	phototagging
12169.591533333334	0.010000000000218279	trials	phototagging
12169.691700000001	0.010000000000218279	trials	phototagging
12169.791833333335	0.010033333332103211	trials	phototagging
12169.892	0.010000000000218279	trials	phototagging
12169.992133333333	0.0100333333339222	trials	phototagging
12170.0923	0.010000000000218279	trials	phototagging
12170.192433333334	0.0100333333339222	trials	phototagging
12170.2926	0.010000000000218279	trials	phototagging
12170.392733333334	0.0100333333339222	trials	phototagging
12170.492900000001	0.010000000000218279	trials	phototagging
12170.593033333334	0.010033333332103211	trials	phototagging
12170.6932	0.010000000000218279	trials	phototagging
12170.793333333333	0.0100333333339222	trials	phototagging
12170.8935	0.010000000000218279	trials	phototagging
12170.993633333333	0.0100333333339222	trials	phototagging
12171.0938	0.010000000000218279	trials	phototagging
12171.193933333334	0.0100333333339222	trials	phototagging
12171.294100000001	0.010000000000218279	trials	phototagging
12171.394266666668	0.00999999999839929	trials	phototagging
12171.494400000001	0.010033333332103211	trials	phototagging
12171.594566666667	0.010000000000218279	trials	phototagging
12171.6947	0.0100333333339222	trials	phototagging
12171.794833333333	0.0100333333339222	trials	phototagging
12171.895	0.010000000000218279	trials	phototagging
12171.995166666668	0.010000000000218279	trials	phototagging
12172.0953	0.0100333333339222	trials	phototagging
12172.195466666668	0.010000000000218279	trials	phototagging
12172.295600000001	0.010033333332103211	trials	phototagging
12172.395766666667	0.010000000000218279	trials	phototagging
12172.4959	0.010000000000218279	trials	phototagging
12182.611133333334	0.1001333333333605	trials	phototagging
12183.612633333334	0.1001333333333605	trials	phototagging
12184.614133333334	0.1001333333333605	trials	phototagging
12185.615633333335	0.10016666666524543	trials	phototagging
12186.617133333333	0.10016666666706442	trials	phototagging
12187.618633333333	0.10016666666706442	trials	phototagging
12188.620166666668	0.1001333333333605	trials	phototagging
12189.621666666668	0.1001333333333605	trials	phototagging
12190.623166666668	0.1001333333333605	trials	phototagging
12191.624666666667	0.10016666666706442	trials	phototagging
12192.626166666667	0.10016666666706442	trials	phototagging
12193.627700000001	0.1001333333333605	trials	phototagging
12204.644266666668	0.004999999999199645	trials	phototagging
12204.654266666666	0.005033333334722556	trials	phototagging
12204.6643	0.005000000001018634	trials	phototagging
12204.6743	0.004999999999199645	trials	phototagging
12204.6843	0.005033333332903567	trials	phototagging
12204.694333333335	0.004999999999199645	trials	phototagging
12204.704366666667	0.005000000001018634	trials	phototagging
12204.714366666667	0.005000000001018634	trials	phototagging
12204.724366666667	0.005033333332903567	trials	phototagging
12204.734400000001	0.004999999999199645	trials	phototagging
12204.744400000001	0.004999999999199645	trials	phototagging
12204.754433333334	0.005000000001018634	trials	phototagging
12204.764433333334	0.005000000001018634	trials	phototagging
12204.774466666668	0.004999999999199645	trials	phototagging
12204.784466666668	0.004999999999199645	trials	phototagging
12204.794466666668	0.005033333332903567	trials	phototagging
12204.8045	0.005000000001018634	trials	phototagging
12204.8145	0.005033333332903567	trials	phototagging
12204.824533333334	0.004999999999199645	trials	phototagging
12204.834533333335	0.004999999999199645	trials	phototagging
12204.844566666667	0.005000000001018634	trials	phototagging
12204.854566666667	0.005000000001018634	trials	phototagging
12204.8646	0.004999999999199645	trials	phototagging
12204.874600000001	0.004999999999199645	trials	phototagging
12204.884600000001	0.005033333332903567	trials	phototagging
12204.894633333333	0.005000000001018634	trials	phototagging
12204.904633333334	0.005033333332903567	trials	phototagging
12204.914666666667	0.004999999999199645	trials	phototagging
12204.924666666668	0.005033333332903567	trials	phototagging
12204.9347	0.005000000001018634	trials	phototagging
12214.959766666667	0.10016666666706442	trials	phototagging
12215.961266666667	0.10016666666706442	trials	phototagging
12216.962800000001	0.1001333333333605	trials	phototagging
12217.964300000001	0.10013333333154151	trials	phototagging
12218.9658	0.1001333333333605	trials	phototagging
12219.9673	0.10016666666706442	trials	phototagging
12220.9688	0.10016666666706442	trials	phototagging
12221.970333333335	0.1001333333333605	trials	phototagging
12222.971833333333	0.1001333333333605	trials	phototagging
12223.973333333333	0.1001333333333605	trials	phototagging
12224.974833333334	0.1001333333333605	trials	phototagging
12225.976333333334	0.10016666666706442	trials	phototagging
12236.992933333335	0.00999999999839929	trials	phototagging
12237.093066666666	0.010000000000218279	trials	phototagging
12237.193233333333	0.010000000000218279	trials	phototagging
12237.293366666667	0.0100333333339222	trials	phototagging
12237.3935	0.0100333333339222	trials	phototagging
12237.493666666667	0.010000000000218279	trials	phototagging
12237.593833333334	0.010000000000218279	trials	phototagging
12237.693966666668	0.010000000000218279	trials	phototagging
12237.794133333335	0.00999999999839929	trials	phototagging
12237.894266666668	0.00999999999839929	trials	phototagging
12237.994433333333	0.010000000000218279	trials	phototagging
12238.094566666667	0.0100333333339222	trials	phototagging
12238.194733333334	0.010000000000218279	trials	phototagging
12238.294866666667	0.010000000000218279	trials	phototagging
12238.395033333334	0.010000000000218279	trials	phototagging
12238.495166666668	0.0100333333339222	trials	phototagging
12238.595333333335	0.010000000000218279	trials	phototagging
12238.695466666668	0.010033333332103211	trials	phototagging
12238.795633333333	0.010000000000218279	trials	phototagging
12238.895766666667	0.0100333333339222	trials	phototagging
12238.995933333334	0.010000000000218279	trials	phototagging
12239.096066666667	0.0100333333339222	trials	phototagging
12239.196233333334	0.010000000000218279	trials	phototagging
12239.296366666667	0.0100333333339222	trials	phototagging
12239.396533333334	0.010000000000218279	trials	phototagging
12239.496666666668	0.010033333332103211	trials	phototagging
12239.596833333333	0.010000000000218279	trials	phototagging
12239.697	0.010000000000218279	trials	phototagging
12239.797133333333	0.010000000000218279	trials	phototagging
12239.897266666667	0.0100333333339222	trials	phototagging
12250.0125	0.004999999999199645	trials	phototagging
12251.014000000001	0.004999999999199645	trials	phototagging
12252.015500000001	0.005033333332903567	trials	phototagging
12253.017	0.005033333334722556	trials	phototagging
12254.018533333334	0.004999999999199645	trials	phototagging
12255.020033333334	0.004999999999199645	trials	phototagging
12256.021533333334	0.004999999999199645	trials	phototagging
12257.023033333335	0.005033333332903567	trials	phototagging
12258.024533333333	0.005033333334722556	trials	phototagging
12259.026066666667	0.004999999999199645	trials	phototagging
12260.027566666668	0.004999999999199645	trials	phototagging
12261.029066666668	0.004999999999199645	trials	phototagging
12262.030566666666	0.005000000001018634	trials	phototagging
12263.032066666667	0.005033333334722556	trials	phototagging
12264.0336	0.004999999999199645	trials	phototagging
12265.035100000001	0.004999999999199645	trials	phototagging
12266.036600000001	0.004999999999199645	trials	phototagging
12267.0381	0.005033333334722556	trials	phototagging
12268.0396	0.005033333334722556	trials	phototagging
12269.041133333334	0.004999999999199645	trials	phototagging
12270.042633333334	0.004999999999199645	trials	phototagging
12271.044133333335	0.004999999999199645	trials	phototagging
12272.045633333333	0.005033333334722556	trials	phototagging
12273.047133333333	0.005033333332903567	trials	phototagging
12274.048666666667	0.004999999999199645	trials	phototagging
12275.050166666668	0.004999999999199645	trials	phototagging
12276.051666666668	0.004999999999199645	trials	phototagging
12277.053166666667	0.005033333334722556	trials	phototagging
12278.054666666667	0.005033333332903567	trials	phototagging
12279.0562	0.004999999999199645	trials	phototagging
12290.072766666668	0.004999999999199645	trials	phototagging
12291.074266666667	0.005000000001018634	trials	phototagging
12292.075766666667	0.005000000001018634	trials	phototagging
12293.0773	0.004999999999199645	trials	phototagging
12294.078800000001	0.004999999999199645	trials	phototagging
12295.080300000001	0.004999999999199645	trials	phototagging
12296.0818	0.005000000001018634	trials	phototagging
12297.0833	0.005000000001018634	trials	phototagging
12298.084833333334	0.004999999999199645	trials	phototagging
12299.086333333335	0.004999999999199645	trials	phototagging
12300.087833333333	0.005000000001018634	trials	phototagging
12301.089333333333	0.005000000001018634	trials	phototagging
12302.090833333334	0.005000000001018634	trials	phototagging
12303.092333333334	0.005033333332903567	trials	phototagging
12304.093866666668	0.004999999999199645	trials	phototagging
12305.095366666666	0.005000000001018634	trials	phototagging
12306.096866666667	0.005000000001018634	trials	phototagging
12307.098366666667	0.005000000001018634	trials	phototagging
12308.099900000001	0.004999999999199645	trials	phototagging
12309.101400000001	0.004999999999199645	trials	phototagging
12310.1029	0.005000000001018634	trials	phototagging
12311.1044	0.005000000001018634	trials	phototagging
12312.1059	0.004999999999199645	trials	phototagging
12313.1074	0.005033333332903567	trials	phototagging
12314.108933333335	0.004999999999199645	trials	phototagging
12315.110433333333	0.005000000001018634	trials	phototagging
12316.111933333334	0.005000000001018634	trials	phototagging
12317.113433333334	0.004999999999199645	trials	phototagging
12318.114966666668	0.004999999999199645	trials	phototagging
12319.116433333334	0.005033333332903567	trials	phototagging
12330.133033333334	0.010000000000218279	trials	phototagging
12330.233166666667	0.0100333333339222	trials	phototagging
12330.333333333334	0.010000000000218279	trials	phototagging
12330.433466666667	0.0100333333339222	trials	phototagging
12330.533633333334	0.010000000000218279	trials	phototagging
12330.633766666668	0.010033333332103211	trials	phototagging
12330.733933333335	0.00999999999839929	trials	phototagging
12330.834066666666	0.0100333333339222	trials	phototagging
12330.934233333333	0.0100333333339222	trials	phototagging
12331.0344	0.010000000000218279	trials	phototagging
12331.134533333334	0.0100333333339222	trials	phototagging
12331.234666666667	0.0100333333339222	trials	phototagging
12331.334833333334	0.010000000000218279	trials	phototagging
12331.434966666668	0.010033333332103211	trials	phototagging
12331.535133333335	0.010033333332103211	trials	phototagging
12331.6353	0.010000000000218279	trials	phototagging
12331.735433333333	0.0100333333339222	trials	phototagging
12331.8356	0.010000000000218279	trials	phototagging
12331.935733333334	0.0100333333339222	trials	phototagging
12332.0359	0.010000000000218279	trials	phototagging
12332.136033333334	0.0100333333339222	trials	phototagging
12332.236200000001	0.010000000000218279	trials	phototagging
12332.336333333335	0.010033333332103211	trials	phototagging
12332.4365	0.010000000000218279	trials	phototagging
12332.536633333333	0.0100333333339222	trials	phototagging
12332.6368	0.010000000000218279	trials	phototagging
12332.736966666667	0.010000000000218279	trials	phototagging
12332.8371	0.010000000000218279	trials	phototagging
12332.937233333334	0.0100333333339222	trials	phototagging
12333.037400000001	0.010000000000218279	trials	phototagging
