onset	duration	nwb_table	trial_type
1.5159333333340328	0.27863333333334594	trials	phototagging
2.0745666666680336	0.22753333333275805	trials	phototagging
3.353900000000067	0.10016666666706442	trials	phototagging
4.3554333333340765	0.10016666666706442	trials	phototagging
5.356966666668086	0.10016666666524543	trials	phototagging
6.35853333333398	0.1001333333333605	trials	phototagging
7.36006666666799	0.1001333333333605	trials	phototagging
8.36160000000018	0.1001333333333605	trials	phototagging
9.36313333333419	0.10016666666706442	trials	phototagging
10.3646666666682	0.10016666666524543	trials	phototagging
11.366233333334094	0.1001333333333605	trials	phototagging
12.367766666668103	0.1001333333333605	trials	phototagging
13.369300000000294	0.10016666666706442	trials	phototagging
14.370833333334303	0.10016666666706442	trials	phototagging
25.387800000000425	0.005000000001018634	trials	phototagging
25.397800000000643	0.005000000001018634	trials	phototagging
25.40780000000086	0.004999999999199645	trials	phototagging
25.417833333334784	0.004999999999199645	trials	phototagging
25.427833333335002	0.005033333332903567	trials	phototagging
25.437866666667105	0.005000000001018634	trials	phototagging
25.447866666667323	0.005000000001018634	trials	phototagging
25.457900000001246	0.004999999999199645	trials	phototagging
25.467900000001464	0.005033333332903567	trials	phototagging
25.477933333333567	0.005000000001018634	trials	phototagging
25.487933333333785	0.005000000001018634	trials	phototagging
25.497933333334004	0.005033333332903567	trials	phototagging
25.507966666667926	0.004999999999199645	trials	phototagging
25.517966666668144	0.005033333332903567	trials	phototagging
25.528000000000247	0.005000000001018634	trials	phototagging
25.538000000000466	0.005033333332903567	trials	phototagging
25.548033333334388	0.004999999999199645	trials	phototagging
25.558033333334606	0.004999999999199645	trials	phototagging
25.56806666666671	0.005000000001018634	trials	phototagging
25.578066666666928	0.005000000001018634	trials	phototagging
25.58810000000085	0.004999999999199645	trials	phototagging
25.598100000001068	0.004999999999199645	trials	phototagging
25.608100000001286	0.005033333332903567	trials	phototagging
25.61813333333339	0.005000000001018634	trials	phototagging
25.628133333333608	0.005033333334722556	trials	phototagging
25.63816666666753	0.004999999999199645	trials	phototagging
25.64816666666775	0.004999999999199645	trials	phototagging
25.65820000000167	0.004999999999199645	trials	phototagging
25.66820000000007	0.005033333334722556	trials	phototagging
25.678233333333992	0.005000000001018634	trials	phototagging
35.70363333333444	0.0100333333339222	trials	phototagging
35.8038000000015	0.010033333332103211	trials	phototagging
35.90393333333486	0.010033333332103211	trials	phototagging
36.00410000000011	0.010000000000218279	trials	phototagging
36.10426666666717	0.010000000000218279	trials	phototagging
36.20440000000053	0.0100333333339222	trials	phototagging
36.3045666666676	0.010000000000218279	trials	phototagging
36.40470000000096	0.0100333333339222	trials	phototagging
36.50486666666802	0.010033333332103211	trials	phototagging
36.60503333333327	0.010000000000218279	trials	phototagging
36.70520000000033	0.010000000000218279	trials	phototagging
36.80533333333369	0.010000000000218279	trials	phototagging
36.90550000000076	0.010000000000218279	trials	phototagging
37.00563333333412	0.0100333333339222	trials	phototagging
37.10580000000118	0.010000000000218279	trials	phototagging
37.20593333333454	0.010033333332103211	trials	phototagging
37.30610000000161	0.010033333332103211	trials	phototagging
37.40626666666685	0.010000000000218279	trials	phototagging
37.50640000000021	0.0100333333339222	trials	phototagging
37.60656666666728	0.0100333333339222	trials	phototagging
37.70673333333434	0.010000000000218279	trials	phototagging
37.8068666666677	0.0100333333339222	trials	phototagging
37.907033333334766	0.010000000000218279	trials	phototagging
38.00720000000001	0.010000000000218279	trials	phototagging
38.10733333333337	0.0100333333339222	trials	phototagging
38.20750000000044	0.010000000000218279	trials	phototagging
38.3076333333338	0.0100333333339222	trials	phototagging
38.40780000000086	0.010000000000218279	trials	phototagging
38.50793333333422	0.0100333333339222	trials	phototagging
38.608100000001286	0.010033333332103211	trials	phototagging
48.72366666666676	0.005000000001018634	trials	phototagging
49.72520000000077	0.004999999999199645	trials	phototagging
50.72673333333478	0.004999999999199645	trials	phototagging
51.72830000000067	0.005000000001018634	trials	phototagging
52.72983333333468	0.004999999999199645	trials	phototagging
53.73136666666687	0.005000000001018634	trials	phototagging
54.73290000000088	0.004999999999199645	trials	phototagging
55.73443333333489	0.004999999999199645	trials	phototagging
56.736000000000786	0.004999999999199645	trials	phototagging
57.737533333334795	0.004999999999199645	trials	phototagging
58.739066666666986	0.005000000001018634	trials	phototagging
59.740600000000995	0.004999999999199645	trials	phototagging
60.742133333335005	0.004999999999199645	trials	phototagging
61.7437000000009	0.004999999999199645	trials	phototagging
62.74523333333491	0.004999999999199645	trials	phototagging
63.7467666666671	0.005000000001018634	trials	phototagging
64.74830000000111	0.004999999999199645	trials	phototagging
65.7498333333333	0.005000000001018634	trials	phototagging
66.75140000000101	0.004999999999199645	trials	phototagging
67.75293333333502	0.004999999999199645	trials	phototagging
68.75446666666721	0.005000000001018634	trials	phototagging
69.75600000000122	0.004999999999199645	trials	phototagging
70.75753333333341	0.005000000001018634	trials	phototagging
71.75906666666742	0.005033333332903567	trials	phototagging
72.76063333333332	0.005000000001018634	trials	phototagging
73.76216666666733	0.005000000001018634	trials	phototagging
74.76370000000134	0.004999999999199645	trials	phototagging
75.76523333333353	0.005033333334722556	trials	phototagging
76.76676666666754	0.005033333332903567	trials	phototagging
77.76833333333343	0.005000000001018634	trials	phototagging
82.68943333333482	1.609999999998763	trials	port_entry
84.34943333333467	0.43003333333217597	trials	port_entry
85.13943333333373	0.680000000000291	trials	port_entry
85.89946666666765	0.039999999999054126	trials	port_entry
86.01943333333475	0.039999999999054126	trials	port_entry
86.13946666666743	0.03996666666716919	trials	port_entry
86.22943333333387	0.18003333333399496	trials	port_entry
86.47946666666758	0.9200000000000728	trials	port_entry
88.78526666666767	0.004999999999199645	trials	phototagging
89.57946666666794	0.15999999999985448	trials	port_entry
89.77943333333496	1.1700333333319577	trials	port_entry
89.78680000000168	0.004999999999199645	trials	phototagging
90.78833333333387	0.005033333332903567	trials	phototagging
91.78986666666788	0.005033333332903567	trials	phototagging
92.79143333333377	0.005000000001018634	trials	phototagging
93.79296666666778	0.004999999999199645	trials	phototagging
94.79449999999997	0.005000000001018634	trials	phototagging
95.79606666666768	0.004999999999199645	trials	phototagging
96.7976000000017	0.004999999999199645	trials	phototagging
97.79913333333388	0.005000000001018634	trials	phototagging
98.8006666666679	0.004999999999199645	trials	phototagging
99.80220000000008	0.005000000001018634	trials	phototagging
100.8037666666678	0.004999999999199645	trials	phototagging
101.80529999999999	0.005000000001018634	trials	phototagging
102.806833333334	0.005000000001018634	trials	phototagging
103.80836666666801	0.004999999999199645	trials	phototagging
104.8099000000002	0.005000000001018634	trials	phototagging
105.81143333333421	0.005033333332903567	trials	phototagging
106.8130000000001	0.005000000001018634	trials	phototagging
107.81453333333411	0.004999999999199645	trials	phototagging
108.81606666666812	0.004999999999199645	trials	phototagging
109.81760000000031	0.005000000001018634	trials	phototagging
110.81913333333432	0.005033333332903567	trials	phototagging
111.82070000000022	0.005000000001018634	trials	phototagging
112.82223333333422	0.004999999999199645	trials	phototagging
113.82376666666823	0.004999999999199645	trials	phototagging
114.82530000000042	0.005033333332903567	trials	phototagging
115.82683333333443	0.005033333332903567	trials	phototagging
116.82840000000033	0.005000000001018634	trials	phototagging
117.04946666666729	1.680000000000291	trials	port_entry
117.82993333333434	0.004999999999199645	trials	phototagging
119.07946666666794	0.43000000000029104	trials	port_entry
119.71946666666736	0.06999999999970896	trials	port_entry
128.84686666666676	0.0100333333339222	trials	phototagging
128.94703333333382	0.010000000000218279	trials	phototagging
129.04720000000088	0.010000000000218279	trials	phototagging
129.14733333333425	0.010000000000218279	trials	phototagging
129.2475000000013	0.010000000000218279	trials	phototagging
129.34763333333467	0.010033333332103211	trials	phototagging
129.44779999999992	0.010000000000218279	trials	phototagging
129.54793333333328	0.0100333333339222	trials	phototagging
129.64810000000034	0.0100333333339222	trials	phototagging
129.7482666666674	0.010000000000218279	trials	phototagging
129.84840000000077	0.0100333333339222	trials	phototagging
129.94856666666783	0.010033333332103211	trials	phototagging
130.0487333333349	0.00999999999839929	trials	phototagging
130.14886666666825	0.010033333332103211	trials	phototagging
130.2490333333335	0.010000000000218279	trials	phototagging
130.34920000000056	0.010000000000218279	trials	phototagging
130.44933333333393	0.0100333333339222	trials	phototagging
130.549500000001	0.010000000000218279	trials	phototagging
130.64963333333435	0.0100333333339222	trials	phototagging
130.74980000000141	0.010000000000218279	trials	phototagging
130.84996666666666	0.010000000000218279	trials	phototagging
130.95010000000002	0.0100333333339222	trials	phototagging
131.05026666666708	0.010000000000218279	trials	phototagging
131.15043333333415	0.010000000000218279	trials	phototagging
131.2505666666675	0.0100333333339222	trials	phototagging
131.35073333333457	0.010000000000218279	trials	phototagging
131.45086666666793	0.010033333332103211	trials	phototagging
131.551033333335	0.010033333332103211	trials	phototagging
131.65120000000024	0.010000000000218279	trials	phototagging
131.7513333333336	0.0100333333339222	trials	phototagging
141.8669000000009	0.004999999999199645	trials	phototagging
142.8684333333349	0.004999999999199645	trials	phototagging
143.8699666666671	0.005000000001018634	trials	phototagging
144.8715000000011	0.005033333332903567	trials	phototagging
145.873066666667	0.005000000001018634	trials	phototagging
146.874600000001	0.004999999999199645	trials	phototagging
147.75950000000012	0.19000000000050932	trials	port_entry
147.87613333333502	0.004999999999199645	trials	phototagging
148.8776666666672	0.005000000001018634	trials	phototagging
149.87920000000122	0.005033333332903567	trials	phototagging
150.8807666666671	0.005000000001018634	trials	phototagging
151.88230000000112	0.004999999999199645	trials	phototagging
152.8838333333333	0.005033333334722556	trials	phototagging
153.88540000000103	0.004999999999199645	trials	phototagging
154.88693333333504	0.004999999999199645	trials	phototagging
155.88846666666723	0.005000000001018634	trials	phototagging
156.89000000000124	0.004999999999199645	trials	phototagging
157.89153333333343	0.005033333334722556	trials	phototagging
158.89310000000114	0.004999999999199645	trials	phototagging
159.89463333333333	0.005000000001018634	trials	phototagging
160.89616666666734	0.005000000001018634	trials	phototagging
161.89770000000135	0.004999999999199645	trials	phototagging
162.89923333333354	0.005000000001018634	trials	phototagging
163.90080000000125	0.004999999999199645	trials	phototagging
164.90233333333344	0.005000000001018634	trials	phototagging
165.90386666666745	0.004999999999199645	trials	phototagging
166.90540000000146	0.004999999999199645	trials	phototagging
167.90693333333365	0.005000000001018634	trials	phototagging
168.90850000000137	0.004999999999199645	trials	phototagging
169.91003333333356	0.005000000001018634	trials	phototagging
170.91156666666757	0.004999999999199645	trials	phototagging
172.28946666666707	0.08003333333363116	trials	port_entry
177.5695333333333	1.0400000000008731	trials	port_entry
181.92849999999999	0.005033333334722556	trials	phototagging
181.9385333333339	0.005000000001018634	trials	phototagging
181.94853333333413	0.004999999999199645	trials	phototagging
181.95856666666805	0.004999999999199645	trials	phototagging
181.96856666666827	0.004999999999199645	trials	phototagging
181.97860000000037	0.005000000001018634	trials	phototagging
181.9886000000006	0.005000000001018634	trials	phototagging
181.9986333333345	0.004999999999199645	trials	phototagging
182.00863333333473	0.004999999999199645	trials	phototagging
182.01866666666683	0.005000000001018634	trials	phototagging
182.02866666666705	0.005000000001018634	trials	phototagging
182.03870000000097	0.004999999999199645	trials	phototagging
182.0487000000012	0.004999999999199645	trials	phototagging
182.0587000000014	0.005033333332903567	trials	phototagging
182.0687333333335	0.005000000001018634	trials	phototagging
182.07873333333373	0.005033333332903567	trials	phototagging
182.08876666666765	0.004999999999199645	trials	phototagging
182.09876666666787	0.004999999999199645	trials	phototagging
182.10879999999997	0.005000000001018634	trials	phototagging
182.1188000000002	0.005000000001018634	trials	phototagging
182.12883333333411	0.004999999999199645	trials	phototagging
182.13883333333433	0.004999999999199645	trials	phototagging
182.14883333333455	0.005033333332903567	trials	phototagging
182.15886666666665	0.005000000001018634	trials	phototagging
182.16886666666687	0.005033333334722556	trials	phototagging
182.1789000000008	0.004999999999199645	trials	phototagging
182.188900000001	0.004999999999199645	trials	phototagging
182.19893333333494	0.004999999999199645	trials	phototagging
182.20893333333333	0.005000000001018634	trials	phototagging
182.21896666666726	0.005000000001018634	trials	phototagging
192.2443666666677	0.0100333333339222	trials	phototagging
192.34453333333477	0.010000000000218279	trials	phototagging
192.44466666666813	0.010033333332103211	trials	phototagging
192.54483333333337	0.0100333333339222	trials	phototagging
192.64500000000044	0.010000000000218279	trials	phototagging
192.7451333333338	0.0100333333339222	trials	phototagging
192.84530000000086	0.0100333333339222	trials	phototagging
192.94546666666793	0.010000000000218279	trials	phototagging
193.0456000000013	0.010033333332103211	trials	phototagging
193.14576666666835	0.00999999999839929	trials	phototagging
193.2459333333336	0.010000000000218279	trials	phototagging
193.34606666666696	0.0100333333339222	trials	phototagging
193.44623333333402	0.010000000000218279	trials	phototagging
193.54636666666738	0.0100333333339222	trials	phototagging
193.64653333333445	0.010000000000218279	trials	phototagging
193.7467000000015	0.00999999999839929	trials	phototagging
193.84683333333487	0.010033333332103211	trials	phototagging
193.94700000000012	0.010000000000218279	trials	phototagging
194.04716666666718	0.010000000000218279	trials	phototagging
194.14730000000054	0.0100333333339222	trials	phototagging
194.2474666666676	0.010000000000218279	trials	phototagging
194.34763333333467	0.010000000000218279	trials	phototagging
194.44776666666803	0.010000000000218279	trials	phototagging
194.54793333333328	0.010000000000218279	trials	phototagging
194.64806666666664	0.0100333333339222	trials	phototagging
194.7482333333337	0.010000000000218279	trials	phototagging
194.84836666666706	0.0100333333339222	trials	phototagging
194.94853333333413	0.0100333333339222	trials	phototagging
195.0487000000012	0.010000000000218279	trials	phototagging
195.14883333333455	0.010033333332103211	trials	phototagging
205.1895333333341	0.27000000000043656	trials	port_entry
205.26440000000002	0.10016666666706442	trials	phototagging
206.26593333333403	0.10016666666706442	trials	phototagging
207.26746666666804	0.10016666666524543	trials	phototagging
208.26903333333394	0.1001333333333605	trials	phototagging
209.27056666666795	0.10016666666706442	trials	phototagging
210.27210000000014	0.10016666666706442	trials	phototagging
211.27366666666785	0.1001333333333605	trials	phototagging
212.27520000000004	0.1001333333333605	trials	phototagging
213.27673333333405	0.1001333333333605	trials	phototagging
214.27826666666806	0.10016666666524543	trials	phototagging
215.27980000000025	0.10016666666706442	trials	phototagging
216.28136666666796	0.1001333333333605	trials	phototagging
227.29830000000038	0.005000000001018634	trials	phototagging
227.3083000000006	0.005033333332903567	trials	phototagging
227.31833333333452	0.004999999999199645	trials	phototagging
227.32833333333474	0.005033333332903567	trials	phototagging
227.33836666666684	0.005000000001018634	trials	phototagging
227.34836666666706	0.005000000001018634	trials	phototagging
227.35840000000098	0.004999999999199645	trials	phototagging
227.3684000000012	0.004999999999199645	trials	phototagging
227.3784333333333	0.005000000001018634	trials	phototagging
227.38843333333352	0.005000000001018634	trials	phototagging
227.39843333333374	0.005033333332903567	trials	phototagging
227.40846666666766	0.004999999999199645	trials	phototagging
227.41846666666788	0.005033333332903567	trials	phototagging
227.42849999999999	0.005000000001018634	trials	phototagging
227.4385000000002	0.005033333334722556	trials	phototagging
227.44853333333413	0.004999999999199645	trials	phototagging
227.45853333333434	0.004999999999199645	trials	phototagging
227.46856666666827	0.004999999999199645	trials	phototagging
227.47856666666667	0.005033333334722556	trials	phototagging
227.4886000000006	0.005000000001018634	trials	phototagging
227.4986000000008	0.004999999999199645	trials	phototagging
227.50863333333473	0.004999999999199645	trials	phototagging
227.51863333333495	0.004999999999199645	trials	phototagging
227.52866666666705	0.005000000001018634	trials	phototagging
227.53866666666727	0.005000000001018634	trials	phototagging
227.5486666666675	0.005033333332903567	trials	phototagging
227.5587000000014	0.004999999999199645	trials	phototagging
227.5687333333335	0.005000000001018634	trials	phototagging
227.57873333333373	0.005000000001018634	trials	phototagging
227.58873333333395	0.005033333332903567	trials	phototagging
237.6141666666681	0.10016666666524543	trials	phototagging
238.6157000000003	0.10016666666706442	trials	phototagging
239.6172333333343	0.10016666666706442	trials	phototagging
240.6188000000002	0.1001333333333605	trials	phototagging
241.6203333333342	0.10016666666706442	trials	phototagging
242.6218666666682	0.10016666666524543	trials	phototagging
243.6234000000004	0.10016666666706442	trials	phototagging
244.62496666666812	0.1001333333333605	trials	phototagging
245.6265000000003	0.10016666666706442	trials	phototagging
246.62803333333432	0.10016666666706442	trials	phototagging
247.62956666666832	0.10016666666524543	trials	phototagging
248.63110000000052	0.10016666666706442	trials	phototagging
252.08956666666745	0.34003333333384944	trials	port_entry
252.65956666666716	0.2600000000002183	trials	port_entry
253.13956666666672	0.2100333333346498	trials	port_entry
253.3695666666681	1.0599999999994907	trials	port_entry
254.44956666666803	0.46999999999934516	trials	port_entry
254.93956666666782	1.6500333333333401	trials	port_entry
256.6095666666679	0.029999999998835847	trials	port_entry
259.64806666666664	0.010000000000218279	trials	phototagging
259.7482333333337	0.010000000000218279	trials	phototagging
259.84836666666706	0.0100333333339222	trials	phototagging
259.9485333333341	0.010000000000218279	trials	phototagging
260.0486666666675	0.0100333333339222	trials	phototagging
260.14883333333455	0.010033333332103211	trials	phototagging
260.2490000000016	0.00999999999839929	trials	phototagging
260.34916666666686	0.010000000000218279	trials	phototagging
260.4493000000002	0.010000000000218279	trials	phototagging
260.5494666666673	0.010000000000218279	trials	phototagging
260.64960000000065	0.0100333333339222	trials	phototagging
260.7497666666677	0.010000000000218279	trials	phototagging
260.84990000000107	0.0100333333339222	trials	phototagging
260.95006666666814	0.010000000000218279	trials	phototagging
261.0502333333334	0.010000000000218279	trials	phototagging
261.15040000000045	0.010000000000218279	trials	phototagging
261.2505333333338	0.0100333333339222	trials	phototagging
261.35070000000087	0.010000000000218279	trials	phototagging
261.45083333333423	0.0100333333339222	trials	phototagging
261.5510000000013	0.010000000000218279	trials	phototagging
261.65116666666836	0.00999999999839929	trials	phototagging
261.7513000000017	0.00999999999839929	trials	phototagging
261.85146666666697	0.010000000000218279	trials	phototagging
261.9516000000003	0.0100333333339222	trials	phototagging
262.0517666666674	0.010000000000218279	trials	phototagging
262.15190000000075	0.0100333333339222	trials	phototagging
262.2520666666678	0.010033333332103211	trials	phototagging
262.3522333333349	0.00999999999839929	trials	phototagging
262.4524000000001	0.010000000000218279	trials	phototagging
262.5525333333335	0.0100333333339222	trials	phototagging
270.32960000000094	0.2000000000007276	trials	port_entry
272.6681000000008	0.004999999999199645	trials	phototagging
273.6696333333348	0.004999999999199645	trials	phototagging
274.6712000000007	0.005000000001018634	trials	phototagging
275.6727333333347	0.004999999999199645	trials	phototagging
276.6742666666669	0.005000000001018634	trials	phototagging
277.6758000000009	0.004999999999199645	trials	phototagging
278.6773333333349	0.005033333332903567	trials	phototagging
279.6789000000008	0.004999999999199645	trials	phototagging
280.6804333333348	0.004999999999199645	trials	phototagging
281.681966666667	0.005000000001018634	trials	phototagging
282.6835333333347	0.004999999999199645	trials	phototagging
283.6850666666669	0.005000000001018634	trials	phototagging
284.6866000000009	0.004999999999199645	trials	phototagging
285.6881333333349	0.004999999999199645	trials	phototagging
286.6896666666671	0.005033333332903567	trials	phototagging
287.6912333333348	0.004999999999199645	trials	phototagging
288.692766666667	0.005000000001018634	trials	phototagging
289.694300000001	0.004999999999199645	trials	phototagging
290.69583333333503	0.004999999999199645	trials	phototagging
291.6974000000009	0.004999999999199645	trials	phototagging
292.69893333333494	0.004999999999199645	trials	phototagging
293.7004666666671	0.005000000001018634	trials	phototagging
294.70200000000114	0.004999999999199645	trials	phototagging
295.70356666666703	0.005000000001018634	trials	phototagging
296.70510000000104	0.004999999999199645	trials	phototagging
297.70663333333505	0.004999999999199645	trials	phototagging
298.70816666666724	0.005000000001018634	trials	phototagging
299.70970000000125	0.005033333332903567	trials	phototagging
299.7496333333347	4.189966666666805	trials	reward_stimulus_presentation
300.71126666666714	0.005000000001018634	trials	phototagging
300.749600000001	0.7999999999992724	trials	reward_delivery
301.71280000000115	0.004999999999199645	trials	phototagging
303.53960000000006	5.850033333334068	trials	port_entry
312.72973333333357	0.005033333334722556	trials	phototagging
313.7313000000013	0.004999999999199645	trials	phototagging
314.7328333333335	0.005000000001018634	trials	phototagging
315.7343666666675	0.004999999999199645	trials	phototagging
316.7359333333334	0.005000000001018634	trials	phototagging
317.7374666666674	0.004999999999199645	trials	phototagging
318.7390000000014	0.004999999999199645	trials	phototagging
319.7405333333336	0.005000000001018634	trials	phototagging
320.7420666666676	0.005033333332903567	trials	phototagging
321.7436333333335	0.005000000001018634	trials	phototagging
322.7451666666675	0.004999999999199645	trials	phototagging
323.7467000000015	0.004999999999199645	trials	phototagging
324.7482666666674	0.004999999999199645	trials	phototagging
325.7498000000014	0.004999999999199645	trials	phototagging
326.7513333333336	0.005000000001018634	trials	phototagging
327.7528666666676	0.004999999999199645	trials	phototagging
328.7544000000016	0.005033333332903567	trials	phototagging
329.7559666666675	0.004999999999199645	trials	phototagging
330.7575000000015	0.004999999999199645	trials	phototagging
331.7590333333337	0.005033333332903567	trials	phototagging
332.7605666666677	0.005033333332903567	trials	phototagging
333.7621333333336	0.005000000001018634	trials	phototagging
334.76366666666763	0.004999999999199645	trials	phototagging
335.76520000000164	0.004999999999199645	trials	phototagging
336.76676666666754	0.004999999999199645	trials	phototagging
337.76830000000155	0.004999999999199645	trials	phototagging
338.76983333333374	0.005000000001018634	trials	phototagging
339.77136666666775	0.004999999999199645	trials	phototagging
340.77289999999994	0.005033333334722556	trials	phototagging
341.1696333333348	0.029933333333246992	trials	port_entry
341.32963333333464	1.359999999998763	trials	port_entry
341.77446666666765	0.004999999999199645	trials	phototagging
352.79143333333377	0.010000000000218279	trials	phototagging
352.89156666666713	0.010000000000218279	trials	phototagging
352.9917333333342	0.010000000000218279	trials	phototagging
353.09186666666756	0.0100333333339222	trials	phototagging
353.1920333333346	0.010000000000218279	trials	phototagging
353.292166666668	0.010033333332103211	trials	phototagging
353.39233333333505	0.010033333332103211	trials	phototagging
353.4925000000003	0.010000000000218279	trials	phototagging
353.59263333333365	0.0100333333339222	trials	phototagging
353.6928000000007	0.0100333333339222	trials	phototagging
353.7929666666678	0.010000000000218279	trials	phototagging
353.89310000000114	0.010033333332103211	trials	phototagging
353.9932666666682	0.00999999999839929	trials	phototagging
354.09343333333345	0.010000000000218279	trials	phototagging
354.1935666666668	0.0100333333339222	trials	phototagging
354.2937333333339	0.010000000000218279	trials	phototagging
354.39386666666724	0.0100333333339222	trials	phototagging
354.4940333333343	0.010000000000218279	trials	phototagging
354.59420000000136	0.010000000000218279	trials	phototagging
354.6943333333347	0.010033333332103211	trials	phototagging
354.79449999999997	0.010000000000218279	trials	phototagging
354.89463333333333	0.0100333333339222	trials	phototagging
354.9948000000004	0.0100333333339222	trials	phototagging
355.09496666666746	0.010000000000218279	trials	phototagging
355.1951333333345	0.010000000000218279	trials	phototagging
355.2952666666679	0.010033333332103211	trials	phototagging
355.39543333333495	0.00999999999839929	trials	phototagging
355.4955666666683	0.010033333332103211	trials	phototagging
355.59573333333356	0.010000000000218279	trials	phototagging
355.6958666666669	0.0100333333339222	trials	phototagging
356.28960000000006	0.9800666666669713	trials	port_entry
367.3196333333344	0.17000000000007276	trials	port_entry
389.7496333333347	2.6300333333329036	trials	reward_stimulus_presentation
390.749600000001	0.7999999999992724	trials	reward_delivery
391.9797000000017	6.069933333332301	trials	port_entry
409.01966666666704	0.16996666666636884	trials	port_entry
409.25963333333493	1.4399999999986903	trials	port_entry
411.3697000000011	0.019933333333028713	trials	port_entry
411.799633333334	0.8899999999994179	trials	port_entry
419.9495999999999	1.1900333333342132	trials	port_entry
454.1697333333341	1.8200333333334129	trials	port_entry
479.7497666666677	0.47999999999956344	trials	reward_stimulus_presentation
479.82976666666764	6.129966666667315	trials	port_entry
480.7497666666677	0.7999999999992724	trials	reward_delivery
487.6997666666666	0.09996666666665988	trials	port_entry
487.8597666666683	0.5199999999986176	trials	port_entry
506.3098000000009	0.27000000000043656	trials	port_entry
506.63976666666713	0.060033333333194605	trials	port_entry
506.71976666666706	0.07999999999992724	trials	port_entry
506.83976666666786	0.7800333333325398	trials	port_entry
550.9498000000003	2.5900333333338494	trials	port_entry
569.7498333333333	20.000033333333704	trials	neutral_stimulus_presentation
570.0598333333346	2.2700333333323215	trials	port_entry
576.1898333333338	0.9800333333332674	trials	port_entry
599.8598666666676	0.3099999999994907	trials	port_entry
600.4699	0.019966666666732635	trials	port_entry
601.8598666666676	0.09000000000014552	trials	port_entry
609.7298666666684	0.35003333333224873	trials	port_entry
610.1099000000013	1.319966666666005	trials	port_entry
613.2298666666684	0.28003333333253977	trials	port_entry
613.5398333333342	2.1600666666672623	trials	port_entry
628.8798999999999	0.25	trials	port_entry
632.1298999999999	0.2000000000007276	trials	port_entry
654.7499333333344	2.5799999999999272	trials	reward_stimulus_presentation
655.749866666667	0.8000333333329763	trials	reward_delivery
656.9298333333336	5.580100000001039	trials	port_entry
677.899933333334	1.7299999999995634	trials	port_entry
679.6699333333345	0.14990000000034343	trials	port_entry
705.1499666666678	0.7399999999997817	trials	port_entry
718.4999666666681	0.5	trials	port_entry
719.5599666666676	6.869999999998981	trials	port_entry
737.6799666666666	0.1000000000003638	trials	port_entry
737.8799666666673	1.0300333333343588	trials	port_entry
744.75	20.0014666666666	trials	shock_stimulus_presentation
764.5499	0.3000333333347953	trials	shock_relay
795.4200333333338	1.6000000000003638	trials	port_entry
804.3300333333336	2.2600000000002183	trials	port_entry
824.5800666666673	0.17000000000007276	trials	port_entry
826.9600666666684	1.4599999999991269	trials	port_entry
839.7500666666674	2.350000000000364	trials	reward_stimulus_presentation
840.7500666666674	0.7999999999992724	trials	reward_delivery
841.7000666666681	5.889999999999418	trials	port_entry
862.0601000000006	1.0200000000004366	trials	port_entry
864.3201000000008	0.7199999999993452	trials	port_entry
865.1901000000016	0.7599999999983993	trials	port_entry
866.1301000000003	2.9899999999997817	trials	port_entry
895.6701000000012	1.2299999999995634	trials	port_entry
905.0001333333348	2.679999999998472	trials	port_entry
910.5401000000002	0.2700333333341405	trials	port_entry
910.8501000000015	0.15999999999985448	trials	port_entry
911.0601000000006	0.4600333333328308	trials	port_entry
921.0601333333343	0.36999999999898137	trials	port_entry
923.5501333333341	0.09003333333384944	trials	port_entry
929.7501333333348	20.000033333331885	trials	neutral_stimulus_presentation
933.1901333333335	0.9400000000005093	trials	port_entry
948.3801666666677	1.4400000000005093	trials	port_entry
950.4401666666672	0.5	trials	port_entry
950.9801666666681	0.4499999999989086	trials	port_entry
951.4801666666681	0.019999999998617568	trials	port_entry
951.6701666666668	0.040000000000873115	trials	port_entry
951.8401666666668	0.08003333333363116	trials	port_entry
965.5101666666669	0.05993333333390183	trials	port_entry
965.6601666666684	2.7800333333325398	trials	port_entry
973.5801666666666	2.3300000000017462	trials	port_entry
976.930166666667	0.7300000000013824	trials	port_entry
977.6802000000007	0.9299666666665871	trials	port_entry
978.6701666666668	0.4100333333335584	trials	port_entry
984.5302000000011	0.18000000000029104	trials	port_entry
984.8002333333334	0.2799666666669509	trials	port_entry
985.2902000000013	0.2999999999992724	trials	port_entry
985.6402000000016	1.4599999999991269	trials	port_entry
999.4202000000005	0.8400000000001455	trials	port_entry
1009.7502333333341	4.25	trials	reward_stimulus_presentation
1010.7502000000004	0.8000000000010914	trials	reward_delivery
1013.6002333333345	0.11999999999898137	trials	port_entry
1013.7702000000008	3.210033333332831	trials	port_entry
1018.0702333333338	0.9400000000005093	trials	port_entry
1019.9002333333337	0.28000000000065484	trials	port_entry
1020.2802333333348	0.05999999999949068	trials	port_entry
1020.410233333334	0.46999999999934516	trials	port_entry
1060.0202666666682	2.219999999999345	trials	port_entry
1071.0802000000003	0.3300666666673351	trials	port_entry
1096.640300000001	0.20996666666724195	trials	port_entry
1096.8803000000007	0.060033333333194605	trials	port_entry
1097.8203000000012	5.320033333333413	trials	port_entry
1099.7503000000015	20.000766666666095	trials	shock_stimulus_presentation
1119.5503000000008	0.2999999999992724	trials	shock_relay
1126.3903333333346	0.6299999999991996	trials	port_entry
1151.8803666666681	0.17999999999847205	trials	port_entry
1158.7203666666683	0.3499999999985448	trials	port_entry
1175.6103666666677	0.680000000000291	trials	port_entry
1179.490366666667	0.019933333333028713	trials	port_entry
1184.7804000000015	0.18993333333310147	trials	port_entry
1184.990366666667	0.39003333333312185	trials	port_entry
1187.9604	0.3400000000001455	trials	port_entry
1188.3703333333342	0.04006666666646197	trials	port_entry
1188.4804000000004	0.5600000000013097	trials	port_entry
1189.1504000000004	0.4899999999997817	trials	port_entry
1199.7504000000008	2.459999999999127	trials	reward_stimulus_presentation
1200.7504000000008	0.7999999999992724	trials	reward_delivery
1201.8104000000003	5.819999999999709	trials	port_entry
1249.5304333333333	0.21000000000094587	trials	port_entry
1249.7604333333347	0.30993333333208284	trials	port_entry
1250.140433333334	1.1599999999998545	trials	port_entry
1263.8504666666668	1.0	trials	port_entry
1271.530466666667	1.4700000000011642	trials	port_entry
1287.0104666666666	0.4500000000007276	trials	port_entry
1287.7504666666682	0.019999999998617568	trials	port_entry
1288.8104666666677	0.20999999999912689	trials	port_entry
1289.6304666666674	0.04993333333368355	trials	port_entry
1289.7504666666682	20.000033333331885	trials	neutral_stimulus_presentation
1330.8605000000007	0.1000000000003638	trials	port_entry
1349.7305333333334	1.0	trials	port_entry
1364.0205333333342	1.569999999999709	trials	port_entry
1367.140533333335	0.9900333333316667	trials	port_entry
1368.7005333333345	0.11999999999898137	trials	port_entry
1368.8505333333342	0.030000000000654836	trials	port_entry
1372.640533333335	1.3999999999996362	trials	port_entry
1379.7505666666675	2.5599999999994907	trials	reward_stimulus_presentation
1380.7505333333338	0.8000000000010914	trials	reward_delivery
1381.9105666666674	5.100000000000364	trials	port_entry
1387.8305666666674	0.3400000000001455	trials	port_entry
1388.5505666666668	0.6500000000014552	trials	port_entry
1389.2205666666669	0.07999999999992724	trials	port_entry
1408.9005666666671	0.11996666666709643	trials	port_entry
1440.220533333335	1.6700000000000728	trials	port_entry
1444.740600000001	0.0799333333325194	trials	port_entry
1463.4905333333336	1.080066666667335	trials	port_entry
1469.7506000000012	20.001166666666904	trials	shock_stimulus_presentation
1489.5506333333342	0.29993333333368355	trials	shock_relay
1515.0506000000005	0.030000000000654836	trials	port_entry
1517.7805666666682	0.039999999999054126	trials	port_entry
1517.8805666666667	0.03006666666806268	trials	port_entry
1529.7706333333335	0.7100333333346498	trials	port_entry
1540.720666666668	0.46999999999934516	trials	port_entry
1554.7507000000005	19.99993333333441	trials	neutral_stimulus_presentation
1567.8907333333336	0.8099666666676058	trials	port_entry
1595.4807	1.7100333333346498	trials	port_entry
1597.2207000000017	0.08003333333181217	trials	port_entry
1604.2406666666666	0.5100666666676261	trials	port_entry
1604.870733333335	0.029999999998835847	trials	port_entry
1605.1307666666671	0.6999666666670237	trials	port_entry
1606.8607333333348	0.8300333333318122	trials	port_entry
1612.6007333333346	0.020000000000436557	trials	port_entry
1612.6407333333336	0.19003333333421324	trials	port_entry
1612.9007333333338	0.03003333333435876	trials	port_entry
1612.9507000000012	0.11006666666617093	trials	port_entry
1613.0807666666678	0.019966666666732635	trials	port_entry
1627.5807666666678	1.7299999999995634	trials	port_entry
1632.5607	0.6700666666674806	trials	port_entry
1644.7508000000016	20.001733333332595	trials	shock_stimulus_presentation
1664.550800000001	0.2999999999992724	trials	shock_relay
1673.6208000000006	0.050033333332976326	trials	port_entry
1673.970800000001	0.12003333333268529	trials	port_entry
1679.4108333333334	0.09000000000014552	trials	port_entry
1714.9708666666684	1.2999999999992724	trials	port_entry
1716.3608666666678	0.6000000000003638	trials	port_entry
1729.820866666667	0.09000000000014552	trials	port_entry
1730.0808666666671	0.9899999999997817	trials	port_entry
1739.750900000001	20.001066666665793	trials	shock_stimulus_presentation
1747.870866666668	0.10003333333224873	trials	port_entry
1748.120866666668	0.20003333333261253	trials	port_entry
1748.5208666666676	0.030000000000654836	trials	port_entry
1749.5509000000002	0.7200000000011642	trials	port_entry
1759.5508666666683	0.2999999999992724	trials	shock_relay
1777.7909	0.12000000000080036	trials	port_entry
1777.9709000000003	0.3900000000012369	trials	port_entry
1789.2609000000011	0.8700333333326853	trials	port_entry
1809.5109333333348	0.10999999999876309	trials	port_entry
1809.640933333334	0.5799999999999272	trials	port_entry
1810.270933333335	0.5499999999992724	trials	port_entry
1811.090900000001	0.13003333333290357	trials	port_entry
1812.6209333333336	0.13000000000101863	trials	port_entry
1812.890933333334	0.5300000000006548	trials	port_entry
1829.7509666666683	19.99989999999889	trials	neutral_stimulus_presentation
1853.0609666666678	1.609999999998763	trials	port_entry
1856.020966666667	0.6900000000005093	trials	port_entry
1903.0610333333334	0.47000000000116415	trials	port_entry
1904.791000000001	0.5700333333334129	trials	port_entry
1909.751033333334	4.059966666667606	trials	reward_stimulus_presentation
1910.7509333333346	0.8001000000003842	trials	reward_delivery
1913.411	0.17003333333377668	trials	port_entry
1913.6010333333343	4.859966666666878	trials	port_entry
1939.7010666666683	0.2899999999990541	trials	port_entry
1940.0110333333341	2.010033333333922	trials	port_entry
1942.4810333333335	0.5900333333338494	trials	port_entry
1954.271066666668	0.019999999998617568	trials	port_entry
1956.0410666666667	0.6400000000012369	trials	port_entry
1984.4811000000009	1.4099999999998545	trials	port_entry
1999.7511000000013	20.0	trials	neutral_stimulus_presentation
2007.5611000000008	0.25	trials	port_entry
2007.8311000000012	0.12999999999919964	trials	port_entry
2009.2611333333334	0.6899666666668054	trials	port_entry
2010.0211333333336	0.45996666666724195	trials	port_entry
2010.5311000000002	0.8000333333347953	trials	port_entry
2048.3211666666666	0.2799666666669509	trials	port_entry
2050.1711333333333	0.040000000000873115	trials	port_entry
2050.2711333333336	0.6599999999998545	trials	port_entry
2057.341166666667	0.20996666666724195	trials	port_entry
2057.581166666667	0.0899666666664416	trials	port_entry
2057.8011333333343	0.3099999999994907	trials	port_entry
2059.991133333335	0.019999999998617568	trials	port_entry
2065.8711000000003	0.060033333333194605	trials	port_entry
2066.5311	0.110033333334286	trials	port_entry
2066.6711333333333	0.03003333333435876	trials	port_entry
2066.7411666666667	0.06996666666782403	trials	port_entry
2066.8711000000003	0.060033333333194605	trials	port_entry
2067.0111333333334	0.6100000000005821	trials	port_entry
2067.6611666666668	0.019966666666732635	trials	port_entry
2099.751166666667	20.000033333333704	trials	neutral_stimulus_presentation
2114.4212000000007	0.819999999999709	trials	port_entry
2134.431200000001	0.23999999999978172	trials	port_entry
2165.9212333333344	0.15999999999985448	trials	port_entry
2166.111233333335	1.319999999999709	trials	port_entry
2189.7513000000017	20.001666666665187	trials	shock_stimulus_presentation
2196.291300000001	0.3399333333327377	trials	port_entry
2196.6713	0.08000000000174623	trials	port_entry
2197.641300000001	0.5098999999991065	trials	port_entry
2209.551300000001	0.2999999999992724	trials	shock_relay
2253.141333333335	0.21993333333193732	trials	port_entry
2253.4113333333335	0.22000000000116415	trials	port_entry
2254.4113333333335	1.5200000000004366	trials	port_entry
2278.481333333335	1.110033333332467	trials	port_entry
2279.7513666666673	0.6299666666673147	trials	reward_stimulus_presentation
2279.981333333335	0.019999999998617568	trials	port_entry
2280.5013333333336	0.09003333333384944	trials	port_entry
2280.631300000001	0.10003333333406772	trials	port_entry
2280.7513666666673	0.7999666666673875	trials	reward_delivery
2284.3714333333337	0.599933333332956	trials	port_entry
2285.1413666666667	0.07999999999992724	trials	port_entry
2285.2713666666677	0.2999999999992724	trials	port_entry
2285.611366666668	3.4899999999997817	trials	port_entry
2289.2613	0.14006666666682577	trials	port_entry
2291.371366666668	1.5299999999988358	trials	port_entry
2293.0213666666677	0.12999999999919964	trials	port_entry
2293.5813000000016	0.03006666666624369	trials	port_entry
2293.701366666668	0.4499999999989086	trials	port_entry
2294.371366666668	2.1999999999989086	trials	port_entry
2298.8713333333344	0.02003333333232149	trials	port_entry
2299.311366666667	0.15999999999985448	trials	port_entry
2299.531366666668	0.10999999999876309	trials	port_entry
2299.6813	0.7000666666681354	trials	port_entry
2300.461300000001	0.08006666666733508	trials	port_entry
2302.781366666668	0.13999999999941792	trials	port_entry
2369.751400000001	2.4100666666672623	trials	reward_stimulus_presentation
2370.7513666666673	0.7999999999992724	trials	reward_delivery
2371.761433333335	5.880033333332904	trials	port_entry
2405.1714666666667	1.9600333333346498	trials	port_entry
2421.541500000001	0.6900000000005093	trials	port_entry
2454.7515000000003	20.000033333333704	trials	neutral_stimulus_presentation
2474.751533333334	0.05999999999949068	trials	port_entry
2477.5315333333347	0.27999999999883585	trials	port_entry
2477.831533333334	0.18000000000029104	trials	port_entry
2478.1115666666683	0.31999999999970896	trials	port_entry
2478.6515333333336	0.020000000000436557	trials	port_entry
2478.841533333334	0.07999999999992724	trials	port_entry
2479.991533333334	0.05999999999949068	trials	port_entry
2480.4515333333347	0.039999999999054126	trials	port_entry
2481.091533333334	0.040000000000873115	trials	port_entry
2483.4815333333336	0.07003333333341288	trials	port_entry
2483.5715333333337	0.07999999999992724	trials	port_entry
2484.131533333335	1.2899999999990541	trials	port_entry
2518.171566666668	0.11000000000058208	trials	port_entry
2518.381566666667	0.7700333333341405	trials	port_entry
2519.4915666666675	0.8899999999994179	trials	port_entry
2537.5016000000014	0.7699999999986176	trials	port_entry
2538.731600000001	0.020000000000436557	trials	port_entry
2544.7516333333333	3.6499666666677513	trials	reward_stimulus_presentation
2545.7516000000014	0.7999999999992724	trials	reward_delivery
2548.0016000000014	2.15003333333334	trials	port_entry
2550.241600000001	0.32999999999992724	trials	port_entry
2552.8516	0.1500000000014552	trials	port_entry
2554.571600000001	1.1299999999991996	trials	port_entry
2560.1216000000004	0.15003333333334012	trials	port_entry
2560.3116333333346	0.029966666666950914	trials	port_entry
2560.491600000001	0.09000000000014552	trials	port_entry
2560.6916	0.28000000000065484	trials	port_entry
2561.0816000000013	0.019999999998617568	trials	port_entry
2561.3316000000013	0.029933333333246992	trials	port_entry
2561.6016	0.040000000000873115	trials	port_entry
2562.561600000001	0.2899999999990541	trials	port_entry
2562.951633333334	0.07999999999992724	trials	port_entry
2563.1716000000015	2.2000333333326125	trials	port_entry
2584.6916	0.12003333333450428	trials	port_entry
2632.621666666668	0.9200000000000728	trials	port_entry
2639.7516333333333	2.4500666666681354	trials	reward_stimulus_presentation
2640.7516000000014	0.8000333333329763	trials	reward_delivery
2641.801666666668	5.459999999999127	trials	port_entry
2677.3916666666682	0.24006666666537058	trials	port_entry
2677.671700000001	0.7100333333328308	trials	port_entry
2713.031766666667	1.1599999999998545	trials	port_entry
2729.7518	20.00153333333401	trials	shock_stimulus_presentation
2749.5517	0.3000000000010914	trials	shock_relay
2760.0217666666667	0.7999333333336835	trials	port_entry
2779.8918000000012	0.09000000000014552	trials	port_entry
2782.691766666667	0.2500333333337039	trials	port_entry
2782.9617666666672	1.2600333333339222	trials	port_entry
2809.7518666666674	20.0	trials	neutral_stimulus_presentation
2842.7218666666668	0.7000000000007276	trials	port_entry
2843.501900000001	0.6299999999991996	trials	port_entry
2844.4319000000014	1.6899999999986903	trials	port_entry
2887.9319333333333	1.0900000000001455	trials	port_entry
2899.751933333335	20.000033333331885	trials	neutral_stimulus_presentation
2917.0019666666667	0.2600000000002183	trials	port_entry
2917.471966666668	0.029966666666950914	trials	port_entry
2917.6519333333345	0.3100333333331946	trials	port_entry
2918.191966666667	0.020000000000436557	trials	port_entry
2918.311966666668	0.019999999998617568	trials	port_entry
2918.3919333333342	0.03003333333253977	trials	port_entry
2918.471933333334	0.02003333333414048	trials	port_entry
2920.7819333333337	0.02003333333414048	trials	port_entry
2920.8319666666666	0.050000000001091394	trials	port_entry
2921.401966666668	0.12999999999919964	trials	port_entry
2921.551933333334	0.02003333333414048	trials	port_entry
2921.731966666668	0.12999999999919964	trials	port_entry
2922.2519666666667	0.020000000000436557	trials	port_entry
2922.3619666666673	0.05999999999949068	trials	port_entry
2922.8919000000005	0.0200666666678444	trials	port_entry
2923.051966666668	0.020000000000436557	trials	port_entry
2923.231966666668	0.060033333333194605	trials	port_entry
2923.3219666666682	0.06999999999970896	trials	port_entry
2924.851966666667	0.03993333333346527	trials	port_entry
2925.221966666668	0.019933333333028713	trials	port_entry
2925.3619666666673	0.040000000000873115	trials	port_entry
2926.7918666666683	0.08009999999922002	trials	port_entry
2926.891866666667	2.080100000001039	trials	port_entry
2953.101966666667	0.9200000000000728	trials	port_entry
2983.6720000000005	0.5400000000008731	trials	port_entry
2984.4620000000014	0.10999999999876309	trials	port_entry
2999.752033333334	20.001566666665894	trials	shock_stimulus_presentation
3014.502033333334	0.21999999999934516	trials	port_entry
3019.5520333333334	0.3000000000010914	trials	shock_relay
3032.4420666666683	1.1499999999996362	trials	port_entry
3034.1620666666677	0.019966666666732635	trials	port_entry
3035.2720666666683	0.35993333333317423	trials	port_entry
3037.5420000000013	0.050033333332976326	trials	port_entry
3038.6320333333333	0.09000000000014552	trials	port_entry
3066.622066666667	0.07999999999992724	trials	port_entry
3077.3821000000007	3.8699666666670964	trials	port_entry
3089.7521000000015	20.0	trials	neutral_stimulus_presentation
3093.5221	0.11000000000058208	trials	port_entry
3093.7421000000013	0.15999999999985448	trials	port_entry
3094.0121	0.3000000000010914	trials	port_entry
3094.5221	0.020000000000436557	trials	port_entry
3098.552100000001	0.040000000000873115	trials	port_entry
3098.7421000000013	0.09000000000014552	trials	port_entry
3098.902100000001	0.060033333333194605	trials	port_entry
3099.3721000000005	0.020000000000436557	trials	port_entry
3134.682066666668	1.0200666666660254	trials	port_entry
3137.3121333333347	0.2100333333328308	trials	port_entry
3137.5421333333343	0.3000333333329763	trials	port_entry
3137.9121333333333	0.23003333333508635	trials	port_entry
3140.902133333335	0.47999999999956344	trials	port_entry
3141.4621333333344	0.7199999999993452	trials	port_entry
3142.2521333333334	0.020000000000436557	trials	port_entry
3143.2621333333336	0.050000000001091394	trials	port_entry
3145.0621333333347	0.06999999999970896	trials	port_entry
3145.2221333333346	0.5499333333336835	trials	port_entry
3145.8921333333346	0.5599999999994907	trials	port_entry
3167.482100000001	0.16006666666726233	trials	port_entry
3179.752166666667	1.8000000000010914	trials	reward_stimulus_presentation
3180.752166666667	0.8000000000010914	trials	reward_delivery
3181.1521666666667	5.570033333333413	trials	port_entry
3186.992166666667	0.6100666666679899	trials	port_entry
3248.5121666666673	1.5600666666668985	trials	port_entry
3251.352233333335	0.8599666666650592	trials	port_entry
3261.772233333335	0.42000000000007276	trials	port_entry
3268.9222333333346	0.09993333333295595	trials	port_entry
3269.102233333335	0.24003333333348564	trials	port_entry
3269.752266666668	20.00153333333219	trials	shock_stimulus_presentation
3272.3022	0.7000333333344315	trials	port_entry
3273.1121666666677	0.3300666666673351	trials	port_entry
3273.4722	0.569966666667824	trials	port_entry
3289.552233333334	0.3000333333329763	trials	shock_relay
3307.8623333333344	0.8299666666662233	trials	port_entry
3310.102333333334	0.15999999999985448	trials	port_entry
3310.3123333333333	0.5300000000006548	trials	port_entry
3311.4823333333334	0.9900000000016007	trials	port_entry
3312.552333333335	0.7899999999990541	trials	port_entry
3336.3323333333337	1.2600333333339222	trials	port_entry
3347.102366666668	0.12999999999919964	trials	port_entry
3347.282366666668	0.15999999999985448	trials	port_entry
3354.7523666666675	1.8700333333326853	trials	reward_stimulus_presentation
3355.7523666666675	0.7999999999992724	trials	reward_delivery
3356.222366666667	0.2000000000007276	trials	port_entry
3356.442366666668	4.930000000000291	trials	port_entry
3362.472366666667	1.6000000000003638	trials	port_entry
3364.982366666667	1.5300000000006548	trials	port_entry
3366.6623666666674	1.3700000000008004	trials	port_entry
3368.1323666666667	0.30996666666760575	trials	port_entry
3368.9523666666682	0.019999999998617568	trials	port_entry
3431.702433333334	0.06999999999970896	trials	port_entry
3439.0624333333344	0.13999999999941792	trials	port_entry
3444.752466666667	4.4099999999998545	trials	reward_stimulus_presentation
3445.752466666667	0.8000000000010914	trials	reward_delivery
3448.762466666667	0.09000000000014552	trials	port_entry
3448.8724666666676	3.430000000000291	trials	port_entry
3452.9024666666683	0.7199999999993452	trials	port_entry
3486.8725000000013	0.37999999999919964	trials	port_entry
3507.9125000000004	0.11000000000058208	trials	port_entry
3539.752566666668	2.5099666666665144	trials	reward_stimulus_presentation
3540.752533333334	0.7999999999992724	trials	reward_delivery
3541.862533333335	0.13999999999941792	trials	port_entry
3542.0425333333333	3.360000000000582	trials	port_entry
3546.582533333334	0.5600333333331946	trials	port_entry
3550.2725666666684	0.019999999998617568	trials	port_entry
3550.462566666667	0.050000000001091394	trials	port_entry
3552.2225666666673	0.020000000000436557	trials	port_entry
3574.1025666666683	1.0	trials	port_entry
3575.2225666666673	0.020000000000436557	trials	port_entry
3575.4925666666677	0.020000000000436557	trials	port_entry
3576.1125666666667	0.5	trials	port_entry
3576.7325666666675	0.2000000000007276	trials	port_entry
3585.7726000000002	1.7100000000009459	trials	port_entry
3588.9026000000013	1.7399666666660778	trials	port_entry
3629.752566666668	20.001899999999296	trials	shock_stimulus_presentation
3648.482633333335	0.07999999999992724	trials	port_entry
3649.5526333333346	0.3000333333329763	trials	shock_relay
3673.742666666667	0.6199333333333925	trials	port_entry
3699.2626333333337	1.7300333333332674	trials	port_entry
3702.6527000000006	0.06996666666782403	trials	port_entry
3709.752700000001	2.350000000000364	trials	reward_stimulus_presentation
3710.752666666667	0.8000000000010914	trials	reward_delivery
3711.702666666668	4.4500333333326125	trials	port_entry
3716.182700000001	0.9399666666668054	trials	port_entry
3744.0627000000004	0.819999999999709	trials	port_entry
3770.3727666666673	1.680000000000291	trials	port_entry
3799.7528	20.0	trials	neutral_stimulus_presentation
3809.482766666666	1.1700333333355957	trials	port_entry
3812.6327666666675	0.02003333333414048	trials	port_entry
3812.742766666668	0.040000000000873115	trials	port_entry
3812.9127000000026	0.029999999998835847	trials	port_entry
3812.9827999999998	0.05996666666760575	trials	port_entry
3813.192766666669	0.060033333331375616	trials	port_entry
3813.8827666666675	0.08000000000174623	trials	port_entry
3814.4727666666677	0.029999999998835847	trials	port_entry
3814.7728000000006	0.020000000000436557	trials	port_entry
3815.1027666666687	0.020000000000436557	trials	port_entry
3816.5927666666666	0.3200333333334129	trials	port_entry
3826.052833333333	1.0800000000017462	trials	port_entry
3840.3928333333333	0.049999999999272404	trials	port_entry
3840.9428333333326	1.1200000000026193	trials	port_entry
3869.1328666666686	0.059999999997671694	trials	port_entry
3874.9128666666675	0.7499666666662961	trials	port_entry
3899.7529000000013	20.00176666666448	trials	shock_stimulus_presentation
3919.5529000000006	0.3000333333329763	trials	shock_relay
3939.832933333333	1.389999999999418	trials	port_entry
3956.6129666666657	0.5800000000017462	trials	port_entry
3989.752933333335	20.0	trials	neutral_stimulus_presentation
3992.2329666666683	0.049999999999272404	trials	port_entry
4010.7029999999995	0.17000000000189175	trials	port_entry
4010.9729333333325	0.6800666666676989	trials	port_entry
4037.273033333333	0.13000000000101863	trials	port_entry
4037.443033333335	0.13000000000101863	trials	port_entry
4037.693033333335	0.5	trials	port_entry
4072.953033333333	0.13003333333472256	trials	port_entry
4073.133066666667	0.6599999999998545	trials	port_entry
4079.7530000000024	2.790066666664643	trials	reward_stimulus_presentation
4080.7530000000024	0.7999999999992724	trials	reward_delivery
4082.1430666666693	4.259966666664695	trials	port_entry
4088.2330666666658	0.43000000000029104	trials	port_entry
4088.7330666666658	0.030000000002473826	trials	port_entry
4088.7830666666687	0.039999999997235136	trials	port_entry
4088.963066666669	0.060033333331375616	trials	port_entry
4090.383066666667	0.029999999998835847	trials	port_entry
4091.963066666669	0.049999999999272404	trials	port_entry
4092.0530000000017	0.020066666664206423	trials	port_entry
4092.2630666666682	0.1499999999978172	trials	port_entry
4092.5330000000013	0.06006666666507954	trials	port_entry
4093.5930666666663	0.03993333333346527	trials	port_entry
4093.6530000000002	0.0200666666678444	trials	port_entry
4094.1830666666665	0.09000000000014552	trials	port_entry
4094.3030000000017	0.03006666666624369	trials	port_entry
4095.293066666667	0.06999999999970896	trials	port_entry
4095.383066666667	0.3600000000005821	trials	port_entry
4095.883100000001	0.2400000000016007	trials	port_entry
4124.6231000000025	0.25	trials	port_entry
4150.523133333334	2.099966666668479	trials	port_entry
4157.603066666668	1.0200000000004366	trials	port_entry
4169.7531	3.100000000002183	trials	reward_stimulus_presentation
4170.753066666666	0.8000333333329763	trials	reward_delivery
4172.453100000001	4.419966666668188	trials	port_entry
4226.6731333333355	0.9200666666656616	trials	port_entry
4229.3932	0.020000000000436557	trials	port_entry
4229.433200000001	0.040000000000873115	trials	port_entry
4229.723200000002	0.20999999999912689	trials	port_entry
4229.983233333334	0.04996666666556848	trials	port_entry
4230.513199999999	0.06000000000130967	trials	port_entry
4231.2832	0.030000000002473826	trials	port_entry
4233.243200000003	0.20999999999912689	trials	port_entry
4233.473200000002	0.20999999999912689	trials	port_entry
4233.703200000002	0.08003333333181217	trials	port_entry
4246.933233333335	0.7000000000007276	trials	port_entry
4247.753166666667	0.26006666666580713	trials	port_entry
4254.753166666667	1.5100666666658071	trials	reward_stimulus_presentation
4255.753166666667	0.7999999999992724	trials	reward_delivery
4255.863233333335	4.69999999999709	trials	port_entry
4264.813233333332	0.9600000000027649	trials	port_entry
4290.873266666667	0.6799333333328832	trials	port_entry
4291.8532	0.04006666666828096	trials	port_entry
4292.973266666666	0.020000000000436557	trials	port_entry
4293.293266666669	0.039999999997235136	trials	port_entry
4335.7233	0.13999999999941792	trials	port_entry
4335.903333333334	1.0899666666664416	trials	port_entry
4340.6332999999995	0.09000000000014552	trials	port_entry
4340.803300000001	0.02003333333414048	trials	port_entry
4341.2433	0.030000000002473826	trials	port_entry
4341.293299999999	0.020000000000436557	trials	port_entry
4341.593300000002	0.13999999999941792	trials	port_entry
4343.213300000001	0.04993333333186456	trials	port_entry
4343.363299999999	0.16000000000349246	trials	port_entry
4343.733300000002	0.1700333333319577	trials	port_entry
4344.753300000002	20.001399999997375	trials	shock_stimulus_presentation
4364.553333333335	0.2999999999992724	trials	shock_relay
4375.043333333333	1.069999999999709	trials	port_entry
4398.823366666669	0.3200333333297749	trials	port_entry
4399.403400000001	1.1099666666668782	trials	port_entry
4400.563366666667	0.2999999999992724	trials	port_entry
4421.473366666667	2.150033333335159	trials	port_entry
4423.653333333334	0.02003333333414048	trials	port_entry
4426.633366666667	0.13003333333472256	trials	port_entry
4439.753333333336	3.3100666666650795	trials	reward_stimulus_presentation
4440.7534	0.8000000000029104	trials	reward_delivery
4442.6633999999995	2.4499666666670237	trials	port_entry
4445.1734000000015	0.5200000000004366	trials	port_entry
4502.8034000000025	0.049999999999272404	trials	port_entry
4502.873466666666	1.0100000000020373	trials	port_entry
4507.413433333333	0.02003333333414048	trials	port_entry
4529.753433333333	11.799999999999272	trials	reward_stimulus_presentation
4530.753433333333	0.8000333333329763	trials	reward_delivery
4541.153533333336	2.0099999999983993	trials	port_entry
4543.223533333336	0.36999999999898137	trials	port_entry
4609.753600000002	2.8799999999973807	trials	reward_stimulus_presentation
4610.753600000002	0.7999999999992724	trials	reward_delivery
4612.233600000001	2.5200000000004366	trials	port_entry
4660.883633333333	0.7299999999995634	trials	port_entry
4671.213633333335	0.5700333333334129	trials	port_entry
4699.753699999999	4.939966666668624	trials	reward_stimulus_presentation
4700.753666666669	0.7999999999992724	trials	reward_delivery
4704.2936666666665	1.5300000000024738	trials	port_entry
4705.843600000002	0.4400999999998021	trials	port_entry
4706.333666666667	0.9099999999998545	trials	port_entry
4737.263700000001	0.059999999997671694	trials	port_entry
4767.323733333333	1.569999999999709	trials	port_entry
4799.503766666667	0.08000000000174623	trials	port_entry
4799.7538	20.000933333332796	trials	shock_stimulus_presentation
4819.5538	0.29996666666920646	trials	shock_relay
4827.213700000002	0.020000000000436557	trials	port_entry
4835.883766666668	0.5100333333321032	trials	port_entry
4850.173800000002	1.359999999996944	trials	port_entry
4852.683800000001	0.23003333333326736	trials	port_entry
4856.613833333335	0.15999999999985448	trials	port_entry
4856.853800000003	0.11003333333064802	trials	port_entry
4889.7538	16.46003333333283	trials	reward_stimulus_presentation
4890.753766666667	0.8001000000003842	trials	reward_delivery
4905.813833333335	2.1199999999989814	trials	port_entry
4936.463900000001	0.4099999999998545	trials	port_entry
4979.343933333335	0.3700333333326853	trials	port_entry
4979.753966666669	20.0	trials	neutral_stimulus_presentation
4980.283933333334	1.0499999999992724	trials	port_entry
4981.853933333334	0.029999999998835847	trials	port_entry
4991.723933333333	0.25	trials	port_entry
5004.743966666667	0.3899999999994179	trials	port_entry
5047.604000000001	0.2999999999992724	trials	port_entry
5061.444033333335	0.07999999999810825	trials	port_entry
5069.754033333333	20.000933333336434	trials	shock_stimulus_presentation
5089.554033333336	0.2999666666655685	trials	shock_relay
5103.273966666666	0.9701000000022759	trials	port_entry
5132.0741	1.4400000000023283	trials	port_entry
5147.0741	0.7600000000020373	trials	port_entry
5154.754133333334	1.9500000000007276	trials	reward_stimulus_presentation
5155.7541	0.7999999999992724	trials	reward_delivery
5156.304099999999	4.690033333336032	trials	port_entry
5183.104133333332	1.4000000000014552	trials	port_entry
5214.2142	0.7599666666683333	trials	port_entry
5215.084133333336	0.5100333333321032	trials	port_entry
5235.244066666668	1.6601333333310322	trials	port_entry
5237.744166666669	0.03003333333253977	trials	port_entry
5238.0642000000025	0.17989999999917927	trials	port_entry
5244.754200000001	20.0	trials	neutral_stimulus_presentation
5244.954200000002	0.8899999999994179	trials	port_entry
5246.794133333335	0.020000000000436557	trials	port_entry
5246.904199999999	0.1400000000030559	trials	port_entry
5247.074200000001	0.04989999999816064	trials	port_entry
5247.164200000001	0.049999999999272404	trials	port_entry
5250.494199999999	0.020000000000436557	trials	port_entry
5250.534133333333	0.03006666666988167	trials	port_entry
5250.584100000002	0.0400999999983469	trials	port_entry
5250.754200000001	0.029933333331428003	trials	port_entry
5250.9342000000015	0.040000000000873115	trials	port_entry
5251.134200000002	0.09999999999854481	trials	port_entry
5251.5142	0.10000000000218279	trials	port_entry
5251.644200000001	0.03993333333346527	trials	port_entry
5251.714099999999	0.06010000000242144	trials	port_entry
5251.8742	0.020000000000436557	trials	port_entry
5253.1042	0.7100000000027649	trials	port_entry
5290.184233333335	0.12999999999738066	trials	port_entry
5313.724266666666	0.18000000000029104	trials	port_entry
5313.964266666668	0.09000000000014552	trials	port_entry
5317.124266666668	1.5499999999992724	trials	port_entry
5339.754300000002	19.999966666666296	trials	neutral_stimulus_presentation
5369.3042000000005	0.11010000000169384	trials	port_entry
5369.514300000001	0.47000000000116415	trials	port_entry
5389.3443333333325	0.9900000000016007	trials	port_entry
5411.804300000002	0.28003333333253977	trials	port_entry
5412.684333333333	0.35996666666687815	trials	port_entry
5413.064333333334	1.0	trials	port_entry
5415.124333333335	0.9399999999986903	trials	port_entry
5429.754366666666	2.989933333334193	trials	reward_stimulus_presentation
5430.754366666666	0.7999666666692065	trials	reward_delivery
5432.3443000000025	0.09006666666391538	trials	port_entry
5432.514300000001	3.7999999999992724	trials	port_entry
5469.4344	1.4500333333344315	trials	port_entry
5509.7544333333335	20.001500000002125	trials	shock_stimulus_presentation
5513.2544333333335	0.13000000000101863	trials	port_entry
5513.424433333335	0.3000333333329763	trials	port_entry
5529.5544666666665	0.2999999999992724	trials	shock_relay
5535.9645	1.069966666666005	trials	port_entry
5569.8945	0.7800333333325398	trials	port_entry
5578.754533333335	0.07999999999810825	trials	port_entry
5579.584499999999	0.04003333333457704	trials	port_entry
5579.7845333333335	0.25	trials	port_entry
5580.314533333336	0.019966666663094657	trials	port_entry
5580.524533333335	0.019966666666732635	trials	port_entry
5580.644533333334	0.020000000000436557	trials	port_entry
5580.7345000000005	0.10003333333224873	trials	port_entry
5581.084533333333	0.020000000000436557	trials	port_entry
5581.864533333335	0.029999999998835847	trials	port_entry
5581.9145333333345	0.029999999998835847	trials	port_entry
5582.374533333334	0.06999999999970896	trials	port_entry
5584.064533333336	0.029999999998835847	trials	port_entry
5584.114533333335	0.20999999999912689	trials	port_entry
5584.924533333333	0.5800000000017462	trials	port_entry
5599.754566666668	1.610000000000582	trials	reward_stimulus_presentation
5600.754533333335	0.7999999999992724	trials	reward_delivery
5600.964533333334	5.2700333333341405	trials	port_entry
5607.274566666669	1.2099999999991269	trials	port_entry
5625.964566666667	0.11999999999898137	trials	port_entry
5633.6546	1.5400000000008731	trials	port_entry
5639.434566666669	0.3200333333334129	trials	port_entry
5662.604600000001	1.3400333333338494	trials	port_entry
5699.754666666666	20.0	trials	neutral_stimulus_presentation
5711.4546666666665	0.09000000000014552	trials	port_entry
5721.164666666669	0.7999999999992724	trials	port_entry
5722.044666666667	0.020000000000436557	trials	port_entry
5722.524666666666	0.05000000000291038	trials	port_entry
5723.094666666666	0.030000000002473826	trials	port_entry
5723.204633333333	0.05000000000291038	trials	port_entry
5723.274666666666	0.06000000000130967	trials	port_entry
5723.8346666666675	0.33000000000174623	trials	port_entry
5757.874700000002	0.1499999999978172	trials	port_entry
5778.794733333334	1.1199999999989814	trials	port_entry
5789.754733333333	20.000033333333704	trials	neutral_stimulus_presentation
5799.134766666668	0.05996666666760575	trials	port_entry
5816.9947666666685	0.06999999999970896	trials	port_entry
5821.964766666666	1.4099999999998545	trials	port_entry
5824.724766666668	2.1199999999989814	trials	port_entry
5845.724800000002	0.1499999999978172	trials	port_entry
5846.444799999999	0.030000000002473826	trials	port_entry
5846.7148	0.15999999999985448	trials	port_entry
5846.954800000001	0.020000000000436557	trials	port_entry
5847.264799999999	0.030000000002473826	trials	port_entry
5848.5748	0.020000000000436557	trials	port_entry
5851.504800000001	0.029999999998835847	trials	port_entry
5871.734833333334	0.22000000000116415	trials	port_entry
5872.9648	0.2500333333337039	trials	port_entry
5879.754833333334	20.000700000000506	trials	shock_stimulus_presentation
5899.554766666666	0.3000000000029104	trials	shock_relay
5923.774800000001	0.15006666666522506	trials	port_entry
5929.114866666669	0.10003333333224873	trials	port_entry
5929.264833333333	1.3400333333338494	trials	port_entry
5944.644900000001	0.2000000000007276	trials	port_entry
5944.9249	0.14993333333404735	trials	port_entry
5946.094900000002	0.5499999999992724	trials	port_entry
5946.684833333335	0.03003333333253977	trials	port_entry
5946.844900000002	0.020000000000436557	trials	port_entry
5946.964900000001	0.09999999999854481	trials	port_entry
5949.304900000001	0.09000000000014552	trials	port_entry
5949.544900000003	0.019966666663094657	trials	port_entry
5949.804900000001	0.6300000000010186	trials	port_entry
5969.754966666669	19.999966666666296	trials	neutral_stimulus_presentation
5973.084866666666	1.0999666666684789	trials	port_entry
5992.014933333334	0.9900000000016007	trials	port_entry
6040.794966666666	0.9099999999998545	trials	port_entry
6054.754933333335	3.680066666664061	trials	reward_stimulus_presentation
6055.754933333335	0.8000666666666802	trials	reward_delivery
6058.035000000002	0.14003333333312185	trials	port_entry
6058.265033333335	6.349966666664841	trials	port_entry
6064.645000000002	0.039999999997235136	trials	port_entry
6117.9850333333325	0.07003333333341288	trials	port_entry
6118.135066666668	0.1899666666649864	trials	port_entry
6118.395033333336	1.1999666666633857	trials	port_entry
6119.735066666666	1.1500000000014552	trials	port_entry
6144.7551	20.000700000000506	trials	shock_stimulus_presentation
6147.7551	1.0199666666667326	trials	port_entry
6164.5551	0.29993333333550254	trials	shock_relay
6180.575133333334	0.34996666666847887	trials	port_entry
6208.235166666667	1.0200000000004366	trials	port_entry
6239.755200000001	4.360000000000582	trials	reward_stimulus_presentation
6240.755166666668	0.8000333333329763	trials	reward_delivery
6243.715200000001	0.11999999999898137	trials	port_entry
6243.8552	2.3800000000010186	trials	port_entry
6246.2652	0.47000000000116415	trials	port_entry
6246.755200000001	1.889999999999418	trials	port_entry
6255.485200000001	0.6899999999986903	trials	port_entry
6282.845233333335	0.9799999999995634	trials	port_entry
6293.245199999999	0.24006666666900855	trials	port_entry
6329.755266666669	20.000033333333704	trials	neutral_stimulus_presentation
6363.855300000001	0.349900000001071	trials	port_entry
6364.485300000002	0.020000000000436557	trials	port_entry
6365.2053	0.020000000000436557	trials	port_entry
6365.285300000001	0.029999999998835847	trials	port_entry
6365.3753000000015	0.020000000000436557	trials	port_entry
6366.3853	0.030000000002473826	trials	port_entry
6367.435299999999	0.020000000000436557	trials	port_entry
6368.175266666667	0.10003333333224873	trials	port_entry
6369.2253	0.12003333333268529	trials	port_entry
6369.595299999999	0.43003333333399496	trials	port_entry
6409.755366666666	1.9799666666694975	trials	reward_stimulus_presentation
6410.755333333333	0.8000000000029104	trials	reward_delivery
6411.335333333334	4.430033333333995	trials	port_entry
6415.805366666669	0.12999999999738066	trials	port_entry
6443.525366666667	1.5200000000004366	trials	port_entry
6498.0854333333355	0.09999999999854481	trials	port_entry
6499.215433333333	0.8300000000017462	trials	port_entry
6499.755433333334	0.7700000000004366	trials	reward_stimulus_presentation
6500.125433333333	5.880000000001019	trials	port_entry
6500.755433333334	0.7999999999992724	trials	reward_delivery
6531.055433333333	1.069999999999709	trials	port_entry
6553.915466666667	0.5100333333321032	trials	port_entry
6554.605466666666	0.3100333333350136	trials	port_entry
6555.435466666668	0.03003333333253977	trials	port_entry
6570.735466666667	0.18999999999869033	trials	port_entry
6570.985500000001	0.15999999999985448	trials	port_entry
6571.515466666666	0.360033333334286	trials	port_entry
6572.055466666667	0.020000000000436557	trials	port_entry
6572.095466666668	0.02003333333414048	trials	port_entry
6572.245466666669	0.029999999998835847	trials	port_entry
6573.125466666666	0.07003333333341288	trials	port_entry
6573.595500000001	0.040000000000873115	trials	port_entry
6599.755500000001	20.00136666666731	trials	shock_stimulus_presentation
6608.535533333334	0.5299999999988358	trials	port_entry
6619.555533333334	0.2999999999992724	trials	shock_relay
6689.755600000002	20.0	trials	neutral_stimulus_presentation
6779.755733333333	11.940000000002328	trials	reward_stimulus_presentation
6780.7557	0.7999666666692065	trials	reward_delivery
6791.295700000001	1.8300333333318122	trials	port_entry
6811.145733333333	0.7099666666690609	trials	port_entry
6869.7557	3.720033333334868	trials	reward_stimulus_presentation
6870.7557	0.8000000000029104	trials	reward_delivery
6873.075733333333	4.060033333335014	trials	port_entry
6894.465900000001	1.5199333333330287	trials	port_entry
6905.785833333333	0.17000000000189175	trials	port_entry
6920.985866666668	0.5299999999988358	trials	port_entry
6942.815800000002	1.3200666666671168	trials	port_entry
6945.165866666668	0.09000000000014552	trials	port_entry
6954.755900000002	20.001566666665894	trials	shock_stimulus_presentation
6974.5558666666675	0.3000333333329763	trials	shock_relay
7004.625933333335	0.020000000000436557	trials	port_entry
7004.945933333334	0.9399999999986903	trials	port_entry
7044.755933333336	3.3100333333313756	trials	reward_stimulus_presentation
7045.755966666666	0.8000000000029104	trials	reward_delivery
7047.665966666669	3.97003333333123	trials	port_entry
7066.096	0.030000000002473826	trials	port_entry
7107.3960333333325	0.1400000000030559	trials	port_entry
7107.6460333333325	0.9200000000018917	trials	port_entry
7139.7561000000005	3.720000000001164	trials	reward_stimulus_presentation
7140.756066666667	0.7999999999992724	trials	reward_delivery
7143.0761	0.11999999999898137	trials	port_entry
7143.286066666669	1.750033333330066	trials	port_entry
7145.056066666666	0.8400000000001455	trials	port_entry
7169.4560666666675	1.0	trials	port_entry
7229.756200000002	20.00153333333219	trials	shock_stimulus_presentation
7237.636166666669	0.28003333333253977	trials	port_entry
7245.996133333336	0.28003333333253977	trials	port_entry
7246.396200000001	0.2900000000008731	trials	port_entry
7246.846166666668	0.09000000000014552	trials	port_entry
7247.266166666666	0.2500333333337039	trials	port_entry
7247.566199999999	0.019966666666732635	trials	port_entry
7249.556200000001	0.2999666666655685	trials	shock_relay
7261.046166666669	0.050033333332976326	trials	port_entry
7283.996233333333	0.2999999999992724	trials	port_entry
7309.756266666669	4.129999999997381	trials	reward_stimulus_presentation
7310.756266666669	0.7999666666655685	trials	reward_delivery
7313.486266666669	0.09000000000014552	trials	port_entry
7313.646233333335	1.5200333333341405	trials	port_entry
7315.186266666666	1.3599666666668782	trials	port_entry
7379.426266666667	0.7000666666681354	trials	port_entry
7399.756266666669	20.0	trials	neutral_stimulus_presentation
7407.106366666669	0.3899999999994179	trials	port_entry
7407.786366666669	0.11999999999898137	trials	port_entry
7458.746333333334	0.8100666666650795	trials	port_entry
7459.5764	0.20999999999912689	trials	port_entry
7459.816333333334	1.2700666666678444	trials	port_entry
7461.226433333335	0.8999666666641133	trials	port_entry
7462.146333333336	0.25006666666376987	trials	port_entry
7462.5563999999995	1.1300000000010186	trials	port_entry
7463.7063333333335	0.21006666666653473	trials	port_entry
7484.246333333334	1.58009999999922	trials	port_entry
7486.9864333333335	0.6399999999994179	trials	port_entry
7499.7564	4.180066666667699	trials	reward_stimulus_presentation
7500.7563666666665	0.7999666666692065	trials	reward_delivery
7503.536433333333	2.8400000000001455	trials	port_entry
7547.086499999999	0.819999999999709	trials	port_entry
7588.996533333333	0.5	trials	port_entry
7589.676533333333	5.979999999999563	trials	port_entry
7589.756533333335	0.31999999999970896	trials	reward_stimulus_presentation
7590.756533333335	0.7999999999992724	trials	reward_delivery
7607.646566666668	1.180000000000291	trials	port_entry
7608.896533333334	0.49003333333166665	trials	port_entry
7632.076566666668	0.610033333330648	trials	port_entry
7644.346600000003	0.4899333333305549	trials	port_entry
7645.2966	0.019966666666732635	trials	port_entry
7679.756600000002	20.000033333330066	trials	neutral_stimulus_presentation
7687.846633333333	0.6599999999998545	trials	port_entry
7727.516666666668	0.11000000000058208	trials	port_entry
7728.346666666666	0.020000000000436557	trials	port_entry
7728.496666666668	0.020000000000436557	trials	port_entry
7728.546666666667	0.060033333335013594	trials	port_entry
7728.776666666667	0.040000000000873115	trials	port_entry
7729.006666666666	0.020000000000436557	trials	port_entry
7729.0666666666675	0.049999999999272404	trials	port_entry
7730.156666666668	0.029966666665131925	trials	port_entry
7731.436633333333	0.6300333333347226	trials	port_entry
7741.466666666669	0.09000000000014552	trials	port_entry
7753.456666666667	0.10000000000218279	trials	port_entry
7753.836666666668	2.0900333333338494	trials	port_entry
7769.756733333334	20.001433333334717	trials	shock_stimulus_presentation
7781.206733333334	0.019966666666732635	trials	port_entry
7781.466699999999	0.060033333335013594	trials	port_entry
7781.686733333334	0.35996666666687815	trials	port_entry
7783.356700000002	0.020000000000436557	trials	port_entry
7783.396699999999	0.17003333333559567	trials	port_entry
7783.6667	0.02003333333414048	trials	port_entry
7783.716699999999	0.02003333333414048	trials	port_entry
7783.836700000002	0.029999999998835847	trials	port_entry
7783.976700000001	0.07003333333341288	trials	port_entry
7784.786733333332	0.08996666667007958	trials	port_entry
7786.236733333333	0.06000000000130967	trials	port_entry
7786.4267333333355	0.039999999997235136	trials	port_entry
7788.886733333335	0.019966666666732635	trials	port_entry
7788.946700000002	0.09003333333021146	trials	port_entry
7789.056699999999	0.040000000000873115	trials	port_entry
7789.556699999999	0.3000000000029104	trials	shock_relay
7789.9167	0.2000000000007276	trials	port_entry
7790.1667333333335	0.10996666666687815	trials	port_entry
7819.056766666667	1.2000000000007276	trials	port_entry
7846.206800000002	0.2199333333337563	trials	port_entry
7846.446733333336	0.03006666666624369	trials	port_entry
7846.726700000001	0.5001000000011118	trials	port_entry
7848.056766666667	0.34003333333384944	trials	port_entry
7854.756833333335	5.779999999998836	trials	reward_stimulus_presentation
7855.756800000001	0.7999999999992724	trials	reward_delivery
7860.136833333336	3.2399999999979627	trials	port_entry
7866.336833333333	0.6999666666670237	trials	port_entry
7893.016866666667	0.9200000000018917	trials	port_entry
7944.756833333335	20.00113333333138	trials	shock_stimulus_presentation
7947.206899999999	0.09000000000014552	trials	port_entry
7953.1969333333345	0.029999999998835847	trials	port_entry
7964.556933333335	0.2999999999992724	trials	shock_relay
7978.036966666668	0.07996666666440433	trials	port_entry
7978.356933333334	0.049999999999272404	trials	port_entry
7978.506933333336	0.29003333333093906	trials	port_entry
7978.926933333334	0.020000000000436557	trials	port_entry
7979.1969333333345	0.020000000000436557	trials	port_entry
7980.026933333333	0.020000000000436557	trials	port_entry
7980.376933333335	0.029999999998835847	trials	port_entry
7981.016933333334	0.02003333333414048	trials	port_entry
7981.086933333334	0.020000000000436557	trials	port_entry
7981.576966666669	0.019966666663094657	trials	port_entry
7984.886933333333	0.04003333333457704	trials	port_entry
7985.016833333333	0.020133333335252246	trials	port_entry
7985.886966666667	0.06999999999970896	trials	port_entry
7986.426966666668	0.040000000000873115	trials	port_entry
7987.466966666669	0.049999999999272404	trials	port_entry
7988.016966666668	0.020000000000436557	trials	port_entry
7988.076966666669	0.06999999999970896	trials	port_entry
7988.226966666667	0.47000000000116415	trials	port_entry
7989.046966666667	0.09000000000014552	trials	port_entry
7989.186966666666	0.05000000000291038	trials	port_entry
7998.636966666667	0.17996666666658712	trials	port_entry
8008.1169666666665	0.4400000000023283	trials	port_entry
8008.686966666666	1.2700000000004366	trials	port_entry
8036.356966666668	0.14003333333312185	trials	port_entry
8036.517000000002	0.059999999997671694	trials	port_entry
8036.637000000001	0.040000000000873115	trials	port_entry
8037.556933333335	0.25006666666740784	trials	port_entry
8037.867	9.100000000002183	trials	port_entry
8039.757	7.760000000002037	trials	reward_stimulus_presentation
8040.757	0.7999666666692065	trials	reward_delivery
8047.117	0.06000000000130967	trials	port_entry
8047.366933333333	0.9701000000022759	trials	port_entry
8068.557033333333	3.8100000000013097	trials	port_entry
8108.097066666667	0.9900000000016007	trials	port_entry
8109.197066666666	0.8300000000017462	trials	port_entry
8111.787066666666	2.110000000000582	trials	port_entry
8129.757100000001	19.999933333332592	trials	neutral_stimulus_presentation
8131.187100000001	0.7200000000011642	trials	port_entry
8141.457133333335	0.0899666666664416	trials	port_entry
8141.587033333335	0.03996666666716919	trials	port_entry
8141.817100000002	0.0698999999985972	trials	port_entry
8141.997100000002	0.08993333333273767	trials	port_entry
8142.457100000001	0.020000000000436557	trials	port_entry
8142.517099999999	0.030000000002473826	trials	port_entry
8142.687033333334	0.12006666666638921	trials	port_entry
8142.8271	0.040000000000873115	trials	port_entry
8142.977100000002	0.019966666666732635	trials	port_entry
8143.787033333336	0.24006666666537058	trials	port_entry
8144.287033333336	0.060033333331375616	trials	port_entry
8144.8071	0.3299666666680423	trials	port_entry
8145.3971	0.07996666666804231	trials	port_entry
8145.6070333333355	0.03003333333253977	trials	port_entry
8145.657033333335	0.12003333333268529	trials	port_entry
8147.357099999999	0.05996666666760575	trials	port_entry
8151.486999999999	0.02003333333414048	trials	port_entry
8151.527100000001	0.04996666666556848	trials	port_entry
8152.027100000001	0.2900000000008731	trials	port_entry
8158.757066666667	0.470066666668572	trials	port_entry
8159.547100000002	0.02003333333414048	trials	port_entry
8159.617066666668	0.0800666666655161	trials	port_entry
8159.767033333335	0.47009999999863794	trials	port_entry
8160.257033333333	0.13000000000101863	trials	port_entry
8160.6271	0.029966666668769903	trials	port_entry
8160.677100000003	0.019966666663094657	trials	port_entry
8160.857066666669	0.0200333333305025	trials	port_entry
8161.047033333334	0.07003333333341288	trials	port_entry
8161.267133333333	0.019933333333028713	trials	port_entry
8161.327033333333	0.030033333336177748	trials	port_entry
8161.497133333332	0.02993333333506598	trials	port_entry
8161.717033333332	0.08006666666915407	trials	port_entry
8162.467066666666	0.019933333333028713	trials	port_entry
8181.957066666668	0.3000333333329763	trials	port_entry
8182.467133333334	1.7899666666671692	trials	port_entry
8209.757166666668	1.6899333333312825	trials	reward_stimulus_presentation
8210.757166666668	0.7999999999992724	trials	reward_delivery
8211.047166666669	4.819966666666005	trials	port_entry
8297.297266666666	0.8400000000001455	trials	port_entry
8299.75726666667	1.7499333333325922	trials	reward_stimulus_presentation
8300.75726666667	0.7999999999992724	trials	reward_delivery
8301.107266666668	4.970000000001164	trials	port_entry
8333.487300000003	0.9199999999982538	trials	port_entry
8391.917333333333	0.13000000000101863	trials	port_entry
8399.757366666667	20.000033333333704	trials	neutral_stimulus_presentation
8403.857266666668	0.7301000000006752	trials	port_entry
8405.557366666666	0.10996666666687815	trials	port_entry
8405.777366666667	0.2000000000007276	trials	port_entry
8456.5774	0.25	trials	port_entry
8489.757433333334	2.5600000000013097	trials	reward_stimulus_presentation
8490.757333333333	0.8001000000003842	trials	reward_delivery
8491.917366666667	4.2700333333341405	trials	port_entry
8496.257433333334	0.11999999999898137	trials	port_entry
8555.467533333334	1.319999999999709	trials	port_entry
8573.767533333334	0.08000000000174623	trials	port_entry
8579.757566666669	20.001266666666197	trials	shock_stimulus_presentation
8599.557566666668	0.2999666666655685	trials	shock_relay
8635.4776	1.2900000000008731	trials	port_entry
8637.0976	0.8300000000017462	trials	port_entry
8655.187633333333	0.47000000000116415	trials	port_entry
8661.297633333334	0.17000000000189175	trials	port_entry
8661.557633333336	2.959999999999127	trials	port_entry
8669.757633333333	1.9400000000023283	trials	reward_stimulus_presentation
8670.757633333333	0.8000000000029104	trials	reward_delivery
8671.297633333334	4.549999999999272	trials	port_entry
8714.197666666669	0.9799999999995634	trials	port_entry
8715.497700000002	0.3399666666664416	trials	port_entry
8716.337700000002	0.029966666665131925	trials	port_entry
8716.4377	0.03996666666716919	trials	port_entry
8716.597666666667	0.050033333332976326	trials	port_entry
8716.677700000002	1.3299999999981083	trials	port_entry
8718.577666666666	0.020000000000436557	trials	port_entry
8722.227700000001	0.8999999999978172	trials	port_entry
8723.317700000001	0.019966666666732635	trials	port_entry
8723.357700000002	0.01999999999679858	trials	port_entry
8723.407700000002	0.040000000000873115	trials	port_entry
8723.5977	0.060033333335013594	trials	port_entry
8729.2276	0.020000000000436557	trials	port_entry
8730.427700000002	0.020000000000436557	trials	port_entry
8730.477700000001	0.020000000000436557	trials	port_entry
8730.607700000002	0.039999999997235136	trials	port_entry
8754.757733333334	3.110000000000582	trials	reward_stimulus_presentation
8755.757733333334	0.7999999999992724	trials	reward_delivery
8757.467766666667	3.139966666665714	trials	port_entry
8761.317733333335	0.6799333333328832	trials	port_entry
8796.327766666667	0.1500000000014552	trials	port_entry
8827.437766666668	1.3800000000010186	trials	port_entry
8844.757800000001	20.001233333332493	trials	shock_stimulus_presentation
8845.977800000002	0.45003333333079354	trials	port_entry
8864.5578	0.3000333333329763	trials	shock_relay
8868.277833333335	1.25	trials	port_entry
8869.667833333335	0.22000000000116415	trials	port_entry
8869.947833333334	0.6700000000018917	trials	port_entry
8895.107866666667	0.08000000000174623	trials	port_entry
8904.247866666667	0.8800000000010186	trials	port_entry
8930.987900000002	1.2799999999988358	trials	port_entry
8932.777866666669	0.6299999999973807	trials	port_entry
8939.757933333332	3.9100000000034925	trials	reward_stimulus_presentation
8940.757900000002	0.7999999999992724	trials	reward_delivery
8943.267933333334	3.0	trials	port_entry
8946.287900000001	0.050033333332976326	trials	port_entry
8966.3179	0.10996666666687815	trials	port_entry
8966.487833333334	0.7300666666669713	trials	port_entry
8975.197933333335	0.6500333333315211	trials	port_entry
8980.287966666669	0.020000000000436557	trials	port_entry
8980.89796666667	0.05996666666396777	trials	port_entry
9011.188	0.3899999999994179	trials	port_entry
9011.618	0.15999999999985448	trials	port_entry
9012.008	0.38000000000101863	trials	port_entry
9012.408000000001	0.019933333333028713	trials	port_entry
9013.378000000002	0.029999999998835847	trials	port_entry
9013.948000000002	0.039999999997235136	trials	port_entry
9014.538000000002	0.07999999999810825	trials	port_entry
9016.198000000002	0.049999999999272404	trials	port_entry
9016.428000000002	0.020000000000436557	trials	port_entry
9017.328	0.040000000000873115	trials	port_entry
9029.758	20.000866666669026	trials	shock_stimulus_presentation
9049.558033333333	0.3000000000029104	trials	shock_relay
9060.278066666668	0.8299666666680423	trials	port_entry
9065.947966666668	0.4300666666640609	trials	port_entry
9066.458033333334	0.3200333333334129	trials	port_entry
9066.998033333335	0.060033333331375616	trials	port_entry
9069.118033333334	0.02993333333506598	trials	port_entry
9069.308066666666	0.75	trials	port_entry
9070.248066666669	0.019933333333028713	trials	port_entry
9070.358066666666	0.020000000000436557	trials	port_entry
9070.478066666668	0.03989999999976135	trials	port_entry
9071.358066666666	0.05000000000291038	trials	port_entry
9071.458066666668	0.029999999998835847	trials	port_entry
9071.908066666669	0.03989999999976135	trials	port_entry
9072.188066666668	0.11000000000058208	trials	port_entry
9072.318000000001	0.04996666666556848	trials	port_entry
9072.838066666669	0.039999999997235136	trials	port_entry
9072.917966666666	0.020100000001548324	trials	port_entry
9073.158066666669	0.7599666666646954	trials	port_entry
9074.118	0.0200666666678444	trials	port_entry
9074.17806666667	0.01999999999679858	trials	port_entry
9074.258066666667	0.029999999998835847	trials	port_entry
9074.378066666666	0.31999999999970896	trials	port_entry
9074.818033333335	0.049999999999272404	trials	port_entry
9075.688066666668	0.11000000000058208	trials	port_entry
9076.268033333336	0.03003333333253977	trials	port_entry
9076.42806666667	0.049999999999272404	trials	port_entry
9077.208066666668	0.05996666666760575	trials	port_entry
9077.358066666666	0.020000000000436557	trials	port_entry
9077.398066666667	0.019966666666732635	trials	port_entry
9091.378066666666	1.3300000000017462	trials	port_entry
9109.758100000001	2.3800000000010186	trials	reward_stimulus_presentation
9110.758100000001	0.7999999999992724	trials	reward_delivery
9111.7381	3.889966666665714	trials	port_entry
9123.318100000002	0.31999999999970896	trials	port_entry
9123.658100000002	2.0499999999992724	trials	port_entry
9199.758200000002	19.99989999999889	trials	neutral_stimulus_presentation
9200.598200000002	0.9799666666658595	trials	port_entry
9223.398200000001	0.7599999999983993	trials	port_entry
9225.1382	0.5100000000020373	trials	port_entry
9233.7982	1.139966666669352	trials	port_entry
9276.818233333333	0.7099999999991269	trials	port_entry
9287.8582	0.18003333333399496	trials	port_entry
9288.888233333333	0.019966666666732635	trials	port_entry
9289.298233333333	0.09000000000014552	trials	port_entry
9289.418233333336	0.07996666666440433	trials	port_entry
9290.328233333335	0.07999999999810825	trials	port_entry
9293.388266666667	0.06000000000130967	trials	port_entry
9293.478233333333	0.060033333335013594	trials	port_entry
9293.558166666668	0.07010000000082073	trials	port_entry
9299.758200000002	4.0	trials	reward_stimulus_presentation
9300.758166666668	0.8000333333329763	trials	reward_delivery
9303.3582	2.8100000000013097	trials	port_entry
9306.188233333332	0.09996666666847887	trials	port_entry
9306.398233333335	0.020000000000436557	trials	port_entry
9306.57826666667	0.4299666666665871	trials	port_entry
9308.888233333333	1.3800333333347226	trials	port_entry
9363.948266666668	0.09996666666484089	trials	port_entry
9367.3883	0.020000000000436557	trials	port_entry
9367.588300000001	0.020000000000436557	trials	port_entry
9383.888333333334	1.5400000000008731	trials	port_entry
9389.758366666667	4.440000000002328	trials	reward_stimulus_presentation
9390.758366666667	0.7999999999992724	trials	reward_delivery
9393.798366666668	3.249966666666296	trials	port_entry
9479.758466666668	2.139966666665714	trials	reward_stimulus_presentation
9480.758433333334	0.7999999999992724	trials	reward_delivery
9481.498433333336	4.959999999999127	trials	port_entry
9515.168466666668	1.5200000000004366	trials	port_entry
9516.708466666669	0.4599999999991269	trials	port_entry
9518.738466666668	0.020000000000436557	trials	port_entry
9524.918500000002	1.6599666666661506	trials	port_entry
9526.9985	0.04996666666920646	trials	port_entry
9527.068466666666	0.07000000000334694	trials	port_entry
9527.178466666666	0.12000000000261934	trials	port_entry
9528.388466666669	0.029999999998835847	trials	port_entry
9528.668466666668	0.020000000000436557	trials	port_entry
9528.72846666667	0.8599999999969441	trials	port_entry
9544.808466666667	0.5200000000004366	trials	port_entry
9558.838533333334	0.2899666666671692	trials	port_entry
9569.758533333335	3.5799999999981083	trials	reward_stimulus_presentation
9570.758533333335	0.7999999999992724	trials	reward_delivery
9572.938566666666	3.2199666666674602	trials	port_entry
9576.188533333336	0.06999999999970896	trials	port_entry
9578.208533333333	1.430000000000291	trials	port_entry
9582.508533333335	1.1699999999982538	trials	port_entry
9654.758633333333	20.001033333333908	trials	shock_stimulus_presentation
9661.748633333335	0.13000000000101863	trials	port_entry
9664.408633333334	0.040000000000873115	trials	port_entry
9664.468633333336	0.01999999999679858	trials	port_entry
9664.578633333333	0.06000000000130967	trials	port_entry
9664.758633333333	0.3500000000021828	trials	port_entry
9665.178533333334	0.07010000000082073	trials	port_entry
9665.278533333336	0.020099999997910345	trials	port_entry
9665.328533333335	0.020099999997910345	trials	port_entry
9665.428566666667	0.0200666666678444	trials	port_entry
9665.588633333335	0.020000000000436557	trials	port_entry
9665.6285	0.06013333333248738	trials	port_entry
9666.078533333335	0.10006666666595265	trials	port_entry
9666.458633333334	0.040000000000873115	trials	port_entry
9666.648633333336	0.01999999999679858	trials	port_entry
9667.268633333335	0.23999999999796273	trials	port_entry
9674.558633333336	0.2999999999992724	trials	shock_relay
9706.9586	1.7300666666669713	trials	port_entry
9731.6487	0.18000000000029104	trials	port_entry
9742.478700000001	0.11993333333157352	trials	port_entry
9743.478666666668	0.2999999999992724	trials	port_entry
9743.908700000002	0.020000000000436557	trials	port_entry
9743.9887	0.07990000000063446	trials	port_entry
9744.12866666667	0.050033333332976326	trials	port_entry
9744.7587	1.4099999999998545	trials	reward_stimulus_presentation
9745.758633333333	0.8000666666666802	trials	reward_delivery
9745.768666666669	0.07003333333341288	trials	port_entry
9747.1187	0.03996666666716919	trials	port_entry
9748.408666666668	4.16996666666455	trials	port_entry
9753.148600000002	0.9600666666665347	trials	port_entry
9772.548666666667	0.06996666666600504	trials	port_entry
9772.658666666668	0.8899999999994179	trials	port_entry
9773.698699999999	0.019966666666732635	trials	port_entry
9773.738666666666	0.03996666666716919	trials	port_entry
9773.798733333335	0.6999333333333198	trials	port_entry
9774.548633333334	0.04003333333457704	trials	port_entry
9775.018633333335	0.02003333333414048	trials	port_entry
9775.448633333335	0.06999999999970896	trials	port_entry
9775.908666666668	0.07003333333341288	trials	port_entry
9776.078633333333	0.03996666666716919	trials	port_entry
9776.138700000001	0.03993333333346527	trials	port_entry
9776.638666666668	0.029966666665131925	trials	port_entry
9776.758666666667	0.019966666666732635	trials	port_entry
9777.288633333335	0.0200333333305025	trials	port_entry
9777.478666666668	0.019966666666732635	trials	port_entry
9777.538600000002	0.020000000000436557	trials	port_entry
9782.488666666666	0.020000000000436557	trials	port_entry
9783.988666666666	1.680033333333995	trials	port_entry
9787.5987	0.18999999999869033	trials	port_entry
9787.9687	0.020000000000436557	trials	port_entry
9788.0287	0.020000000000436557	trials	port_entry
9788.178700000002	0.029999999998835847	trials	port_entry
9788.6187	0.09000000000014552	trials	port_entry
9788.838633333335	0.0200666666678444	trials	port_entry
9788.888666666668	0.4200333333319577	trials	port_entry
9789.3687	0.8899999999994179	trials	port_entry
9790.338700000002	0.020000000000436557	trials	port_entry
9790.468766666667	0.019933333333028713	trials	port_entry
9790.8787	0.030000000002473826	trials	port_entry
9790.998700000002	0.03003333333253977	trials	port_entry
9791.2387	0.020000000000436557	trials	port_entry
9791.338700000002	0.039999999997235136	trials	port_entry
9791.6887	0.020000000000436557	trials	port_entry
9792.068700000002	0.029999999998835847	trials	port_entry
9792.2887	0.020000000000436557	trials	port_entry
9792.338700000002	0.04003333333093906	trials	port_entry
9793.458733333335	0.059999999997671694	trials	port_entry
9794.128733333333	0.06000000000130967	trials	port_entry
9808.948766666666	0.7600000000020373	trials	port_entry
9811.288766666667	0.020000000000436557	trials	port_entry
9811.348766666668	0.3600000000005821	trials	port_entry
9811.868766666668	0.029999999998835847	trials	port_entry
9811.968766666667	0.020000000000436557	trials	port_entry
9812.038766666667	0.020000000000436557	trials	port_entry
9812.65876666667	0.07999999999810825	trials	port_entry
9813.238766666667	0.040000000000873115	trials	port_entry
9813.678766666666	0.040000000000873115	trials	port_entry
9814.248766666666	0.05000000000291038	trials	port_entry
9814.348766666668	0.020000000000436557	trials	port_entry
9814.388766666669	0.020000000000436557	trials	port_entry
9814.718766666667	0.06999999999970896	trials	port_entry
9814.848766666668	0.020000000000436557	trials	port_entry
9815.058766666667	0.029999999998835847	trials	port_entry
9818.348766666668	0.3400000000001455	trials	port_entry
9818.808766666667	0.11000000000058208	trials	port_entry
9819.398766666667	0.31999999999970896	trials	port_entry
9819.748766666666	0.030000000002473826	trials	port_entry
9819.888733333335	0.03003333333253977	trials	port_entry
9820.008766666668	0.049999999999272404	trials	port_entry
9820.298766666669	0.03989999999976135	trials	port_entry
9820.388733333335	0.02003333333414048	trials	port_entry
9821.108766666666	0.020000000000436557	trials	port_entry
9821.448766666666	0.13000000000101863	trials	port_entry
9821.868766666668	0.029999999998835847	trials	port_entry
9822.148766666667	0.020000000000436557	trials	port_entry
9822.688766666668	0.029999999998835847	trials	port_entry
9839.758800000001	20.0	trials	neutral_stimulus_presentation
9841.098800000002	0.6199333333315735	trials	port_entry
9865.2688	0.37000000000261934	trials	port_entry
9865.6788	0.7300333333332674	trials	port_entry
9909.068866666667	1.0899333333327377	trials	port_entry
9929.758866666669	20.00103333333027	trials	shock_stimulus_presentation
9949.558833333334	0.2999666666655685	trials	shock_relay
9966.0689	0.7700000000004366	trials	port_entry
10001.538866666668	0.3700666666663892	trials	port_entry
10002.808866666668	2.3500666666659527	trials	port_entry
10005.258933333333	0.8600000000005821	trials	port_entry
10006.198933333335	0.1499999999978172	trials	port_entry
10009.758900000003	3.4100666666636243	trials	reward_stimulus_presentation
10010.758866666669	0.7999999999992724	trials	reward_delivery
10012.768966666668	3.769899999999325	trials	port_entry
10016.578966666666	0.05996666666760575	trials	port_entry
10038.538966666669	0.7499666666662961	trials	port_entry
10071.049033333335	0.9499666666670237	trials	port_entry
10099.759033333334	2.039966666667169	trials	reward_stimulus_presentation
10100.759	0.7999999999992724	trials	reward_delivery
10101.399	4.2000333333344315	trials	port_entry
10105.659033333335	0.41996666666454985	trials	port_entry
10145.599100000001	0.7099999999991269	trials	port_entry
10146.349100000001	1.069999999999709	trials	port_entry
10159.4891	1.0999999999985448	trials	port_entry
10161.709100000002	0.049999999999272404	trials	port_entry
10161.779100000002	0.020000000000436557	trials	port_entry
10162.1791	0.6700000000018917	trials	port_entry
10162.979100000002	0.01999999999679858	trials	port_entry
10163.279100000002	0.020000000000436557	trials	port_entry
10163.7691	0.040000000000873115	trials	port_entry
10164.389100000002	0.13999999999941792	trials	port_entry
10164.599100000001	0.020000000000436557	trials	port_entry
10165.819100000002	0.23999999999796273	trials	port_entry
10199.759166666669	1.5499999999992724	trials	reward_stimulus_presentation
10200.759133333335	0.7999999999992724	trials	reward_delivery
10200.909133333333	5.100033333335887	trials	port_entry
10212.139166666666	1.1700000000018917	trials	port_entry
10213.36916666667	1.1199999999989814	trials	port_entry
10215.379133333334	0.02003333333414048	trials	port_entry
10241.039033333333	0.28003333333617775	trials	port_entry
10241.789066666666	0.7600333333357412	trials	port_entry
10248.5692	0.9200000000018917	trials	port_entry
10249.779199999999	0.020000000000436557	trials	port_entry
10249.8192	0.049999999999272404	trials	port_entry
10249.939200000003	0.37999999999738066	trials	port_entry
10250.439200000003	0.049999999999272404	trials	port_entry
10250.579200000002	0.06999999999970896	trials	port_entry
10250.759100000001	0.020099999997910345	trials	port_entry
10250.8591	0.020100000001548324	trials	port_entry
10251.039200000001	0.06999999999970896	trials	port_entry
10251.239200000002	0.019933333333028713	trials	port_entry
10251.2992	0.020000000000436557	trials	port_entry
10251.3591	0.030099999999947613	trials	port_entry
10251.509100000001	0.020000000000436557	trials	port_entry
10251.689200000003	0.01999999999679858	trials	port_entry
10251.779199999999	0.11000000000058208	trials	port_entry
10252.329200000002	0.020000000000436557	trials	port_entry
10252.599200000002	0.01999999999679858	trials	port_entry
10253.3392	0.03993333333346527	trials	port_entry
10253.9292	0.06999999999970896	trials	port_entry
10262.3192	0.10000000000218279	trials	port_entry
10262.809200000002	0.059999999997671694	trials	port_entry
10263.099200000002	0.3099999999976717	trials	port_entry
10263.5692	0.019966666666732635	trials	port_entry
10263.6092	0.06000000000130967	trials	port_entry
10263.7092	0.040000000000873115	trials	port_entry
10263.7692	0.019966666666732635	trials	port_entry
10264.189166666669	0.019966666666732635	trials	port_entry
10264.399200000002	0.059999999997671694	trials	port_entry
10265.259200000002	0.01999999999679858	trials	port_entry
10266.0192	0.029999999998835847	trials	port_entry
10266.0692	0.04003333333457704	trials	port_entry
10266.249166666666	0.06999999999970896	trials	port_entry
10266.6192	0.020000000000436557	trials	port_entry
10266.699200000001	0.020000000000436557	trials	port_entry
10266.9592	0.18000000000029104	trials	port_entry
10268.1592	0.10003333333588671	trials	port_entry
10268.279199999999	0.09000000000014552	trials	port_entry
10289.759233333336	20.001266666666197	trials	shock_stimulus_presentation
10295.279233333333	0.08000000000174623	trials	port_entry
10309.559233333335	0.2999999999992724	trials	shock_relay
10328.9992	0.5300999999999476	trials	port_entry
10343.7993	0.3899999999994179	trials	port_entry
10344.209266666667	1.2800333333325398	trials	port_entry
10345.569300000001	0.22000000000116415	trials	port_entry
10360.999300000001	0.5400000000008731	trials	port_entry
10361.6493	0.020000000000436557	trials	port_entry
10361.6893	0.1900000000023283	trials	port_entry
10361.8993	1.2800000000024738	trials	port_entry
10363.769300000002	0.059999999997671694	trials	port_entry
10364.199300000002	0.06999999999970896	trials	port_entry
10364.289300000002	0.06999999999970896	trials	port_entry
10364.8293	0.020000000000436557	trials	port_entry
10365.449300000002	0.059999999997671694	trials	port_entry
10367.609300000002	0.020000000000436557	trials	port_entry
10379.759333333333	1.7299999999995634	trials	reward_stimulus_presentation
10380.7593	0.7999333333355025	trials	reward_delivery
10381.089333333335	5.669866666667076	trials	port_entry
10421.039366666666	0.1500000000014552	trials	port_entry
10452.389400000002	0.9399999999986903	trials	port_entry
10469.7594	20.000033333333704	trials	neutral_stimulus_presentation
10494.659433333332	1.5800000000017462	trials	port_entry
10517.529433333335	0.06999999999970896	trials	port_entry
10518.839433333333	0.2600333333357412	trials	port_entry
10524.469433333334	0.040000000000873115	trials	port_entry
10526.099433333335	0.18000000000029104	trials	port_entry
10526.809333333333	0.15996666666978854	trials	port_entry
10527.089333333335	0.020000000000436557	trials	port_entry
10527.179300000002	0.08003333333181217	trials	port_entry
10528.079366666667	0.019966666666732635	trials	port_entry
10532.409433333332	0.020000000000436557	trials	port_entry
10533.119433333335	0.04993333333186456	trials	port_entry
10533.259433333335	0.05996666666760575	trials	port_entry
10533.6694	0.02003333333414048	trials	port_entry
10533.999433333332	0.23000000000320142	trials	port_entry
10534.359433333333	0.049999999999272404	trials	port_entry
10539.88946666667	0.09999999999854481	trials	port_entry
10554.759466666668	2.0799999999981083	trials	reward_stimulus_presentation
10555.759466666668	0.7999999999992724	trials	reward_delivery
10556.439466666669	5.639999999999418	trials	port_entry
10617.639433333336	0.9799999999995634	trials	port_entry
10621.849466666668	0.040000000000873115	trials	port_entry
10622.059466666668	0.20999999999912689	trials	port_entry
10622.579500000002	0.029966666665131925	trials	port_entry
10624.119466666669	0.029999999998835847	trials	port_entry
10644.759566666666	20.0	trials	neutral_stimulus_presentation
10650.179566666668	0.020000000000436557	trials	port_entry
10650.939566666666	0.030000000002473826	trials	port_entry
10650.999566666667	0.049999999999272404	trials	port_entry
10651.069566666667	0.38000000000101863	trials	port_entry
10651.699566666668	0.3200333333334129	trials	port_entry
10697.309633333332	4.1599666666697885	trials	port_entry
10717.859633333335	0.8499999999985448	trials	port_entry
10718.769633333335	1.2800333333325398	trials	port_entry
10730.799666666668	0.819999999999709	trials	port_entry
10732.709666666668	0.5999999999985448	trials	port_entry
10733.329666666667	0.7800000000024738	trials	port_entry
10734.239666666666	0.13999999999941792	trials	port_entry
10739.759633333333	20.00090000000273	trials	shock_stimulus_presentation
10757.5097	1.0	trials	port_entry
10759.559666666666	0.3000333333329763	trials	shock_relay
10759.750533333334	0.4791666666678793	trials	port_entry
10760.279700000001	0.2000000000007276	trials	port_entry
10769.8497	0.06000000000130967	trials	port_entry
10770.2397	0.020000000000436557	trials	port_entry
10770.279700000001	0.040000000000873115	trials	port_entry
10770.529666666667	0.2700333333341405	trials	port_entry
10770.829666666667	0.18003333333399496	trials	port_entry
10772.3297	0.06999999999970896	trials	port_entry
10772.5797	0.08000000000174623	trials	port_entry
10773.9197	0.049999999999272404	trials	port_entry
10774.139700000002	0.029999999998835847	trials	port_entry
10775.639700000002	0.020000000000436557	trials	port_entry
10775.709700000001	0.2000000000007276	trials	port_entry
10775.959700000001	0.020000000000436557	trials	port_entry
10776.639700000002	0.5299999999988358	trials	port_entry
10777.1897	0.09999999999854481	trials	port_entry
10792.839700000002	0.40003333333152113	trials	port_entry
10815.259733333334	0.7400000000016007	trials	port_entry
10829.7597	20.000066666667408	trials	neutral_stimulus_presentation
10832.94966666667	0.37010000000009313	trials	port_entry
10833.399766666667	0.019966666666732635	trials	port_entry
10833.439766666668	0.020000000000436557	trials	port_entry
10833.579766666668	0.019933333333028713	trials	port_entry
10833.639633333334	0.02003333333414048	trials	port_entry
10833.819700000002	0.020066666664206423	trials	port_entry
10834.009666666667	0.030099999999947613	trials	port_entry
10835.559633333332	0.020000000000436557	trials	port_entry
10835.789600000002	0.08003333333181217	trials	port_entry
10846.439766666668	0.8600000000005821	trials	port_entry
10854.639766666669	0.05996666666396777	trials	port_entry
10854.719766666667	0.02993333333506598	trials	port_entry
10856.539766666667	0.06999999999970896	trials	port_entry
10856.669766666668	0.049999999999272404	trials	port_entry
10856.97976666667	0.08003333333181217	trials	port_entry
10858.459766666669	0.029999999998835847	trials	port_entry
10858.639766666669	0.01999999999679858	trials	port_entry
10858.679766666666	0.030000000002473826	trials	port_entry
10858.7898	0.4999666666662961	trials	port_entry
10859.339766666666	0.030033333336177748	trials	port_entry
10859.549766666669	0.07999999999810825	trials	port_entry
10859.749766666666	0.020000000000436557	trials	port_entry
10860.049700000001	0.0900999999976193	trials	port_entry
10860.839766666666	0.06000000000130967	trials	port_entry
10861.289766666667	0.020000000000436557	trials	port_entry
10861.409766666666	0.020000000000436557	trials	port_entry
10862.5198	0.029966666668769903	trials	port_entry
10864.199766666667	0.2700333333341405	trials	port_entry
10869.759800000002	0.6499999999978172	trials	port_entry
10906.7298	0.15999999999985448	trials	port_entry
10909.759733333334	20.001466666664783	trials	shock_stimulus_presentation
10923.029766666668	0.11006666666435194	trials	port_entry
10929.559766666667	0.2999999999992724	trials	shock_relay
10999.759866666669	14.850066666665953	trials	reward_stimulus_presentation
11000.7599	0.8000000000029104	trials	reward_delivery
11014.209933333334	1.1900000000023283	trials	port_entry
11015.439933333333	0.0699333333359391	trials	port_entry
11015.569933333334	0.09000000000014552	trials	port_entry
11015.719933333336	0.06999999999970896	trials	port_entry
11069.424333333334	0.10016666666706442	trials	phototagging
11070.4259	0.10016666666706442	trials	phototagging
11071.427433333332	0.10016666666706442	trials	phototagging
11072.429000000002	0.1001333333333605	trials	phototagging
11073.430533333334	0.10016666666706442	trials	phototagging
11074.4321	0.1001333333333605	trials	phototagging
11075.13	0.319966666669643	trials	port_entry
11075.433633333336	0.10016666666342644	trials	phototagging
11076.435166666668	0.10016666666706442	trials	phototagging
11077.436733333334	0.10016666666706442	trials	phototagging
11078.438266666666	0.10016666666706442	trials	phototagging
11079.439833333336	0.1001333333333605	trials	phototagging
11080.441366666668	0.10016666666706442	trials	phototagging
11091.458400000001	0.005000000001018634	trials	phototagging
11091.4684	0.005033333334722556	trials	phototagging
11091.478433333335	0.004999999997380655	trials	phototagging
11091.488433333334	0.005033333334722556	trials	phototagging
11091.498466666666	0.005000000001018634	trials	phototagging
11091.508466666668	0.005000000001018634	trials	phototagging
11091.5185	0.005000000001018634	trials	phototagging
11091.528500000002	0.004999999997380655	trials	phototagging
11091.538533333334	0.005000000001018634	trials	phototagging
11091.548533333333	0.005000000001018634	trials	phototagging
11091.558566666668	0.004999999997380655	trials	phototagging
11091.568566666667	0.005000000001018634	trials	phototagging
11091.578600000003	0.004999999997380655	trials	phototagging
11091.588600000001	0.005000000001018634	trials	phototagging
11091.5986	0.005033333334722556	trials	phototagging
11091.608633333335	0.004999999997380655	trials	phototagging
11091.618633333333	0.005033333334722556	trials	phototagging
11091.62866666667	0.004999999997380655	trials	phototagging
11091.638666666668	0.005000000001018634	trials	phototagging
11091.6487	0.005000000001018634	trials	phototagging
11091.658700000002	0.004999999997380655	trials	phototagging
11091.668733333334	0.005000000001018634	trials	phototagging
11091.678733333336	0.004999999997380655	trials	phototagging
11091.688733333334	0.005033333334722556	trials	phototagging
11091.698766666666	0.005000000001018634	trials	phototagging
11091.708766666668	0.005033333331084577	trials	phototagging
11091.7188	0.005000000001018634	trials	phototagging
11091.728800000003	0.005033333331084577	trials	phototagging
11091.738833333335	0.005000000001018634	trials	phototagging
11091.748833333333	0.005000000001018634	trials	phototagging
11101.774333333333	0.01003333333574119	trials	phototagging
11101.8745	0.010000000002037268	trials	phototagging
11101.974633333333	0.01003333333574119	trials	phototagging
11102.0748	0.010000000002037268	trials	phototagging
11102.174966666667	0.00999999999839929	trials	phototagging
11102.2751	0.010033333332103211	trials	phototagging
11102.375266666668	0.010033333332103211	trials	phototagging
11102.475433333335	0.00999999999839929	trials	phototagging
11102.575566666668	0.010033333332103211	trials	phototagging
11102.675733333335	0.00999999999839929	trials	phototagging
11102.775900000002	0.00999999999839929	trials	phototagging
11102.876033333336	0.010033333332103211	trials	phototagging
11102.9762	0.010000000002037268	trials	phototagging
11103.076333333333	0.01003333333574119	trials	phototagging
11103.1765	0.01003333333574119	trials	phototagging
11103.276666666667	0.010000000002037268	trials	phototagging
11103.376833333334	0.010000000002037268	trials	phototagging
11103.476966666667	0.010000000002037268	trials	phototagging
11103.577133333334	0.00999999999839929	trials	phototagging
11103.677266666667	0.010033333332103211	trials	phototagging
11103.777433333335	0.00999999999839929	trials	phototagging
11103.877600000002	0.00999999999839929	trials	phototagging
11103.977733333335	0.010033333332103211	trials	phototagging
11104.077900000002	0.010033333332103211	trials	phototagging
11104.17806666667	0.00999999999839929	trials	phototagging
11104.278200000002	0.010033333332103211	trials	phototagging
11104.378366666666	0.010000000002037268	trials	phototagging
11104.478533333333	0.010000000002037268	trials	phototagging
11104.578666666666	0.01003333333574119	trials	phototagging
11104.678833333333	0.010000000002037268	trials	phototagging
11114.794466666668	0.005000000001018634	trials	phototagging
11115.796	0.005000000001018634	trials	phototagging
11116.797566666666	0.005000000001018634	trials	phototagging
11117.799100000002	0.004999999997380655	trials	phototagging
11118.800633333334	0.005033333334722556	trials	phototagging
11119.8022	0.005000000001018634	trials	phototagging
11120.803733333336	0.004999999997380655	trials	phototagging
11121.805300000002	0.004999999997380655	trials	phototagging
11122.806833333334	0.005000000001018634	trials	phototagging
11123.808366666666	0.005033333334722556	trials	phototagging
11124.809933333336	0.004999999997380655	trials	phototagging
11125.811466666668	0.005033333331084577	trials	phototagging
11126.813033333334	0.005000000001018634	trials	phototagging
11127.814566666666	0.005000000001018634	trials	phototagging
11128.816133333336	0.004999999997380655	trials	phototagging
11129.817666666668	0.005000000001018634	trials	phototagging
11130.819233333334	0.005000000001018634	trials	phototagging
11131.820766666666	0.005000000001018634	trials	phototagging
11132.822300000002	0.005033333331084577	trials	phototagging
11133.823866666668	0.005000000001018634	trials	phototagging
11134.8254	0.005000000001018634	trials	phototagging
11135.82696666667	0.004999999997380655	trials	phototagging
11136.828500000001	0.005000000001018634	trials	phototagging
11137.830033333334	0.005033333334722556	trials	phototagging
11138.8316	0.005000000001018634	trials	phototagging
11139.833133333335	0.004999999997380655	trials	phototagging
11140.834700000001	0.005000000001018634	trials	phototagging
11141.836233333333	0.005000000001018634	trials	phototagging
11142.83776666667	0.005033333331084577	trials	phototagging
11143.839333333335	0.004999999997380655	trials	phototagging
11154.856333333335	0.005033333331084577	trials	phototagging
11155.8579	0.005000000001018634	trials	phototagging
11156.859433333333	0.005033333334722556	trials	phototagging
11157.861000000003	0.004999999997380655	trials	phototagging
11158.862533333335	0.005033333331084577	trials	phototagging
11159.8641	0.005000000001018634	trials	phototagging
11160.865633333333	0.005000000001018634	trials	phototagging
11161.867200000002	0.004999999997380655	trials	phototagging
11162.868733333335	0.005000000001018634	trials	phototagging
11163.870266666667	0.005033333334722556	trials	phototagging
11164.871833333333	0.005000000001018634	trials	phototagging
11165.873366666669	0.004999999997380655	trials	phototagging
11166.874933333334	0.005000000001018634	trials	phototagging
11167.876466666667	0.005000000001018634	trials	phototagging
11168.878033333332	0.005000000001018634	trials	phototagging
11169.879566666668	0.004999999997380655	trials	phototagging
11170.8811	0.005000000001018634	trials	phototagging
11171.882666666666	0.005000000001018634	trials	phototagging
11172.884200000002	0.004999999997380655	trials	phototagging
11173.885766666668	0.005000000001018634	trials	phototagging
11174.8873	0.005000000001018634	trials	phototagging
11175.888833333333	0.005000000001018634	trials	phototagging
11176.890400000002	0.004999999997380655	trials	phototagging
11177.891933333334	0.005000000001018634	trials	phototagging
11178.8935	0.005000000001018634	trials	phototagging
11179.895033333336	0.004999999997380655	trials	phototagging
11180.896600000002	0.004999999997380655	trials	phototagging
11181.898133333334	0.005000000001018634	trials	phototagging
11182.899666666666	0.005033333334722556	trials	phototagging
11183.901233333336	0.004999999997380655	trials	phototagging
11194.918233333336	0.010033333332103211	trials	phototagging
11195.018399999999	0.010000000002037268	trials	phototagging
11195.118566666666	0.010000000002037268	trials	phototagging
11195.2187	0.01003333333574119	trials	phototagging
11195.318866666667	0.010000000002037268	trials	phototagging
11195.419033333334	0.010000000002037268	trials	phototagging
11195.519166666667	0.010033333332103211	trials	phototagging
11195.619333333334	0.010033333332103211	trials	phototagging
11195.719500000001	0.00999999999839929	trials	phototagging
11195.819633333334	0.010033333332103211	trials	phototagging
11195.919800000001	0.00999999999839929	trials	phototagging
11196.019933333335	0.010033333332103211	trials	phototagging
11196.120100000002	0.010033333332103211	trials	phototagging
11196.220266666669	0.00999999999839929	trials	phototagging
11196.320400000002	0.010033333332103211	trials	phototagging
11196.420566666666	0.01003333333574119	trials	phototagging
11196.520733333333	0.010000000002037268	trials	phototagging
11196.620866666666	0.01003333333574119	trials	phototagging
11196.721033333333	0.010000000002037268	trials	phototagging
11196.8212	0.010000000002037268	trials	phototagging
11196.921333333334	0.010033333332103211	trials	phototagging
11197.0215	0.010033333332103211	trials	phototagging
11197.121666666668	0.00999999999839929	trials	phototagging
11197.221800000001	0.010033333332103211	trials	phototagging
11197.321966666668	0.00999999999839929	trials	phototagging
11197.422133333335	0.00999999999839929	trials	phototagging
11197.522266666669	0.010033333332103211	trials	phototagging
11197.622433333336	0.00999999999839929	trials	phototagging
11197.722566666669	0.010033333332103211	trials	phototagging
11197.822733333333	0.01003333333574119	trials	phototagging
11207.938366666667	0.005000000001018634	trials	phototagging
11208.9399	0.005033333334722556	trials	phototagging
11209.941466666669	0.004999999997380655	trials	phototagging
11210.943000000001	0.005000000001018634	trials	phototagging
11211.944566666667	0.005000000001018634	trials	phototagging
11212.9461	0.005000000001018634	trials	phototagging
11213.947666666669	0.004999999997380655	trials	phototagging
11214.949200000001	0.005000000001018634	trials	phototagging
11215.950733333333	0.005000000001018634	trials	phototagging
11216.952299999999	0.005000000001018634	trials	phototagging
11217.953833333335	0.005000000001018634	trials	phototagging
11218.9554	0.005000000001018634	trials	phototagging
11219.956933333333	0.005000000001018634	trials	phototagging
11220.958466666669	0.005033333331084577	trials	phototagging
11221.960033333335	0.005000000001018634	trials	phototagging
11222.961566666667	0.005033333334722556	trials	phototagging
11223.963133333333	0.005000000001018634	trials	phototagging
11224.964666666669	0.004999999997380655	trials	phototagging
11225.966233333334	0.005000000001018634	trials	phototagging
11226.967766666667	0.005000000001018634	trials	phototagging
11227.969333333333	0.005000000001018634	trials	phototagging
11228.970866666668	0.004999999997380655	trials	phototagging
11229.9724	0.005033333334722556	trials	phototagging
11230.973966666666	0.005000000001018634	trials	phototagging
11231.975500000002	0.004999999997380655	trials	phototagging
11232.977066666668	0.005000000001018634	trials	phototagging
11233.9786	0.005000000001018634	trials	phototagging
11234.980166666666	0.005000000001018634	trials	phototagging
11235.981700000002	0.004999999997380655	trials	phototagging
11236.983233333334	0.005000000001018634	trials	phototagging
11248.000266666668	0.005000000001018634	trials	phototagging
11248.0103	0.005000000001018634	trials	phototagging
11248.020300000002	0.004999999997380655	trials	phototagging
11248.0303	0.005033333334722556	trials	phototagging
11248.040333333332	0.005000000001018634	trials	phototagging
11248.050333333334	0.005033333334722556	trials	phototagging
11248.060366666667	0.005000000001018634	trials	phototagging
11248.070366666669	0.004999999997380655	trials	phototagging
11248.0804	0.005000000001018634	trials	phototagging
11248.0904	0.005000000001018634	trials	phototagging
11248.100433333335	0.005000000001018634	trials	phototagging
11248.110433333333	0.005000000001018634	trials	phototagging
11248.120433333335	0.005033333331084577	trials	phototagging
11248.130466666667	0.005000000001018634	trials	phototagging
11248.140466666666	0.005033333334722556	trials	phototagging
11248.150500000002	0.005000000001018634	trials	phototagging
11248.1605	0.005033333334722556	trials	phototagging
11248.170533333336	0.004999999997380655	trials	phototagging
11248.180533333334	0.005000000001018634	trials	phototagging
11248.190566666666	0.005000000001018634	trials	phototagging
11248.200566666668	0.005033333331084577	trials	phototagging
11248.2106	0.005000000001018634	trials	phototagging
11248.220600000002	0.004999999997380655	trials	phototagging
11248.230633333334	0.005000000001018634	trials	phototagging
11248.240633333333	0.005033333334722556	trials	phototagging
11248.250666666669	0.004999999997380655	trials	phototagging
11248.260666666667	0.005000000001018634	trials	phototagging
11248.270666666669	0.005033333331084577	trials	phototagging
11248.280700000001	0.005000000001018634	trials	phototagging
11248.290733333333	0.005000000001018634	trials	phototagging
11258.3162	0.01003333333574119	trials	phototagging
11258.416366666666	0.010000000002037268	trials	phototagging
11258.5165	0.01003333333574119	trials	phototagging
11258.616666666667	0.01003333333574119	trials	phototagging
11258.716833333334	0.010000000002037268	trials	phototagging
11258.816966666667	0.010033333332103211	trials	phototagging
11258.917133333334	0.010033333332103211	trials	phototagging
11259.017300000001	0.00999999999839929	trials	phototagging
11259.117433333335	0.010033333332103211	trials	phototagging
11259.217600000002	0.00999999999839929	trials	phototagging
11259.317733333335	0.010033333332103211	trials	phototagging
11259.417900000002	0.010033333332103211	trials	phototagging
11259.51806666667	0.010033333332103211	trials	phototagging
11259.618233333333	0.010000000002037268	trials	phototagging
11259.718366666666	0.01003333333574119	trials	phototagging
11259.818533333333	0.010000000002037268	trials	phototagging
11259.918666666666	0.01003333333574119	trials	phototagging
11260.018833333334	0.01003333333574119	trials	phototagging
11260.119	0.00999999999839929	trials	phototagging
11260.219133333334	0.010033333332103211	trials	phototagging
11260.319300000001	0.00999999999839929	trials	phototagging
11260.419466666668	0.00999999999839929	trials	phototagging
11260.519600000001	0.010033333332103211	trials	phototagging
11260.619766666669	0.010033333332103211	trials	phototagging
11260.719933333336	0.00999999999839929	trials	phototagging
11260.820066666669	0.010033333332103211	trials	phototagging
11260.920233333332	0.010000000002037268	trials	phototagging
11261.0204	0.010000000002037268	trials	phototagging
11261.120533333333	0.01003333333574119	trials	phototagging
11261.2207	0.010000000002037268	trials	phototagging
11271.336333333335	0.1001333333333605	trials	phototagging
11272.337866666667	0.10016666666706442	trials	phototagging
11273.339400000003	0.10016666666342644	trials	phototagging
11274.340966666668	0.10016666666706442	trials	phototagging
11275.3425	0.10016666666706442	trials	phototagging
11276.344066666667	0.1001333333333605	trials	phototagging
11277.345600000002	0.10016666666342644	trials	phototagging
11278.347166666668	0.1001333333333605	trials	phototagging
11279.3487	0.10016666666706442	trials	phototagging
11280.350266666666	0.1001333333333605	trials	phototagging
11281.351800000002	0.1001333333333605	trials	phototagging
11282.353333333334	0.10016666666706442	trials	phototagging
11293.370366666668	0.005000000001018634	trials	phototagging
11293.3804	0.005000000001018634	trials	phototagging
11293.390400000002	0.004999999997380655	trials	phototagging
11293.4004	0.005033333334722556	trials	phototagging
11293.410433333333	0.005000000001018634	trials	phototagging
11293.420433333335	0.005033333331084577	trials	phototagging
11293.430466666667	0.005000000001018634	trials	phototagging
11293.440466666669	0.005033333331084577	trials	phototagging
11293.4505	0.005000000001018634	trials	phototagging
11293.4605	0.005000000001018634	trials	phototagging
11293.470533333335	0.004999999997380655	trials	phototagging
11293.480533333333	0.005033333334722556	trials	phototagging
11293.49056666667	0.004999999997380655	trials	phototagging
11293.500566666668	0.005000000001018634	trials	phototagging
11293.5106	0.005000000001018634	trials	phototagging
11293.520600000002	0.004999999997380655	trials	phototagging
11293.530633333334	0.005000000001018634	trials	phototagging
11293.540633333336	0.004999999997380655	trials	phototagging
11293.550633333334	0.005033333334722556	trials	phototagging
11293.560666666666	0.005000000001018634	trials	phototagging
11293.570666666668	0.005033333331084577	trials	phototagging
11293.5807	0.005000000001018634	trials	phototagging
11293.590700000002	0.004999999997380655	trials	phototagging
11293.600733333335	0.005000000001018634	trials	phototagging
11293.610733333333	0.005000000001018634	trials	phototagging
11293.620766666669	0.004999999997380655	trials	phototagging
11293.630766666667	0.005000000001018634	trials	phototagging
11293.64076666667	0.005033333331084577	trials	phototagging
11293.650800000001	0.005000000001018634	trials	phototagging
11293.6608	0.005033333334722556	trials	phototagging
11303.6863	0.10016666666706442	trials	phototagging
11304.687866666669	0.1001333333333605	trials	phototagging
11305.689400000001	0.10016666666706442	trials	phototagging
11306.690966666667	0.1001333333333605	trials	phototagging
11307.6925	0.10016666666706442	trials	phototagging
11308.694033333335	0.10016666666706442	trials	phototagging
11309.695600000001	0.1001333333333605	trials	phototagging
11310.697133333333	0.10016666666706442	trials	phototagging
11311.698699999999	0.1001333333333605	trials	phototagging
11312.700233333335	0.10016666666706442	trials	phototagging
11313.701766666667	0.10016666666706442	trials	phototagging
11314.703333333333	0.1001333333333605	trials	phototagging
11325.720366666666	0.010000000002037268	trials	phototagging
11325.8205	0.01003333333574119	trials	phototagging
11325.920666666667	0.010000000002037268	trials	phototagging
11326.0208	0.010033333332103211	trials	phototagging
11326.120966666667	0.010033333332103211	trials	phototagging
11326.221133333334	0.00999999999839929	trials	phototagging
11326.321300000001	0.00999999999839929	trials	phototagging
11326.421433333335	0.010033333332103211	trials	phototagging
11326.521600000002	0.00999999999839929	trials	phototagging
11326.621733333335	0.010033333332103211	trials	phototagging
11326.721900000002	0.00999999999839929	trials	phototagging
11326.822066666666	0.010000000002037268	trials	phototagging
11326.922199999999	0.01003333333574119	trials	phototagging
11327.022366666666	0.010000000002037268	trials	phototagging
11327.1225	0.01003333333574119	trials	phototagging
11327.222666666667	0.01003333333574119	trials	phototagging
11327.322833333334	0.010000000002037268	trials	phototagging
11327.423	0.00999999999839929	trials	phototagging
11327.523133333334	0.010033333332103211	trials	phototagging
11327.623300000001	0.00999999999839929	trials	phototagging
11327.723433333334	0.010033333332103211	trials	phototagging
11327.823600000002	0.010033333332103211	trials	phototagging
11327.923766666669	0.00999999999839929	trials	phototagging
11328.023900000002	0.010033333332103211	trials	phototagging
11328.124066666669	0.010033333332103211	trials	phototagging
11328.224233333332	0.010000000002037268	trials	phototagging
11328.3244	0.010000000002037268	trials	phototagging
11328.424533333333	0.010000000002037268	trials	phototagging
11328.5247	0.010000000002037268	trials	phototagging
11328.624833333333	0.01003333333574119	trials	phototagging
11338.740466666668	0.005000000001018634	trials	phototagging
11339.742033333334	0.005000000001018634	trials	phototagging
11340.743566666666	0.005000000001018634	trials	phototagging
11341.745133333336	0.004999999997380655	trials	phototagging
11342.746666666668	0.005000000001018634	trials	phototagging
11343.7482	0.005033333334722556	trials	phototagging
11344.749766666666	0.005000000001018634	trials	phototagging
11345.751300000002	0.004999999997380655	trials	phototagging
11346.752866666668	0.005000000001018634	trials	phototagging
11347.7544	0.005000000001018634	trials	phototagging
11348.755966666666	0.005000000001018634	trials	phototagging
11349.757500000002	0.005000000001018634	trials	phototagging
11350.759033333334	0.005000000001018634	trials	phototagging
11351.7606	0.005000000001018634	trials	phototagging
11352.762133333335	0.005033333331084577	trials	phototagging
11353.763700000001	0.005000000001018634	trials	phototagging
11354.765233333334	0.005000000001018634	trials	phototagging
11355.766766666666	0.005033333334722556	trials	phototagging
11356.768333333335	0.004999999997380655	trials	phototagging
11357.769866666667	0.005033333334722556	trials	phototagging
11358.771433333333	0.005000000001018634	trials	phototagging
11359.77296666667	0.005033333331084577	trials	phototagging
11360.774533333335	0.004999999997380655	trials	phototagging
11361.776066666667	0.005000000001018634	trials	phototagging
11362.777633333333	0.005000000001018634	trials	phototagging
11363.779166666669	0.004999999997380655	trials	phototagging
11364.780733333335	0.005000000001018634	trials	phototagging
11365.782266666667	0.005000000001018634	trials	phototagging
11366.7838	0.005033333334722556	trials	phototagging
11367.785366666669	0.004999999997380655	trials	phototagging
11378.802366666669	0.005033333331084577	trials	phototagging
11379.803933333334	0.005000000001018634	trials	phototagging
11380.805466666667	0.005033333334722556	trials	phototagging
11381.807033333333	0.005000000001018634	trials	phototagging
11382.808566666668	0.004999999997380655	trials	phototagging
11383.810133333334	0.005000000001018634	trials	phototagging
11384.811666666666	0.005000000001018634	trials	phototagging
11385.813233333332	0.005000000001018634	trials	phototagging
11386.814766666668	0.005000000001018634	trials	phototagging
11387.8163	0.005033333334722556	trials	phototagging
11388.817866666666	0.005000000001018634	trials	phototagging
11389.819400000002	0.004999999997380655	trials	phototagging
11390.820966666668	0.005000000001018634	trials	phototagging
11391.8225	0.005000000001018634	trials	phototagging
11392.824033333332	0.005033333334722556	trials	phototagging
11393.825600000002	0.004999999997380655	trials	phototagging
11394.827133333334	0.005000000001018634	trials	phototagging
11395.8287	0.005000000001018634	trials	phototagging
11396.830233333336	0.004999999997380655	trials	phototagging
11397.831766666668	0.005033333331084577	trials	phototagging
11398.833333333334	0.005000000001018634	trials	phototagging
11399.834866666666	0.005033333334722556	trials	phototagging
11400.836433333336	0.004999999997380655	trials	phototagging
11401.837966666668	0.005033333334722556	trials	phototagging
11402.839533333334	0.005000000001018634	trials	phototagging
11403.841066666666	0.005000000001018634	trials	phototagging
11404.842633333335	0.004999999997380655	trials	phototagging
11405.844166666668	0.005000000001018634	trials	phototagging
11406.8457	0.005033333334722556	trials	phototagging
11407.847266666666	0.005000000001018634	trials	phototagging
11418.86426666667	0.010033333332103211	trials	phototagging
11418.964433333333	0.01003333333574119	trials	phototagging
11419.0646	0.010000000002037268	trials	phototagging
11419.164733333333	0.01003333333574119	trials	phototagging
11419.2649	0.01003333333574119	trials	phototagging
11419.365066666667	0.010000000002037268	trials	phototagging
11419.4652	0.010033333332103211	trials	phototagging
11419.565366666668	0.00999999999839929	trials	phototagging
11419.665533333335	0.00999999999839929	trials	phototagging
11419.765666666668	0.010033333332103211	trials	phototagging
11419.865833333335	0.010033333332103211	trials	phototagging
11419.966000000002	0.00999999999839929	trials	phototagging
11420.066133333336	0.010033333332103211	trials	phototagging
11420.166300000003	0.00999999999839929	trials	phototagging
11420.266466666666	0.010000000002037268	trials	phototagging
11420.3666	0.010000000002037268	trials	phototagging
11420.466766666666	0.010000000002037268	trials	phototagging
11420.5669	0.01003333333574119	trials	phototagging
11420.667066666667	0.01003333333574119	trials	phototagging
11420.767233333334	0.00999999999839929	trials	phototagging
11420.867400000001	0.00999999999839929	trials	phototagging
11420.967533333334	0.00999999999839929	trials	phototagging
11421.067700000001	0.00999999999839929	trials	phototagging
11421.167833333335	0.010033333332103211	trials	phototagging
11421.268000000002	0.00999999999839929	trials	phototagging
11421.368133333335	0.010033333332103211	trials	phototagging
11421.468300000002	0.010033333332103211	trials	phototagging
11421.568466666666	0.010000000002037268	trials	phototagging
11421.668633333333	0.010000000002037268	trials	phototagging
11421.768766666666	0.01003333333574119	trials	phototagging
