onset	duration	nwb_table	trial_type
112.6762	0.3699666666666417	trials	shock_relay
119.52659999999997	1.4996666666666556	trials	port_entry
126.27629999999999	0.24996666666663714	trials	port_entry
126.56626666666665	0.2599999999999909	trials	port_entry
172.80629999999996	0.5600000000000023	trials	port_entry
190.2663	0.2400000000000091	trials	port_entry
232.50626666666665	1.080066666666653	trials	port_entry
239.9663	0.1900333333333606	trials	port_entry
263.9463	0.6899999999999977	trials	port_entry
305.1963666666667	0.1799666666667008	trials	port_entry
323.08636666666666	0.5199333333333698	trials	port_entry
323.6563666666666	0.09000000000003183	trials	port_entry
333.4864	17.58996666666667	trials	reward_stimulus_presentation
334.48636666666664	0.7999666666667054	trials	reward_delivery
350.6763666666667	0.25	trials	port_entry
375.19640000000004	0.3899666666666235	trials	port_entry
397.8364	0.2599999999999909	trials	port_entry
398.3864	0.6200000000000045	trials	port_entry
401.08636666666666	0.5299999999999727	trials	port_entry
401.73636666666664	0.3300000000000409	trials	port_entry
423.48643333333337	8.810033333333308	trials	reward_stimulus_presentation
424.4864	0.7999999999999545	trials	reward_delivery
431.89639999999997	0.1900666666666666	trials	port_entry
432.10643333333337	0.49003333333325827	trials	port_entry
435.8364333333333	0.2899333333333516	trials	port_entry
455.90639999999996	4.040000000000077	trials	port_entry
462.82640000000004	0.01999999999998181	trials	port_entry
513.4864666666666	11.350000000000023	trials	reward_stimulus_presentation
514.4864333333334	0.7999999999999545	trials	reward_delivery
524.4364666666667	1.5199999999999818	trials	port_entry
562.3664666666666	0.6099666666667645	trials	port_entry
597.7864666666667	0.5800333333332901	trials	port_entry
603.4865333333333	20.000033333333363	trials	neutral_stimulus_presentation
614.2964666666667	1.5100333333333538	trials	port_entry
619.1264666666666	0.04003333333344017	trials	port_entry
620.9465	0.30999999999994543	trials	port_entry
621.3065	0.2799999999999727	trials	port_entry
623.8265666666666	0.43990000000007967	trials	port_entry
665.2165333333334	1.5099333333332652	trials	port_entry
667.6965	0.840033333333281	trials	port_entry
688.4865666666667	1.0499666666665917	trials	reward_stimulus_presentation
689.1365	0.17003333333332193	trials	port_entry
689.3565	3.980033333333381	trials	port_entry
689.4865333333333	0.7999666666667054	trials	reward_delivery
695.6164666666666	4.550100000000043	trials	port_entry
701.0565666666666	1.6299999999999955	trials	port_entry
705.2465666666667	1.4800000000000182	trials	port_entry
707.0765666666666	1.6299333333333834	trials	port_entry
711.3465666666666	0.2299000000000433	trials	port_entry
711.6965	0.5701000000000249	trials	port_entry
743.5165666666667	1.9600000000000364	trials	port_entry
758.3965666666667	0.6700333333333219	trials	port_entry
771.6465666666667	0.9800333333332674	trials	port_entry
778.4866	20.012699999999995	trials	shock_stimulus_presentation
798.2865666666667	0.30999999999994543	trials	shock_relay
803.7965666666666	2.25	trials	port_entry
806.7265666666667	0.9699333333333016	trials	port_entry
834.7466333333333	0.849999999999909	trials	port_entry
853.9265999999999	3.4700000000000273	trials	port_entry
857.4365666666666	1.210066666666762	trials	port_entry
860.6166	2.6000333333333856	trials	port_entry
865.2766	1.2900333333332128	trials	port_entry
873.4967	0.7799999999999727	trials	reward_stimulus_presentation
873.8766999999999	1.5999000000001615	trials	port_entry
874.4966666666666	0.7999666666667054	trials	reward_delivery
877.9066333333334	2.349999999999909	trials	port_entry
885.6566333333334	0.9900000000000091	trials	port_entry
911.7566666666665	1.7800000000002	trials	port_entry
913.6666333333334	0.9600000000000364	trials	port_entry
914.9666666666666	2.459966666666787	trials	port_entry
918.7667	2.0599333333332197	trials	port_entry
933.8666333333334	1.2000333333332946	trials	port_entry
940.7566666666665	1.1700000000000728	trials	port_entry
948.8766666666667	1.9100000000000819	trials	port_entry
953.8066666666667	0.5699999999999363	trials	port_entry
957.8866666666667	2.8099999999999454	trials	port_entry
963.4967	20.0	trials	neutral_stimulus_presentation
977.4167333333334	0.7099666666665598	trials	port_entry
980.3566999999999	0.7999666666667054	trials	port_entry
981.2167000000001	0.03996666666648707	trials	port_entry
983.9667000000001	0.5499999999999545	trials	port_entry
988.4066999999999	1.5200000000002092	trials	port_entry
992.3966666666666	0.1000333333333856	trials	port_entry
1034.7767333333331	0.4800333333337221	trials	port_entry
1043.4967666666666	1.7599666666665144	trials	reward_stimulus_presentation
1044.4967333333334	0.7999999999997272	trials	reward_delivery
1044.8567333333335	0.4099999999998545	trials	port_entry
1048.4667333333332	0.8499333333334107	trials	port_entry
1071.0267333333331	0.38000000000010914	trials	port_entry
1071.6467333333335	0.29999999999972715	trials	port_entry
1104.7967666666668	22.789999999999964	trials	port_entry
1127.7367666666669	2.3500333333331582	trials	port_entry
1130.3467666666666	2.0399999999999636	trials	port_entry
1133.1267666666668	0.01999999999998181	trials	port_entry
1133.1667666666667	0.02999999999974534	trials	port_entry
1133.4968	20.001900000000205	trials	shock_stimulus_presentation
1150.5868	1.0599666666666963	trials	port_entry
1153.2968333333333	0.299966666666478	trials	shock_relay
1164.4968	1.949966666666569	trials	port_entry
1166.5567666666666	0.4100333333335584	trials	port_entry
1168.4068666666667	1.7199666666665507	trials	port_entry
1172.2867666666666	1.2200333333335038	trials	port_entry
1175.6468333333332	0.6899666666668054	trials	port_entry
1178.6568000000002	1.220033333333049	trials	port_entry
1186.4368333333332	0.3700000000003456	trials	port_entry
1196.1067666666668	0.2500333333332492	trials	port_entry
1196.4068000000002	2.2600333333330127	trials	port_entry
1202.7268	0.8000000000001819	trials	port_entry
1205.8368333333333	0.3200000000001637	trials	port_entry
1227.8669	0.11993333333339251	trials	port_entry
1228.0668333333333	3.8100333333331946	trials	port_entry
1233.4968666666668	3.019966666666278	trials	reward_stimulus_presentation
1234.4968333333331	0.8000000000001819	trials	reward_delivery
1236.1167999999998	0.2100333333337403	trials	port_entry
1236.3668333333335	15.130033333333358	trials	port_entry
1253.5568666666668	4.779999999999745	trials	port_entry
1259.9968666666668	8.799999999999727	trials	port_entry
1271.2669	8.859966666666423	trials	port_entry
1282.9368666666664	5.420033333333322	trials	port_entry
1290.3869	5.3400000000001455	trials	port_entry
1297.6268666666665	0.039966666666714445	trials	port_entry
1297.7368666666666	4.059999999999945	trials	port_entry
1304.2269000000001	0.9200000000000728	trials	port_entry
1307.6068666666665	6.390000000000327	trials	port_entry
1314.8969000000002	3.7199999999998	trials	port_entry
1323.4969333333333	19.99996666666675	trials	neutral_stimulus_presentation
1325.1268666666665	0.13000000000010914	trials	port_entry
1325.5469333333335	1.149966666666387	trials	port_entry
1347.4169000000002	1.099999999999909	trials	port_entry
1351.9969	0.9099999999998545	trials	port_entry
1357.2968999999998	0.26003333333346745	trials	port_entry
1358.8968666666665	0.15006666666704405	trials	port_entry
1359.2669	0.7899999999999636	trials	port_entry
1362.3869	0.5899666666668963	trials	port_entry
1379.3769333333335	1.400000000000091	trials	port_entry
1381.2968666666666	0.2700666666669349	trials	port_entry
1382.0769333333333	2.6700000000000728	trials	port_entry
1400.6269333333335	0.9400000000000546	trials	port_entry
1413.4969333333333	3.1100333333333765	trials	reward_stimulus_presentation
1414.4969666666666	0.8000000000001819	trials	reward_delivery
1416.2069666666666	1.2899999999999636	trials	port_entry
1417.6069666666667	0.07999999999992724	trials	port_entry
1418.437	8.644566666666833	trials	port_entry
1427.0816	0.6253666666666504	trials	port_entry
1429.0769333333333	3.2600333333334675	trials	port_entry
1434.3369666666667	0.979966666666769	trials	port_entry
1436.6469666666667	0.9200000000000728	trials	port_entry
1439.9569666666666	0.650000000000091	trials	port_entry
1444.6169333333332	0.5100333333334675	trials	port_entry
1450.5569666666665	1.5000333333332492	trials	port_entry
1454.8569666666667	0.6100333333333765	trials	port_entry
1458.4869333333331	0.3200333333334129	trials	port_entry
1459.7469999999998	0.9600000000000364	trials	port_entry
1460.9069666666664	0.07000000000016371	trials	port_entry
1486.167	0.13999999999987267	trials	port_entry
1486.3870000000002	0.27999999999974534	trials	port_entry
1493.0069666666668	0.5100333333330127	trials	port_entry
1503.4970333333335	20.00223333333315	trials	shock_stimulus_presentation
1515.0370333333335	2.1099999999996726	trials	port_entry
1523.2970333333333	0.2999666666669327	trials	shock_relay
1533.3069999999998	0.7200333333335038	trials	port_entry
1550.0570333333335	1.1500666666665893	trials	port_entry
1559.6270333333332	0.6400000000003274	trials	port_entry
1572.1670666666669	0.7399999999997817	trials	port_entry
1584.1970666666666	0.9600000000000364	trials	port_entry
1588.4971	19.99996666666675	trials	neutral_stimulus_presentation
1591.1570666666667	1.2199999999998	trials	port_entry
1678.4971333333333	20.001900000000205	trials	shock_stimulus_presentation
1692.0771	0.7501000000002023	trials	port_entry
1698.2972	0.3000000000001819	trials	shock_relay
1710.6071333333334	1.849999999999909	trials	port_entry
1713.0972000000002	0.6399333333333743	trials	port_entry
1717.3171333333335	0.6300333333333583	trials	port_entry
1722.1271666666667	0.2899999999999636	trials	port_entry
1724.5871666666667	1.0799999999999272	trials	port_entry
1732.3571333333334	0.599999999999909	trials	port_entry
1733.0071666666668	0.21000000000003638	trials	port_entry
1752.7871666666665	0.8800000000001091	trials	port_entry
1756.1371	0.670100000000275	trials	port_entry
1773.4971999999998	20.002266666666856	trials	shock_stimulus_presentation
1777.7772	0.2699999999999818	trials	port_entry
1789.7372	0.15999999999985448	trials	port_entry
1793.2972	0.3000000000001819	trials	shock_relay
1800.6572	1.75	trials	port_entry
1856.1772666666666	0.8500000000003638	trials	port_entry
1862.1872666666668	0.599999999999909	trials	port_entry
1863.4972666666667	20.0	trials	neutral_stimulus_presentation
1866.047266666667	2.7899999999999636	trials	port_entry
1868.8672666666666	0.3000000000001819	trials	port_entry
1869.2472666666667	0.26993333333348346	trials	port_entry
1869.6072666666669	0.04996666666647798	trials	port_entry
1869.797266666667	0.029966666666496167	trials	port_entry
1869.8972666666668	0.17000000000007276	trials	port_entry
1872.987266666667	5.9300333333330855	trials	port_entry
1882.4072666666666	9.400000000000091	trials	port_entry
1893.1672666666668	4.610000000000127	trials	port_entry
1902.1872666666668	12.269966666666733	trials	port_entry
1916.1572666666666	2.370033333333595	trials	port_entry
1918.6373000000003	0.04999999999972715	trials	port_entry
1920.8872666666666	23.620033333333595	trials	port_entry
1943.4973	1.4699666666665507	trials	reward_stimulus_presentation
1944.4972666666667	0.8000333333334311	trials	reward_delivery
1944.567266666667	0.21003333333328555	trials	port_entry
1944.8473	0.08000000000038199	trials	port_entry
1944.9672666666665	0.04003333333366754	trials	port_entry
1945.0373	11.470000000000255	trials	port_entry
1956.5273000000002	0.07999999999992724	trials	port_entry
1956.6873	0.0500000000001819	trials	port_entry
1957.3473	8.5	trials	port_entry
1965.8672666666666	0.05006666666668025	trials	port_entry
1967.5273333333334	21.409999999999854	trials	port_entry
1988.9672666666665	0.03006666666669844	trials	port_entry
1990.9473333333335	1.9600666666665347	trials	port_entry
1995.1873333333333	0.8600000000001273	trials	port_entry
1999.4373333333333	3.7999666666669327	trials	port_entry
2004.5373	0.8800000000001091	trials	port_entry
2005.7773333333334	0.03999999999996362	trials	port_entry
2010.5773333333336	0.01999999999998181	trials	port_entry
2010.9473000000003	0.04006666666646197	trials	port_entry
2011.0073333333335	0.03999999999996362	trials	port_entry
2017.1073333333334	2.0800333333331764	trials	port_entry
2021.787366666667	0.8599999999996726	trials	port_entry
2025.5273666666667	2.9700000000002547	trials	port_entry
2031.037366666667	3.480000000000018	trials	port_entry
2033.4974000000002	19.99996666666675	trials	neutral_stimulus_presentation
2042.4674	1.2699666666667326	trials	port_entry
2051.457366666667	1.099999999999909	trials	port_entry
2052.6073666666666	0.2300000000000182	trials	port_entry
2052.867366666667	0.040033333333212795	trials	port_entry
2052.9373666666665	3.6200000000003456	trials	port_entry
2056.8773666666666	1.0199999999999818	trials	port_entry
2068.9674	0.7100000000000364	trials	port_entry
2071.4174000000003	1.4899999999997817	trials	port_entry
2075.267366666667	1.2399666666665325	trials	port_entry
2076.6073666666666	0.09000000000014552	trials	port_entry
2078.5774	0.9200000000000728	trials	port_entry
2094.3174	0.8699666666666417	trials	port_entry
2098.5274333333336	0.10996666666642341	trials	port_entry
2098.7074333333335	0.4600000000000364	trials	port_entry
2102.7674	0.1899666666668054	trials	port_entry
2110.5374333333334	1.0299666666664962	trials	port_entry
2111.7574	0.20000000000027285	trials	port_entry
2131.7774333333336	1.1399999999998727	trials	port_entry
2132.9874	0.12003333333359478	trials	port_entry
2133.4974666666667	19.99996666666675	trials	neutral_stimulus_presentation
2135.6874000000003	0.39003333333312185	trials	port_entry
2136.7674333333334	0.07000000000016371	trials	port_entry
2137.0574	0.029966666666496167	trials	port_entry
2169.4775	1.7199333333333016	trials	port_entry
2174.6474333333335	0.01999999999998181	trials	port_entry
2174.7874333333334	0.42003333333332193	trials	port_entry
2175.587466666667	0.03999999999996362	trials	port_entry
2176.277466666667	0.25999999999976353	trials	port_entry
2176.9174333333335	0.01999999999998181	trials	port_entry
2186.627466666667	1.6199999999998909	trials	port_entry
2199.8874666666666	0.7300000000000182	trials	port_entry
2200.6874666666668	0.5600333333331946	trials	port_entry
2223.1675	3.3099666666666963	trials	port_entry
2223.4975	20.001900000000205	trials	shock_stimulus_presentation
2240.8074333333334	0.10003333333315823	trials	port_entry
2243.2975333333334	0.3000333333334311	trials	shock_relay
2264.6975	1.2000333333330673	trials	port_entry
2265.9875333333334	0.2699999999999818	trials	port_entry
2271.777466666667	1.320066666666662	trials	port_entry
2273.1475333333333	10.990000000000236	trials	port_entry
2284.2075333333332	0.19000000000005457	trials	port_entry
2284.5275333333334	1.2699999999999818	trials	port_entry
2309.897566666667	0.8199333333332106	trials	port_entry
2313.4976	3.3899999999998727	trials	reward_stimulus_presentation
2314.497566666667	0.799966666666478	trials	reward_delivery
2316.4876	0.12000000000034561	trials	port_entry
2316.7576	0.2300000000000182	trials	port_entry
2321.057566666667	4.059999999999945	trials	port_entry
2325.4075666666668	0.07000000000016371	trials	port_entry
2339.4476	7.190033333333304	trials	port_entry
2349.2476	3.979966666666769	trials	port_entry
2357.4375333333332	4.670066666667026	trials	port_entry
2364.327566666667	7.930066666666789	trials	port_entry
2375.7476666666666	1.5099333333332652	trials	port_entry
2380.4276333333332	15.75	trials	port_entry
2396.197633333333	43.80003333333343	trials	port_entry
2403.4976333333334	20.00003333333325	trials	reward_stimulus_presentation
2404.4976333333334	0.8000333333334311	trials	reward_delivery
2441.2676666666666	48.49000000000024	trials	port_entry
2488.4977	20.0	trials	neutral_stimulus_presentation
2490.2076666666667	0.01999999999998181	trials	port_entry
2491.7777	91.95003333333352	trials	port_entry
2578.4978	5.6599999999998545	trials	reward_stimulus_presentation
2579.497766666667	0.7999999999997272	trials	reward_delivery
2583.7577666666666	0.059966666666696256	trials	port_entry
2583.8378000000002	23.529966666666496	trials	port_entry
2608.2577666666666	14.65003333333334	trials	port_entry
2623.3378000000002	5.25	trials	port_entry
2632.1778	1.400000000000091	trials	port_entry
2635.3378000000002	10.090033333333395	trials	port_entry
2648.6778333333336	17.509999999999764	trials	port_entry
2666.2478333333333	0.19000000000005457	trials	port_entry
2666.5878333333335	0.01999999999998181	trials	port_entry
2668.7177666666666	0.270033333333231	trials	port_entry
2669.0378	0.6500333333333401	trials	port_entry
2673.4978	5.310033333333195	trials	reward_stimulus_presentation
2674.4978333333333	0.8000000000001819	trials	reward_delivery
2678.4078333333337	0.15999999999985448	trials	port_entry
2680.637866666667	6.829999999999927	trials	port_entry
2689.2078666666666	4.819933333333665	trials	port_entry
2694.057866666667	0.8699999999998909	trials	port_entry
2694.9778333333334	0.8600333333333765	trials	port_entry
2697.1678666666667	1.9400000000000546	trials	port_entry
2707.277866666667	2.8899999999998727	trials	port_entry
2710.6678666666667	0.42000000000007276	trials	port_entry
2711.1478666666667	0.21000000000003638	trials	port_entry
2724.547866666667	0.87996666666686	trials	port_entry
2732.6078666666667	1.1199999999998909	trials	port_entry
2737.9378666666667	0.5700333333334129	trials	port_entry
2744.3779	0.6099666666668782	trials	port_entry
2748.7679000000003	0.5399999999999636	trials	port_entry
2763.4979333333335	20.001800000000003	trials	shock_stimulus_presentation
2768.0779	1.2799999999997453	trials	port_entry
2783.2979333333333	0.3000000000001819	trials	shock_relay
2784.3979333333336	0.7199999999997999	trials	port_entry
2811.8379333333332	1.1000000000003638	trials	port_entry
2813.0479333333333	0.14000000000032742	trials	port_entry
2842.5379666666668	1.0399999999999636	trials	port_entry
2843.498	20.0	trials	neutral_stimulus_presentation
2844.247966666667	0.2899999999999636	trials	port_entry
2844.6379666666667	0.05999999999994543	trials	port_entry
2844.857933333333	5.120066666666844	trials	port_entry
2849.998	0.03999999999996362	trials	port_entry
2850.108	0.02999999999974534	trials	port_entry
2850.268	1.6300000000001091	trials	port_entry
2857.1980000000003	0.45999999999958163	trials	port_entry
2858.168	0.1999999999998181	trials	port_entry
2858.388	0.2800000000002001	trials	port_entry
2858.838	3.270033333333231	trials	port_entry
2862.2080333333333	0.6599666666666053	trials	port_entry
2880.148	0.8600333333333765	trials	port_entry
2900.168	0.599999999999909	trials	port_entry
2902.928	0.7200333333335038	trials	port_entry
2925.0880333333334	0.5599999999999454	trials	port_entry
2933.4980666666665	20.000033333333704	trials	neutral_stimulus_presentation
2933.6980333333336	0.5399666666667144	trials	port_entry
2939.8380666666667	0.24993333333350165	trials	port_entry
2943.1680666666666	0.13000000000010914	trials	port_entry
2951.3480333333337	0.07999999999992724	trials	port_entry
2954.1080666666667	0.11999999999989086	trials	port_entry
2956.9980666666665	0.9700000000002547	trials	port_entry
2962.1780333333336	0.46003333333328555	trials	port_entry
2967.2781	0.44000000000005457	trials	port_entry
2987.1681000000003	0.5	trials	port_entry
2987.6881000000003	0.05999999999994543	trials	port_entry
2990.9281	0.2600000000002183	trials	port_entry
2991.5881	0.18000000000029104	trials	port_entry
3018.6681000000003	1.0299999999997453	trials	port_entry
3020.0381	0.4999666666667508	trials	port_entry
3020.7081333333335	2.049999999999727	trials	port_entry
3022.788066666667	11.470066666666298	trials	port_entry
3033.4981666666667	20.002833333333456	trials	shock_stimulus_presentation
3034.3381333333336	0.10999999999967258	trials	port_entry
3041.7281333333335	0.8900333333331218	trials	port_entry
3053.2982333333334	0.299966666666478	trials	shock_relay
3054.9381333333336	2.049999999999727	trials	port_entry
3057.1581333333334	0.030033333333449264	trials	port_entry
3057.2081333333335	0.020033333333230985	trials	port_entry
3094.3582	0.8899999999998727	trials	port_entry
3113.0381666666667	1.1200333333335948	trials	port_entry
3114.2182000000003	0.07999999999992724	trials	port_entry
3123.4982333333332	20.0	trials	neutral_stimulus_presentation
3148.7182333333335	4.0900000000001455	trials	port_entry
3153.8982333333333	0.03000000000020009	trials	port_entry
3153.9882333333335	0.27999999999974534	trials	port_entry
3154.3082	2.050000000000182	trials	port_entry
3156.5582	0.21010000000023865	trials	port_entry
3156.8782333333334	11.660033333333558	trials	port_entry
3169.4382333333333	0.09999999999990905	trials	port_entry
3169.6382333333336	3.7300333333332674	trials	port_entry
3174.6282666666666	0.2800000000002001	trials	port_entry
3213.4983	5.449999999999818	trials	reward_stimulus_presentation
3214.498266666667	0.8000333333329763	trials	reward_delivery
3218.5482666666667	0.9200333333333219	trials	port_entry
3235.0383	1.949999999999818	trials	port_entry
3237.1383	0.01999999999998181	trials	port_entry
3237.3183333333336	0.01989999999977954	trials	port_entry
3237.4683	0.040033333333212795	trials	port_entry
3237.9983	1.1600333333331037	trials	port_entry
3239.4083333333333	0.43000000000029104	trials	port_entry
3240.0183333333334	0.03999999999996362	trials	port_entry
3240.0783333333334	1.2400000000002365	trials	port_entry
3247.368266666667	0.3200333333334129	trials	port_entry
3249.0183333333334	1.8099999999999454	trials	port_entry
3250.9883333333332	2.2100000000000364	trials	port_entry
3253.2283	0.1999999999998181	trials	port_entry
3253.458266666667	0.02006666666648016	trials	port_entry
3253.5483	0.06003333333364935	trials	port_entry
3253.7383333333332	55.54003333333367	trials	port_entry
3303.4984333333337	20.002766666666503	trials	shock_stimulus_presentation
3312.8083333333334	1.7200333333335038	trials	port_entry
3323.298366666667	0.3000333333334311	trials	shock_relay
3323.3683666666666	0.11000000000012733	trials	port_entry
3388.0084333333334	2.050000000000182	trials	port_entry
3388.4984	2.8600000000001273	trials	reward_stimulus_presentation
3389.4984	0.8000333333334311	trials	reward_delivery
3390.9584333333332	0.28996666666671445	trials	port_entry
3396.598466666667	0.11999999999989086	trials	port_entry
3396.7584666666667	0.07000000000016371	trials	port_entry
3396.8584333333333	0.020033333333230985	trials	port_entry
3398.0084333333334	0.07999999999992724	trials	port_entry
3401.4984333333337	0.05999999999994543	trials	port_entry
3401.8684333333335	0.10999999999967258	trials	port_entry
3407.7085	5.649966666666387	trials	port_entry
3413.888466666667	2.519999999999982	trials	port_entry
3416.458466666667	0.01999999999998181	trials	port_entry
3416.728466666667	0.1299999999996544	trials	port_entry
3416.9084666666668	0.019966666666732635	trials	port_entry
3417.228433333333	0.28003333333344926	trials	port_entry
3417.9384333333333	0.950033333333522	trials	port_entry
3419.228433333333	0.13003333333335831	trials	port_entry
3419.888466666667	0.01999999999998181	trials	port_entry
3419.9384333333333	0.01999999999998181	trials	port_entry
3422.3385000000003	6.339966666666442	trials	port_entry
3428.888466666667	0.3000000000001819	trials	port_entry
3429.5484666666666	0.18000000000029104	trials	port_entry
3429.7984666666666	0.1000000000003638	trials	port_entry
3429.9684666666667	0.01999999999998181	trials	port_entry
3430.5084666666667	0.09999999999990905	trials	port_entry
3430.978466666667	2.119999999999891	trials	port_entry
3433.4084333333335	0.22003333333304909	trials	port_entry
3433.7084333333332	0.030033333333449264	trials	port_entry
3433.8184666666666	0.330000000000382	trials	port_entry
3434.3384666666666	2.770066666666935	trials	port_entry
3437.3285333333333	2.979966666666769	trials	port_entry
3441.7785	1.0100000000002183	trials	port_entry
3443.3385000000003	0.08999999999969077	trials	port_entry
3444.2785	0.03000000000020009	trials	port_entry
3445.3685	0.03000000000020009	trials	port_entry
3448.0285	4.3400000000001455	trials	port_entry
3453.8085	0.09999999999990905	trials	port_entry
3453.9385	0.5899999999996908	trials	port_entry
3454.9485	0.07000000000016371	trials	port_entry
3455.2985	0.13000000000010914	trials	port_entry
3455.4785	0.06999999999970896	trials	port_entry
3455.5685333333336	0.019933333333028713	trials	port_entry
3455.6085000000003	0.01999999999998181	trials	port_entry
3456.1285000000003	0.07999999999992724	trials	port_entry
3456.5585	1.199999999999818	trials	port_entry
3458.3085	0.09000000000014552	trials	port_entry
3458.5485	0.29000000000041837	trials	port_entry
3459.8885	3.6599999999998545	trials	port_entry
3463.9385	0.15000000000009095	trials	port_entry
3464.438466666667	0.060033333333194605	trials	port_entry
3464.5185	1.0400333333332128	trials	port_entry
3478.4985333333334	13.470000000000255	trials	reward_stimulus_presentation
3479.4985	0.7999999999997272	trials	reward_delivery
3491.5685333333336	23.77003333333323	trials	port_entry
3517.7285666666667	3.1100000000001273	trials	port_entry
3522.6085333333335	2.690066666666553	trials	port_entry
3526.738566666667	0.04999999999972715	trials	port_entry
3526.8285333333333	0.7400333333334856	trials	port_entry
3529.278566666667	2.130000000000109	trials	port_entry
3534.5385666666666	0.9400000000000546	trials	port_entry
3538.2785333333336	1.040066666666462	trials	port_entry
3539.3586	0.07999999999992724	trials	port_entry
3539.4886	12.81996666666646	trials	port_entry
3552.7185333333337	0.03999999999996362	trials	port_entry
3552.7785333333336	0.04999999999972715	trials	port_entry
3553.0185333333334	1.320066666666662	trials	port_entry
3571.638566666667	2.7000333333330673	trials	port_entry
3573.4986	1.7300000000000182	trials	reward_stimulus_presentation
3574.4986	0.8000000000001819	trials	reward_delivery
3574.8286000000003	0.13999999999987267	trials	port_entry
3576.1586	29.179999999999836	trials	port_entry
3605.7686	9.529966666666951	trials	port_entry
3616.4286333333334	7.4099999999998545	trials	port_entry
3624.0286333333333	0.05999999999994543	trials	port_entry
3624.4986	9.540033333333668	trials	port_entry
3634.0986333333335	0.1999999999998181	trials	port_entry
3634.4686333333334	6.349999999999909	trials	port_entry
3641.0886333333333	0.6300000000001091	trials	port_entry
3648.2486333333336	20.74003333333303	trials	port_entry
3663.4987	20.002100000000155	trials	shock_stimulus_presentation
3675.3186666666666	2.0400000000004184	trials	port_entry
3682.1487	1.3399999999996908	trials	port_entry
3683.2987000000003	0.29999999999972715	trials	shock_relay
3696.2387	1.2199666666670055	trials	port_entry
3735.0687333333335	0.9299999999998363	trials	port_entry
3736.3987333333334	0.039966666666714445	trials	port_entry
3736.4587333333334	0.38000000000010914	trials	port_entry
3743.4987333333333	19.700000000000273	trials	reward_stimulus_presentation
3744.4987	0.8000666666666802	trials	reward_delivery
3762.7987333333335	1.7199999999998	trials	port_entry
3764.7687666666666	0.38996666666707824	trials	port_entry
3793.0688	1.2800000000002	trials	port_entry
3797.7688000000003	0.5099999999997635	trials	port_entry
3805.5387666666666	0.6200000000003456	trials	port_entry
3806.198766666667	0.060033333333194605	trials	port_entry
3826.7688000000003	1.5099999999997635	trials	port_entry
3833.4988333333336	19.99996666666675	trials	neutral_stimulus_presentation
3836.2188	0.6900000000000546	trials	port_entry
3840.0388000000003	0.33999999999969077	trials	port_entry
3840.8987666666667	0.23003333333326736	trials	port_entry
3867.5088333333333	0.8600000000001273	trials	port_entry
3893.0389000000005	0.6499666666659323	trials	port_entry
3897.5088333333333	0.2500333333337039	trials	port_entry
3897.8388333333332	0.5600333333331946	trials	port_entry
3926.9989000000005	0.8799999999991996	trials	port_entry
3933.4989333333333	20.002066666666906	trials	shock_stimulus_presentation
3953.2989333333335	0.299966666666478	trials	shock_relay
3960.9589333333333	0.4598999999998341	trials	port_entry
3975.6989000000003	0.520033333333231	trials	port_entry
3996.339	0.3500000000003638	trials	port_entry
3999.0189666666665	0.17000000000007276	trials	port_entry
3999.3589666666667	0.4899999999997817	trials	port_entry
4023.498966666667	20.000033333332794	trials	neutral_stimulus_presentation
4024.3789333333334	0.4000333333333401	trials	port_entry
4027.839	0.2799666666669509	trials	port_entry
4028.139	0.6199999999998909	trials	port_entry
4053.8289999999997	0.7700000000004366	trials	port_entry
4061.759	0.1499999999996362	trials	port_entry
4061.9390000000003	0.019999999999527063	trials	port_entry
4062.049	0.02999999999974534	trials	port_entry
4062.1090000000004	0.10999999999967258	trials	port_entry
4062.4390000000003	0.11999999999989086	trials	port_entry
4062.5790333333334	0.029966666666950914	trials	port_entry
4062.639	0.0399666666662597	trials	port_entry
4062.738966666667	0.020033333333230985	trials	port_entry
4067.339	0.14000000000032742	trials	port_entry
4067.498966666667	0.0500000000001819	trials	port_entry
4067.959	0.060033333333194605	trials	port_entry
4069.5790333333334	0.06000000000040018	trials	port_entry
4070.9890000000005	0.049999999999272404	trials	port_entry
4071.719	0.28003333333344926	trials	port_entry
4072.078966666667	0.07006666666620731	trials	port_entry
4074.939033333333	0.0500000000001819	trials	port_entry
4093.5290333333332	0.3799666666664052	trials	port_entry
4094.269033333333	0.12000000000080036	trials	port_entry
4096.659	0.19003333333421324	trials	port_entry
4096.929	0.18003333333308547	trials	port_entry
4097.129	0.17003333333377668	trials	port_entry
4097.429	0.18003333333308547	trials	port_entry
4097.7490333333335	0.02999999999974534	trials	port_entry
4097.799033333334	0.15999999999985448	trials	port_entry
4103.909033333333	0.4400000000005093	trials	port_entry
4107.519033333333	3.480000000000473	trials	port_entry
4113.499066666667	7.949999999999818	trials	reward_stimulus_presentation
4114.499066666667	0.799933333332774	trials	reward_delivery
4121.0490666666665	12.329999999999927	trials	port_entry
4135.599066666667	8.659999999999854	trials	port_entry
4145.389066666667	0.569999999999709	trials	port_entry
4148.419066666666	1.0200000000004366	trials	port_entry
4152.659066666667	1.069999999999709	trials	port_entry
4156.659066666667	0.6300000000001091	trials	port_entry
4162.899066666667	1.0500333333329763	trials	port_entry
4164.109066666667	0.700033333333522	trials	port_entry
4165.5491	0.06999999999970896	trials	port_entry
4165.659033333333	1.790066666666462	trials	port_entry
4167.779066666667	0.5	trials	port_entry
4168.469	0.3900999999996202	trials	port_entry
4177.609066666667	0.930000000000291	trials	port_entry
4178.679066666667	3.8400333333338494	trials	port_entry
4191.2391333333335	0.979966666666769	trials	port_entry
4192.5491	1.3099999999994907	trials	port_entry
4193.8991000000005	0.019999999999527063	trials	port_entry
4194.1591	0.030000000000654836	trials	port_entry
4194.6791	5.8400000000001455	trials	port_entry
4200.569133333333	0.04996666666647798	trials	port_entry
4200.889066666667	0.17003333333377668	trials	port_entry
4201.0891	8.790033333333668	trials	port_entry
4203.4991666666665	6.939966666666805	trials	reward_stimulus_presentation
4204.499133333334	0.8000000000001819	trials	reward_delivery
4210.039133333334	3.7099666666663325	trials	port_entry
4213.7891	3.120066666666389	trials	port_entry
4216.939133333333	0.1000000000003638	trials	port_entry
4217.219133333333	0.09003333333384944	trials	port_entry
4217.329166666666	14.5	trials	port_entry
4232.809166666667	4.599999999999454	trials	port_entry
4239.889133333333	11.100033333334068	trials	port_entry
4251.029166666667	17.909999999999854	trials	port_entry
4273.549166666667	15.750033333333704	trials	port_entry
4288.4992	1.2199333333328468	trials	reward_stimulus_presentation
4289.3192	0.019933333333938208	trials	port_entry
4289.389133333333	0.2000000000007276	trials	port_entry
4289.4991666666665	0.8000000000001819	trials	reward_delivery
4289.6592	0.6499666666668418	trials	port_entry
4290.329166666666	0.23000000000047294	trials	port_entry
4290.609133333333	0.41006666666635283	trials	port_entry
4291.089166666667	0.2100333333337403	trials	port_entry
4291.3292	19.8100000000004	trials	port_entry
4311.1792000000005	0.03999999999996362	trials	port_entry
4312.4991666666665	2.2100000000000364	trials	port_entry
4314.759166666667	1.84003333333294	trials	port_entry
4318.019233333333	0.2399666666669873	trials	port_entry
4318.289133333334	0.9000666666661346	trials	port_entry
4324.7592	0.6799999999993815	trials	port_entry
4325.6992	0.020000000000436557	trials	port_entry
4327.7392	0.02999999999974534	trials	port_entry
4330.3392	0.27999999999974534	trials	port_entry
4330.6792000000005	0.1999999999998181	trials	port_entry
4331.8492	0.020000000000436557	trials	port_entry
4331.8892000000005	0.3099999999994907	trials	port_entry
4332.2392	0.5	trials	port_entry
4332.7592	0.46999999999934516	trials	port_entry
4333.279166666667	4.570066666666207	trials	port_entry
4342.259233333333	0.21000000000003638	trials	port_entry
4346.3992333333335	1.2200000000002547	trials	port_entry
4352.6892333333335	1.050000000000182	trials	port_entry
4353.799233333333	2.010033333333922	trials	port_entry
4360.519233333333	9.359999999999673	trials	port_entry
4372.059233333333	10.420000000000073	trials	port_entry
4378.499233333333	20.00266666666721	trials	shock_stimulus_presentation
4382.539266666667	1.0399999999999636	trials	port_entry
4394.4493	0.5099666666665144	trials	port_entry
4397.829266666667	0.19000000000050932	trials	port_entry
4398.299233333333	0.3000333333338858	trials	shock_relay
4414.3193	0.5499333333336835	trials	port_entry
4414.889233333333	0.06000000000040018	trials	port_entry
4418.1093	1.0600000000004002	trials	port_entry
4421.859266666666	1.0000666666674078	trials	port_entry
4438.519366666666	0.660000000000764	trials	port_entry
4439.249333333333	0.9399666666668054	trials	port_entry
4442.3793000000005	0.27999999999974534	trials	port_entry
4443.1193	2.8500333333331582	trials	port_entry
4449.999333333333	0.19000000000050932	trials	port_entry
4450.359266666666	0.4200666666674806	trials	port_entry
4450.799333333333	1.3400000000001455	trials	port_entry
4452.1793	4.660000000000764	trials	port_entry
4456.8993	0.15999999999985448	trials	port_entry
4457.1893	0.27999999999974534	trials	port_entry
4457.5493	0.22000000000025466	trials	port_entry
4457.7893	0.6899999999995998	trials	port_entry
4458.5693	0.10999999999967258	trials	port_entry
4458.7393	0.7199666666665507	trials	port_entry
4464.669333333333	5.940033333333304	trials	port_entry
4470.659366666667	0.2899666666662597	trials	port_entry
4470.9693	6.90003333333334	trials	port_entry
4473.499333333333	4.8400000000001455	trials	reward_stimulus_presentation
4474.499333333333	0.8000000000001819	trials	reward_delivery
4477.9393666666665	0.939933333334011	trials	port_entry
4478.899333333334	4.4299999999993815	trials	port_entry
4483.3494	0.30996666666669626	trials	port_entry
4483.729333333334	0.0999999999994543	trials	port_entry
4483.8893333333335	0.21000000000003638	trials	port_entry
4484.1393	0.2100333333337403	trials	port_entry
4484.369333333333	0.5100333333339222	trials	port_entry
4485.199366666667	0.020000000000436557	trials	port_entry
4488.789333333333	0.15999999999985448	trials	port_entry
4489.079333333333	0.5700000000006185	trials	port_entry
4489.669333333333	0.21000000000003638	trials	port_entry
4490.229333333334	3.0	trials	port_entry
4493.299333333333	0.14000000000032742	trials	port_entry
4493.489333333334	0.23999999999978172	trials	port_entry
4493.749333333333	4.810033333333195	trials	port_entry
4498.599333333334	0.0500000000001819	trials	port_entry
4498.689333333334	0.09003333333293995	trials	port_entry
4498.839366666667	1.3599999999996726	trials	port_entry
4500.379366666667	0.17999999999938154	trials	port_entry
4500.579366666667	0.8999999999996362	trials	port_entry
4501.669366666667	1.6699666666663688	trials	port_entry
4503.3993666666665	0.08996666666735109	trials	port_entry
4503.549333333333	0.11999999999989086	trials	port_entry
4503.729333333334	0.21000000000003638	trials	port_entry
4503.959333333333	0.25	trials	port_entry
4504.229333333334	0.06999999999970896	trials	port_entry
4504.359333333334	0.46999999999934516	trials	port_entry
4504.849333333334	1.5900000000001455	trials	port_entry
4506.579366666667	0.19996666666702367	trials	port_entry
4506.799333333333	1.229966666666769	trials	port_entry
4508.119333333333	1.1500000000005457	trials	port_entry
4509.4093	0.8200666666662073	trials	port_entry
4510.819333333334	0.22999999999956344	trials	port_entry
4511.069333333334	0.02999999999974534	trials	port_entry
4511.249366666667	0.08003333333363116	trials	port_entry
4512.8994	0.1399666666666235	trials	port_entry
4513.119366666667	0.43000000000029104	trials	port_entry
4516.8993666666665	0.09996666666665988	trials	port_entry
4517.079366666667	0.569999999999709	trials	port_entry
4517.749366666667	0.019999999999527063	trials	port_entry
4517.789366666667	0.15999999999985448	trials	port_entry
4518.039366666667	0.02999999999974534	trials	port_entry
4518.089366666667	0.060033333333194605	trials	port_entry
4518.309366666666	0.07999999999992724	trials	port_entry
4518.429366666667	0.22999999999956344	trials	port_entry
4520.259366666667	0.05999999999949068	trials	port_entry
4520.369366666667	1.2699666666667326	trials	port_entry
4521.669366666667	0.05999999999949068	trials	port_entry
4521.799366666667	0.06999999999970896	trials	port_entry
4523.239366666667	0.15999999999985448	trials	port_entry
4523.4393666666665	0.5500000000001819	trials	port_entry
4524.079366666667	5.410033333333558	trials	port_entry
4529.7494	0.08000000000083674	trials	port_entry
4529.9394	0.18000000000029104	trials	port_entry
4530.1394	1.2600000000002183	trials	port_entry
4531.5794000000005	0.11999999999989086	trials	port_entry
4531.8594	0.3599999999996726	trials	port_entry
4539.1893666666665	0.11000000000058208	trials	port_entry
4539.349333333334	1.5300666666662437	trials	port_entry
4541.439433333333	1.339966666667351	trials	port_entry
4545.4994	0.8600000000005821	trials	port_entry
4550.3394	0.5500000000001819	trials	port_entry
4550.999333333333	0.6700666666665711	trials	port_entry
4563.499433333333	3.4999333333335017	trials	reward_stimulus_presentation
4564.499366666667	0.8000333333329763	trials	reward_delivery
4566.5994	1.1499999999996362	trials	port_entry
4596.8794	1.4900333333334856	trials	port_entry
4598.759433333334	1.1599999999998545	trials	port_entry
4617.329466666667	1.389999999999418	trials	port_entry
4626.629466666667	0.42999999999938154	trials	port_entry
4630.8595000000005	0.05993333333299233	trials	port_entry
4632.259466666666	0.030000000000654836	trials	port_entry
4643.499466666667	15.930033333333085	trials	reward_stimulus_presentation
4644.4995	0.8000000000001819	trials	reward_delivery
4659.029466666667	4.380000000000109	trials	port_entry
4663.7995	0.9299666666665871	trials	port_entry
4665.059466666667	0.2600000000002183	trials	port_entry
4684.899466666667	2.020033333333231	trials	port_entry
4689.429533333333	1.5100000000002183	trials	port_entry
4693.069533333333	0.1999999999998181	trials	port_entry
4707.2295	1.4200333333328672	trials	port_entry
4720.429533333333	1.4600000000000364	trials	port_entry
4732.3495	1.0800333333327217	trials	port_entry
4733.499566666666	4.929966666666587	trials	reward_stimulus_presentation
4734.499533333334	0.8000333333329763	trials	reward_delivery
4738.029533333333	2.350000000000364	trials	port_entry
4740.939533333333	2.280000000000655	trials	port_entry
4746.299533333334	3.4800333333332674	trials	port_entry
4749.819566666667	1.2199666666665507	trials	port_entry
4752.969566666667	1.5100000000002183	trials	port_entry
4768.049566666667	2.100000000000364	trials	port_entry
4771.259566666667	0.9199666666663688	trials	port_entry
4789.5596000000005	1.9499333333333198	trials	port_entry
4794.479566666667	0.8000666666666802	trials	port_entry
4811.2996	0.5599999999994907	trials	port_entry
4814.8896	0.5299999999997453	trials	port_entry
4818.0696	0.36999999999989086	trials	port_entry
4821.769633333333	0.03999999999996362	trials	port_entry
4822.0796666666665	0.18993333333401097	trials	port_entry
4833.499666666667	20.002300000000105	trials	shock_stimulus_presentation
4834.979633333333	0.2799666666669509	trials	port_entry
4853.299633333333	0.3000333333338858	trials	shock_relay
4858.659633333334	1.2899999999999636	trials	port_entry
4860.199633333334	0.03999999999996362	trials	port_entry
4878.719633333333	0.4400000000005093	trials	port_entry
4882.149666666667	0.17000000000007276	trials	port_entry
4894.581066666667	0.36863333333349146	trials	port_entry
4895.919733333333	0.21000000000003638	trials	port_entry
4901.2897	1.019999999999527	trials	port_entry
4902.6097	0.0500000000001819	trials	port_entry
4903.4397	1.230000000000473	trials	port_entry
4904.9597	1.3999999999996362	trials	port_entry
4906.5097000000005	0.1999999999998181	trials	port_entry
4908.2297	0.24993333333350165	trials	port_entry
4923.4997	1.4299333333328832	trials	reward_stimulus_presentation
4924.4997	0.8000333333329763	trials	reward_delivery
4924.529633333334	0.32009999999991123	trials	port_entry
4925.0197333333335	0.4799333333330651	trials	port_entry
4925.519666666667	0.12006666666638921	trials	port_entry
4926.2997000000005	1.0299666666660414	trials	port_entry
4931.8197	1.3900000000003274	trials	port_entry
4955.159766666667	0.5399333333334653	trials	port_entry
4974.479733333334	0.9200000000000728	trials	port_entry
4978.8296666666665	0.8901000000005297	trials	port_entry
4987.0197333333335	2.330033333333631	trials	port_entry
4989.479766666666	1.3599666666668782	trials	port_entry
4994.289733333333	0.930000000000291	trials	port_entry
4998.249766666667	0.11996666666618694	trials	port_entry
4998.4498	0.3899999999994179	trials	port_entry
5002.049766666667	1.0	trials	port_entry
5013.499833333333	19.999966666667206	trials	neutral_stimulus_presentation
5024.809766666667	1.2199999999993452	trials	port_entry
5027.219766666667	0.4100333333326489	trials	port_entry
5034.3398	0.07999999999992724	trials	port_entry
5034.4398	0.03999999999996362	trials	port_entry
5035.949733333334	0.11006666666617093	trials	port_entry
5036.279833333333	0.9199666666672783	trials	port_entry
5039.1198	0.019999999999527063	trials	port_entry
5041.6097666666665	0.6900333333333037	trials	port_entry
5045.9398	0.1999999999998181	trials	port_entry
5046.189833333334	0.16996666666636884	trials	port_entry
5046.4298	0.019966666666732635	trials	port_entry
5047.8498	0.1999999999998181	trials	port_entry
5051.0798	0.18999999999959982	trials	port_entry
5051.3498	0.13000000000010914	trials	port_entry
5068.369833333333	0.8900000000003274	trials	port_entry
5089.0498333333335	0.6199999999998909	trials	port_entry
5103.499866666667	20.002233333332697	trials	shock_stimulus_presentation
5110.789866666667	0.4499999999998181	trials	port_entry
5115.519833333334	0.13999999999941792	trials	port_entry
5122.319866666667	0.5900000000001455	trials	port_entry
5123.299866666667	0.299966666666478	trials	shock_relay
5178.5399333333335	0.8699999999998909	trials	port_entry
5182.699933333333	0.5100000000002183	trials	port_entry
5183.229933333333	0.06000000000040018	trials	port_entry
5183.319933333333	0.09000000000014552	trials	port_entry
5183.659933333333	0.0500000000001819	trials	port_entry
5183.899933333333	0.030000000000654836	trials	port_entry
5183.9699	1.7300333333332674	trials	port_entry
5188.4999333333335	0.8699333333333925	trials	reward_stimulus_presentation
5188.969866666666	0.630066666667517	trials	port_entry
5189.4999	0.8000666666666802	trials	reward_delivery
5194.409933333333	5.539999999999964	trials	port_entry
5205.039966666667	6.579899999999725	trials	port_entry
5213.309933333333	1.6300000000001091	trials	port_entry
5247.369966666667	1.6999666666661142	trials	port_entry
5253.189966666667	1.4200000000000728	trials	port_entry
5262.419966666666	1.480000000000473	trials	port_entry
5264.080033333334	0.16996666666636884	trials	port_entry
5269.479966666667	0.8500000000003638	trials	port_entry
5273.109966666667	0.8999999999996362	trials	port_entry
5278.5000666666665	19.9999333333335	trials	neutral_stimulus_presentation
5286.7	0.5700000000006185	trials	port_entry
5292.579966666667	1.060066666665989	trials	port_entry
5293.910033333334	0.31999999999970896	trials	port_entry
5294.55	0.05999999999949068	trials	port_entry
5297.45	1.3900000000003274	trials	port_entry
5298.92	0.06000000000040018	trials	port_entry
5299.01	1.0399999999999636	trials	port_entry
5313.38	0.1999999999998181	trials	port_entry
5313.61	0.8800333333338131	trials	port_entry
5319.2400333333335	0.8500000000003638	trials	port_entry
5323.700066666666	0.7599666666674239	trials	port_entry
5335.010033333333	0.410000000000764	trials	port_entry
5341.469966666667	0.44006666666700767	trials	port_entry
5352.7601	0.5999999999994543	trials	port_entry
5364.380066666667	0.6300000000001091	trials	port_entry
5373.5000666666665	20.000033333333704	trials	neutral_stimulus_presentation
5375.429966666667	0.27009999999972933	trials	port_entry
5376.350033333333	0.08003333333363116	trials	port_entry
5376.5901	0.02996666666604142	trials	port_entry
5381.4701000000005	0.08999999999923602	trials	port_entry
5381.6101	0.6400333333331218	trials	port_entry
5382.3401	0.13000000000010914	trials	port_entry
5382.580033333334	0.11999999999989086	trials	port_entry
5382.910066666666	0.06006666666689853	trials	port_entry
5383.070066666667	0.02996666666604142	trials	port_entry
5383.160066666666	0.030000000000654836	trials	port_entry
5383.500033333334	0.07003333333341288	trials	port_entry
5383.860066666667	0.049999999999272404	trials	port_entry
5384.0101	0.02996666666604142	trials	port_entry
5384.100066666667	0.09000000000014552	trials	port_entry
5384.390066666667	0.07999999999992724	trials	port_entry
5384.510066666667	0.06999999999970896	trials	port_entry
5384.680066666667	0.050033333332976326	trials	port_entry
5384.7900666666665	0.07999999999992724	trials	port_entry
5384.9301000000005	0.1399666666666235	trials	port_entry
5385.120066666666	0.11000000000058208	trials	port_entry
5385.270066666667	0.09000000000014552	trials	port_entry
5385.380066666667	0.09000000000014552	trials	port_entry
5385.560066666667	0.10996666666687815	trials	port_entry
5385.6901	0.04996666666738747	trials	port_entry
5386.5801	0.019999999999527063	trials	port_entry
5386.620066666666	0.020000000000436557	trials	port_entry
5386.680033333333	0.07003333333341288	trials	port_entry
5386.8401	0.019999999999527063	trials	port_entry
5387.0601	0.07000000000061846	trials	port_entry
5387.1801000000005	0.05999999999949068	trials	port_entry
5387.3301	0.03999999999996362	trials	port_entry
5387.5701	0.020000000000436557	trials	port_entry
5387.7101	0.019999999999527063	trials	port_entry
5387.9801	0.020000000000436557	trials	port_entry
5388.0201	0.0500000000001819	trials	port_entry
5388.1101	0.07999999999992724	trials	port_entry
5388.28	0.06010000000060245	trials	port_entry
5388.3801	0.02996666666604142	trials	port_entry
5388.4601	0.02999999999974534	trials	port_entry
5388.5501	0.0899666666664416	trials	port_entry
5388.670066666667	0.02999999999974534	trials	port_entry
5388.7301	0.0500000000001819	trials	port_entry
5388.8201	0.020000000000436557	trials	port_entry
5388.860066666667	0.050033333332976326	trials	port_entry
5389.940033333333	0.470066666666753	trials	port_entry
5392.3001	0.5399999999999636	trials	port_entry
5394.940066666667	0.7499666666662961	trials	port_entry
5397.770066666667	0.6499999999996362	trials	port_entry
5414.220066666667	0.9100333333335584	trials	port_entry
5420.7001	0.5999666666666599	trials	port_entry
5422.9001	1.7400000000006912	trials	port_entry
5424.7401	0.680000000000291	trials	port_entry
5426.9901666666665	0.49993333333350165	trials	port_entry
5454.6802333333335	0.5799333333334289	trials	port_entry
5456.780133333334	0.3099999999994907	trials	port_entry
5457.240133333334	0.05999999999949068	trials	port_entry
5457.4801333333335	1.09003333333294	trials	port_entry
5462.570133333334	0.4100333333335584	trials	port_entry
5463.000133333333	0.030000000000654836	trials	port_entry
5463.500166666667	5.3400000000001455	trials	reward_stimulus_presentation
5464.500166666667	0.7999333333336835	trials	reward_delivery
5468.4401	1.5800333333336312	trials	port_entry
5474.440166666667	2.8299666666662233	trials	port_entry
5482.800166666667	1.249966666666296	trials	port_entry
5487.300166666667	2.3900000000003274	trials	port_entry
5494.4301000000005	1.940099999999802	trials	port_entry
5499.6501333333335	0.6400999999996202	trials	port_entry
5502.250166666667	2.7100000000000364	trials	port_entry
5509.340166666667	1.1099999999996726	trials	port_entry
5510.650166666666	0.7400000000006912	trials	port_entry
5511.460166666667	0.09993333333295595	trials	port_entry
5528.7902	0.09003333333293995	trials	port_entry
5529.000166666667	0.650066666667044	trials	port_entry
5542.890166666667	1.4099999999998545	trials	port_entry
5543.500233333333	20.001833333333707	trials	shock_stimulus_presentation
5563.300233333333	0.299966666666478	trials	shock_relay
5570.630233333333	0.6900000000005093	trials	port_entry
5573.0502	0.2300666666669713	trials	port_entry
5573.8903	0.15999999999985448	trials	port_entry
5574.1003	0.3500000000003638	trials	port_entry
5574.970233333333	0.020000000000436557	trials	port_entry
5576.370233333333	0.030000000000654836	trials	port_entry
5576.850233333334	0.1399666666666235	trials	port_entry
5577.040233333333	0.029966666666950914	trials	port_entry
5594.780233333334	0.5299666666660414	trials	port_entry
5633.500233333333	20.000100000000202	trials	reward_stimulus_presentation
5634.500266666667	0.8000333333329763	trials	reward_delivery
5656.1003	0.25	trials	port_entry
5656.3703000000005	0.31999999999970896	trials	port_entry
5656.7603	0.23000000000047294	trials	port_entry
5715.9803	0.41006666666635283	trials	port_entry
5726.840366666666	0.5200000000004366	trials	port_entry
5733.500366666667	20.000033333332794	trials	neutral_stimulus_presentation
5739.3004	0.9499999999998181	trials	port_entry
5761.030400000001	0.4299666666665871	trials	port_entry
5777.7604	0.8599999999996726	trials	port_entry
5783.0904	0.06999999999970896	trials	port_entry
5794.3704	0.6200666666672987	trials	port_entry
5806.640433333333	0.6399333333338291	trials	port_entry
5823.500466666666	20.0	trials	neutral_stimulus_presentation
5852.7204	0.5600666666668985	trials	port_entry
5853.4405	0.19000000000050932	trials	port_entry
5853.8405	0.39993333333313785	trials	port_entry
5873.700466666667	0.40996666666615056	trials	port_entry
5886.1905	0.3000000000001819	trials	port_entry
5887.4805	0.3900000000003274	trials	port_entry
5887.9205	0.10999999999967258	trials	port_entry
5895.6205	0.4099999999998545	trials	port_entry
5896.640466666667	0.5000333333337039	trials	port_entry
5913.5006	20.0020999999997	trials	shock_stimulus_presentation
5926.6105	0.13003333333381306	trials	port_entry
5931.740566666666	0.06996666666691453	trials	port_entry
5933.300566666667	0.299966666666478	trials	shock_relay
5941.100533333333	0.4499999999998181	trials	port_entry
5944.790533333334	0.9299999999993815	trials	port_entry
5988.7306	1.0200000000004366	trials	port_entry
5989.7706	7.490000000000691	trials	port_entry
5997.3206	6.329999999999927	trials	port_entry
6003.500633333333	19.9999333333335	trials	neutral_stimulus_presentation
6004.2306	1.449999999999818	trials	port_entry
6050.540633333333	1.15996666666706	trials	port_entry
6051.990633333334	0.0999999999994543	trials	port_entry
6055.500633333333	2.660000000000764	trials	port_entry
6088.500666666667	20.0	trials	reward_stimulus_presentation
6089.5007000000005	0.7999999999992724	trials	reward_delivery
6108.470666666667	0.09003333333293995	trials	port_entry
6108.620666666667	0.19000000000050932	trials	port_entry
6108.880666666667	3.049933333332774	trials	port_entry
6113.750666666667	0.06999999999970896	trials	port_entry
6113.860633333334	0.4100333333326489	trials	port_entry
6116.4007	0.43000000000029104	trials	port_entry
6124.7207	0.7600000000002183	trials	port_entry
6127.4907	6.840066666666644	trials	port_entry
6135.420766666667	0.529933333333247	trials	port_entry
6137.5707	1.09003333333294	trials	port_entry
6139.100733333334	0.9099999999998545	trials	port_entry
6141.5007000000005	0.2999999999992724	trials	port_entry
6153.480733333334	0.589999999999236	trials	port_entry
6157.880666666667	0.25	trials	port_entry
6158.1807	1.3300333333336312	trials	port_entry
6159.530666666667	0.1300666666666075	trials	port_entry
6173.060733333334	0.8000333333329763	trials	port_entry
6178.5008	20.002066666666906	trials	shock_stimulus_presentation
6192.5207666666665	0.2899999999999636	trials	port_entry
6198.3007333333335	0.30006666666668025	trials	shock_relay
6219.390766666666	0.3999666666668418	trials	port_entry
6220.150733333334	0.05999999999949068	trials	port_entry
6225.7408000000005	0.5199999999995271	trials	port_entry
6247.3608	0.6899999999995998	trials	port_entry
6257.120833333333	0.03999999999996362	trials	port_entry
6257.180766666666	0.9800666666669713	trials	port_entry
6261.4208	0.6000000000003638	trials	port_entry
6273.500866666667	9.769966666665823	trials	reward_stimulus_presentation
6274.5008333333335	0.8000333333329763	trials	reward_delivery
6282.870833333333	1.6199999999998909	trials	port_entry
6287.090833333334	0.26999999999952706	trials	port_entry
6287.640833333334	2.089999999999236	trials	port_entry
6292.220833333334	0.03999999999996362	trials	port_entry
6292.570833333333	0.020000000000436557	trials	port_entry
6301.080866666667	0.21000000000003638	trials	port_entry
6301.3208	0.3900666666659163	trials	port_entry
6301.880866666666	0.5100000000002183	trials	port_entry
6309.440866666667	0.03999999999996362	trials	port_entry
6309.5208	0.34003333333293995	trials	port_entry
6346.270866666667	1.3900000000003274	trials	port_entry
6347.680866666667	0.23999999999978172	trials	port_entry
6363.5009	20.0	trials	neutral_stimulus_presentation
6366.8009	0.6299666666664052	trials	port_entry
6367.450833333333	0.05010000000038417	trials	port_entry
6374.300933333334	0.20996666666633246	trials	port_entry
6377.8209	0.019966666666732635	trials	port_entry
6378.180866666667	0.5400333333336675	trials	port_entry
6378.9609	0.20003333333352202	trials	port_entry
6380.310933333333	0.47000000000025466	trials	port_entry
6385.480833333333	0.030133333333651535	trials	port_entry
6385.530866666667	0.020099999999729334	trials	port_entry
6386.3609	2.2200000000002547	trials	port_entry
6388.7009	2.0	trials	port_entry
6394.9609	0.03999999999996362	trials	port_entry
6395.150900000001	0.1700333333328672	trials	port_entry
6395.340866666666	0.1600333333335584	trials	port_entry
6395.5209	0.339999999999236	trials	port_entry
6396.0209	2.3099999999994907	trials	port_entry
6398.860866666667	0.1100333333333765	trials	port_entry
6412.9409000000005	0.3200333333325034	trials	port_entry
6416.750933333334	0.07999999999992724	trials	port_entry
6432.480933333333	0.6000000000003638	trials	port_entry
6443.501	19.9999333333335	trials	reward_stimulus_presentation
6444.501	0.799966666666478	trials	reward_delivery
6473.151	5.579999999999927	trials	port_entry
6479.011	0.21000000000003638	trials	port_entry
6479.241	0.5100000000002183	trials	port_entry
6479.871	0.5799999999999272	trials	port_entry
6492.101	0.1000000000003638	trials	port_entry
6492.291	0.10999999999967258	trials	port_entry
6492.451	2.180000000000291	trials	port_entry
6496.341	1.050000000000182	trials	port_entry
6506.021	2.9600000000000364	trials	port_entry
6509.201	1.930000000000291	trials	port_entry
6511.251	0.019999999999527063	trials	port_entry
6517.581066666667	0.0500000000001819	trials	port_entry
6517.771066666667	1.8099333333329923	trials	port_entry
6521.591033333333	7.289999999999964	trials	port_entry
6530.601066666667	1.7899999999999636	trials	port_entry
6533.501033333333	0.46996666666746023	trials	reward_stimulus_presentation
6533.571	9.540033333333668	trials	port_entry
6534.501033333333	0.7999666666673875	trials	reward_delivery
6543.571033333334	0.0500000000001819	trials	port_entry
6545.151066666666	0.8099666666666963	trials	port_entry
6548.2311	0.38993333333382907	trials	port_entry
6561.651	9.55006666666668	trials	port_entry
6572.531066666666	1.610000000000582	trials	port_entry
6574.261066666667	1.3099666666666963	trials	port_entry
6577.341033333333	1.8199666666669145	trials	port_entry
6579.311033333333	3.130033333333813	trials	port_entry
6584.861066666666	2.230033333334177	trials	port_entry
6587.131066666667	0.38003333333290357	trials	port_entry
6589.241033333334	0.8100333333331946	trials	port_entry
6590.2410666666665	0.18000000000029104	trials	port_entry
6590.881066666667	0.9799999999995634	trials	port_entry
6593.8211	2.7700000000004366	trials	port_entry
6598.1611	3.529966666666951	trials	port_entry
6601.811066666667	0.020033333333230985	trials	port_entry
6604.0011	0.07999999999992724	trials	port_entry
6612.691066666667	5.490033333332576	trials	port_entry
6618.2411	0.4600000000000364	trials	port_entry
6618.7711	0.06000000000040018	trials	port_entry
6619.3511	1.8400333333338494	trials	port_entry
6621.311133333334	4.03996666666626	trials	port_entry
6626.4211000000005	0.21999999999934516	trials	port_entry
6626.7011	0.22000000000025466	trials	port_entry
6627.7311	0.17996666666658712	trials	port_entry
6632.0211	3.5600333333331946	trials	port_entry
6633.501133333333	20.00273333333371	trials	shock_stimulus_presentation
6650.171133333333	0.38000000000010914	trials	port_entry
6653.301133333333	0.3000000000001819	trials	shock_relay
6653.4211000000005	0.10003333333315823	trials	port_entry
6653.751133333333	0.8200000000006185	trials	port_entry
6662.6411333333335	3.0500666666666802	trials	port_entry
6665.9011666666665	0.12003333333359478	trials	port_entry
6699.851166666666	1.1300000000001091	trials	port_entry
6701.041166666667	1.7100000000000364	trials	port_entry
6721.411166666667	0.5500000000001819	trials	port_entry
6722.7412	0.2599999999993088	trials	port_entry
6723.091166666667	0.6200333333326853	trials	port_entry
6723.5012	20.0	trials	neutral_stimulus_presentation
6723.7312	0.03999999999996362	trials	port_entry
6723.8612	1.0000333333327944	trials	port_entry
6739.531266666667	0.9998999999997977	trials	port_entry
6745.6812	0.3599999999996726	trials	port_entry
6747.371133333333	0.25006666666740784	trials	port_entry
6747.6412	0.25	trials	port_entry
6747.9312	0.5600000000004002	trials	port_entry
6750.1512	0.02999999999974534	trials	port_entry
6751.0912	0.0500000000001819	trials	port_entry
6751.4712	0.31999999999970896	trials	port_entry
6751.8312000000005	0.3999999999996362	trials	port_entry
6752.281166666667	0.5300333333334493	trials	port_entry
6760.951233333333	0.06993333333321061	trials	port_entry
6761.1412	0.02999999999974534	trials	port_entry
6761.391233333334	0.06999999999970896	trials	port_entry
6761.951233333333	0.09000000000014552	trials	port_entry
6771.251233333333	0.3400000000001455	trials	port_entry
6772.401233333333	0.410000000000764	trials	port_entry
6772.911233333333	0.930000000000291	trials	port_entry
6773.901233333333	1.90996666666706	trials	port_entry
6783.241266666667	0.819999999999709	trials	port_entry
6784.3712000000005	0.1499999999996362	trials	port_entry
6787.9212333333335	0.2600333333330127	trials	port_entry
6788.491233333333	0.07003333333341288	trials	port_entry
6789.3812333333335	0.03999999999996362	trials	port_entry
6795.851233333334	0.10999999999967258	trials	port_entry
6796.401233333333	0.17000000000007276	trials	port_entry
6806.991266666667	2.319999999999709	trials	port_entry
6809.401266666667	1.3900000000003274	trials	port_entry
6810.851266666667	2.020033333333231	trials	port_entry
6813.031300000001	22.049966666666478	trials	port_entry
6813.501333333334	19.999966666666296	trials	reward_stimulus_presentation
6814.501266666667	0.7999999999992724	trials	reward_delivery
6837.221266666666	0.13000000000010914	trials	port_entry
6837.3812333333335	3.4400333333333037	trials	port_entry
6841.241266666667	0.7900333333336675	trials	port_entry
6844.581233333333	2.6300666666666075	trials	port_entry
6848.5013	1.1300000000001091	trials	port_entry
6852.281300000001	3.4699666666665507	trials	port_entry
6856.5713000000005	2.219999999999345	trials	port_entry
6859.8813	0.8500000000003638	trials	port_entry
6865.1113000000005	12.989999999999782	trials	port_entry
6878.3013	0.7500333333337039	trials	port_entry
6881.851333333333	0.18993333333401097	trials	port_entry
6882.071333333333	0.4499999999998181	trials	port_entry
6882.601333333333	0.5399999999999636	trials	port_entry
6883.1613	0.03996666666716919	trials	port_entry
6884.491333333333	0.03999999999996362	trials	port_entry
6884.8513	0.0999999999994543	trials	port_entry
6885.1013	0.23999999999978172	trials	port_entry
6885.3613000000005	0.4600333333328308	trials	port_entry
6887.4613	2.6900333333333037	trials	port_entry
6890.321266666667	0.650066666667044	trials	port_entry
6894.6213333333335	2.4099999999998545	trials	port_entry
6898.8113	0.8800000000001091	trials	port_entry
6903.5013	2.320033333333413	trials	reward_stimulus_presentation
6904.501333333334	0.799966666666478	trials	reward_delivery
6905.421333333334	1.3599999999996726	trials	port_entry
6911.351333333333	0.24000000000069122	trials	port_entry
6911.611333333333	14.169966666667278	trials	port_entry
6926.741333333333	1.8700333333335948	trials	port_entry
6930.3813666666665	1.0699666666669145	trials	port_entry
6935.461366666666	0.06000000000040018	trials	port_entry
6935.771366666667	2.019999999999527	trials	port_entry
6938.4213666666665	0.7300000000004729	trials	port_entry
6941.601366666667	1.1300000000001091	trials	port_entry
6949.521366666667	1.6199999999998909	trials	port_entry
6951.281366666667	0.5799999999999272	trials	port_entry
6957.6313666666665	0.5	trials	port_entry
6961.9414	0.8399666666673511	trials	port_entry
6971.8614	1.279966666666951	trials	port_entry
6973.191366666667	1.2600333333330127	trials	port_entry
6974.4714	1.1800333333330855	trials	port_entry
6978.2114	0.6999999999998181	trials	port_entry
6988.501366666666	20.00203333333411	trials	shock_stimulus_presentation
6993.8714	1.0900000000001455	trials	port_entry
6999.5414	0.3999999999996362	trials	port_entry
7008.301433333333	0.3000000000001819	trials	shock_relay
7018.4314	1.3500333333331582	trials	port_entry
7022.7114	1.4200000000000728	trials	port_entry
7024.7014	0.02999999999974534	trials	port_entry
7024.771366666667	21.970066666666753	trials	port_entry
7046.871433333334	0.22999999999956344	trials	port_entry
7047.3214	0.18003333333399496	trials	port_entry
7053.361466666667	6.7099666666663325	trials	port_entry
7064.841466666667	4.979966666666769	trials	port_entry
7071.121433333334	3.8500333333331582	trials	port_entry
7075.131466666667	4.430000000000291	trials	port_entry
7078.5015	1.569999999999709	trials	reward_stimulus_presentation
7079.501466666667	0.8000000000001819	trials	reward_delivery
7079.671466666667	0.17000000000007276	trials	port_entry
7084.7615000000005	0.16996666666636884	trials	port_entry
7085.021466666667	20.64996666666684	trials	port_entry
7105.711466666667	0.03999999999996362	trials	port_entry
7105.801466666667	0.02999999999974534	trials	port_entry
7106.381466666667	29.0600000000004	trials	port_entry
7135.461466666667	1.5100333333330127	trials	port_entry
7136.991466666666	0.5701000000008207	trials	port_entry
7137.671466666667	68.74006666666719	trials	port_entry
7173.501566666667	20.0	trials	reward_stimulus_presentation
7174.501533333333	0.8000000000001819	trials	reward_delivery
7206.451566666667	0.03996666666716919	trials	port_entry
7206.561566666667	0.12999999999919964	trials	port_entry
7208.791566666667	0.07999999999992724	trials	port_entry
7208.961566666667	1.520033333333231	trials	port_entry
7210.741633333333	0.03996666666716919	trials	port_entry
7213.771566666666	0.6900000000005093	trials	port_entry
7218.481533333334	0.2300666666669713	trials	port_entry
7218.7616	1.180000000000291	trials	port_entry
7219.9616000000005	0.18999999999959982	trials	port_entry
7224.091566666667	0.10996666666687815	trials	port_entry
7224.271566666666	2.260033333333922	trials	port_entry
7227.9716	0.06000000000040018	trials	port_entry
7228.5116	0.4799333333339746	trials	port_entry
7243.601566666667	3.089999999999236	trials	port_entry
7246.8416	0.16000000000076398	trials	port_entry
7247.0616	0.03999999999996362	trials	port_entry
7248.5016000000005	3.149999999999636	trials	port_entry
7251.8116	0.020000000000436557	trials	port_entry
7251.8816	0.0600333333341041	trials	port_entry
7251.961633333333	0.029966666666950914	trials	port_entry
7258.591633333333	1.3100000000004002	trials	port_entry
7261.841566666667	0.40006666666613455	trials	port_entry
7262.321666666667	1.049966666666478	trials	port_entry
7263.5017	20.00186666666741	trials	shock_stimulus_presentation
7270.3316	0.2999999999992724	trials	port_entry
7275.721633333334	0.09000000000014552	trials	port_entry
7283.3016333333335	0.3000000000001819	trials	shock_relay
7286.031633333333	4.31993333333412	trials	port_entry
7294.691633333334	1.5300333333325398	trials	port_entry
7296.611666666667	4.249933333333502	trials	port_entry
7301.441633333334	0.12003333333268529	trials	port_entry
7310.991633333333	1.0399666666671692	trials	port_entry
7323.411666666667	1.4799999999995634	trials	port_entry
7335.261666666667	1.5299999999997453	trials	port_entry
7343.501666666667	1.1000666666668621	trials	reward_stimulus_presentation
7344.201733333333	20.029999999999745	trials	port_entry
7344.5017333333335	0.7998999999999796	trials	reward_delivery
7365.3717	10.450033333333522	trials	port_entry
7378.011733333334	1.5999999999994543	trials	port_entry
7384.1617	1.4400000000005093	trials	port_entry
7385.7017000000005	28.740033333332576	trials	port_entry
7417.7818	15.389933333333829	trials	port_entry
7433.501766666667	20.000033333332794	trials	neutral_stimulus_presentation
7433.681733333334	13.730066666666062	trials	port_entry
7460.281766666667	2.2100666666665347	trials	port_entry
7465.341766666666	1.6000000000003638	trials	port_entry
7473.371733333333	7.510066666666717	trials	port_entry
7486.0418	9.340000000000146	trials	port_entry
7510.351833333333	4.1399666666666235	trials	port_entry
7529.831833333334	0.7899666666662597	trials	port_entry
7532.571833333333	0.299966666666478	trials	port_entry
7532.931833333333	39.13006666666661	trials	port_entry
7533.5018666666665	19.999966666667206	trials	reward_stimulus_presentation
7534.501833333334	0.8000666666666802	trials	reward_delivery
7574.511833333333	14.330033333333631	trials	port_entry
7596.531933333334	10.019966666666733	trials	port_entry
7613.211933333333	2.009966666667424	trials	port_entry
7615.2419	0.020000000000436557	trials	port_entry
7615.601933333333	0.03996666666716919	trials	port_entry
7616.7919	2.380000000000109	trials	port_entry
7623.501966666667	1.099933333332956	trials	reward_stimulus_presentation
7624.201933333334	1.749966666666296	trials	port_entry
7624.5019	0.8000000000001819	trials	reward_delivery
7626.0319	0.1000000000003638	trials	port_entry
7626.211933333333	24.43000000000029	trials	port_entry
7652.951933333334	1.5999666666666599	trials	port_entry
7656.011933333333	0.11000000000058208	trials	port_entry
7656.251966666667	1.6400000000003274	trials	port_entry
7658.041933333334	0.019999999999527063	trials	port_entry
7658.111933333334	0.06999999999970896	trials	port_entry
7658.4519666666665	0.03993333333346527	trials	port_entry
7658.551933333333	0.07999999999992724	trials	port_entry
7658.691966666667	0.049933333332774055	trials	port_entry
7658.811966666667	0.11999999999989086	trials	port_entry
7659.061933333333	0.0500000000001819	trials	port_entry
7659.471933333333	0.060033333333194605	trials	port_entry
7660.6419000000005	0.05006666666668025	trials	port_entry
7661.911966666667	0.019966666666732635	trials	port_entry
7664.051966666667	0.02999999999974534	trials	port_entry
7664.681933333333	0.04020000000036816	trials	port_entry
7665.111933333334	0.019999999999527063	trials	port_entry
7666.5719	0.05006666666668025	trials	port_entry
7667.661966666667	0.060033333333194605	trials	port_entry
7667.801966666667	0.07999999999992724	trials	port_entry
7668.171933333333	0.040066666667371464	trials	port_entry
7668.751933333333	0.030000000000654836	trials	port_entry
7669.031933333334	0.05999999999949068	trials	port_entry
7671.531966666666	0.020000000000436557	trials	port_entry
7671.631966666667	0.06999999999970896	trials	port_entry
7671.791966666667	0.06000000000040018	trials	port_entry
7673.841966666667	0.03999999999996362	trials	port_entry
7675.571966666666	2.9600000000000364	trials	port_entry
7678.931966666667	0.05999999999949068	trials	port_entry
7681.551966666667	0.7400333333334856	trials	port_entry
7682.782	0.019999999999527063	trials	port_entry
7684.661966666667	0.19006666666700767	trials	port_entry
7684.891966666667	0.8499999999994543	trials	port_entry
7688.931966666667	1.1499999999996362	trials	port_entry
7696.721966666667	1.5000666666664983	trials	port_entry
7704.692	0.8699666666670964	trials	port_entry
7711.081966666667	2.65003333333334	trials	port_entry
7713.502	20.0	trials	neutral_stimulus_presentation
7721.721933333333	0.5500666666666802	trials	port_entry
7723.712	0.819999999999709	trials	port_entry
7745.292	0.9399999999995998	trials	port_entry
7746.822	0.7799999999997453	trials	port_entry
7748.142	0.13000000000010914	trials	port_entry
7748.302	0.33000000000083674	trials	port_entry
7748.6720000000005	0.02999999999974534	trials	port_entry
7752.252	2.3800333333329036	trials	port_entry
7769.602033333334	2.09003333333294	trials	port_entry
7773.352033333334	0.42000000000007276	trials	port_entry
7773.832033333333	0.14000000000032742	trials	port_entry
7783.232	0.3900000000003274	trials	port_entry
7786.7821	0.6799333333328832	trials	port_entry
7803.5021	20.001800000000003	trials	shock_stimulus_presentation
7807.832066666667	0.5100000000002183	trials	port_entry
7823.3021	0.3000000000001819	trials	shock_relay
7824.6321	0.4400000000005093	trials	port_entry
7842.222066666667	1.4099999999998545	trials	port_entry
7843.652033333334	0.050033333332976326	trials	port_entry
7843.8021	1.750033333333704	trials	port_entry
7875.112166666667	1.1199666666670964	trials	port_entry
7876.262133333334	0.019999999999527063	trials	port_entry
7879.622133333333	0.19000000000050932	trials	port_entry
7879.8721000000005	0.049999999999272404	trials	port_entry
7879.9921	0.13003333333290357	trials	port_entry
7880.3921	0.08003333333363116	trials	port_entry
7880.722133333334	0.7100000000000364	trials	port_entry
7881.472133333334	0.02999999999974534	trials	port_entry
7881.652133333333	0.08000000000083674	trials	port_entry
7881.752133333333	0.15999999999985448	trials	port_entry
7882.792133333333	0.1000000000003638	trials	port_entry
7882.9121000000005	0.03003333333253977	trials	port_entry
7883.042133333333	0.07999999999992724	trials	port_entry
7883.432133333334	2.8599999999996726	trials	port_entry
7888.262133333334	0.0500000000001819	trials	port_entry
7888.502166666667	0.15999999999985448	trials	reward_stimulus_presentation
7889.5022	0.7999333333336835	trials	reward_delivery
7891.462133333333	0.020033333333230985	trials	port_entry
7891.612166666667	16.589933333333647	trials	port_entry
7908.252133333333	0.020033333333230985	trials	port_entry
7909.652166666667	7.759966666666514	trials	port_entry
7919.3622000000005	3.7899999999999636	trials	port_entry
7923.232166666667	3.15003333333334	trials	port_entry
7929.312166666667	1.0200000000004366	trials	port_entry
7933.552166666666	1.0200000000004366	trials	port_entry
7938.662166666667	1.9400333333333037	trials	port_entry
7940.6422	0.05999999999949068	trials	port_entry
7940.7422	20.150000000000546	trials	port_entry
7961.8822	0.5599333333329923	trials	port_entry
7962.5722000000005	15.440066666666098	trials	port_entry
7978.402266666667	10.369966666667096	trials	port_entry
7978.502266666666	20.00243333333401	trials	shock_stimulus_presentation
7993.292266666666	0.15996666666796955	trials	port_entry
7998.302233333333	0.3000000000010914	trials	shock_relay
8025.412166666666	0.8800666666666075	trials	port_entry
8027.602233333334	0.13999999999941792	trials	port_entry
8029.6622333333335	0.5900000000001455	trials	port_entry
8030.432233333334	0.17003333333377668	trials	port_entry
8058.782233333334	0.610033333332467	trials	port_entry
8060.702266666666	0.09003333333384944	trials	port_entry
8060.8723	2.569999999999709	trials	port_entry
8064.1023	0.020000000000436557	trials	port_entry
8065.6822999999995	2.7700000000004366	trials	port_entry
8068.4723	0.07999999999992724	trials	port_entry
8068.572300000001	0.36999999999898137	trials	port_entry
8070.3123000000005	0.5	trials	port_entry
8070.842233333334	0.0800666666655161	trials	port_entry
8071.9423	0.04996666666738747	trials	port_entry
8073.502299999999	6.190000000000509	trials	reward_stimulus_presentation
8074.502266666667	0.7999999999992724	trials	reward_delivery
8079.2923	16.570033333333413	trials	port_entry
8096.102366666667	0.3999999999996362	trials	port_entry
8096.7123	4.710033333332831	trials	port_entry
8103.282333333334	0.14996666666593228	trials	port_entry
8103.492300000001	4.960033333332831	trials	port_entry
8108.492366666666	1.5399666666671692	trials	port_entry
8116.412300000001	0.8200333333334129	trials	port_entry
8117.392333333334	0.09999999999854481	trials	port_entry
8120.3623333333335	0.1499999999996362	trials	port_entry
8120.532333333334	0.06999999999970896	trials	port_entry
8120.992300000001	0.11003333333246701	trials	port_entry
8122.002333333333	4.0600666666668985	trials	port_entry
8126.172366666667	0.1899666666668054	trials	port_entry
8126.492300000001	0.35003333333224873	trials	port_entry
8127.012333333333	0.03996666666716919	trials	port_entry
8127.072333333333	0.06000000000130967	trials	port_entry
8127.172333333333	0.2100333333346498	trials	port_entry
8127.432333333333	7.670033333333777	trials	port_entry
8135.142333333334	0.10003333333224873	trials	port_entry
8140.532400000001	1.3299666666662233	trials	port_entry
8141.922366666667	0.21999999999934516	trials	port_entry
8142.2923666666675	0.019966666666732635	trials	port_entry
8142.5823666666665	0.050000000001091394	trials	port_entry
8142.822366666666	0.07999999999992724	trials	port_entry
8142.922299999999	0.3200666666671168	trials	port_entry
8147.162333333333	0.27000000000043656	trials	port_entry
8147.452333333334	0.06999999999970896	trials	port_entry
8147.552333333334	16.140033333333122	trials	port_entry
8163.502366666667	20.000033333333704	trials	neutral_stimulus_presentation
8163.772366666667	2.899999999999636	trials	port_entry
8166.822300000001	0.20006666666631645	trials	port_entry
8167.322366666666	0.03996666666716919	trials	port_entry
8167.502366666667	0.020000000000436557	trials	port_entry
8167.762366666667	0.43000000000029104	trials	port_entry
8168.212333333334	0.12003333333268529	trials	port_entry
8168.742366666666	0.11000000000058208	trials	port_entry
8168.872366666667	0.07003333333341288	trials	port_entry
8169.452399999999	0.11000000000058208	trials	port_entry
8169.9724	0.020000000000436557	trials	port_entry
8170.2424	0.41996666666636884	trials	port_entry
8170.682366666667	0.12999999999919964	trials	port_entry
8170.882333333334	0.02003333333232149	trials	port_entry
8170.972366666666	0.28000000000065484	trials	port_entry
8171.342366666667	0.08003333333363116	trials	port_entry
8171.5624	0.18000000000029104	trials	port_entry
8171.782400000001	0.0899666666664416	trials	port_entry
8171.932400000001	0.8899999999994179	trials	port_entry
8172.842366666667	0.09003333333384944	trials	port_entry
8173.072366666666	0.22000000000116415	trials	port_entry
8173.3324	0.08993333333273767	trials	port_entry
8173.782400000001	0.09999999999854481	trials	port_entry
8173.932366666667	0.02003333333232149	trials	port_entry
8175.022466666666	0.23993333333419287	trials	port_entry
8175.292399999999	0.09000000000014552	trials	port_entry
8175.462399999999	0.29993333333368355	trials	port_entry
8175.792399999999	0.050000000001091394	trials	port_entry
8175.9224	0.06999999999970896	trials	port_entry
8176.3424	0.04996666666556848	trials	port_entry
8176.4123666666665	0.03003333333435876	trials	port_entry
8176.502333333333	0.05006666666668025	trials	port_entry
8178.242366666666	0.31999999999970896	trials	port_entry
8178.8424	0.05996666666578676	trials	port_entry
8181.1424	0.1000000000003638	trials	port_entry
8181.482333333334	0.1499999999996362	trials	port_entry
8181.6524	0.5400000000008731	trials	port_entry
8186.512366666667	0.03003333333253977	trials	port_entry
8186.642366666666	0.47000000000116415	trials	port_entry
8187.152366666666	0.020000000000436557	trials	port_entry
8189.122366666667	0.6300333333329036	trials	port_entry
8192.1824	0.7599666666665144	trials	port_entry
8200.462399999999	0.570000000001528	trials	port_entry
8219.1624	0.7800333333325398	trials	port_entry
8221.6824	0.09000000000014552	trials	port_entry
8222.6024	1.0600333333331946	trials	port_entry
8233.1724	0.4100333333335584	trials	port_entry
8233.652433333333	0.030000000000654836	trials	port_entry
8233.702433333332	0.040000000000873115	trials	port_entry
8243.502499999999	6.039966666667169	trials	reward_stimulus_presentation
8244.502433333333	0.8000333333329763	trials	reward_delivery
8249.142433333333	0.1000000000003638	trials	port_entry
8249.3324	0.050033333332976326	trials	port_entry
8249.402366666665	2.870066666666389	trials	port_entry
8252.6624	2.3400000000001455	trials	port_entry
8255.472433333332	1.9099999999998545	trials	port_entry
8258.872433333332	3.1700333333337767	trials	port_entry
8262.172466666665	4.669966666668188	trials	port_entry
8268.932433333333	1.4600333333328308	trials	port_entry
8270.912466666667	0.049999999999272404	trials	port_entry
8271.342433333333	0.039999999999054126	trials	port_entry
8271.6924	1.1000999999996566	trials	port_entry
8272.8224	0.050033333332976326	trials	port_entry
8310.732466666666	1.859999999998763	trials	port_entry
8315.092499999999	0.31999999999970896	trials	port_entry
8333.502533333332	1.209966666667242	trials	reward_stimulus_presentation
8334.3125	0.6599999999998545	trials	port_entry
8334.502499999999	0.8000000000010914	trials	reward_delivery
8336.182499999999	0.23999999999978172	trials	port_entry
8336.492499999998	12.990033333333486	trials	port_entry
8351.952533333333	2.4200000000000728	trials	port_entry
8369.432533333333	1.2899333333334653	trials	port_entry
8371.032533333333	0.36999999999898137	trials	port_entry
8377.402533333332	0.25	trials	port_entry
8377.962533333333	0.019999999998617568	trials	port_entry
8378.102566666666	0.07999999999992724	trials	port_entry
8378.302566666665	0.569999999999709	trials	port_entry
8379.562566666666	0.040000000000873115	trials	port_entry
8401.852566666666	0.5499999999992724	trials	port_entry
8402.742566666666	0.07999999999992724	trials	port_entry
8402.932566666666	0.1999999999989086	trials	port_entry
8403.232566666666	0.28003333333435876	trials	port_entry
8403.532566666667	0.75	trials	port_entry
8407.152566666666	0.2900000000008731	trials	port_entry
8407.482566666666	13.49006666666719	trials	port_entry
8421.3426	1.4499999999989086	trials	port_entry
8426.902566666666	0.8099999999994907	trials	port_entry
8428.422566666666	0.4400000000005093	trials	port_entry
8433.322566666666	0.5600333333331946	trials	port_entry
8433.502566666666	20.000133333332997	trials	neutral_stimulus_presentation
8455.302633333333	0.6999333333333198	trials	port_entry
8460.342633333332	0.4499000000014348	trials	port_entry
8461.802633333333	0.04996666666556848	trials	port_entry
8465.232666666665	0.5399666666671692	trials	port_entry
8466.422633333332	0.020000000000436557	trials	port_entry
8466.792633333333	0.049999999999272404	trials	port_entry
8469.542633333333	0.9400000000005093	trials	port_entry
8470.502633333332	0.1000000000003638	trials	port_entry
8470.662633333333	0.36999999999898137	trials	port_entry
8471.052599999999	0.14003333333312185	trials	port_entry
8471.322633333333	0.21999999999934516	trials	port_entry
8475.952566666665	0.24003333333348564	trials	port_entry
8479.182666666666	0.2000000000007276	trials	port_entry
8479.472666666667	0.03003333333253977	trials	port_entry
8482.012666666666	0.13000000000101863	trials	port_entry
8484.172666666665	0.28000000000065484	trials	port_entry
8497.412666666665	0.6300000000010186	trials	port_entry
8523.502733333333	1.349933333332956	trials	reward_stimulus_presentation
8524.452666666666	0.5399999999990541	trials	port_entry
8524.502666666665	0.8000000000010914	trials	reward_delivery
8525.242666666665	0.050000000001091394	trials	port_entry
8525.442666666666	0.8000333333329763	trials	port_entry
8529.242699999999	17.25	trials	port_entry
8546.552699999998	8.180000000000291	trials	port_entry
8557.5427	1.7099999999991269	trials	port_entry
8561.732699999999	2.010033333333922	trials	port_entry
8580.4327	3.8400000000001455	trials	port_entry
8588.342766666667	0.7699666666667326	trials	port_entry
8591.022766666665	0.07993333333433839	trials	port_entry
8591.302733333332	0.8299999999999272	trials	port_entry
8595.762733333333	1.3400000000001455	trials	port_entry
8613.502766666667	20.002766666666503	trials	shock_stimulus_presentation
8619.272733333333	0.9699999999993452	trials	port_entry
8623.252766666667	2.359999999998763	trials	port_entry
8633.302699999998	0.3000333333347953	trials	shock_relay
8651.892766666666	0.6200000000008004	trials	port_entry
8665.602799999999	0.7699333333330287	trials	port_entry
8677.502799999998	0.8100000000013097	trials	port_entry
8684.4828	0.47999999999956344	trials	port_entry
8692.4928	0.8399999999983265	trials	port_entry
8703.502866666666	13.959966666667242	trials	reward_stimulus_presentation
8704.502833333332	0.8000000000010914	trials	reward_delivery
8717.062833333333	5.380033333332904	trials	port_entry
8724.132833333333	2.149999999999636	trials	port_entry
8729.882866666665	0.07003333333341288	trials	port_entry
8729.982866666665	2.790000000000873	trials	port_entry
8735.142866666665	0.6900000000005093	trials	port_entry
8737.952866666667	0.7600000000002183	trials	port_entry
8740.222866666665	0.6400000000012369	trials	port_entry
8744.122866666667	0.27999999999883585	trials	port_entry
8744.422866666666	0.45003333333261253	trials	port_entry
8763.9929	0.8899999999994179	trials	port_entry
8773.9429	0.8300333333318122	trials	port_entry
8779.122866666667	0.4299333333328832	trials	port_entry
8779.572833333332	0.019966666666732635	trials	port_entry
8779.832799999998	0.060033333335013594	trials	port_entry
8783.752866666666	0.050033333332976326	trials	port_entry
8784.202899999998	0.11996666666709643	trials	port_entry
8786.462899999999	0.17996666666658712	trials	port_entry
8788.5029	0.5600333333331946	trials	reward_stimulus_presentation
8788.6629	0.050033333332976326	trials	port_entry
8788.7429	0.7199333333337563	trials	port_entry
8789.503233333333	0.7996666666658712	trials	reward_delivery
8797.802899999999	15.060033333333195	trials	port_entry
8813.122899999998	0.02003333333414048	trials	port_entry
8815.682933333332	0.3500000000003638	trials	port_entry
8820.532933333332	1.0600000000013097	trials	port_entry
8825.172933333333	0.18999999999869033	trials	port_entry
8825.392933333333	0.42000000000007276	trials	port_entry
8825.832933333333	0.25	trials	port_entry
8845.442966666666	1.110000000000582	trials	port_entry
8846.652933333333	0.25996666666651436	trials	port_entry
8847.002933333333	0.8900666666668258	trials	port_entry
8859.632966666666	0.5499999999992724	trials	port_entry
8865.822966666667	0.6199999999989814	trials	port_entry
8871.992966666667	0.139966666665714	trials	port_entry
8872.242933333333	0.15003333333334012	trials	port_entry
8872.522933333332	0.04996666666738747	trials	port_entry
8872.5929	0.2300666666669713	trials	port_entry
8872.882966666666	1.8999999999996362	trials	port_entry
8874.842966666665	0.29996666666738747	trials	port_entry
8878.502966666665	20.002733333334618	trials	shock_stimulus_presentation
8886.072966666667	0.5600333333331946	trials	port_entry
8887.882966666666	0.13999999999941792	trials	port_entry
8896.162999999999	0.680000000000291	trials	port_entry
8898.302966666666	0.2999999999992724	trials	shock_relay
8917.993033333332	0.5200000000004366	trials	port_entry
8919.882966666666	0.569999999999709	trials	port_entry
8923.262999999999	0.7000000000007276	trials	port_entry
8923.992999999999	0.1000000000003638	trials	port_entry
8925.203	0.27000000000043656	trials	port_entry
8928.793	0.1000000000003638	trials	port_entry
8939.883033333332	0.32000000000152795	trials	port_entry
8973.503066666666	3.350000000000364	trials	reward_stimulus_presentation
8974.503066666666	0.7999999999992724	trials	reward_delivery
8976.453066666665	1.680000000000291	trials	port_entry
8980.283066666665	20.4900000000016	trials	port_entry
9003.013099999998	0.6500000000014552	trials	port_entry
9005.543099999999	0.45996666666724195	trials	port_entry
9015.453099999999	0.8000333333329763	trials	port_entry
9018.2431	1.3999999999996362	trials	port_entry
9029.383066666665	0.7400666666671896	trials	port_entry
9035.933099999998	0.5700333333334129	trials	port_entry
9046.013166666666	0.5899666666664416	trials	port_entry
9063.503133333332	20.002366666667513	trials	shock_stimulus_presentation
9068.603133333332	0.07003333333341288	trials	port_entry
9079.613133333332	1.2900000000008731	trials	port_entry
9083.303133333333	0.3000333333329763	trials	shock_relay
9096.023166666666	1.069999999999709	trials	port_entry
9134.7932	0.6499999999996362	trials	port_entry
9137.413199999999	0.5300333333343588	trials	port_entry
9143.503266666667	19.999966666666296	trials	reward_stimulus_presentation
9144.5032	0.8000333333329763	trials	reward_delivery
9167.983233333332	4.750033333333704	trials	port_entry
9174.703233333332	0.8299999999999272	trials	port_entry
9175.633266666666	1.2299666666658595	trials	port_entry
9187.4533	1.3799333333336108	trials	port_entry
9198.803266666666	1.069999999999709	trials	port_entry
9231.853299999999	1.180000000000291	trials	port_entry
9233.503299999998	20.0	trials	neutral_stimulus_presentation
9261.393366666665	0.6200000000008004	trials	port_entry
9265.503333333332	0.35993333333317423	trials	port_entry
9272.533333333333	0.6299999999991996	trials	port_entry
9284.473333333333	0.569999999999709	trials	port_entry
9285.433333333332	0.21996666666746023	trials	port_entry
9300.093366666666	0.4400000000005093	trials	port_entry
9309.103366666666	0.27000000000043656	trials	port_entry
9327.623366666667	0.3899999999994179	trials	port_entry
9333.5034	2.4499999999989086	trials	reward_stimulus_presentation
9334.5034	0.8000333333329763	trials	reward_delivery
9335.553466666666	0.10986666666576639	trials	port_entry
9335.913366666666	0.06999999999970896	trials	port_entry
9336.143366666665	0.8100000000013097	trials	port_entry
9337.0834	0.9699999999993452	trials	port_entry
9338.3434	0.11999999999898137	trials	port_entry
9345.363399999998	5.2299666666676785	trials	port_entry
9351.1634	1.4200000000000728	trials	port_entry
9353.3334	0.42000000000007276	trials	port_entry
9378.6634	1.2001000000000204	trials	port_entry
9381.843433333332	0.32000000000152795	trials	port_entry
9388.3134	0.48003333333326736	trials	port_entry
9395.723433333333	0.4599999999991269	trials	port_entry
9396.413433333333	0.20999999999912689	trials	port_entry
9396.643433333333	0.11000000000058208	trials	port_entry
9404.133433333333	0.7099999999991269	trials	port_entry
9423.503533333333	17.509899999999107	trials	reward_stimulus_presentation
9424.503433333333	0.8000333333329763	trials	reward_delivery
9440.613399999998	3.61006666666799	trials	port_entry
9444.573466666667	1.5499999999992724	trials	port_entry
9446.253466666665	0.48000000000138243	trials	port_entry
9449.763433333332	0.3100333333350136	trials	port_entry
9450.103433333332	0.5300333333343588	trials	port_entry
9453.563499999998	0.8999666666677513	trials	port_entry
9454.493466666665	0.1000000000003638	trials	port_entry
9454.673499999999	0.029966666666950914	trials	port_entry
9473.253499999999	0.7100000000009459	trials	port_entry
9493.513466666665	0.790066666666462	trials	port_entry
9497.3936	0.4999666666662961	trials	port_entry
9509.193533333333	0.569999999999709	trials	port_entry
9513.503566666666	17.289999999999054	trials	reward_stimulus_presentation
9514.503566666666	0.7999999999992724	trials	reward_delivery
9530.393533333332	5.720033333333049	trials	port_entry
9538.323533333332	0.4500000000007276	trials	port_entry
9541.703633333333	0.15999999999985448	trials	port_entry
9556.773633333332	0.6699333333326649	trials	port_entry
9563.033566666665	0.49003333333348564	trials	port_entry
9570.753633333332	0.6500000000014552	trials	port_entry
9590.203633333333	0.46999999999934516	trials	port_entry
9603.503666666666	5.979933333333975	trials	reward_stimulus_presentation
9604.503633333332	0.8000000000010914	trials	reward_delivery
9609.0836	3.320033333333413	trials	port_entry
9612.873633333333	0.7899999999990541	trials	port_entry
9630.1137	2.8699666666652774	trials	port_entry
9633.793666666666	0.43000000000029104	trials	port_entry
9638.653633333333	0.36999999999898137	trials	port_entry
9645.983666666665	0.8500000000003638	trials	port_entry
9673.433666666666	0.8500666666659527	trials	port_entry
9688.503733333333	20.002533333332394	trials	shock_stimulus_presentation
9695.673733333333	0.06999999999970896	trials	port_entry
9704.053766666666	0.1499999999996362	trials	port_entry
9708.303733333332	0.3000000000010914	trials	shock_relay
9718.443766666665	0.7299999999995634	trials	port_entry
9733.5337	0.6899999999986903	trials	port_entry
9744.263733333333	0.5299999999988358	trials	port_entry
9752.763733333333	0.5599999999994907	trials	port_entry
9770.0538	1.0199666666667326	trials	port_entry
9775.953766666666	0.5799999999999272	trials	port_entry
9778.503833333332	1.2499333333344111	trials	reward_stimulus_presentation
9779.353766666665	1.2600333333339222	trials	port_entry
9779.503766666667	0.7999999999992724	trials	reward_delivery
9790.623733333332	10.300100000000384	trials	port_entry
9801.4038	0.9600333333328308	trials	port_entry
9824.233833333332	1.9099666666679695	trials	port_entry
9828.443833333333	0.05999999999949068	trials	port_entry
9828.523833333333	0.3600000000005821	trials	port_entry
9834.963833333333	0.5999666666666599	trials	port_entry
9840.013866666666	1.2399999999997817	trials	port_entry
9846.583833333332	0.42000000000007276	trials	port_entry
9861.063833333332	0.9200000000000728	trials	port_entry
9873.5039	20.0	trials	neutral_stimulus_presentation
9879.093866666666	0.5899666666664416	trials	port_entry
9888.993866666666	0.42000000000007276	trials	port_entry
9889.683866666666	0.39003333333312185	trials	port_entry
9908.6039	0.4599999999991269	trials	port_entry
9913.033899999999	0.3500000000003638	trials	port_entry
9919.1039	0.4299666666665871	trials	port_entry
9946.393933333333	0.5299999999988358	trials	port_entry
9949.503933333333	0.07999999999992724	trials	port_entry
9950.393933333333	0.17000000000007276	trials	port_entry
9950.613899999998	0.360033333334286	trials	port_entry
9951.243933333333	0.019999999998617568	trials	port_entry
9951.403933333333	0.019966666666732635	trials	port_entry
9953.133933333333	0.19000000000050932	trials	port_entry
9963.503966666665	20.002466666666805	trials	shock_stimulus_presentation
9968.623933333332	0.5800666666673351	trials	port_entry
9976.363933333332	0.2800666666662437	trials	port_entry
9983.303933333333	0.3000333333329763	trials	shock_relay
9993.133933333333	0.720066666666753	trials	port_entry
10015.133966666666	0.12003333333268529	trials	port_entry
10015.294	0.27999999999883585	trials	port_entry
10030.003966666665	0.3700333333345043	trials	port_entry
10043.504099999998	12.399933333334047	trials	reward_stimulus_presentation
10044.503999999999	0.8000333333329763	trials	reward_delivery
10055.504033333333	0.6199666666670964	trials	port_entry
10057.164033333333	1.0100333333339222	trials	port_entry
10092.414066666666	0.9899999999997817	trials	port_entry
10095.904066666666	0.25	trials	port_entry
10096.174066666666	0.5799999999999272	trials	port_entry
10111.194066666665	1.2800333333343588	trials	port_entry
10133.504133333332	17.38000000000102	trials	reward_stimulus_presentation
10134.504133333332	0.8000000000010914	trials	reward_delivery
10150.484133333333	0.27999999999883585	trials	port_entry
10150.824133333332	1.6200000000008004	trials	port_entry
10152.794133333333	1.0200000000004366	trials	port_entry
10161.804166666665	2.070000000001528	trials	port_entry
10173.714166666667	1.389966666665714	trials	port_entry
10202.984166666665	1.3099666666676058	trials	port_entry
10225.3442	0.9200000000000728	trials	port_entry
10229.0142	0.4599999999991269	trials	port_entry
10233.5042	9.360033333332467	trials	reward_stimulus_presentation
10234.5042	0.7999999999992724	trials	reward_delivery
10242.464233333332	13.040000000000873	trials	port_entry
10255.674233333333	0.5799999999999272	trials	port_entry
10256.554233333332	0.6599999999998545	trials	port_entry
10259.894233333333	1.3099999999994907	trials	port_entry
10261.454233333332	0.6099666666668782	trials	port_entry
10264.194233333332	0.5500333333347953	trials	port_entry
10266.994233333333	0.2899999999990541	trials	port_entry
10271.264233333333	0.8599999999987631	trials	port_entry
10272.154166666665	0.09006666666755336	trials	port_entry
10279.704233333332	1.0799999999999272	trials	port_entry
10280.804233333332	1.3800333333329036	trials	port_entry
10285.174233333333	0.7400333333334856	trials	port_entry
10288.124266666666	0.6000000000003638	trials	port_entry
10293.124199999998	0.6300666666666075	trials	port_entry
10295.824233333333	0.7300333333332674	trials	port_entry
10311.454266666666	0.529933333333247	trials	port_entry
10318.294266666666	0.27000000000043656	trials	port_entry
10318.824266666667	0.019999999998617568	trials	port_entry
10318.974266666666	0.020000000000436557	trials	port_entry
10319.624266666666	0.819966666666005	trials	port_entry
10323.504333333332	20.0027333333328	trials	shock_stimulus_presentation
10330.354466666666	0.0797999999995227	trials	port_entry
10335.304233333332	0.3700666666663892	trials	port_entry
10343.304266666666	0.3000333333329763	trials	shock_relay
10365.124333333333	1.5699333333323011	trials	port_entry
10374.414333333332	0.42000000000007276	trials	port_entry
10377.324299999998	0.6900333333342132	trials	port_entry
10378.394366666666	0.01990000000114378	trials	port_entry
10380.614333333333	0.569999999999709	trials	port_entry
10381.404266666666	0.050033333332976326	trials	port_entry
10413.144333333332	0.6700333333337767	trials	port_entry
10413.504366666666	0.03996666666716919	trials	reward_stimulus_presentation
10414.504366666666	0.7999999999992724	trials	reward_delivery
10417.144366666666	0.11000000000058208	trials	port_entry
10417.304333333332	17.890066666666826	trials	port_entry
10435.794399999999	2.6499666666677513	trials	port_entry
10439.764366666666	1.610066666666171	trials	port_entry
10443.414366666666	0.6900000000005093	trials	port_entry
10450.514366666666	0.7000333333326125	trials	port_entry
10454.4344	0.5	trials	port_entry
10460.5044	0.6099999999987631	trials	port_entry
10475.754433333332	0.16000000000167347	trials	port_entry
10475.974433333333	0.029999999998835847	trials	port_entry
10476.024366666667	0.5100666666658071	trials	port_entry
10477.224433333333	0.15999999999985448	trials	port_entry
10477.434433333332	0.030000000000654836	trials	port_entry
10479.984433333333	0.039999999999054126	trials	port_entry
10480.044433333333	1.0799999999999272	trials	port_entry
10493.234433333333	1.1700000000000728	trials	port_entry
10500.6444	0.40006666666704405	trials	port_entry
10503.504466666665	20.000033333333704	trials	neutral_stimulus_presentation
10508.174466666665	0.15999999999985448	trials	port_entry
10508.414466666665	0.029933333333246992	trials	port_entry
10510.004466666665	0.020000000000436557	trials	port_entry
10520.404433333333	0.5200333333323215	trials	port_entry
10526.684466666666	0.25	trials	port_entry
10545.894533333332	0.15993333333426563	trials	port_entry
10546.074466666665	0.4400000000005093	trials	port_entry
10573.4445	0.6199999999989814	trials	port_entry
10575.134533333332	0.13993333333382907	trials	port_entry
10583.324499999999	0.5300000000006548	trials	port_entry
10588.5045	14.329999999999927	trials	reward_stimulus_presentation
10589.504566666667	0.7999333333318646	trials	reward_delivery
10602.4345	4.160033333333558	trials	port_entry
10606.614533333333	0.25	trials	port_entry
10606.964533333332	1.3400000000001455	trials	port_entry
10609.234533333332	0.020000000000436557	trials	port_entry
10630.424566666667	1.4200000000000728	trials	port_entry
10633.754599999998	0.6499333333340473	trials	port_entry
10648.094633333332	0.4899999999997817	trials	port_entry
10668.9046	0.5900000000001455	trials	port_entry
10671.774599999999	0.2900000000008731	trials	port_entry
10678.234666666665	0.5300000000006548	trials	port_entry
10678.5047	19.99989999999889	trials	neutral_stimulus_presentation
10683.9146	0.09999999999854481	trials	port_entry
10684.1646	0.029999999998835847	trials	port_entry
10684.4746	0.029999999998835847	trials	port_entry
10684.644633333333	1.9200000000000728	trials	port_entry
10686.764633333332	0.12000000000080036	trials	port_entry
10687.154633333332	0.3600000000005821	trials	port_entry
10696.754633333332	0.5299666666669509	trials	port_entry
10712.814633333333	0.5899999999983265	trials	port_entry
10722.1947	0.3499999999985448	trials	port_entry
10737.384699999999	0.3600000000005821	trials	port_entry
10746.924599999998	0.5600333333331946	trials	port_entry
10765.064633333333	0.4000333333333401	trials	port_entry
10768.314633333333	0.45006666666631645	trials	port_entry
10770.8647	0.9799999999995634	trials	port_entry
10773.504733333333	20.00233333333199	trials	shock_stimulus_presentation
10790.934666666666	1.580066666667335	trials	port_entry
10793.304699999999	0.3000333333329763	trials	shock_relay
10802.064733333333	1.1000000000003638	trials	port_entry
10856.594766666665	0.09000000000014552	trials	port_entry
10857.964766666666	0.21996666666564124	trials	port_entry
10863.504766666665	20.0	trials	neutral_stimulus_presentation
10868.284766666666	0.7000000000007276	trials	port_entry
10870.794733333332	0.12003333333450428	trials	port_entry
10870.934733333332	0.14003333333494083	trials	port_entry
10879.454766666666	0.6399999999994179	trials	port_entry
10902.064833333332	0.42000000000007276	trials	port_entry
10903.2948	0.3200333333334129	trials	port_entry
10937.664866666666	0.3899999999994179	trials	port_entry
10942.144833333332	0.7800333333343588	trials	port_entry
10943.5049	20.001933333333	trials	shock_stimulus_presentation
10963.304833333332	0.3000333333347953	trials	shock_relay
10964.614866666665	0.5400000000008731	trials	port_entry
10968.084866666666	0.2600000000002183	trials	port_entry
10998.394866666666	0.2100333333328308	trials	port_entry
11017.604933333332	0.569966666667824	trials	port_entry
11025.014899999998	0.2700333333341405	trials	port_entry
11033.504933333332	20.0	trials	reward_stimulus_presentation
11034.5049	0.7999999999992724	trials	reward_delivery
11058.784933333332	0.09000000000014552	trials	port_entry
11059.034966666666	3.1200333333326853	trials	port_entry
11063.624966666666	2.529999999998836	trials	port_entry
11075.374966666666	1.029966666666951	trials	port_entry
11076.575033333333	1.1499000000003434	trials	port_entry
11086.724966666667	1.3000333333329763	trials	port_entry
11088.814933333333	1.359999999998763	trials	port_entry
11091.4249	0.6200666666663892	trials	port_entry
11100.195	0.6499999999996362	trials	port_entry
11104.214999999998	0.4500000000007276	trials	port_entry
11128.465033333332	0.8800000000010186	trials	port_entry
11132.725033333332	0.020000000000436557	trials	port_entry
11352.871533333333	0.27866666666704987	trials	phototagging
11353.430166666665	0.22753333333457704	trials	phototagging
11355.062133333333	0.10016666666706442	trials	phototagging
11356.063699999999	0.1001333333333605	trials	phototagging
11357.0652	0.10016666666706442	trials	phototagging
11358.066766666665	0.1001333333333605	trials	phototagging
11359.068299999999	0.1001333333333605	trials	phototagging
11360.069833333333	0.1001333333333605	trials	phototagging
11361.071366666665	0.10016666666706442	trials	phototagging
11362.0729	0.10016666666706442	trials	phototagging
11363.074433333333	0.10016666666524543	trials	phototagging
11364.075966666665	0.10016666666706442	trials	phototagging
11365.0775	0.10016666666706442	trials	phototagging
11366.079033333333	0.10016666666524543	trials	phototagging
11377.095966666666	0.004999999999199645	trials	phototagging
11377.105966666666	0.004999999999199645	trials	phototagging
11377.116	0.004999999999199645	trials	phototagging
11377.125999999998	0.005000000001018634	trials	phototagging
11377.135999999999	0.005033333334722556	trials	phototagging
11377.146033333333	0.004999999999199645	trials	phototagging
11377.156033333333	0.005033333332903567	trials	phototagging
11377.166066666667	0.004999999999199645	trials	phototagging
11377.176066666665	0.005033333334722556	trials	phototagging
11377.186099999999	0.005000000001018634	trials	phototagging
11377.1961	0.004999999999199645	trials	phototagging
11377.206133333333	0.004999999999199645	trials	phototagging
11377.216133333333	0.005033333332903567	trials	phototagging
11377.226166666665	0.005000000001018634	trials	phototagging
11377.236166666666	0.005000000001018634	trials	phototagging
11377.246166666666	0.005033333332903567	trials	phototagging
11377.2562	0.004999999999199645	trials	phototagging
11377.266233333332	0.005000000001018634	trials	phototagging
11377.276233333332	0.005000000001018634	trials	phototagging
11377.286233333332	0.005033333332903567	trials	phototagging
11377.296266666666	0.004999999999199645	trials	phototagging
11377.306266666666	0.005033333332903567	trials	phototagging
11377.316299999999	0.005000000001018634	trials	phototagging
11377.326299999999	0.005033333332903567	trials	phototagging
11377.336333333333	0.004999999999199645	trials	phototagging
11377.346333333333	0.004999999999199645	trials	phototagging
11377.356366666665	0.005000000001018634	trials	phototagging
11377.366366666665	0.005000000001018634	trials	phototagging
11377.3764	0.004999999999199645	trials	phototagging
11377.3864	0.004999999999199645	trials	phototagging
11387.4118	0.010000000000218279	trials	phototagging
11387.511933333333	0.010033333332103211	trials	phototagging
11387.612099999998	0.010000000000218279	trials	phototagging
11387.712266666666	0.010000000000218279	trials	phototagging
11387.812399999999	0.010000000000218279	trials	phototagging
11387.912566666666	0.010000000000218279	trials	phototagging
11388.0127	0.0100333333339222	trials	phototagging
11388.112866666666	0.010033333332103211	trials	phototagging
11388.213	0.010033333332103211	trials	phototagging
11388.313166666665	0.0100333333339222	trials	phototagging
11388.413333333332	0.010000000000218279	trials	phototagging
11388.513466666665	0.0100333333339222	trials	phototagging
11388.613633333332	0.010000000000218279	trials	phototagging
11388.7138	0.010000000000218279	trials	phototagging
11388.813933333333	0.010033333332103211	trials	phototagging
11388.9141	0.00999999999839929	trials	phototagging
11389.014266666665	0.010000000000218279	trials	phototagging
11389.114399999999	0.0100333333339222	trials	phototagging
11389.214566666666	0.010000000000218279	trials	phototagging
11389.314699999999	0.0100333333339222	trials	phototagging
11389.414866666666	0.010000000000218279	trials	phototagging
11389.515033333333	0.010000000000218279	trials	phototagging
11389.615166666666	0.010000000000218279	trials	phototagging
11389.715333333332	0.010000000000218279	trials	phototagging
11389.815466666665	0.0100333333339222	trials	phototagging
11389.915633333332	0.010000000000218279	trials	phototagging
11390.015766666666	0.0100333333339222	trials	phototagging
11390.115933333333	0.0100333333339222	trials	phototagging
11390.2161	0.010000000000218279	trials	phototagging
11390.316233333333	0.010033333332103211	trials	phototagging
11400.431766666667	0.004999999999199645	trials	phototagging
11401.433299999999	0.005033333332903567	trials	phototagging
11402.434866666666	0.004999999999199645	trials	phototagging
11403.436366666665	0.005033333334722556	trials	phototagging
11404.437933333333	0.004999999999199645	trials	phototagging
11405.439466666667	0.004999999999199645	trials	phototagging
11406.440999999999	0.005000000001018634	trials	phototagging
11407.442533333333	0.004999999999199645	trials	phototagging
11408.444066666665	0.005000000001018634	trials	phototagging
11409.4456	0.004999999999199645	trials	phototagging
11410.447133333333	0.005033333332903567	trials	phototagging
11411.448699999999	0.005000000001018634	trials	phototagging
11412.450233333333	0.004999999999199645	trials	phototagging
11413.451766666665	0.005000000001018634	trials	phototagging
11414.4533	0.004999999999199645	trials	phototagging
11415.454833333333	0.004999999999199645	trials	phototagging
11416.456366666665	0.005000000001018634	trials	phototagging
11417.4579	0.005033333332903567	trials	phototagging
11418.459433333333	0.005033333332903567	trials	phototagging
11419.460966666666	0.005033333332903567	trials	phototagging
11420.4625	0.005033333332903567	trials	phototagging
11421.464066666666	0.005000000001018634	trials	phototagging
11422.4656	0.004999999999199645	trials	phototagging
11423.467133333332	0.005000000001018634	trials	phototagging
11424.468666666666	0.005000000001018634	trials	phototagging
11425.4702	0.004999999999199645	trials	phototagging
11426.471733333332	0.005000000001018634	trials	phototagging
11427.473266666666	0.005033333332903567	trials	phototagging
11428.474833333332	0.005000000001018634	trials	phototagging
11429.476366666666	0.004999999999199645	trials	phototagging
11440.493266666666	0.004999999999199645	trials	phototagging
11441.494799999999	0.005000000001018634	trials	phototagging
11442.496333333333	0.004999999999199645	trials	phototagging
11443.497866666667	0.004999999999199645	trials	phototagging
11444.499399999999	0.005033333332903567	trials	phototagging
11445.500933333333	0.005033333332903567	trials	phototagging
11446.502499999999	0.005000000001018634	trials	phototagging
11447.504033333333	0.004999999999199645	trials	phototagging
11448.505566666667	0.004999999999199645	trials	phototagging
11449.507099999999	0.005000000001018634	trials	phototagging
11450.508633333333	0.004999999999199645	trials	phototagging
11451.510166666665	0.005033333334722556	trials	phototagging
11452.5117	0.005033333332903567	trials	phototagging
11453.513233333333	0.005033333332903567	trials	phototagging
11454.514799999999	0.005000000001018634	trials	phototagging
11455.516333333333	0.004999999999199645	trials	phototagging
11456.517866666665	0.005000000001018634	trials	phototagging
11457.5194	0.004999999999199645	trials	phototagging
11458.520933333333	0.004999999999199645	trials	phototagging
11459.522466666665	0.005033333332903567	trials	phototagging
11460.524	0.004999999999199645	trials	phototagging
11461.525566666665	0.005000000001018634	trials	phototagging
11462.5271	0.004999999999199645	trials	phototagging
11463.528633333333	0.004999999999199645	trials	phototagging
11464.530166666666	0.005000000001018634	trials	phototagging
11465.5317	0.004999999999199645	trials	phototagging
11466.533233333332	0.005000000001018634	trials	phototagging
11467.534766666666	0.005000000001018634	trials	phototagging
11468.5363	0.004999999999199645	trials	phototagging
11469.537833333332	0.005033333334722556	trials	phototagging
11480.554766666666	0.010000000000218279	trials	phototagging
11480.6549	0.010033333332103211	trials	phototagging
11480.755066666667	0.010033333332103211	trials	phototagging
11480.855233333332	0.010000000000218279	trials	phototagging
11480.955366666665	0.0100333333339222	trials	phototagging
11481.055533333332	0.010000000000218279	trials	phototagging
11481.1557	0.010000000000218279	trials	phototagging
11481.255833333333	0.0100333333339222	trials	phototagging
11481.356	0.010000000000218279	trials	phototagging
11481.456133333333	0.010033333332103211	trials	phototagging
11481.556299999998	0.010000000000218279	trials	phototagging
11481.656433333332	0.0100333333339222	trials	phototagging
11481.756599999999	0.010000000000218279	trials	phototagging
11481.856766666666	0.010000000000218279	trials	phototagging
11481.9569	0.0100333333339222	trials	phototagging
11482.057066666666	0.010000000000218279	trials	phototagging
11482.1572	0.010033333332103211	trials	phototagging
11482.257366666667	0.010033333332103211	trials	phototagging
11482.357533333332	0.010000000000218279	trials	phototagging
11482.457666666665	0.0100333333339222	trials	phototagging
11482.557833333332	0.0100333333339222	trials	phototagging
11482.658	0.010000000000218279	trials	phototagging
11482.758133333333	0.0100333333339222	trials	phototagging
11482.8583	0.010000000000218279	trials	phototagging
11482.958466666665	0.010000000000218279	trials	phototagging
11483.058599999998	0.010000000000218279	trials	phototagging
11483.158766666666	0.010000000000218279	trials	phototagging
11483.258899999999	0.0100333333339222	trials	phototagging
11483.359066666666	0.010000000000218279	trials	phototagging
11483.4592	0.0100333333339222	trials	phototagging
11493.574733333333	0.004999999999199645	trials	phototagging
11494.576299999999	0.005000000001018634	trials	phototagging
11495.5778	0.005033333332903567	trials	phototagging
11496.579366666665	0.005000000001018634	trials	phototagging
11497.580899999999	0.005000000001018634	trials	phototagging
11498.582433333333	0.004999999999199645	trials	phototagging
11499.583966666665	0.005000000001018634	trials	phototagging
11500.5855	0.004999999999199645	trials	phototagging
11501.587033333333	0.005033333332903567	trials	phototagging
11502.588566666665	0.005033333332903567	trials	phototagging
11503.5901	0.005033333332903567	trials	phototagging
11504.591666666665	0.005000000001018634	trials	phototagging
11505.5932	0.004999999999199645	trials	phototagging
11506.594733333333	0.004999999999199645	trials	phototagging
11507.596266666666	0.005000000001018634	trials	phototagging
11508.5978	0.004999999999199645	trials	phototagging
11509.599333333332	0.005000000001018634	trials	phototagging
11510.600866666666	0.005033333332903567	trials	phototagging
11511.6024	0.005033333332903567	trials	phototagging
11512.603933333332	0.005033333334722556	trials	phototagging
11513.6055	0.004999999999199645	trials	phototagging
11514.607033333332	0.005000000001018634	trials	phototagging
11515.608566666666	0.004999999999199645	trials	phototagging
11516.6101	0.004999999999199645	trials	phototagging
11517.611633333332	0.005033333332903567	trials	phototagging
11518.613166666666	0.005033333332903567	trials	phototagging
11519.6147	0.005033333332903567	trials	phototagging
11520.616266666666	0.004999999999199645	trials	phototagging
11521.6178	0.004999999999199645	trials	phototagging
11522.619333333332	0.005000000001018634	trials	phototagging
11533.636233333333	0.004999999999199645	trials	phototagging
11533.646266666667	0.004999999999199645	trials	phototagging
11533.656266666665	0.005000000001018634	trials	phototagging
11533.666266666665	0.005033333334722556	trials	phototagging
11533.6763	0.004999999999199645	trials	phototagging
11533.686333333333	0.004999999999199645	trials	phototagging
11533.696333333333	0.004999999999199645	trials	phototagging
11533.706333333332	0.005000000001018634	trials	phototagging
11533.716366666666	0.005000000001018634	trials	phototagging
11533.726366666666	0.005033333332903567	trials	phototagging
11533.7364	0.004999999999199645	trials	phototagging
11533.7464	0.004999999999199645	trials	phototagging
11533.756433333332	0.005000000001018634	trials	phototagging
11533.766433333332	0.005000000001018634	trials	phototagging
11533.776466666666	0.004999999999199645	trials	phototagging
11533.786466666666	0.004999999999199645	trials	phototagging
11533.796499999999	0.005000000001018634	trials	phototagging
11533.806499999999	0.005000000001018634	trials	phototagging
11533.816499999999	0.005033333332903567	trials	phototagging
11533.826533333333	0.004999999999199645	trials	phototagging
11533.836566666665	0.005000000001018634	trials	phototagging
11533.846566666665	0.005000000001018634	trials	phototagging
11533.856566666665	0.005033333332903567	trials	phototagging
11533.8666	0.004999999999199645	trials	phototagging
11533.8766	0.005033333332903567	trials	phototagging
11533.886633333332	0.005000000001018634	trials	phototagging
11533.896633333332	0.005000000001018634	trials	phototagging
11533.906666666666	0.004999999999199645	trials	phototagging
11533.916666666666	0.004999999999199645	trials	phototagging
11533.9267	0.004999999999199645	trials	phototagging
11543.952066666667	0.010033333332103211	trials	phototagging
11544.052233333332	0.010000000000218279	trials	phototagging
11544.152399999999	0.010000000000218279	trials	phototagging
11544.252533333332	0.010000000000218279	trials	phototagging
11544.3527	0.010000000000218279	trials	phototagging
11544.452833333333	0.0100333333339222	trials	phototagging
11544.553	0.010000000000218279	trials	phototagging
11544.653133333333	0.010033333332103211	trials	phototagging
11544.753299999998	0.0100333333339222	trials	phototagging
11544.853466666666	0.010000000000218279	trials	phototagging
11544.953599999999	0.0100333333339222	trials	phototagging
11545.053766666666	0.010000000000218279	trials	phototagging
11545.153933333333	0.010000000000218279	trials	phototagging
11545.254066666666	0.010033333332103211	trials	phototagging
11545.354233333332	0.010000000000218279	trials	phototagging
11545.454399999999	0.010000000000218279	trials	phototagging
11545.554533333332	0.0100333333339222	trials	phototagging
11545.6547	0.010000000000218279	trials	phototagging
11545.754833333332	0.0100333333339222	trials	phototagging
11545.855	0.010000000000218279	trials	phototagging
11545.955166666667	0.00999999999839929	trials	phototagging
11546.0553	0.00999999999839929	trials	phototagging
11546.155466666665	0.010000000000218279	trials	phototagging
11546.255599999999	0.0100333333339222	trials	phototagging
11546.355766666666	0.010000000000218279	trials	phototagging
11546.455899999999	0.0100333333339222	trials	phototagging
11546.556066666666	0.0100333333339222	trials	phototagging
11546.656233333333	0.010000000000218279	trials	phototagging
11546.756366666667	0.010033333332103211	trials	phototagging
11546.856533333332	0.0100333333339222	trials	phototagging
11556.972066666665	0.10016666666706442	trials	phototagging
11557.9736	0.10016666666706442	trials	phototagging
11558.975133333333	0.10016666666524543	trials	phototagging
11559.976666666666	0.10016666666706442	trials	phototagging
11560.9782	0.10016666666706442	trials	phototagging
11561.979766666665	0.1001333333333605	trials	phototagging
11562.9813	0.1001333333333605	trials	phototagging
11563.982833333332	0.1001333333333605	trials	phototagging
11564.984366666666	0.1001333333333605	trials	phototagging
11565.9859	0.10016666666706442	trials	phototagging
11566.987433333332	0.10016666666706442	trials	phototagging
11567.988966666666	0.10016666666706442	trials	phototagging
11579.005899999998	0.005000000001018634	trials	phototagging
11579.015899999999	0.005000000001018634	trials	phototagging
11579.025899999999	0.005033333332903567	trials	phototagging
11579.035933333333	0.004999999999199645	trials	phototagging
11579.045966666667	0.004999999999199645	trials	phototagging
11579.055966666665	0.005000000001018634	trials	phototagging
11579.065966666665	0.005000000001018634	trials	phototagging
11579.076	0.004999999999199645	trials	phototagging
11579.086	0.005033333332903567	trials	phototagging
11579.096033333333	0.004999999999199645	trials	phototagging
11579.106033333332	0.005000000001018634	trials	phototagging
11579.116066666666	0.005000000001018634	trials	phototagging
11579.126066666666	0.004999999999199645	trials	phototagging
11579.1361	0.004999999999199645	trials	phototagging
11579.1461	0.004999999999199645	trials	phototagging
11579.156133333332	0.005000000001018634	trials	phototagging
11579.166133333332	0.005000000001018634	trials	phototagging
11579.176133333332	0.005033333332903567	trials	phototagging
11579.186166666666	0.004999999999199645	trials	phototagging
11579.196166666667	0.005033333332903567	trials	phototagging
11579.206199999999	0.005000000001018634	trials	phototagging
11579.216199999999	0.005000000001018634	trials	phototagging
11579.226233333333	0.004999999999199645	trials	phototagging
11579.236233333333	0.004999999999199645	trials	phototagging
11579.246266666665	0.005000000001018634	trials	phototagging
11579.256266666665	0.005000000001018634	trials	phototagging
11579.266266666666	0.005033333332903567	trials	phototagging
11579.2763	0.004999999999199645	trials	phototagging
11579.2863	0.005033333332903567	trials	phototagging
11579.296333333332	0.005000000001018634	trials	phototagging
11589.321733333332	0.1001333333333605	trials	phototagging
11590.323266666666	0.1001333333333605	trials	phototagging
11591.324799999999	0.1001333333333605	trials	phototagging
11592.326333333333	0.10016666666706442	trials	phototagging
11593.327866666667	0.10016666666524543	trials	phototagging
11594.329399999999	0.10016666666706442	trials	phototagging
11595.330933333333	0.10016666666706442	trials	phototagging
11596.332499999999	0.1001333333333605	trials	phototagging
11597.334033333333	0.1001333333333605	trials	phototagging
11598.335566666667	0.1001333333333605	trials	phototagging
11599.337099999999	0.1001333333333605	trials	phototagging
11600.338633333333	0.10016666666706442	trials	phototagging
11611.355533333333	0.010033333332103211	trials	phototagging
11611.455699999999	0.010000000000218279	trials	phototagging
11611.555866666666	0.010000000000218279	trials	phototagging
11611.655999999999	0.010000000000218279	trials	phototagging
11611.756166666666	0.010000000000218279	trials	phototagging
11611.8563	0.0100333333339222	trials	phototagging
11611.956466666667	0.010000000000218279	trials	phototagging
11612.0566	0.010033333332103211	trials	phototagging
11612.156766666665	0.0100333333339222	trials	phototagging
11612.256933333332	0.010000000000218279	trials	phototagging
11612.357066666666	0.0100333333339222	trials	phototagging
11612.457233333333	0.0100333333339222	trials	phototagging
11612.5574	0.010000000000218279	trials	phototagging
11612.657533333333	0.010033333332103211	trials	phototagging
11612.757699999998	0.010000000000218279	trials	phototagging
11612.857866666665	0.010000000000218279	trials	phototagging
11612.957999999999	0.0100333333339222	trials	phototagging
11613.058166666666	0.010000000000218279	trials	phototagging
11613.1583	0.0100333333339222	trials	phototagging
11613.258466666666	0.010000000000218279	trials	phototagging
11613.358633333333	0.00999999999839929	trials	phototagging
11613.458766666667	0.010033333332103211	trials	phototagging
11613.558933333332	0.0100333333339222	trials	phototagging
11613.659066666665	0.0100333333339222	trials	phototagging
11613.759233333332	0.010000000000218279	trials	phototagging
11613.8594	0.010000000000218279	trials	phototagging
11613.959533333333	0.0100333333339222	trials	phototagging
11614.0597	0.010000000000218279	trials	phototagging
11614.159833333333	0.010033333332103211	trials	phototagging
11614.259999999998	0.0100333333339222	trials	phototagging
11624.375533333332	0.005000000001018634	trials	phototagging
11625.377066666666	0.004999999999199645	trials	phototagging
11626.3786	0.004999999999199645	trials	phototagging
11627.380133333332	0.005000000001018634	trials	phototagging
11628.3817	0.004999999999199645	trials	phototagging
11629.383233333332	0.005000000001018634	trials	phototagging
11630.384766666666	0.004999999999199645	trials	phototagging
11631.386299999998	0.005000000001018634	trials	phototagging
11632.387833333332	0.005000000001018634	trials	phototagging
11633.389366666666	0.004999999999199645	trials	phototagging
11634.390899999999	0.005000000001018634	trials	phototagging
11635.392433333333	0.005033333332903567	trials	phototagging
11636.393999999998	0.005000000001018634	trials	phototagging
11637.395499999999	0.005033333332903567	trials	phototagging
11638.397066666666	0.004999999999199645	trials	phototagging
11639.398599999999	0.005000000001018634	trials	phototagging
11640.400133333333	0.004999999999199645	trials	phototagging
11641.401666666667	0.004999999999199645	trials	phototagging
11642.403199999999	0.005000000001018634	trials	phototagging
11643.404733333333	0.004999999999199645	trials	phototagging
11644.406299999999	0.005000000001018634	trials	phototagging
11645.407833333333	0.004999999999199645	trials	phototagging
11646.409366666667	0.004999999999199645	trials	phototagging
11647.410899999999	0.005000000001018634	trials	phototagging
11648.412433333333	0.004999999999199645	trials	phototagging
11649.413966666665	0.005000000001018634	trials	phototagging
11650.4155	0.004999999999199645	trials	phototagging
11651.417033333333	0.005033333332903567	trials	phototagging
11652.418599999999	0.005000000001018634	trials	phototagging
11653.420133333333	0.004999999999199645	trials	phototagging
11664.437033333332	0.005000000001018634	trials	phototagging
11665.438566666666	0.004999999999199645	trials	phototagging
11666.4401	0.004999999999199645	trials	phototagging
11667.441633333332	0.005033333334722556	trials	phototagging
11668.4432	0.004999999999199645	trials	phototagging
11669.444733333332	0.005000000001018634	trials	phototagging
11670.446266666666	0.004999999999199645	trials	phototagging
11671.4478	0.004999999999199645	trials	phototagging
11672.449333333332	0.005000000001018634	trials	phototagging
11673.450866666666	0.004999999999199645	trials	phototagging
11674.452399999998	0.005033333334722556	trials	phototagging
11675.453966666666	0.004999999999199645	trials	phototagging
11676.4555	0.004999999999199645	trials	phototagging
11677.457033333332	0.005000000001018634	trials	phototagging
11678.458566666666	0.004999999999199645	trials	phototagging
11679.460099999998	0.005000000001018634	trials	phototagging
11680.461633333332	0.004999999999199645	trials	phototagging
11681.463166666666	0.004999999999199645	trials	phototagging
11682.464699999999	0.005000000001018634	trials	phototagging
11683.466266666666	0.004999999999199645	trials	phototagging
11684.467799999999	0.005000000001018634	trials	phototagging
11685.469333333333	0.004999999999199645	trials	phototagging
11686.470866666667	0.004999999999199645	trials	phototagging
11687.472399999999	0.005000000001018634	trials	phototagging
11688.473933333333	0.004999999999199645	trials	phototagging
11689.475466666667	0.005033333332903567	trials	phototagging
11690.476999999999	0.005000000001018634	trials	phototagging
11691.478533333333	0.005033333332903567	trials	phototagging
11692.480099999999	0.005000000001018634	trials	phototagging
11693.481633333333	0.004999999999199645	trials	phototagging
11704.498533333333	0.010033333332103211	trials	phototagging
11704.598699999999	0.010000000000218279	trials	phototagging
11704.698833333332	0.0100333333339222	trials	phototagging
11704.798999999999	0.0100333333339222	trials	phototagging
11704.899166666666	0.010000000000218279	trials	phototagging
11704.9993	0.0100333333339222	trials	phototagging
11705.099466666667	0.00999999999839929	trials	phototagging
11705.199633333332	0.010000000000218279	trials	phototagging
11705.299766666665	0.0100333333339222	trials	phototagging
11705.399933333332	0.010000000000218279	trials	phototagging
11705.500066666666	0.0100333333339222	trials	phototagging
11705.600233333333	0.010000000000218279	trials	phototagging
11705.700366666666	0.0100333333339222	trials	phototagging
11705.800533333333	0.010033333332103211	trials	phototagging
11705.900699999998	0.010000000000218279	trials	phototagging
11706.000833333332	0.0100333333339222	trials	phototagging
11706.100999999999	0.010000000000218279	trials	phototagging
11706.201166666666	0.010000000000218279	trials	phototagging
11706.3013	0.0100333333339222	trials	phototagging
11706.401466666666	0.010000000000218279	trials	phototagging
11706.5016	0.010033333332103211	trials	phototagging
11706.601766666667	0.010033333332103211	trials	phototagging
11706.701933333332	0.010000000000218279	trials	phototagging
11706.802066666665	0.0100333333339222	trials	phototagging
11706.902233333332	0.010000000000218279	trials	phototagging
11707.0024	0.010000000000218279	trials	phototagging
11707.102533333333	0.0100333333339222	trials	phototagging
11707.2027	0.010000000000218279	trials	phototagging
11707.302833333333	0.010033333332103211	trials	phototagging
11707.402999999998	0.010000000000218279	trials	phototagging
11897.6397	0.10016666666524543	trials	phototagging
11898.641233333332	0.10016666666706442	trials	phototagging
11899.6428	0.1001333333333605	trials	phototagging
11900.644333333332	0.1001333333333605	trials	phototagging
11901.645866666666	0.1001333333333605	trials	phototagging
11902.6474	0.1001333333333605	trials	phototagging
11903.648933333332	0.10016666666706442	trials	phototagging
11904.650466666666	0.10016666666706442	trials	phototagging
11905.652	0.10016666666524543	trials	phototagging
11906.653533333332	0.10016666666706442	trials	phototagging
11907.655066666666	0.10016666666706442	trials	phototagging
11908.656633333332	0.1001333333333605	trials	phototagging
11919.673533333333	0.004999999999199645	trials	phototagging
11919.683533333333	0.005033333332903567	trials	phototagging
11919.693566666665	0.005000000001018634	trials	phototagging
11919.703566666665	0.005000000001018634	trials	phototagging
11919.7136	0.004999999999199645	trials	phototagging
11919.7236	0.004999999999199645	trials	phototagging
11919.733633333333	0.004999999999199645	trials	phototagging
11919.743633333332	0.005000000001018634	trials	phototagging
11919.753633333332	0.005033333334722556	trials	phototagging
11919.763666666666	0.004999999999199645	trials	phototagging
11919.773666666666	0.004999999999199645	trials	phototagging
11919.7837	0.004999999999199645	trials	phototagging
11919.793699999998	0.005000000001018634	trials	phototagging
11919.803733333332	0.005000000001018634	trials	phototagging
11919.813733333332	0.004999999999199645	trials	phototagging
11919.823766666666	0.004999999999199645	trials	phototagging
11919.833766666667	0.004999999999199645	trials	phototagging
11919.843799999999	0.005000000001018634	trials	phototagging
11919.853799999999	0.005000000001018634	trials	phototagging
11919.863833333333	0.004999999999199645	trials	phototagging
11919.873833333333	0.004999999999199645	trials	phototagging
11919.883833333333	0.004999999999199645	trials	phototagging
11919.893866666665	0.005000000001018634	trials	phototagging
11919.903866666666	0.005033333332903567	trials	phototagging
11919.9139	0.004999999999199645	trials	phototagging
11919.9239	0.004999999999199645	trials	phototagging
11919.933933333332	0.005000000001018634	trials	phototagging
11919.943933333332	0.005033333332903567	trials	phototagging
11919.953966666666	0.004999999999199645	trials	phototagging
11919.963966666666	0.004999999999199645	trials	phototagging
11929.989366666667	0.00999999999839929	trials	phototagging
11930.089533333332	0.010000000000218279	trials	phototagging
11930.189666666665	0.0100333333339222	trials	phototagging
11930.289833333332	0.010000000000218279	trials	phototagging
11930.389966666666	0.0100333333339222	trials	phototagging
11930.490133333333	0.010000000000218279	trials	phototagging
11930.590266666666	0.0100333333339222	trials	phototagging
11930.690433333333	0.010000000000218279	trials	phototagging
11930.790599999998	0.010000000000218279	trials	phototagging
11930.890733333332	0.0100333333339222	trials	phototagging
11930.990899999999	0.010000000000218279	trials	phototagging
11931.091033333332	0.0100333333339222	trials	phototagging
11931.1912	0.0100333333339222	trials	phototagging
11931.291366666666	0.010000000000218279	trials	phototagging
11931.3915	0.010033333332103211	trials	phototagging
11931.491666666665	0.0100333333339222	trials	phototagging
11931.591833333332	0.010000000000218279	trials	phototagging
11931.691966666665	0.0100333333339222	trials	phototagging
11931.792133333332	0.010000000000218279	trials	phototagging
11931.892266666666	0.0100333333339222	trials	phototagging
11931.992433333333	0.010000000000218279	trials	phototagging
11932.0926	0.00999999999839929	trials	phototagging
11932.192733333333	0.010033333332103211	trials	phototagging
11932.292899999999	0.010000000000218279	trials	phototagging
11932.393066666666	0.010000000000218279	trials	phototagging
11932.493199999999	0.0100333333339222	trials	phototagging
11932.593366666666	0.010000000000218279	trials	phototagging
11932.6935	0.0100333333339222	trials	phototagging
11932.793666666666	0.010000000000218279	trials	phototagging
11932.893833333332	0.010000000000218279	trials	phototagging
11943.009333333333	0.005033333332903567	trials	phototagging
11944.0109	0.004999999999199645	trials	phototagging
11945.0124	0.005033333332903567	trials	phototagging
11946.013966666666	0.005000000001018634	trials	phototagging
11947.0155	0.004999999999199645	trials	phototagging
11948.017033333332	0.005000000001018634	trials	phototagging
11949.018566666666	0.005000000001018634	trials	phototagging
11950.0201	0.004999999999199645	trials	phototagging
11951.021633333332	0.005033333334722556	trials	phototagging
11952.023166666666	0.005033333332903567	trials	phototagging
11953.0247	0.005033333332903567	trials	phototagging
11954.026266666666	0.004999999999199645	trials	phototagging
11955.0278	0.004999999999199645	trials	phototagging
11956.029333333332	0.005000000001018634	trials	phototagging
11957.030866666666	0.004999999999199645	trials	phototagging
11958.0324	0.004999999999199645	trials	phototagging
11959.033933333332	0.005033333332903567	trials	phototagging
11960.035466666666	0.005033333332903567	trials	phototagging
11961.036999999998	0.005033333334722556	trials	phototagging
11962.038566666666	0.004999999999199645	trials	phototagging
11963.040099999998	0.005000000001018634	trials	phototagging
11964.041633333332	0.005000000001018634	trials	phototagging
11965.043166666666	0.004999999999199645	trials	phototagging
11966.044699999999	0.005000000001018634	trials	phototagging
11967.046233333333	0.004999999999199645	trials	phototagging
11968.047766666667	0.004999999999199645	trials	phototagging
11969.049299999999	0.005033333332903567	trials	phototagging
11970.050866666666	0.004999999999199645	trials	phototagging
11971.052399999999	0.005000000001018634	trials	phototagging
11972.053933333333	0.004999999999199645	trials	phototagging
11983.070833333333	0.004999999999199645	trials	phototagging
11984.072366666665	0.005000000001018634	trials	phototagging
11985.0739	0.004999999999199645	trials	phototagging
11986.075433333333	0.005033333332903567	trials	phototagging
11987.076966666666	0.005033333332903567	trials	phototagging
11988.078533333333	0.004999999999199645	trials	phototagging
11989.080066666666	0.005000000001018634	trials	phototagging
11990.0816	0.004999999999199645	trials	phototagging
11991.083133333332	0.005000000001018634	trials	phototagging
11992.084666666666	0.005000000001018634	trials	phototagging
11993.0862	0.004999999999199645	trials	phototagging
11994.087766666666	0.005000000001018634	trials	phototagging
11995.089266666666	0.004999999999199645	trials	phototagging
11996.090833333332	0.005000000001018634	trials	phototagging
11997.092366666666	0.004999999999199645	trials	phototagging
11998.0939	0.004999999999199645	trials	phototagging
11999.095433333332	0.005000000001018634	trials	phototagging
12000.096966666666	0.004999999999199645	trials	phototagging
12001.0985	0.004999999999199645	trials	phototagging
12002.100033333332	0.005000000001018634	trials	phototagging
12003.101566666666	0.004999999999199645	trials	phototagging
12004.103133333332	0.005000000001018634	trials	phototagging
12005.104633333332	0.005033333332903567	trials	phototagging
12006.106199999998	0.005000000001018634	trials	phototagging
12007.107733333332	0.005000000001018634	trials	phototagging
12008.109266666666	0.004999999999199645	trials	phototagging
12009.110799999999	0.005000000001018634	trials	phototagging
12010.112333333333	0.004999999999199645	trials	phototagging
12011.113866666667	0.004999999999199645	trials	phototagging
12012.115399999999	0.005033333332903567	trials	phototagging
12023.132333333333	0.010000000000218279	trials	phototagging
12023.232466666666	0.010033333332103211	trials	phototagging
12023.332633333333	0.00999999999839929	trials	phototagging
12023.432799999999	0.010000000000218279	trials	phototagging
12023.532933333332	0.010000000000218279	trials	phototagging
12023.6331	0.010000000000218279	trials	phototagging
12023.733233333332	0.0100333333339222	trials	phototagging
12023.8334	0.010000000000218279	trials	phototagging
12023.933533333333	0.010033333332103211	trials	phototagging
12024.0337	0.010033333332103211	trials	phototagging
12024.133866666665	0.010000000000218279	trials	phototagging
12024.233999999999	0.0100333333339222	trials	phototagging
12024.334166666666	0.010000000000218279	trials	phototagging
12024.434333333333	0.010000000000218279	trials	phototagging
12024.534466666666	0.0100333333339222	trials	phototagging
12024.634633333333	0.010000000000218279	trials	phototagging
12024.734766666666	0.010033333332103211	trials	phototagging
12024.834933333332	0.0100333333339222	trials	phototagging
12024.935099999999	0.010000000000218279	trials	phototagging
12025.035233333332	0.0100333333339222	trials	phototagging
12025.1354	0.010000000000218279	trials	phototagging
12025.235566666666	0.010000000000218279	trials	phototagging
12025.3357	0.010000000000218279	trials	phototagging
12025.435866666667	0.00999999999839929	trials	phototagging
12025.536	0.010033333332103211	trials	phototagging
12025.636166666665	0.010000000000218279	trials	phototagging
12025.736299999999	0.0100333333339222	trials	phototagging
12025.836466666666	0.0100333333339222	trials	phototagging
12025.936633333333	0.010000000000218279	trials	phototagging
12026.036766666666	0.0100333333339222	trials	phototagging
12036.1523	0.004999999999199645	trials	phototagging
12037.153833333332	0.005000000001018634	trials	phototagging
12038.155366666666	0.005033333332903567	trials	phototagging
12039.156933333332	0.005000000001018634	trials	phototagging
12040.158466666666	0.004999999999199645	trials	phototagging
12041.16	0.004999999999199645	trials	phototagging
12042.161533333332	0.005000000001018634	trials	phototagging
12043.163066666666	0.004999999999199645	trials	phototagging
12044.1646	0.005033333332903567	trials	phototagging
12045.166133333332	0.005000000001018634	trials	phototagging
12046.167666666666	0.005033333332903567	trials	phototagging
12047.169199999998	0.005033333334722556	trials	phototagging
12048.170733333332	0.005033333332903567	trials	phototagging
12049.172266666666	0.005033333332903567	trials	phototagging
12050.173833333332	0.005000000001018634	trials	phototagging
12051.175366666666	0.004999999999199645	trials	phototagging
12052.176899999999	0.005000000001018634	trials	phototagging
12053.178433333333	0.004999999999199645	trials	phototagging
12054.179966666667	0.004999999999199645	trials	phototagging
12055.181499999999	0.005033333332903567	trials	phototagging
12056.183033333333	0.005033333332903567	trials	phototagging
12057.184599999999	0.005000000001018634	trials	phototagging
12058.186133333333	0.004999999999199645	trials	phototagging
12059.187666666667	0.004999999999199645	trials	phototagging
12060.189199999999	0.005000000001018634	trials	phototagging
12061.190733333333	0.004999999999199645	trials	phototagging
12062.192266666665	0.005000000001018634	trials	phototagging
12063.1938	0.004999999999199645	trials	phototagging
12064.195333333333	0.004999999999199645	trials	phototagging
12065.196866666665	0.005000000001018634	trials	phototagging
12076.2138	0.004999999999199645	trials	phototagging
12076.2238	0.004999999999199645	trials	phototagging
12076.233833333332	0.005000000001018634	trials	phototagging
12076.243833333332	0.005000000001018634	trials	phototagging
12076.253866666666	0.004999999999199645	trials	phototagging
12076.263866666666	0.004999999999199645	trials	phototagging
12076.273866666666	0.005033333332903567	trials	phototagging
12076.283899999999	0.005000000001018634	trials	phototagging
12076.293899999999	0.005033333332903567	trials	phototagging
12076.303933333333	0.004999999999199645	trials	phototagging
12076.313933333333	0.004999999999199645	trials	phototagging
12076.323966666665	0.005000000001018634	trials	phototagging
12076.333966666665	0.005000000001018634	trials	phototagging
12076.344	0.004999999999199645	trials	phototagging
12076.354	0.004999999999199645	trials	phototagging
12076.364	0.005033333332903567	trials	phototagging
12076.374033333332	0.005000000001018634	trials	phototagging
12076.384066666666	0.005000000001018634	trials	phototagging
12076.394066666666	0.004999999999199645	trials	phototagging
12076.404066666666	0.005033333332903567	trials	phototagging
12076.4141	0.004999999999199645	trials	phototagging
12076.424099999998	0.005033333334722556	trials	phototagging
12076.434133333332	0.005000000001018634	trials	phototagging
12076.444133333333	0.005033333332903567	trials	phototagging
12076.454166666666	0.004999999999199645	trials	phototagging
12076.464166666667	0.004999999999199645	trials	phototagging
12076.474199999999	0.005000000001018634	trials	phototagging
12076.484199999999	0.005033333332903567	trials	phototagging
12076.494233333333	0.004999999999199645	trials	phototagging
12076.504233333333	0.004999999999199645	trials	phototagging
12086.529633333332	0.010000000000218279	trials	phototagging
12086.629766666665	0.0100333333339222	trials	phototagging
12086.729933333332	0.010000000000218279	trials	phototagging
12086.8301	0.010000000000218279	trials	phototagging
12086.930233333333	0.0100333333339222	trials	phototagging
12087.0304	0.010000000000218279	trials	phototagging
12087.130533333333	0.010033333332103211	trials	phototagging
12087.2307	0.00999999999839929	trials	phototagging
12087.330866666665	0.010000000000218279	trials	phototagging
12087.430999999999	0.0100333333339222	trials	phototagging
12087.531166666666	0.010000000000218279	trials	phototagging
12087.631333333333	0.010000000000218279	trials	phototagging
12087.731466666666	0.0100333333339222	trials	phototagging
12087.831633333333	0.00999999999839929	trials	phototagging
12087.931766666667	0.010033333332103211	trials	phototagging
12088.031933333332	0.010000000000218279	trials	phototagging
12088.132099999999	0.010000000000218279	trials	phototagging
12088.232233333332	0.010000000000218279	trials	phototagging
12088.3324	0.010000000000218279	trials	phototagging
12088.432533333333	0.0100333333339222	trials	phototagging
12088.5327	0.010000000000218279	trials	phototagging
12088.632833333333	0.010033333332103211	trials	phototagging
12088.732999999998	0.0100333333339222	trials	phototagging
12088.833166666665	0.010000000000218279	trials	phototagging
12088.933299999999	0.0100333333339222	trials	phototagging
12089.033466666666	0.0100333333339222	trials	phototagging
12089.133633333333	0.010000000000218279	trials	phototagging
12089.233766666666	0.010033333332103211	trials	phototagging
12089.333933333333	0.00999999999839929	trials	phototagging
12089.434099999999	0.010000000000218279	trials	phototagging
12099.549599999998	0.10016666666706442	trials	phototagging
12100.551133333332	0.10016666666706442	trials	phototagging
12101.552666666666	0.10016666666524543	trials	phototagging
12102.554233333332	0.1001333333333605	trials	phototagging
12103.555766666666	0.1001333333333605	trials	phototagging
12104.557299999999	0.1001333333333605	trials	phototagging
12105.558833333333	0.1001333333333605	trials	phototagging
12106.560366666667	0.1001333333333605	trials	phototagging
12107.561899999999	0.10016666666706442	trials	phototagging
12108.563433333333	0.10016666666706442	trials	phototagging
12109.564966666665	0.10016666666706442	trials	phototagging
12110.566499999999	0.10016666666706442	trials	phototagging
12121.5834	0.005033333332903567	trials	phototagging
12121.593433333332	0.005000000001018634	trials	phototagging
12121.603466666666	0.005000000001018634	trials	phototagging
12121.613466666666	0.004999999999199645	trials	phototagging
12121.623466666666	0.005033333332903567	trials	phototagging
12121.6335	0.004999999999199645	trials	phototagging
12121.643533333332	0.005000000001018634	trials	phototagging
12121.653533333332	0.005000000001018634	trials	phototagging
12121.663533333332	0.004999999999199645	trials	phototagging
12121.673566666666	0.004999999999199645	trials	phototagging
12121.683566666667	0.004999999999199645	trials	phototagging
12121.693599999999	0.005000000001018634	trials	phototagging
12121.703599999999	0.005000000001018634	trials	phototagging
12121.713633333333	0.004999999999199645	trials	phototagging
12121.723633333333	0.004999999999199645	trials	phototagging
12121.733633333333	0.005033333332903567	trials	phototagging
12121.743666666665	0.005000000001018634	trials	phototagging
12121.7537	0.004999999999199645	trials	phototagging
12121.7637	0.004999999999199645	trials	phototagging
12121.7737	0.005033333332903567	trials	phototagging
12121.783733333332	0.005000000001018634	trials	phototagging
12121.793733333332	0.005033333332903567	trials	phototagging
12121.803766666666	0.004999999999199645	trials	phototagging
12121.813766666666	0.004999999999199645	trials	phototagging
12121.823799999998	0.005000000001018634	trials	phototagging
12121.833799999999	0.005000000001018634	trials	phototagging
12121.843833333332	0.004999999999199645	trials	phototagging
12121.853833333333	0.004999999999199645	trials	phototagging
12121.863833333333	0.005033333332903567	trials	phototagging
12121.873866666665	0.005000000001018634	trials	phototagging
12131.899266666665	0.1001333333333605	trials	phototagging
12132.9008	0.1001333333333605	trials	phototagging
12133.902333333332	0.1001333333333605	trials	phototagging
12134.903866666666	0.1001333333333605	trials	phototagging
12135.9054	0.1001333333333605	trials	phototagging
12136.906933333332	0.10016666666706442	trials	phototagging
12137.908466666666	0.10016666666706442	trials	phototagging
12138.91	0.10016666666524543	trials	phototagging
12139.911533333332	0.10016666666706442	trials	phototagging
12140.9131	0.1001333333333605	trials	phototagging
12141.914633333332	0.1001333333333605	trials	phototagging
12142.916166666666	0.1001333333333605	trials	phototagging
12153.933066666666	0.010000000000218279	trials	phototagging
12154.033233333332	0.010000000000218279	trials	phototagging
12154.133366666665	0.0100333333339222	trials	phototagging
12154.233533333332	0.010000000000218279	trials	phototagging
12154.3337	0.010000000000218279	trials	phototagging
12154.433833333333	0.010000000000218279	trials	phototagging
12154.534	0.010000000000218279	trials	phototagging
12154.634133333333	0.010033333332103211	trials	phototagging
12154.7343	0.00999999999839929	trials	phototagging
12154.834433333333	0.010033333332103211	trials	phototagging
12154.934599999999	0.0100333333339222	trials	phototagging
12155.034766666666	0.010000000000218279	trials	phototagging
12155.1349	0.0100333333339222	trials	phototagging
12155.235066666666	0.010000000000218279	trials	phototagging
12155.335233333333	0.00999999999839929	trials	phototagging
12155.435366666667	0.010033333332103211	trials	phototagging
12155.535533333332	0.010000000000218279	trials	phototagging
12155.635666666665	0.0100333333339222	trials	phototagging
12155.735833333332	0.010000000000218279	trials	phototagging
12155.836	0.010000000000218279	trials	phototagging
12155.936133333333	0.0100333333339222	trials	phototagging
12156.0363	0.010000000000218279	trials	phototagging
12156.136433333333	0.010033333332103211	trials	phototagging
12156.236599999998	0.010000000000218279	trials	phototagging
12156.336766666665	0.010000000000218279	trials	phototagging
12156.436899999999	0.0100333333339222	trials	phototagging
12156.537066666666	0.010000000000218279	trials	phototagging
12156.6372	0.0100333333339222	trials	phototagging
12156.737366666666	0.010033333332103211	trials	phototagging
12156.837533333333	0.00999999999839929	trials	phototagging
12166.953033333333	0.005033333332903567	trials	phototagging
12167.9546	0.004999999999199645	trials	phototagging
12168.956133333333	0.004999999999199645	trials	phototagging
12169.957666666665	0.005000000001018634	trials	phototagging
12170.9592	0.004999999999199645	trials	phototagging
12171.960733333333	0.004999999999199645	trials	phototagging
12172.962266666666	0.005033333332903567	trials	phototagging
12173.9638	0.004999999999199645	trials	phototagging
12174.965366666665	0.005000000001018634	trials	phototagging
12175.9669	0.004999999999199645	trials	phototagging
12176.968433333332	0.005000000001018634	trials	phototagging
12177.969966666666	0.005000000001018634	trials	phototagging
12178.9715	0.004999999999199645	trials	phototagging
12179.973033333332	0.005000000001018634	trials	phototagging
12180.974566666666	0.004999999999199645	trials	phototagging
12181.9761	0.005033333332903567	trials	phototagging
12182.977633333332	0.005033333332903567	trials	phototagging
12183.979166666666	0.005033333332903567	trials	phototagging
12184.980733333332	0.005000000001018634	trials	phototagging
12185.982266666666	0.004999999999199645	trials	phototagging
12186.9838	0.004999999999199645	trials	phototagging
12187.985333333332	0.005000000001018634	trials	phototagging
12188.986866666666	0.004999999999199645	trials	phototagging
12189.988399999998	0.005000000001018634	trials	phototagging
12190.989933333332	0.005033333332903567	trials	phototagging
12191.991466666666	0.005033333332903567	trials	phototagging
12192.992999999999	0.005033333334722556	trials	phototagging
12193.994566666666	0.004999999999199645	trials	phototagging
12194.996099999998	0.005000000001018634	trials	phototagging
12195.997633333332	0.004999999999199645	trials	phototagging
12207.014533333333	0.004999999999199645	trials	phototagging
12208.016066666665	0.005000000001018634	trials	phototagging
12209.017633333333	0.004999999999199645	trials	phototagging
12210.019166666665	0.005000000001018634	trials	phototagging
12211.0207	0.004999999999199645	trials	phototagging
12212.022233333333	0.004999999999199645	trials	phototagging
12213.023766666665	0.005000000001018634	trials	phototagging
12214.0253	0.004999999999199645	trials	phototagging
12215.026833333333	0.004999999999199645	trials	phototagging
12216.028366666666	0.005000000001018634	trials	phototagging
12217.0299	0.005033333332903567	trials	phototagging
12218.031433333332	0.005033333334722556	trials	phototagging
12219.033	0.004999999999199645	trials	phototagging
12220.034533333332	0.005000000001018634	trials	phototagging
12221.036066666666	0.005000000001018634	trials	phototagging
12222.0376	0.004999999999199645	trials	phototagging
12223.039133333332	0.005000000001018634	trials	phototagging
12224.040666666666	0.004999999999199645	trials	phototagging
12225.0422	0.005033333332903567	trials	phototagging
12226.043766666666	0.004999999999199645	trials	phototagging
12227.045266666666	0.005033333332903567	trials	phototagging
12228.046833333332	0.005000000001018634	trials	phototagging
12229.048366666666	0.004999999999199645	trials	phototagging
12230.0499	0.004999999999199645	trials	phototagging
12231.051433333332	0.005000000001018634	trials	phototagging
12232.052966666666	0.004999999999199645	trials	phototagging
12233.054499999998	0.005000000001018634	trials	phototagging
12234.056033333332	0.005033333332903567	trials	phototagging
12235.057566666666	0.005033333332903567	trials	phototagging
12236.059133333332	0.005000000001018634	trials	phototagging
12247.076033333333	0.010000000000218279	trials	phototagging
12247.176166666666	0.0100333333339222	trials	phototagging
12247.276333333333	0.010033333332103211	trials	phototagging
12247.376499999998	0.010000000000218279	trials	phototagging
12247.476633333332	0.0100333333339222	trials	phototagging
12247.576799999999	0.010000000000218279	trials	phototagging
12247.676966666666	0.010000000000218279	trials	phototagging
12247.7771	0.0100333333339222	trials	phototagging
12247.877266666666	0.010000000000218279	trials	phototagging
12247.9774	0.010033333332103211	trials	phototagging
12248.077566666665	0.0100333333339222	trials	phototagging
12248.177699999998	0.0100333333339222	trials	phototagging
12248.277866666665	0.0100333333339222	trials	phototagging
12248.378033333332	0.010000000000218279	trials	phototagging
12248.478166666666	0.0100333333339222	trials	phototagging
12248.578333333333	0.010000000000218279	trials	phototagging
12248.678466666666	0.010033333332103211	trials	phototagging
12248.778633333333	0.010033333332103211	trials	phototagging
12248.878799999999	0.010000000000218279	trials	phototagging
12248.978933333332	0.0100333333339222	trials	phototagging
12249.079099999999	0.0100333333339222	trials	phototagging
12249.179266666666	0.010000000000218279	trials	phototagging
12249.2794	0.0100333333339222	trials	phototagging
12249.379566666667	0.010000000000218279	trials	phototagging
12249.479733333332	0.010000000000218279	trials	phototagging
12249.579866666665	0.010000000000218279	trials	phototagging
12249.680033333332	0.010000000000218279	trials	phototagging
12249.780166666666	0.0100333333339222	trials	phototagging
12249.880333333333	0.010000000000218279	trials	phototagging
12249.980466666666	0.0100333333339222	trials	phototagging
