onset	duration	nwb_table	trial_type
17.140033333333122	1.110000000000582	trials	port_entry
18.770033333330503	0.030000000002473826	trials	port_entry
41.14003333333312	0.6699999999982538	trials	port_entry
42.300033333332976	0.11999999999898137	trials	port_entry
52.080066666665516	0.07999999999810825	trials	port_entry
52.18006666666406	0.26000000000203727	trials	port_entry
68.06006666666508	0.020000000000436557	trials	port_entry
68.10003333333225	0.049999999999272404	trials	port_entry
68.17009999999937	0.46996666666746023	trials	port_entry
113.01006666666581	0.8000333333329763	trials	port_entry
114.06009999999878	2.5499999999992724	trials	port_entry
132.35009999999966	0.3799666666673147	trials	port_entry
132.92003333333196	0.1500000000014552	trials	port_entry
133.1900999999998	1.249966666666296	trials	port_entry
134.48009999999704	1.2100000000027649	trials	port_entry
137.17009999999937	0.5900000000001455	trials	port_entry
139.99009999999907	1.360033333334286	trials	port_entry
179.29013333333205	3.1599999999998545	trials	port_entry
183.18016666666517	0.3600000000005821	trials	port_entry
217.35013333333336	1.9500333333307935	trials	port_entry
219.62016666666386	0.31999999999970896	trials	port_entry
220.02019999999902	0.06996666666600504	trials	port_entry
226.24016666666648	0.059999999997671694	trials	port_entry
233.60016666666706	0.5899999999965075	trials	port_entry
234.26016666666692	1.6499999999978172	trials	port_entry
236.1301999999996	0.2000000000007276	trials	port_entry
236.43019999999888	1.6199666666652774	trials	port_entry
238.12016666666386	0.38003333333472256	trials	port_entry
240.22019999999975	0.3600000000005821	trials	port_entry
242.73019999999815	0.5100000000020373	trials	port_entry
243.40020000000004	0.5399999999972351	trials	port_entry
251.10023333333083	5.149966666667751	trials	reward_stimulus_presentation
252.10016666666706	1.0	trials	reward_delivery
255.85019999999713	3.5900000000001455	trials	port_entry
259.8801999999996	0.13999999999941792	trials	port_entry
260.1301666666659	4.239999999997963	trials	port_entry
264.8801666666659	0.5900333333338494	trials	port_entry
280.8102333333336	0.6899666666649864	trials	port_entry
281.61019999999917	0.029966666665131925	trials	port_entry
281.66019999999844	0.25	trials	port_entry
282.37023333333127	0.040000000000873115	trials	port_entry
285.3802333333333	0.05996666666396777	trials	port_entry
285.4601999999977	0.08003333333545015	trials	port_entry
285.700233333333	0.21999999999752617	trials	port_entry
285.98019999999815	0.04003333333457704	trials	port_entry
286.070233333332	0.13999999999941792	trials	port_entry
286.2502333333323	0.040000000000873115	trials	port_entry
286.5002333333323	0.47000000000116415	trials	port_entry
293.05019999999786	0.3100000000013097	trials	port_entry
341.10026666666454	0.680000000000291	trials	reward_stimulus_presentation
341.380266666667	0.07996666666440433	trials	port_entry
341.630266666667	3.3799999999973807	trials	port_entry
342.10026666666454	0.9999333333325922	trials	reward_delivery
345.2202666666635	0.030000000002473826	trials	port_entry
345.4002666666638	0.06999999999970896	trials	port_entry
345.66026666666585	0.3499999999985448	trials	port_entry
346.10026666666454	2.290000000000873	trials	port_entry
348.750266666666	0.5	trials	port_entry
349.28026666666483	3.0800000000017462	trials	port_entry
352.6301999999996	0.5799999999981083	trials	port_entry
353.3201999999983	2.0200333333341405	trials	port_entry
357.8302666666641	2.1899666666686244	trials	port_entry
360.05026666666527	0.6899999999986903	trials	port_entry
360.98026666666556	0.11999999999898137	trials	port_entry
361.2102666666651	1.680000000000291	trials	port_entry
363.0602333333336	4.580033333331812	trials	port_entry
369.22023333333345	3.3700333333326853	trials	port_entry
372.7002666666667	0.18999999999869033	trials	port_entry
380.1102666666666	0.41996666666454985	trials	port_entry
384.91026666666585	4.099999999998545	trials	port_entry
389.03026666666483	0.029999999998835847	trials	port_entry
402.16023333333214	0.45006666666813544	trials	port_entry
410.73029999999926	0.5799999999981083	trials	port_entry
414.66029999999955	1.360000000000582	trials	port_entry
416.5802999999978	0.5800000000017462	trials	port_entry
421.85029999999824	1.139966666665714	trials	port_entry
427.5802999999978	0.2700333333341405	trials	port_entry
431.10033333333195	1.4299666666665871	trials	reward_stimulus_presentation
432.10029999999824	1.0	trials	reward_delivery
432.1303333333308	2.609966666666878	trials	port_entry
434.7602999999981	0.8300333333354502	trials	port_entry
438.7703333333302	0.3400000000001455	trials	port_entry
439.23033333333296	0.07999999999810825	trials	port_entry
444.30029999999897	0.12003333333268529	trials	port_entry
444.74033333333136	0.27000000000043656	trials	port_entry
445.0802999999978	2.970000000001164	trials	port_entry
448.0702666666657	0.5000333333337039	trials	port_entry
448.73029999999926	2.2000000000007276	trials	port_entry
465.66026666666585	3.120066666666389	trials	port_entry
471.67036666666536	0.11996666666527744	trials	port_entry
471.8703666666661	0.04003333333093906	trials	port_entry
477.68036666666376	0.3400000000001455	trials	port_entry
504.5103666666655	0.13999999999941792	trials	port_entry
509.29036666666434	0.020000000000436557	trials	port_entry
509.3403666666636	0.7400333333353046	trials	port_entry
521.1004333333331	19.999966666666296	trials	neutral_stimulus_presentation
524.2403999999988	0.18000000000029104	trials	port_entry
551.9203999999991	0.06999999999970896	trials	port_entry
552.2703666666639	0.1600333333335584	trials	port_entry
552.4503999999979	0.6799666666665871	trials	port_entry
563.6604333333307	0.21000000000276486	trials	port_entry
564.5304333333333	0.18000000000029104	trials	port_entry
565.4204333333328	0.20999999999912689	trials	port_entry
567.0204333333313	0.11999999999898137	trials	port_entry
567.2304333333304	1.4400000000023283	trials	port_entry
570.090433333331	0.08000000000174623	trials	port_entry
571.2304333333304	0.4500000000007276	trials	port_entry
572.1903999999995	0.18000000000029104	trials	port_entry
579.3304333333326	2.0499999999992724	trials	port_entry
581.4504333333316	0.049999999999272404	trials	port_entry
581.8904333333303	0.020000000000436557	trials	port_entry
581.970433333332	0.049999999999272404	trials	port_entry
582.3403999999973	0.07003333333341288	trials	port_entry
582.6804333333312	0.049999999999272404	trials	port_entry
582.9204333333328	3.860000000000582	trials	port_entry
586.8004333333338	0.21996666666382225	trials	port_entry
587.0603999999985	0.20999999999912689	trials	port_entry
587.3004000000001	0.19999999999708962	trials	port_entry
587.5404333333317	0.24996666666629608	trials	port_entry
588.2304000000004	0.6400333333331218	trials	port_entry
589.1904333333332	0.049999999999272404	trials	port_entry
589.4904333333325	3.3299999999981083	trials	port_entry
594.8704333333335	1.680000000000291	trials	port_entry
606.1004666666668	9.079999999998108	trials	reward_stimulus_presentation
607.1004333333331	1.000033333333704	trials	reward_delivery
614.7804333333333	0.09999999999854481	trials	port_entry
616.970433333332	0.3499999999985448	trials	port_entry
622.7004666666653	0.7299999999995634	trials	port_entry
626.7504666666646	0.3100000000013097	trials	port_entry
630.8304333333326	0.08003333333181217	trials	port_entry
635.970433333332	0.03003333333253977	trials	port_entry
643.0404666666655	0.4500000000007276	trials	port_entry
645.140466666664	4.710000000002765	trials	port_entry
649.900466666666	0.5800333333318122	trials	port_entry
650.5604666666659	0.23999999999796273	trials	port_entry
650.8704666666636	0.13000000000101863	trials	port_entry
654.400466666666	0.5	trials	port_entry
668.6604999999981	0.47000000000116415	trials	port_entry
685.6104999999989	0.18000000000029104	trials	port_entry
693.5304999999971	2.900000000001455	trials	port_entry
696.1005333333305	20.001766666668118	trials	shock_stimulus_presentation
697.3804999999993	0.27000000000043656	trials	port_entry
715.9004999999997	0.2999999999992724	trials	shock_relay
733.7105333333311	0.1299666666673147	trials	port_entry
736.3804666666656	1.150066666665225	trials	port_entry
791.1005999999979	1.749966666666296	trials	reward_stimulus_presentation
792.1005666666642	0.9999666666662961	trials	reward_delivery
792.4505666666664	4.400033333331521	trials	port_entry
812.1705999999976	0.8500000000021828	trials	port_entry
847.730599999999	0.06000000000130967	trials	port_entry
847.9806333333327	1.5099666666646954	trials	port_entry
881.1006666666653	20.0	trials	neutral_stimulus_presentation
881.5406333333303	1.5099666666683333	trials	port_entry
885.9906333333311	0.050033333332976326	trials	port_entry
886.8106333333308	0.3500333333358867	trials	port_entry
890.9606333333322	0.5299999999988358	trials	port_entry
895.1406333333325	0.7000000000007276	trials	port_entry
917.4206333333314	0.17006666666566161	trials	port_entry
928.0106666666652	0.2599999999983993	trials	port_entry
928.3006666666661	0.5300333333325398	trials	port_entry
932.5206999999973	0.15999999999985448	trials	port_entry
932.7106333333322	0.12006666666638921	trials	port_entry
944.040666666664	0.21000000000276486	trials	port_entry
961.1007333333328	1.4499666666670237	trials	reward_stimulus_presentation
962.100699999999	0.9999666666662961	trials	reward_delivery
962.150733333332	12.09996666666484	trials	port_entry
990.6107333333312	2.350000000002183	trials	port_entry
1013.4807333333338	0.5499666666655685	trials	port_entry
1014.0607333333319	0.5600666666650795	trials	port_entry
1034.6307666666653	0.08000000000174623	trials	port_entry
1045.1207333333332	0.2700333333305025	trials	port_entry
1050.3107999999993	0.1699333333344839	trials	port_entry
1051.1008000000002	20.00209999999788	trials	shock_stimulus_presentation
1062.000799999998	0.18000000000029104	trials	port_entry
1070.9007999999994	0.2999999999992724	trials	shock_relay
1082.7607666666663	0.09999999999854481	trials	port_entry
1082.9207666666662	1.2300333333332674	trials	port_entry
1084.7407999999996	0.1499999999978172	trials	port_entry
1086.9307999999983	0.44006666666609817	trials	port_entry
1096.0908333333318	0.30996666666760575	trials	port_entry
1096.430833333332	0.2999999999992724	trials	port_entry
1107.6008333333302	0.13000000000101863	trials	port_entry
1109.8308333333334	0.01999999999679858	trials	port_entry
1109.8807666666653	0.2700666666678444	trials	port_entry
1122.9608333333308	0.2399666666678968	trials	port_entry
1151.1008999999976	1.0399666666671692	trials	reward_stimulus_presentation
1151.740866666667	8.579966666664404	trials	port_entry
1152.100866666664	0.9999666666662961	trials	reward_delivery
1161.9108666666652	0.03996666666716919	trials	port_entry
1162.0408666666663	0.20999999999912689	trials	port_entry
1175.1608333333315	0.36999999999898137	trials	port_entry
1220.3109333333305	0.22993333333579358	trials	port_entry
1220.9408333333304	0.1301000000021304	trials	port_entry
1221.1708999999973	0.050033333332976326	trials	port_entry
1228.400899999997	0.08000000000174623	trials	port_entry
1241.1009333333313	20.0	trials	neutral_stimulus_presentation
1241.4809333333324	2.109966666666878	trials	port_entry
1251.8809333333302	0.9800000000032014	trials	port_entry
1298.0909666666666	0.43000000000029104	trials	port_entry
1298.860966666667	0.09999999999854481	trials	port_entry
1299.3308999999972	0.11006666666798992	trials	port_entry
1318.3109999999979	0.01989999999932479	trials	port_entry
1318.6909666666652	0.1600333333335584	trials	port_entry
1321.4609666666656	1.6699999999982538	trials	port_entry
1323.411	0.03003333333253977	trials	port_entry
1327.1209999999992	0.2600333333321032	trials	port_entry
1328.3909999999996	0.5999999999985448	trials	port_entry
1329.071	0.20999999999912689	trials	port_entry
1329.321	0.27999999999883585	trials	port_entry
1329.6809999999969	0.14996666666775127	trials	port_entry
1330.0509999999995	0.4599999999991269	trials	port_entry
1331.1009999999987	1.499966666666296	trials	reward_stimulus_presentation
1332.100966666665	1.0	trials	reward_delivery
1332.2009666666636	7.920033333335596	trials	port_entry
1342.940999999999	0.06999999999970896	trials	port_entry
1343.1809666666668	1.0500333333329763	trials	port_entry
1350.2309999999998	0.21999999999752617	trials	port_entry
1350.4909999999982	0.06999999999970896	trials	port_entry
1360.2009999999973	0.09003333333384944	trials	port_entry
1361.1310333333313	0.1299666666673147	trials	port_entry
1361.371033333333	0.020000000000436557	trials	port_entry
1361.6009999999987	0.03003333333253977	trials	port_entry
1362.5409999999974	0.13999999999941792	trials	port_entry
1362.7009666666636	0.02003333333414048	trials	port_entry
1363.7008999999998	0.049999999999272404	trials	port_entry
1364.3909999999996	0.09003333333384944	trials	port_entry
1365.5509999999995	0.7999666666655685	trials	port_entry
1368.3609999999971	0.020000000000436557	trials	port_entry
1370.0310333333327	0.25	trials	port_entry
1371.871033333333	0.15999999999985448	trials	port_entry
1372.2710333333307	0.020000000000436557	trials	port_entry
1372.4209999999985	0.10003333333224873	trials	port_entry
1372.9910333333319	0.09996666666847887	trials	port_entry
1374.4209999999985	0.2700333333341405	trials	port_entry
1375.6809999999969	5.080000000001746	trials	port_entry
1380.831033333332	0.19996666666702367	trials	port_entry
1381.1309999999976	0.18000000000029104	trials	port_entry
1387.711033333333	0.020000000000436557	trials	port_entry
1387.821	0.04003333333093906	trials	port_entry
1388.0809999999983	0.02003333333414048	trials	port_entry
1388.3010333333332	0.020000000000436557	trials	port_entry
1388.5010333333303	0.020000000000436557	trials	port_entry
1392.6510333333317	0.6199999999989814	trials	port_entry
1393.3410333333304	0.08000000000174623	trials	port_entry
1396.211033333333	0.37999999999738066	trials	port_entry
1399.1010333333325	0.35003333333224873	trials	port_entry
1402.1110666666646	0.10000000000218279	trials	port_entry
1402.3210333333336	0.3300333333318122	trials	port_entry
1409.5210333333307	0.22999999999956344	trials	port_entry
1409.9010333333317	1.9000000000014552	trials	port_entry
1415.1310333333313	1.610000000000582	trials	port_entry
1416.8210333333336	0.5	trials	port_entry
1421.1010666666662	20.002599999999802	trials	shock_stimulus_presentation
1423.5510333333332	0.3000333333329763	trials	port_entry
1440.9010666666654	0.2999666666655685	trials	shock_relay
1452.311099999999	0.7399333333341929	trials	port_entry
1453.1110333333309	0.20006666666813544	trials	port_entry
1454.6910666666663	0.09999999999854481	trials	port_entry
1455.311099999999	0.07999999999810825	trials	port_entry
1455.4110999999975	1.360000000000582	trials	port_entry
1456.9310666666643	0.060033333335013594	trials	port_entry
1457.141066666667	2.399999999997817	trials	port_entry
1460.141066666667	6.350033333332249	trials	port_entry
1466.761066666666	0.3200333333334129	trials	port_entry
1467.3410666666641	4.0900000000001455	trials	port_entry
1472.1010666666662	4.110033333334286	trials	port_entry
1476.551099999997	1.3100000000013097	trials	port_entry
1481.2310666666635	12.360033333334286	trials	port_entry
1494.3510999999999	6.500033333333704	trials	port_entry
1506.1011333333336	20.000033333330066	trials	neutral_stimulus_presentation
1506.4210666666659	2.010033333332103	trials	port_entry
1509.2111333333305	0.030000000002473826	trials	port_entry
1509.2610999999997	0.7200333333312301	trials	port_entry
1510.4011333333328	0.18000000000029104	trials	port_entry
1510.6010666666662	3.6601000000009662	trials	port_entry
1524.1011333333336	0.5099666666646954	trials	port_entry
1534.1911333333337	0.3899999999994179	trials	port_entry
1543.5611666666664	3.849999999998545	trials	port_entry
1547.9011666666665	0.06999999999970896	trials	port_entry
1547.9911666666667	0.020000000000436557	trials	port_entry
1561.0612	0.029966666665131925	trials	port_entry
1562.7111666666642	1.4900333333353046	trials	port_entry
1572.6512000000002	2.1599666666661506	trials	port_entry
1575.0612	0.059999999997671694	trials	port_entry
1575.3711999999978	0.16996666666818783	trials	port_entry
1575.7511999999988	0.25	trials	port_entry
1576.0211999999992	2.510033333332103	trials	port_entry
1596.1011999999973	20.0022666666664	trials	shock_stimulus_presentation
1597.5211999999992	1.6899999999986903	trials	port_entry
1615.9011666666665	0.2999999999992724	trials	shock_relay
1627.7511999999988	0.4000000000014552	trials	port_entry
1633.2511999999988	0.2000000000007276	trials	port_entry
1638.0812333333306	0.4400000000023283	trials	port_entry
1641.6912333333312	0.06999999999970896	trials	port_entry
1641.8112333333338	0.6799999999966531	trials	port_entry
1645.4112333333323	0.9899999999979627	trials	port_entry
1649.4612333333316	1.3700333333326853	trials	port_entry
1653.2512333333325	0.7600333333321032	trials	port_entry
1657.5812333333306	0.7200333333348681	trials	port_entry
1665.3612666666668	0.3899999999994179	trials	port_entry
1670.7611999999972	0.3800666666684265	trials	port_entry
1676.6212333333315	2.2299999999995634	trials	port_entry
1684.2712666666666	0.25	trials	port_entry
1689.161266666666	0.14996666666775127	trials	port_entry
1691.1012999999984	20.002566666666098	trials	shock_stimulus_presentation
1693.521233333333	1.0600333333313756	trials	port_entry
1696.531266666665	0.6500000000014552	trials	port_entry
1702.2412333333305	0.5300333333361777	trials	port_entry
1704.161266666666	1.7700000000004366	trials	port_entry
1706.4912666666642	0.060033333335013594	trials	port_entry
1707.6112999999968	0.1400000000030559	trials	port_entry
1710.9012999999977	0.2999999999992724	trials	shock_relay
1731.8512666666647	0.360033333334286	trials	port_entry
1732.5512999999992	0.6199666666652774	trials	port_entry
1733.4412999999986	0.06996666666600504	trials	port_entry
1736.9712999999974	0.2800000000024738	trials	port_entry
1740.5512999999992	0.22999999999956344	trials	port_entry
1745.201266666667	0.4900666666653706	trials	port_entry
1757.6212999999989	0.6699999999982538	trials	port_entry
1761.511333333332	1.3699666666652774	trials	port_entry
1771.7112333333316	0.47009999999863794	trials	port_entry
1781.1013666666659	19.999966666666296	trials	neutral_stimulus_presentation
1781.431366666664	2.279933333335066	trials	port_entry
1788.0913333333338	0.09003333333021146	trials	port_entry
1791.8712999999989	0.4099999999998545	trials	port_entry
1798.0513666666666	2.8299333333307004	trials	port_entry
1810.4713666666648	0.39003333333312185	trials	port_entry
1828.451399999998	1.2099999999991269	trials	port_entry
1852.8714333333337	0.40996666666615056	trials	port_entry
1854.3014000000003	0.11999999999898137	trials	port_entry
1854.451399999998	0.22000000000116415	trials	port_entry
1854.8714	2.039999999997235	trials	port_entry
1858.7913999999982	0.47999999999956344	trials	port_entry
1860.1013999999996	1.360000000000582	trials	port_entry
1861.1014333333333	1.0099666666646954	trials	reward_stimulus_presentation
1861.7114000000001	0.28999999999723514	trials	port_entry
1862.0213999999978	7.750033333333704	trials	port_entry
1862.1013999999996	1.0	trials	reward_delivery
1883.8813999999984	0.10003333333224873	trials	port_entry
1884.6814333333314	0.08000000000174623	trials	port_entry
1885.5313666666661	0.6300666666647885	trials	port_entry
1887.0913999999975	0.2100333333328308	trials	port_entry
1887.4313999999977	0.31999999999970896	trials	port_entry
1896.3514333333333	0.15996666666615056	trials	port_entry
1936.0814666666665	0.18000000000029104	trials	port_entry
1936.2814666666636	0.6300000000010186	trials	port_entry
1939.3314333333328	0.6900333333323942	trials	port_entry
1940.4014666666662	0.5099666666646954	trials	port_entry
1941.2814333333336	0.5200333333305025	trials	port_entry
1941.8214333333308	0.09003333333384944	trials	port_entry
1943.051466666664	0.030000000002473826	trials	port_entry
1943.2714666666652	0.2000000000007276	trials	port_entry
1943.5914333333312	0.13999999999941792	trials	port_entry
1943.8414333333312	0.110033333334286	trials	port_entry
1944.1114666666654	0.680000000000291	trials	port_entry
1945.0114666666668	0.06999999999970896	trials	port_entry
1945.1314666666658	0.569999999999709	trials	port_entry
1945.7914666666657	0.20999999999912689	trials	port_entry
1946.0213999999978	0.2700666666678444	trials	port_entry
1946.5814666666665	0.06999999999970896	trials	port_entry
1946.7614666666668	0.059999999997671694	trials	port_entry
1951.101466666667	20.0	trials	neutral_stimulus_presentation
1953.1214666666638	0.05000000000291038	trials	port_entry
1953.3214666666645	0.5799666666680423	trials	port_entry
1959.7714666666652	0.029999999998835847	trials	port_entry
1963.051466666664	0.3900000000030559	trials	port_entry
1963.601466666667	0.01999999999679858	trials	port_entry
1963.681466666665	0.020000000000436557	trials	port_entry
2011.7114999999976	0.6100000000005821	trials	port_entry
2042.0014999999985	0.2700666666678444	trials	port_entry
2050.3115333333335	0.12999999999738066	trials	port_entry
2051.1015333333307	20.000033333333704	trials	neutral_stimulus_presentation
2051.571533333332	1.8400000000001455	trials	port_entry
2054.4715333333334	0.8000333333329763	trials	port_entry
2057.121533333331	0.10000000000218279	trials	port_entry
2085.571533333332	0.6300333333347226	trials	port_entry
2086.381533333333	0.07003333333341288	trials	port_entry
2090.3315999999977	0.49993333333259216	trials	port_entry
2093.301599999999	0.04996666666556848	trials	port_entry
2096.4415666666646	0.22999999999956344	trials	port_entry
2096.6915666666646	0.040000000000873115	trials	port_entry
2097.7515999999996	0.020000000000436557	trials	port_entry
2097.971599999997	0.09000000000014552	trials	port_entry
2098.3715999999986	0.020000000000436557	trials	port_entry
2098.4415999999983	0.2000000000007276	trials	port_entry
2098.6816	0.23999999999796273	trials	port_entry
2099.7016000000003	0.0899666666664416	trials	port_entry
2099.8215999999993	0.27999999999883585	trials	port_entry
2100.121566666665	0.049999999999272404	trials	port_entry
2103.5315666666647	0.08003333333545015	trials	port_entry
2141.1016666666656	20.00233333333381	trials	shock_stimulus_presentation
2160.901666666665	0.2999999999992724	trials	shock_relay
2181.8516666666656	0.03993333333346527	trials	port_entry
2181.9816666666666	0.3099999999976717	trials	port_entry
2185.451666666664	0.26000000000203727	trials	port_entry
2190.971633333331	0.4000333333351591	trials	port_entry
2194.8216666666667	2.719999999997526	trials	port_entry
2197.711666666666	0.31999999999970896	trials	port_entry
2198.2616666666654	0.020000000000436557	trials	port_entry
2198.6916666666657	0.39996666666775127	trials	port_entry
2199.111666666664	0.1400000000030559	trials	port_entry
2225.161666666667	0.029999999998835847	trials	port_entry
2231.1016999999993	1.499966666666296	trials	reward_stimulus_presentation
2232.1016666666656	1.0	trials	reward_delivery
2232.201666666664	6.430033333333995	trials	port_entry
2279.1916999999994	0.19003333333239425	trials	port_entry
2284.3217333333305	0.09000000000014552	trials	port_entry
2284.471733333332	0.0899666666664416	trials	port_entry
2292.221733333332	0.07003333333341288	trials	port_entry
2297.9317666666648	0.040000000000873115	trials	port_entry
2298.2117666666636	0.08000000000174623	trials	port_entry
2300.4617666666636	0.030000000002473826	trials	port_entry
2301.871766666667	0.41999999999825377	trials	port_entry
2303.061733333332	0.050033333332976326	trials	port_entry
2306.501733333331	0.060033333335013594	trials	port_entry
2321.1017666666667	1.5500333333329763	trials	reward_stimulus_presentation
2322.1018000000004	0.9999666666662961	trials	reward_delivery
2322.2517666666645	0.13999999999941792	trials	port_entry
2322.521733333331	6.570033333333413	trials	port_entry
2346.831766666666	0.06999999999970896	trials	port_entry
2375.9817999999977	0.9799999999995634	trials	port_entry
2406.1018333333304	20.0	trials	neutral_stimulus_presentation
2420.9518333333326	0.029999999998835847	trials	port_entry
2421.6018333333304	0.07000000000334694	trials	port_entry
2421.9918333333335	0.11999999999898137	trials	port_entry
2424.1817999999985	0.110033333334286	trials	port_entry
2424.9718666666668	0.23999999999796273	trials	port_entry
2425.5418666666665	0.06999999999970896	trials	port_entry
2430.0018666666656	0.049999999999272404	trials	port_entry
2430.1618666666654	0.06999999999970896	trials	port_entry
2432.9118666666654	0.2000000000007276	trials	port_entry
2437.811833333333	0.12003333333268529	trials	port_entry
2441.5818666666637	0.4099999999998545	trials	port_entry
2447.8417999999983	1.250033333333704	trials	port_entry
2456.1319000000003	1.459933333331719	trials	port_entry
2484.111866666666	0.050033333332976326	trials	port_entry
2496.101899999998	0.9500333333344315	trials	reward_stimulus_presentation
2496.651866666667	8.590033333330211	trials	port_entry
2497.101866666664	1.0000666666674078	trials	reward_delivery
2523.501933333333	0.40993333333244664	trials	port_entry
2536.1119333333336	0.27999999999883585	trials	port_entry
2536.7719333333334	0.11999999999898137	trials	port_entry
2538.0619333333307	0.1900000000023283	trials	port_entry
2541.0619333333307	3.510033333335741	trials	port_entry
2544.671966666665	5.740000000001601	trials	port_entry
2550.841933333333	7.469999999997526	trials	port_entry
2558.5219333333334	10.72003333333123	trials	port_entry
2569.6019333333315	3.83003333333545	trials	port_entry
2573.511966666665	25.229999999999563	trials	port_entry
2591.101999999999	9.209966666665423	trials	reward_stimulus_presentation
2592.101999999999	0.9999666666662961	trials	reward_delivery
2599.911933333333	0.14003333333312185	trials	port_entry
2601.181999999997	7.189966666668624	trials	port_entry
2611.431999999997	0.11000000000058208	trials	port_entry
2611.721999999998	0.040000000000873115	trials	port_entry
2619.4919999999984	1.1300000000010186	trials	port_entry
2635.482	0.14003333333312185	trials	port_entry
2635.6620333333303	0.26000000000203727	trials	port_entry
2644.0519999999997	5.940033333332394	trials	port_entry
2654.7920333333313	2.110000000000582	trials	port_entry
2674.4820333333337	0.49003333333166665	trials	port_entry
2675.172066666666	0.15003333333152113	trials	port_entry
2675.462066666667	2.5498999999981606	trials	port_entry
2681.1021	20.002366666663875	trials	shock_stimulus_presentation
2697.9720666666653	3.099966666664841	trials	port_entry
2700.9020666666656	0.2999999999992724	trials	shock_relay
2738.5720999999976	0.05996666666760575	trials	port_entry
2738.8420666666643	0.09003333333384944	trials	port_entry
2743.002099999998	0.13003333333472256	trials	port_entry
2743.2621	0.16999999999825377	trials	port_entry
2743.4520999999986	0.020000000000436557	trials	port_entry
2743.962099999997	0.1900000000023283	trials	port_entry
2744.342099999998	0.09000000000014552	trials	port_entry
2745.4221	0.09999999999854481	trials	port_entry
2745.682099999998	0.09000000000014552	trials	port_entry
2745.8920999999973	0.12000000000261934	trials	port_entry
2746.122066666667	0.14003333333312185	trials	port_entry
2746.3521	0.13993333333201008	trials	port_entry
2746.582066666666	0.18003333333399496	trials	port_entry
2746.8521	2.1599666666661506	trials	port_entry
2749.1120666666648	0.02003333333414048	trials	port_entry
2749.562099999999	6.879966666667315	trials	port_entry
2756.562099999999	0.5000333333337039	trials	port_entry
2757.1620999999977	0.10003333333588671	trials	port_entry
2757.2920999999988	0.1700333333319577	trials	port_entry
2757.5721333333313	5.939966666668624	trials	port_entry
2761.1021	20.000033333333704	trials	neutral_stimulus_presentation
2763.6621333333314	0.9299666666665871	trials	port_entry
2767.6520666666656	0.23003333333326736	trials	port_entry
2770.462066666667	1.7000333333307935	trials	port_entry
2773.4020999999993	0.30996666666760575	trials	port_entry
2773.8520666666664	1.8900333333331218	trials	port_entry
2776.002099999998	0.2899666666671692	trials	port_entry
2776.372099999997	0.27000000000043656	trials	port_entry
2776.812133333333	0.5399333333334653	trials	port_entry
2777.4721333333327	1.5599666666676058	trials	port_entry
2780.6120999999985	0.33000000000174623	trials	port_entry
2781.092099999998	1.2700333333341405	trials	port_entry
2786.312099999999	0.02003333333414048	trials	port_entry
2788.8421333333317	0.31999999999970896	trials	port_entry
2789.2821333333304	4.940000000002328	trials	port_entry
2797.182133333332	0.5400000000008731	trials	port_entry
2798.8721333333306	0.33000000000174623	trials	port_entry
2799.252099999998	0.13003333333472256	trials	port_entry
2799.6221333333306	5.030000000002474	trials	port_entry
2804.7121333333307	0.2399666666678968	trials	port_entry
2806.1921333333303	0.08000000000174623	trials	port_entry
2810.6721333333335	0.31999999999970896	trials	port_entry
2811.0121333333336	0.5399999999972351	trials	port_entry
2836.2322333333323	0.13993333333201008	trials	port_entry
2842.032166666664	0.31999999999970896	trials	port_entry
2842.3721333333306	0.05006666666668025	trials	port_entry
2842.442166666664	0.11000000000058208	trials	port_entry
2842.702166666666	0.020000000000436557	trials	port_entry
2842.742166666667	0.050033333332976326	trials	port_entry
2848.1421666666647	0.11999999999898137	trials	port_entry
2848.852166666664	2.3900666666668258	trials	port_entry
2851.1022333333312	20.0	trials	neutral_stimulus_presentation
2851.2621999999974	1.7200000000011642	trials	port_entry
2853.122199999998	2.1900000000023283	trials	port_entry
2855.3821666666663	0.3100333333313756	trials	port_entry
2857.3021999999983	0.27000000000043656	trials	port_entry
2857.6421999999984	0.049999999999272404	trials	port_entry
2858.342199999999	0.11999999999898137	trials	port_entry
2862.0021666666653	0.110033333334286	trials	port_entry
2864.4221666666635	0.040000000000873115	trials	port_entry
2864.5321333333304	0.18003333333399496	trials	port_entry
2864.7922	0.2999666666655685	trials	port_entry
2865.2321999999986	0.15999999999985448	trials	port_entry
2865.5121999999974	0.030000000002473826	trials	port_entry
2865.5622000000003	2.7599999999983993	trials	port_entry
2869.9022000000004	0.1499999999978172	trials	port_entry
2870.1221666666643	0.5100333333357412	trials	port_entry
2870.6522000000004	0.3999999999978172	trials	port_entry
2871.242199999997	0.13000000000101863	trials	port_entry
2877.7121666666644	0.18003333333399496	trials	port_entry
2878.032166666664	0.2100333333328308	trials	port_entry
2878.292166666666	0.049999999999272404	trials	port_entry
2878.3921999999984	0.020000000000436557	trials	port_entry
2878.5121999999974	1.8700666666663892	trials	port_entry
2882.6322333333337	0.15999999999985448	trials	port_entry
2882.832199999997	1.6300333333347226	trials	port_entry
2898.6222333333317	0.06000000000130967	trials	port_entry
2898.72223333333	0.25	trials	port_entry
2899.9022333333305	0.03993333333346527	trials	port_entry
2900.4822333333323	0.15996666666615056	trials	port_entry
2900.8622333333333	0.020000000000436557	trials	port_entry
2900.912166666665	2.040033333334577	trials	port_entry
2906.8722333333317	0.0899666666664416	trials	port_entry
2907.2021999999997	0.06999999999970896	trials	port_entry
2910.642233333332	0.049999999999272404	trials	port_entry
2910.9821999999986	0.1500000000014552	trials	port_entry
2920.1322333333337	0.1099999999969441	trials	port_entry
2929.362266666667	0.31999999999970896	trials	port_entry
2929.8022666666657	0.8800000000010186	trials	port_entry
2930.722266666664	0.5400000000008731	trials	port_entry
2931.3522333333312	0.17003333333559567	trials	port_entry
2931.712233333332	0.029966666665131925	trials	port_entry
2935.4022333333305	0.3299666666680423	trials	port_entry
2935.7822333333315	3.069966666666005	trials	port_entry
2939.2523	0.06996666666600504	trials	port_entry
2939.532299999999	0.10996666666687815	trials	port_entry
2951.1022999999986	20.00233333333381	trials	shock_stimulus_presentation
2951.132266666664	0.3600000000005821	trials	port_entry
2955.632266666664	0.11000000000058208	trials	port_entry
2970.9022333333305	0.30006666666668025	trials	shock_relay
2992.072266666666	0.06999999999970896	trials	port_entry
2999.112266666667	0.11999999999898137	trials	port_entry
2999.532299999999	0.15999999999985448	trials	port_entry
2999.832299999998	0.2400000000016007	trials	port_entry
3000.1322999999975	0.06000000000130967	trials	port_entry
3000.272299999997	0.07000000000334694	trials	port_entry
3003.0122999999985	0.020000000000436557	trials	port_entry
3003.0822666666645	0.20003333333443152	trials	port_entry
3006.082299999998	0.3600000000005821	trials	port_entry
3015.3922999999995	0.5400333333309391	trials	port_entry
3021.202333333331	0.4000000000014552	trials	port_entry
3032.7922999999973	0.25	trials	port_entry
3035.672333333332	0.4099999999998545	trials	port_entry
3041.1023333333324	20.000033333333704	trials	neutral_stimulus_presentation
3041.6023333333324	1.5199666666667326	trials	port_entry
3048.3223333333335	0.36999999999898137	trials	port_entry
3058.452333333331	0.030033333336177748	trials	port_entry
3058.5223666666643	0.22000000000116415	trials	port_entry
3058.7923666666647	0.3199333333323011	trials	port_entry
3076.512366666666	0.23999999999796273	trials	port_entry
3077.682366666664	0.7900000000008731	trials	port_entry
3095.1623666666637	0.030000000002473826	trials	port_entry
3095.2423666666655	0.2400000000016007	trials	port_entry
3100.7523999999976	0.3799666666673147	trials	port_entry
3101.2323333333334	0.04006666666464298	trials	port_entry
3115.562366666665	0.20003333333443152	trials	port_entry
3131.1024333333335	0.930000000000291	trials	reward_stimulus_presentation
3131.6323999999986	7.270000000000437	trials	port_entry
3132.1024333333335	1.0	trials	reward_delivery
3144.2223999999987	0.5299999999988358	trials	port_entry
3145.232399999997	0.06999999999970896	trials	port_entry
3146.1224	0.09000000000014552	trials	port_entry
3146.5924333333314	0.06000000000130967	trials	port_entry
3147.7824333333338	0.16999999999825377	trials	port_entry
3148.1424333333307	0.040000000000873115	trials	port_entry
3156.6424333333307	0.020000000000436557	trials	port_entry
3157.182399999998	0.12003333333268529	trials	port_entry
3157.992399999999	0.17996666666658712	trials	port_entry
3159.202433333332	0.11000000000058208	trials	port_entry
3160.8423999999977	0.44003333333603223	trials	port_entry
3161.5024333333313	0.030000000002473826	trials	port_entry
3171.6524333333327	0.15999999999985448	trials	port_entry
3183.092466666665	0.3799333333336108	trials	port_entry
3183.542466666666	0.019933333333028713	trials	port_entry
3183.5824666666667	0.1099999999969441	trials	port_entry
3187.332433333333	0.23999999999796273	trials	port_entry
3188.1324333333323	0.15999999999985448	trials	port_entry
3196.452433333332	0.13003333333472256	trials	port_entry
3198.4424333333336	0.2600333333321032	trials	port_entry
3199.8924666666644	3.929966666666587	trials	port_entry
3203.872466666664	0.09003333333384944	trials	port_entry
3203.9924666666666	0.03003333333253977	trials	port_entry
3204.1124666666656	0.47999999999956344	trials	port_entry
3207.092466666665	1.2000000000007276	trials	port_entry
3208.412466666665	0.6700000000018917	trials	port_entry
3209.3624666666656	0.09996666666484089	trials	port_entry
3210.2724333333317	0.22003333333486808	trials	port_entry
3210.632466666666	1.1300000000010186	trials	port_entry
3212.0824666666667	0.12999999999738066	trials	port_entry
3212.382466666666	0.019966666666732635	trials	port_entry
3212.4223999999995	0.06006666666507954	trials	port_entry
3213.712466666664	0.2800000000024738	trials	port_entry
3215.8324666666667	0.11996666666527744	trials	port_entry
3216.5224666666654	0.5299666666651319	trials	port_entry
3217.1124666666656	0.3399666666664416	trials	port_entry
3219.092499999999	0.020000000000436557	trials	port_entry
3219.132466666666	0.06999999999970896	trials	port_entry
3219.5524666666643	1.2000333333344315	trials	port_entry
3221.102533333331	20.002400000001217	trials	shock_stimulus_presentation
3222.092499999999	0.040000000000873115	trials	port_entry
3222.6124999999993	0.029966666665131925	trials	port_entry
3240.9025	0.2999999999992724	trials	shock_relay
3241.542466666666	8.350033333332249	trials	port_entry
3250.0625	0.09999999999854481	trials	port_entry
3260.922499999997	0.3100000000013097	trials	port_entry
3270.0024999999987	0.04993333333186456	trials	port_entry
3289.352533333331	0.2000000000007276	trials	port_entry
3297.4125333333322	0.11999999999898137	trials	port_entry
3298.6625333333322	0.2599999999983993	trials	port_entry
3299.2525333333324	0.20999999999912689	trials	port_entry
3306.1025666666646	0.8700333333326853	trials	reward_stimulus_presentation
3306.5725999999995	0.48993333333419287	trials	port_entry
3307.082599999998	0.279933333335066	trials	port_entry
3307.1025666666646	1.0	trials	reward_delivery
3307.392499999998	5.200066666668135	trials	port_entry
3327.4725666666636	0.13000000000101863	trials	port_entry
3338.332599999998	0.11000000000058208	trials	port_entry
3347.752566666666	0.040000000000873115	trials	port_entry
3358.2625666666645	0.18000000000029104	trials	port_entry
3385.9125999999997	0.27999999999883585	trials	port_entry
3386.212566666665	0.10003333333224873	trials	port_entry
3387.1025999999983	5.029999999998836	trials	port_entry
3392.8625666666667	3.650066666665225	trials	port_entry
3396.102633333332	0.8300000000017462	trials	reward_stimulus_presentation
3396.5326333333323	0.5900000000001455	trials	port_entry
3397.102633333332	0.9999333333325922	trials	reward_delivery
3397.142633333333	0.27000000000043656	trials	port_entry
3397.4626333333326	5.819966666666005	trials	port_entry
3403.9025999999976	0.47000000000116415	trials	port_entry
3404.6526333333313	0.019966666666732635	trials	port_entry
3404.9926333333315	0.020000000000436557	trials	port_entry
3405.3425666666662	0.0700666666671168	trials	port_entry
3405.5226333333303	0.040000000000873115	trials	port_entry
3406.4925999999978	0.2700333333341405	trials	port_entry
3428.9626333333326	0.07999999999810825	trials	port_entry
3429.0625999999975	0.4000333333351591	trials	port_entry
3457.142633333333	0.2600333333321032	trials	port_entry
3457.4226333333318	0.2100333333328308	trials	port_entry
3457.7826333333323	0.07003333333341288	trials	port_entry
3458.152666666665	0.08003333333181217	trials	port_entry
3462.182666666664	0.09000000000014552	trials	port_entry
3477.6426666666666	0.19003333333239425	trials	port_entry
3477.9226666666655	0.29003333333457704	trials	port_entry
3479.5626999999986	1.7599333333346294	trials	port_entry
3491.1026999999995	1.4199999999982538	trials	reward_stimulus_presentation
3492.1026666666658	1.0	trials	reward_delivery
3492.122666666666	8.100033333332249	trials	port_entry
3522.242699999999	1.5499999999992724	trials	port_entry
3524.242699999999	0.23999999999796273	trials	port_entry
3524.6026999999995	0.11999999999898137	trials	port_entry
3524.832699999999	0.040000000000873115	trials	port_entry
3524.9026999999987	0.029999999998835847	trials	port_entry
3530.9627	0.3999999999978172	trials	port_entry
3533.3727	0.09999999999854481	trials	port_entry
3533.5527	0.9099666666661506	trials	port_entry
3535.6527333333324	0.16999999999825377	trials	port_entry
3535.9427333333333	0.41999999999825377	trials	port_entry
3536.382733333332	0.7000000000007276	trials	port_entry
3537.112699999998	1.8400333333338494	trials	port_entry
3539.7726999999977	9.420033333335596	trials	port_entry
3549.382733333332	0.27000000000043656	trials	port_entry
3549.922699999999	8.53003333333254	trials	port_entry
3558.542733333332	0.889966666665714	trials	port_entry
3560.132733333332	2.0499999999992724	trials	port_entry
3564.2327333333305	0.11000000000058208	trials	port_entry
3564.542733333332	3.069999999999709	trials	port_entry
3568.3727333333336	2.6300333333310846	trials	port_entry
3574.8227666666644	0.040000000000873115	trials	port_entry
3575.1127666666653	0.040000000000873115	trials	port_entry
3575.342766666665	0.040000000000873115	trials	port_entry
3575.5327666666635	2.9100000000034925	trials	port_entry
3580.3327666666664	0.6699999999982538	trials	port_entry
3581.102799999997	20.002800000002026	trials	shock_stimulus_presentation
3581.8227666666644	4.130000000001019	trials	port_entry
3586.852766666667	1.2599999999983993	trials	port_entry
3599.612799999999	1.4199999999982538	trials	port_entry
3600.9028	0.2999666666655685	trials	shock_relay
3604.0828	12.65996666666615	trials	port_entry
3616.822799999998	0.08000000000174623	trials	port_entry
3617.032799999997	0.42000000000189175	trials	port_entry
3617.8328	0.2999999999992724	trials	port_entry
3620.272766666665	0.029999999998835847	trials	port_entry
3620.3227666666644	0.040000000000873115	trials	port_entry
3620.7327666666642	0.11000000000058208	trials	port_entry
3621.0027666666647	0.11999999999898137	trials	port_entry
3621.7827666666635	0.02003333333414048	trials	port_entry
3621.9927666666663	0.11999999999898137	trials	port_entry
3622.2527666666647	0.12003333333268529	trials	port_entry
3622.5027666666647	0.110033333334286	trials	port_entry
3622.7327666666642	0.19003333333603223	trials	port_entry
3622.9827666666642	0.20003333333443152	trials	port_entry
3623.2628000000004	0.15999999999985448	trials	port_entry
3623.5027999999984	0.18000000000029104	trials	port_entry
3623.7227999999996	1.1499999999978172	trials	port_entry
3624.892799999998	0.2999999999992724	trials	port_entry
3625.5427999999993	0.13000000000101863	trials	port_entry
3625.9928	0.18999999999869033	trials	port_entry
3626.452799999999	8.209999999999127	trials	port_entry
3639.8827999999994	0.2399666666642588	trials	port_entry
3640.2527999999984	0.47999999999956344	trials	port_entry
3641.202799999999	0.13000000000101863	trials	port_entry
3641.352799999997	0.020000000000436557	trials	port_entry
3641.452799999999	4.869966666665277	trials	port_entry
3646.532833333331	0.21000000000276486	trials	port_entry
3646.8528333333306	3.8099666666676058	trials	port_entry
3650.9228000000003	0.039966666663531214	trials	port_entry
3651.0527999999977	1.1700000000018917	trials	port_entry
3652.4228000000003	1.8499999999985448	trials	port_entry
3654.322799999998	1.999966666666296	trials	port_entry
3657.8627666666653	0.06000000000130967	trials	port_entry
3658.4928333333337	1.7799999999988358	trials	port_entry
3661.1028666666643	1.3399333333327377	trials	reward_stimulus_presentation
3662.042833333333	0.3499999999985448	trials	port_entry
3662.1028333333306	1.0	trials	reward_delivery
3662.412833333332	5.799999999999272	trials	port_entry
3678.58283333333	0.08003333333545015	trials	port_entry
3700.6628666666656	0.1299666666673147	trials	port_entry
3701.7227999999996	0.4600333333328308	trials	port_entry
3703.342866666666	0.09993333333113696	trials	port_entry
3706.142866666665	0.2400000000016007	trials	port_entry
3706.422866666664	0.019966666666732635	trials	port_entry
3706.472866666667	0.029999999998835847	trials	port_entry
3707.392866666665	0.22000000000116415	trials	port_entry
3733.892866666665	0.2000000000007276	trials	port_entry
3740.1829	1.1499999999978172	trials	port_entry
3741.5628333333334	0.06006666666507954	trials	port_entry
3742.6128333333327	0.18009999999776483	trials	port_entry
3743.762899999998	0.06000000000130967	trials	port_entry
3745.922866666664	0.5399666666671692	trials	port_entry
3751.1029333333317	19.999966666666296	trials	neutral_stimulus_presentation
3751.222899999997	0.030000000002473826	trials	port_entry
3751.9329	0.049999999999272404	trials	port_entry
3756.5828999999976	0.08000000000174623	trials	port_entry
3756.762899999998	0.13999999999941792	trials	port_entry
3759.722899999997	3.210000000002765	trials	port_entry
3762.982899999999	1.0600333333313756	trials	port_entry
3767.052866666665	0.05996666666760575	trials	port_entry
3767.5328999999983	0.38000000000101863	trials	port_entry
3768.012899999998	0.17000000000189175	trials	port_entry
3814.572933333333	0.11999999999898137	trials	port_entry
3814.7729333333336	0.20999999999912689	trials	port_entry
3818.2629666666653	0.029966666665131925	trials	port_entry
3832.1528999999973	0.2700666666678444	trials	port_entry
3832.622966666666	0.5200000000004366	trials	port_entry
3839.3929666666663	0.11000000000058208	trials	port_entry
3839.622966666666	0.25	trials	port_entry
3839.922966666665	0.3499999999985448	trials	port_entry
3851.102999999999	20.00186666666559	trials	shock_stimulus_presentation
3870.9029999999984	0.2999999999992724	trials	shock_relay
3893.813033333332	0.06996666666600504	trials	port_entry
3904.992933333331	0.06010000000242144	trials	port_entry
3905.3030333333336	1.069966666666005	trials	port_entry
3914.283033333333	0.2799666666651319	trials	port_entry
3918.3030333333336	0.01999999999679858	trials	port_entry
3920.9329999999973	0.10000000000218279	trials	port_entry
3928.2430333333323	0.2599999999983993	trials	port_entry
3928.653033333332	0.110033333334286	trials	port_entry
3941.1030666666666	20.0	trials	neutral_stimulus_presentation
3946.313033333332	0.06000000000130967	trials	port_entry
3946.3930333333337	0.37999999999738066	trials	port_entry
4031.1031333333303	2.3299666666680423	trials	reward_stimulus_presentation
4032.1030666666666	1.000033333333704	trials	reward_delivery
4033.033099999997	5.180033333333995	trials	port_entry
4121.103199999998	1.7399666666678968	trials	reward_stimulus_presentation
4122.103166666664	1.0	trials	reward_delivery
4122.443166666664	0.06000000000130967	trials	port_entry
4122.603166666664	6.380033333334723	trials	port_entry
4148.963199999998	0.019966666666732635	trials	port_entry
4149.153199999997	2.140000000003056	trials	port_entry
4180.2332333333325	0.32999999999810825	trials	port_entry
4180.803233333332	0.09999999999854481	trials	port_entry
4181.623233333332	1.2799999999988358	trials	port_entry
4183.033199999998	0.07003333333341288	trials	port_entry
4183.493199999997	1.9000333333351591	trials	port_entry
4185.963233333332	0.040000000000873115	trials	port_entry
4189.203233333334	0.12999999999738066	trials	port_entry
4189.453266666664	0.19993333333331975	trials	port_entry
4206.103299999999	5.109933333333174	trials	reward_stimulus_presentation
4207.103266666665	1.0	trials	reward_delivery
4210.813233333331	5.740000000001601	trials	port_entry
4280.883333333331	0.4000000000014552	trials	port_entry
4281.353299999999	0.10003333333224873	trials	port_entry
4281.883333333331	1.7299999999995634	trials	port_entry
4290.2533	0.06999999999970896	trials	port_entry
4290.403266666664	0.10003333333588671	trials	port_entry
4293.193299999999	0.13000000000101863	trials	port_entry
4293.503233333333	0.03003333333253977	trials	port_entry
4296.103333333333	20.002599999999802	trials	shock_stimulus_presentation
4315.903333333332	0.2999999999992724	trials	shock_relay
4317.323333333334	0.41999999999825377	trials	port_entry
4319.063333333332	0.15996666666615056	trials	port_entry
4319.273299999997	1.970033333334868	trials	port_entry
4335.963333333333	0.12999999999738066	trials	port_entry
4360.553399999997	0.08000000000174623	trials	port_entry
4360.823366666664	0.12003333333632327	trials	port_entry
4361.16333333333	0.12006666667002719	trials	port_entry
4361.303366666667	0.04003333333093906	trials	port_entry
4361.5033	0.17006666666566161	trials	port_entry
4361.803366666667	0.1999666666633857	trials	port_entry
4362.083366666666	0.029999999998835847	trials	port_entry
4362.133366666665	0.13000000000101863	trials	port_entry
4362.413366666664	0.1900000000023283	trials	port_entry
4362.643366666667	0.33999999999650754	trials	port_entry
4363.0233666666645	0.2399666666678968	trials	port_entry
4363.323366666664	0.22003333333486808	trials	port_entry
4363.563333333332	0.12003333333268529	trials	port_entry
4364.023433333332	0.18000000000029104	trials	port_entry
4367.2733666666645	0.06000000000130967	trials	port_entry
4367.543366666665	0.09000000000014552	trials	port_entry
4367.843366666664	0.09000000000014552	trials	port_entry
4368.143333333333	0.11003333333064802	trials	port_entry
4368.473366666665	0.08000000000174623	trials	port_entry
4368.713366666667	0.18000000000029104	trials	port_entry
4368.983366666664	1.5599666666676058	trials	port_entry
4370.613366666665	0.13000000000101863	trials	port_entry
4371.063399999999	0.19996666666702367	trials	port_entry
4390.2033999999985	0.22999999999956344	trials	port_entry
4390.453366666665	0.9799999999995634	trials	port_entry
4391.103433333334	1.3699333333315735	trials	reward_stimulus_presentation
4392.0733999999975	6.6599999999998545	trials	port_entry
4392.1034	0.9999666666662961	trials	reward_delivery
4403.273399999998	0.17996666666658712	trials	port_entry
4420.453366666665	0.5000333333337039	trials	port_entry
4420.973399999999	0.03003333333253977	trials	port_entry
4421.713399999997	0.06996666666964302	trials	port_entry
4426.0134333333335	0.3899999999994179	trials	port_entry
4426.423433333333	0.019933333333028713	trials	port_entry
4436.813399999999	0.050033333332976326	trials	port_entry
4436.9234	0.3400666666639154	trials	port_entry
4447.273433333332	0.11000000000058208	trials	port_entry
4478.773433333332	0.050033333332976326	trials	port_entry
4481.103466666664	1.3500000000021828	trials	reward_stimulus_presentation
4482.053499999998	7.0900000000001455	trials	port_entry
4482.103466666664	1.0	trials	reward_delivery
4494.713466666664	0.47999999999956344	trials	port_entry
4537.883533333334	0.3599999999969441	trials	port_entry
4549.173533333331	0.2400000000016007	trials	port_entry
4549.433533333333	0.24996666666629608	trials	port_entry
4561.103533333331	1.0499999999992724	trials	reward_stimulus_presentation
4561.753533333333	7.289966666667169	trials	port_entry
4562.103533333331	1.0	trials	reward_delivery
4585.383533333334	0.08003333333181217	trials	port_entry
4587.213566666665	0.07999999999810825	trials	port_entry
4625.0936	0.12999999999738066	trials	port_entry
4625.243599999998	0.5900000000001455	trials	port_entry
4645.123633333333	0.040000000000873115	trials	port_entry
4651.103633333332	5.429966666666587	trials	reward_stimulus_presentation
4652.103599999999	1.0	trials	reward_delivery
4656.133599999997	5.640033333333122	trials	port_entry
4751.103733333333	20.002300000000105	trials	shock_stimulus_presentation
4758.653699999999	1.2599999999983993	trials	port_entry
4770.903699999999	0.2999999999992724	trials	shock_relay
4784.703733333332	0.11000000000058208	trials	port_entry
4789.333699999999	0.06999999999970896	trials	port_entry
4801.6237	0.27999999999883585	trials	port_entry
4817.9337333333315	0.3100000000013097	trials	port_entry
4818.323733333331	0.040000000000873115	trials	port_entry
4841.103766666667	0.8999666666641133	trials	reward_stimulus_presentation
4841.603733333333	6.820066666663479	trials	port_entry
4842.103733333333	1.0	trials	reward_delivery
4858.453766666666	0.07996666666804231	trials	port_entry
4858.933766666665	0.1500000000014552	trials	port_entry
4862.1137666666655	0.09999999999854481	trials	port_entry
4863.483766666664	0.2600333333357412	trials	port_entry
4864.383733333332	0.029999999998835847	trials	port_entry
4864.46373333333	0.10000000000218279	trials	port_entry
4865.293766666666	0.8100000000013097	trials	port_entry
4866.293766666666	0.18999999999869033	trials	port_entry
4866.5637333333325	0.2200333333312301	trials	port_entry
4866.893766666664	0.06000000000130967	trials	port_entry
4867.003766666665	0.049999999999272404	trials	port_entry
4867.093799999999	0.029966666665131925	trials	port_entry
4874.533766666664	0.46000000000276486	trials	port_entry
4875.283766666664	0.12000000000261934	trials	port_entry
4875.513766666667	0.039999999997235136	trials	port_entry
4875.693766666664	1.3300000000017462	trials	port_entry
4877.0637333333325	0.20003333333443152	trials	port_entry
4877.343766666665	0.14996666666775127	trials	port_entry
4877.8838	0.039999999997235136	trials	port_entry
4881.023799999999	0.41999999999825377	trials	port_entry
4883.0638	0.1099999999969441	trials	port_entry
4883.303799999998	0.15999999999985448	trials	port_entry
4883.553799999998	0.18000000000029104	trials	port_entry
4883.793833333333	0.18989999999757856	trials	port_entry
4884.003799999999	1.470033333334868	trials	port_entry
4885.613799999999	0.029999999998835847	trials	port_entry
4885.703799999999	1.3800000000010186	trials	port_entry
4887.1338	2.4399999999986903	trials	port_entry
4899.7438	0.09999999999854481	trials	port_entry
4899.953799999999	0.2999999999992724	trials	port_entry
4900.353799999997	0.12003333333632327	trials	port_entry
4918.603833333331	0.22999999999956344	trials	port_entry
4919.273833333333	0.09999999999854481	trials	port_entry
4919.523833333333	0.3899999999994179	trials	port_entry
4920.9038	0.06999999999970896	trials	port_entry
4921.223733333332	0.17006666666566161	trials	port_entry
4921.4738	5.830033333331812	trials	port_entry
4927.873799999998	3.430033333333995	trials	port_entry
4931.103833333331	20.0	trials	neutral_stimulus_presentation
4931.443833333331	1.3800000000010186	trials	port_entry
4933.4738333333335	0.4299333333328832	trials	port_entry
4935.393799999998	0.06000000000130967	trials	port_entry
4935.763766666667	0.14003333333312185	trials	port_entry
4939.643866666665	0.18000000000029104	trials	port_entry
4948.483866666666	0.9099333333324466	trials	port_entry
4950.533833333331	0.030000000002473826	trials	port_entry
4952.383866666667	0.41996666666454985	trials	port_entry
4956.933866666666	1.1599666666661506	trials	port_entry
4960.003833333332	2.3299999999981083	trials	port_entry
4963.123833333331	0.029966666668769903	trials	port_entry
4963.173833333331	0.020000000000436557	trials	port_entry
4963.313833333334	4.19999999999709	trials	port_entry
4967.883866666667	1.8699999999989814	trials	port_entry
4969.773866666666	0.049999999999272404	trials	port_entry
4970.453866666667	0.4699999999975262	trials	port_entry
4987.963866666665	0.1700333333319577	trials	port_entry
4988.1839	0.45996666666542296	trials	port_entry
4993.443866666665	0.7600000000020373	trials	port_entry
4997.373866666665	4.440033333332394	trials	port_entry
5001.833899999998	0.05996666666760575	trials	port_entry
5001.943833333331	0.060033333335013594	trials	port_entry
5002.043899999997	0.04996666666920646	trials	port_entry
5002.24383333333	3.820033333333413	trials	port_entry
5010.123899999999	0.040000000000873115	trials	port_entry
5010.393899999999	0.050033333332976326	trials	port_entry
5010.713866666665	0.12003333333268529	trials	port_entry
5011.0338999999985	0.1600333333335584	trials	port_entry
5011.363866666667	0.2200333333312301	trials	port_entry
5011.7039	0.04996666666556848	trials	port_entry
5014.6839	0.020000000000436557	trials	port_entry
5014.9139	0.2999999999992724	trials	port_entry
5015.233899999999	0.18000000000029104	trials	port_entry
5015.573899999999	0.21999999999752617	trials	port_entry
5015.813899999997	1.2900000000008731	trials	port_entry
5021.103933333332	20.00233333333381	trials	shock_stimulus_presentation
5040.9038999999975	0.3000333333329763	trials	shock_relay
5051.393933333333	0.2599999999983993	trials	port_entry
5057.153933333331	0.06000000000130967	trials	port_entry
5057.443933333332	0.11999999999898137	trials	port_entry
5057.5839333333315	0.08000000000174623	trials	port_entry
5057.683933333334	0.30996666666396777	trials	port_entry
5058.323933333333	0.2599999999983993	trials	port_entry
5063.653933333331	0.13000000000101863	trials	port_entry
5063.933866666666	1.830066666665516	trials	port_entry
5073.363966666664	0.12000000000261934	trials	port_entry
5075.143933333333	0.020000000000436557	trials	port_entry
5075.483966666667	0.8799666666636767	trials	port_entry
5081.033933333332	0.2900000000008731	trials	port_entry
5081.423933333332	0.029966666668769903	trials	port_entry
5081.77393333333	0.07000000000334694	trials	port_entry
5081.9539333333305	9.390000000003056	trials	port_entry
5106.103966666666	0.7299999999995634	trials	reward_stimulus_presentation
5106.433966666664	0.07000000000334694	trials	port_entry
5106.583966666665	6.369999999998981	trials	port_entry
5107.103966666666	0.9999666666662961	trials	reward_delivery
5121.853966666666	0.06000000000130967	trials	port_entry
5121.973966666665	0.020000000000436557	trials	port_entry
5122.813966666665	0.11999999999898137	trials	port_entry
5123.603933333332	0.19003333333239425	trials	port_entry
5124.073933333333	5.03003333333254	trials	port_entry
5132.1939999999995	0.25996666666469537	trials	port_entry
5133.543966666664	0.030000000002473826	trials	port_entry
5141.643933333333	0.28003333333253977	trials	port_entry
5141.973966666665	0.030000000002473826	trials	port_entry
5142.743999999999	0.110033333334286	trials	port_entry
5144.374	0.07999999999810825	trials	port_entry
5145.103999999999	0.20999999999912689	trials	port_entry
5145.4339999999975	3.139999999999418	trials	port_entry
5148.763999999999	0.059999999997671694	trials	port_entry
5148.9339999999975	0.4400000000023283	trials	port_entry
5149.423966666665	5.180033333333995	trials	port_entry
5154.703999999998	0.1600333333335584	trials	port_entry
5154.963966666666	0.18003333333399496	trials	port_entry
5157.544033333332	0.03003333333253977	trials	port_entry
5157.674033333333	0.1700333333319577	trials	port_entry
5157.9339999999975	0.22999999999956344	trials	port_entry
5158.203966666664	4.83003333333545	trials	port_entry
5163.153966666665	0.110033333334286	trials	port_entry
5163.383999999998	0.23003333333326736	trials	port_entry
5163.763999999999	4.319999999999709	trials	port_entry
5168.124	0.049999999999272404	trials	port_entry
5190.3640333333315	0.19003333333239425	trials	port_entry
5190.714033333334	0.049999999999272404	trials	port_entry
5192.574033333331	0.1500000000014552	trials	port_entry
5192.824033333331	0.26000000000203727	trials	port_entry
5193.1240333333335	3.1299999999973807	trials	port_entry
5196.104066666667	20.0	trials	neutral_stimulus_presentation
5196.293999999998	0.28003333333253977	trials	port_entry
5196.674033333333	0.1299666666673147	trials	port_entry
5196.8740333333335	0.7999999999992724	trials	port_entry
5206.464066666664	0.2199333333337563	trials	port_entry
5207.194066666667	0.25	trials	port_entry
5242.3141	0.41999999999825377	trials	port_entry
5243.124099999997	0.04990000000179862	trials	port_entry
5247.184066666665	0.06999999999970896	trials	port_entry
5249.954099999999	0.27000000000043656	trials	port_entry
5251.214099999997	2.489966666667897	trials	port_entry
5278.614133333333	0.5199666666667326	trials	port_entry
5282.164133333332	0.11999999999898137	trials	port_entry
5283.284099999997	0.02003333333414048	trials	port_entry
5285.804099999998	0.12000000000261934	trials	port_entry
5291.1041333333305	20.0	trials	neutral_stimulus_presentation
5291.204099999999	0.06000000000130967	trials	port_entry
5291.844133333332	0.13989999999830616	trials	port_entry
5292.044133333333	0.22999999999956344	trials	port_entry
5292.434133333332	0.029933333331428003	trials	port_entry
5292.484066666664	0.540066666668281	trials	port_entry
5311.624099999997	0.08003333333545015	trials	port_entry
5312.124133333331	0.040000000000873115	trials	port_entry
5332.884133333333	0.2600333333321032	trials	port_entry
5336.714133333331	0.12000000000261934	trials	port_entry
5381.104233333332	1.3599333333331742	trials	reward_stimulus_presentation
5382.064166666667	5.959999999999127	trials	port_entry
5382.104199999998	0.9999666666662961	trials	reward_delivery
5439.154233333331	0.03996666666716919	trials	port_entry
5440.594233333333	0.1499999999978172	trials	port_entry
5440.7942	7.600066666665953	trials	port_entry
5448.804266666666	1.139966666665714	trials	port_entry
5461.104266666665	20.002000000000407	trials	shock_stimulus_presentation
5480.3242666666665	0.37996666666367673	trials	port_entry
5480.734333333334	0.32996666666440433	trials	port_entry
5480.904233333331	0.2999999999992724	trials	shock_relay
5483.944233333332	1.040033333334577	trials	port_entry
5486.394266666666	0.049999999999272404	trials	port_entry
5486.464266666666	0.059999999997671694	trials	port_entry
5486.544266666664	2.1599999999998545	trials	port_entry
5489.144266666666	2.9799999999995634	trials	port_entry
5492.254266666667	2.649999999997817	trials	port_entry
5495.634299999998	3.680000000000291	trials	port_entry
5499.774299999997	2.7700000000004366	trials	port_entry
5502.834299999999	0.4000000000014552	trials	port_entry
5503.684233333333	4.370066666666389	trials	port_entry
5508.484266666666	5.900033333331521	trials	port_entry
5515.094299999997	1.0200000000004366	trials	port_entry
5516.3943	0.1099999999969441	trials	port_entry
5519.6443	0.27999999999883585	trials	port_entry
5521.974299999998	0.4500000000007276	trials	port_entry
5529.724299999998	0.47000000000116415	trials	port_entry
5540.534299999999	0.11999999999898137	trials	port_entry
5542.354333333333	0.040000000000873115	trials	port_entry
5542.57433333333	0.3100000000013097	trials	port_entry
5542.964333333333	2.569933333332301	trials	port_entry
5546.584299999999	0.020000000000436557	trials	port_entry
5546.674266666665	2.760033333332103	trials	port_entry
5549.484266666666	2.0	trials	port_entry
5551.104333333333	0.9500000000007276	trials	reward_stimulus_presentation
5551.654333333332	6.929966666666587	trials	port_entry
5552.104299999999	1.0	trials	reward_delivery
5598.174366666666	0.1499999999978172	trials	port_entry
5610.984333333334	1.250033333330066	trials	port_entry
5616.614366666665	0.17000000000189175	trials	port_entry
5616.834366666666	0.16999999999825377	trials	port_entry
5617.314366666666	0.07999999999810825	trials	port_entry
5617.414366666664	0.06999999999970896	trials	port_entry
5617.504333333331	0.14003333333312185	trials	port_entry
5618.784366666667	0.18000000000029104	trials	port_entry
5619.034366666667	0.4699999999975262	trials	port_entry
5637.344399999998	0.019933333333028713	trials	port_entry
5637.404399999999	0.029999999998835847	trials	port_entry
5637.844399999998	0.029999999998835847	trials	port_entry
5651.1044	20.0	trials	neutral_stimulus_presentation
5657.974366666665	0.07999999999810825	trials	port_entry
5704.694466666664	0.3500000000021828	trials	port_entry
5730.3845	0.039999999997235136	trials	port_entry
5733.394466666665	0.110033333334286	trials	port_entry
5737.3344666666635	0.040000000000873115	trials	port_entry
5737.854466666664	0.020000000000436557	trials	port_entry
5741.104499999998	20.0	trials	neutral_stimulus_presentation
5741.424466666664	1.2600000000020373	trials	port_entry
5746.554466666665	0.04003333333457704	trials	port_entry
5750.444499999998	0.09000000000014552	trials	port_entry
5754.024433333332	0.05006666666668025	trials	port_entry
5754.2245	0.23999999999796273	trials	port_entry
5762.494499999997	0.09000000000014552	trials	port_entry
5762.754499999999	0.19993333333331975	trials	port_entry
5812.244533333331	0.11000000000058208	trials	port_entry
5812.514533333331	0.15999999999985448	trials	port_entry
5813.344499999999	0.04003333333093906	trials	port_entry
5813.734499999999	0.2799666666651319	trials	port_entry
5814.0645	1.7300333333332674	trials	port_entry
5830.984533333332	0.09003333333384944	trials	port_entry
5831.104566666665	20.00243333333492	trials	shock_stimulus_presentation
5844.634566666664	0.9900000000016007	trials	port_entry
5850.904566666664	0.2999999999992724	trials	shock_relay
5860.324566666666	0.07999999999810825	trials	port_entry
5860.584566666665	0.8400000000001455	trials	port_entry
5867.194566666665	0.30996666666760575	trials	port_entry
5869.934566666667	0.06999999999970896	trials	port_entry
5872.384566666664	0.22000000000116415	trials	port_entry
5901.6646	0.1499999999978172	trials	port_entry
5921.104666666666	19.999933333332592	trials	neutral_stimulus_presentation
5921.654599999998	0.19003333333239425	trials	port_entry
5921.974633333331	0.29993333333550254	trials	port_entry
5928.584633333332	0.08000000000174623	trials	port_entry
5958.694633333333	0.10003333333224873	trials	port_entry
5974.204633333331	0.21000000000276486	trials	port_entry
6006.104666666666	1.3300333333318122	trials	reward_stimulus_presentation
6007.034633333333	0.0800666666655161	trials	port_entry
6007.104666666666	0.9999666666662961	trials	reward_delivery
6007.2346333333335	0.3000333333329763	trials	port_entry
6007.554666666667	5.78003333333254	trials	port_entry
6022.664666666664	0.06000000000130967	trials	port_entry
6022.774666666664	0.06000000000130967	trials	port_entry
6025.294699999999	0.13999999999941792	trials	port_entry
6026.954699999998	0.049999999999272404	trials	port_entry
6028.8747	0.049999999999272404	trials	port_entry
6028.974699999999	0.41999999999825377	trials	port_entry
6036.364699999998	0.08003333333545015	trials	port_entry
6036.7847	0.15999999999985448	trials	port_entry
6037.074699999997	0.09996666666847887	trials	port_entry
6037.224699999999	0.26996666666673264	trials	port_entry
6042.724733333333	0.36999999999898137	trials	port_entry
6046.6047	1.9600333333328308	trials	port_entry
6048.654733333333	0.09000000000014552	trials	port_entry
6049.074699999997	0.7600000000020373	trials	port_entry
6050.1247	0.01999999999679858	trials	port_entry
6051.894699999997	0.07000000000334694	trials	port_entry
6081.454733333332	0.22000000000116415	trials	port_entry
6081.694733333334	0.17996666666658712	trials	port_entry
6096.104766666664	20.002366666667513	trials	shock_stimulus_presentation
6109.0247666666655	1.0499999999992724	trials	port_entry
6115.904733333333	0.3000333333329763	trials	shock_relay
6172.144799999998	0.06996666666600504	trials	port_entry
6172.2448	0.04996666666556848	trials	port_entry
6191.104866666665	15.369966666668915	trials	reward_stimulus_presentation
6192.104833333331	1.0	trials	reward_delivery
6206.074833333332	6.540000000000873	trials	port_entry
6244.104866666665	0.3400000000001455	trials	port_entry
6259.224933333331	0.03993333333346527	trials	port_entry
6259.334866666664	0.13006666666842648	trials	port_entry
6262.0949	0.16999999999825377	trials	port_entry
6263.014899999998	0.08000000000174623	trials	port_entry
6263.494899999998	0.020000000000436557	trials	port_entry
6264.454899999997	0.020000000000436557	trials	port_entry
6281.104833333331	20.000066666667408	trials	neutral_stimulus_presentation
6361.104966666666	1.5500333333329763	trials	reward_stimulus_presentation
6362.105	0.9999333333325922	trials	reward_delivery
6362.254999999997	7.339966666666442	trials	port_entry
6402.884933333331	0.12003333333268529	trials	port_entry
6403.054933333333	0.029999999998835847	trials	port_entry
6403.274999999998	0.26000000000203727	trials	port_entry
6451.105066666667	0.889966666665714	trials	reward_stimulus_presentation
6451.595033333331	0.13999999999941792	trials	port_entry
6451.80503333333	7.370033333336323	trials	port_entry
6452.105033333333	1.0	trials	reward_delivery
6462.574966666667	0.12006666666638921	trials	port_entry
6482.5850666666665	0.19999999999708962	trials	port_entry
6485.855066666667	0.23999999999796273	trials	port_entry
6487.875066666664	0.23000000000320142	trials	port_entry
6506.595066666665	0.27999999999883585	trials	port_entry
6510.195099999997	0.019966666666732635	trials	port_entry
6522.035066666664	0.17000000000189175	trials	port_entry
6551.105133333331	20.002133333335223	trials	shock_stimulus_presentation
6561.615099999999	1.0900000000001455	trials	port_entry
6570.905133333334	0.2999999999992724	trials	shock_relay
6590.3351	0.31999999999970896	trials	port_entry
6617.365133333333	6.5499666666655685	trials	port_entry
6641.105199999998	20.0	trials	neutral_stimulus_presentation
6641.385166666667	0.889966666665714	trials	port_entry
6693.875199999999	0.4500000000007276	trials	port_entry
6731.105299999999	1.0199333333330287	trials	reward_stimulus_presentation
6731.725233333331	0.17000000000189175	trials	port_entry
6732.105233333332	1.0	trials	reward_delivery
6732.155199999997	7.210033333332831	trials	port_entry
6757.785233333332	0.06999999999970896	trials	port_entry
6763.765266666665	0.06999999999970896	trials	port_entry
6767.945266666666	6.040000000000873	trials	port_entry
6797.925299999999	0.11000000000058208	trials	port_entry
6798.0553	0.13999999999941792	trials	port_entry
6798.705299999998	0.4599999999991269	trials	port_entry
6799.505299999997	0.2000000000007276	trials	port_entry
6799.7353	3.250033333330066	trials	port_entry
6805.995333333332	1.7799999999988358	trials	port_entry
6815.055333333334	0.23999999999796273	trials	port_entry
6821.105366666667	1.1199666666652774	trials	reward_stimulus_presentation
6821.8253333333305	7.369966666668915	trials	port_entry
6822.105333333333	1.0	trials	reward_delivery
6842.055333333334	0.15999999999985448	trials	port_entry
6842.3353333333325	0.819999999999709	trials	port_entry
6845.835299999999	0.040000000000873115	trials	port_entry
6850.165299999997	0.05000000000291038	trials	port_entry
6858.445333333333	0.020000000000436557	trials	port_entry
6865.895366666664	0.18000000000029104	trials	port_entry
6880.985366666664	1.2400333333353046	trials	port_entry
6893.495333333332	0.2399666666678968	trials	port_entry
6900.415399999998	0.10996666666687815	trials	port_entry
6900.545399999999	1.1599999999998545	trials	port_entry
6901.755399999998	0.040000000000873115	trials	port_entry
6906.10543333333	20.002533333336032	trials	shock_stimulus_presentation
6925.9054	0.2999999999992724	trials	shock_relay
6928.0854	0.28999999999723514	trials	port_entry
6932.475399999999	0.36999999999898137	trials	port_entry
6938.7354333333315	0.36999999999898137	trials	port_entry
6946.205433333333	0.4399999999986903	trials	port_entry
6951.185433333332	0.029999999998835847	trials	port_entry
6951.325433333332	0.11999999999898137	trials	port_entry
6966.645433333331	13.810033333335014	trials	port_entry
6980.965466666665	0.7299999999995634	trials	port_entry
6981.765466666664	0.4500000000007276	trials	port_entry
6982.285466666664	0.20999999999912689	trials	port_entry
6982.515466666664	0.020000000000436557	trials	port_entry
6982.675466666664	0.23000000000320142	trials	port_entry
6983.0454666666665	0.18999999999869033	trials	port_entry
6983.305466666665	0.13993333333201008	trials	port_entry
6983.465466666665	0.029966666668769903	trials	port_entry
6983.615466666666	0.040000000000873115	trials	port_entry
6985.125466666665	0.030000000002473826	trials	port_entry
6985.475466666667	0.06999999999970896	trials	port_entry
6985.815466666667	0.09996666666484089	trials	port_entry
6985.945433333331	0.07003333333341288	trials	port_entry
6986.035433333331	0.02003333333414048	trials	port_entry
6986.075433333332	0.08000000000174623	trials	port_entry
6986.325466666665	0.09999999999854481	trials	port_entry
6986.445399999997	0.050033333336614305	trials	port_entry
6986.655433333333	0.0899666666664416	trials	port_entry
6986.955433333333	0.06999999999970896	trials	port_entry
6987.045433333333	0.059999999997671694	trials	port_entry
6987.295433333333	0.09000000000014552	trials	port_entry
6987.625433333331	0.07003333333341288	trials	port_entry
6987.885466666667	0.0899666666664416	trials	port_entry
6988.005433333332	0.049999999999272404	trials	port_entry
6988.3654333333325	0.03003333333253977	trials	port_entry
6988.695433333331	0.030000000002473826	trials	port_entry
6988.9854333333315	0.020000000000436557	trials	port_entry
6989.285433333331	0.03996666666716919	trials	port_entry
6990.725466666667	0.039999999997235136	trials	port_entry
6990.815466666667	0.049999999999272404	trials	port_entry
6991.115466666666	0.06999999999970896	trials	port_entry
6991.475433333333	0.049999999999272404	trials	port_entry
6991.7454333333335	0.09000000000014552	trials	port_entry
6991.875399999997	0.02003333333414048	trials	port_entry
6992.125399999997	0.08003333333545015	trials	port_entry
6992.4854333333315	0.09000000000014552	trials	port_entry
6992.625399999997	0.020000000000436557	trials	port_entry
6992.845466666666	0.06993333333230112	trials	port_entry
6996.105499999998	0.7399666666678968	trials	reward_stimulus_presentation
6996.445466666664	0.08000000000174623	trials	port_entry
6996.555466666665	7.799999999999272	trials	port_entry
6997.105466666664	1.0	trials	reward_delivery
7005.435466666666	0.38000000000101863	trials	port_entry
7005.955466666666	0.6399999999994179	trials	port_entry
7007.675433333334	0.060033333331375616	trials	port_entry
7012.155499999997	0.05000000000291038	trials	port_entry
7017.825499999999	0.040000000000873115	trials	port_entry
7018.215499999998	0.02993333333506598	trials	port_entry
7018.265499999998	0.09000000000014552	trials	port_entry
7032.575466666665	0.1700333333319577	trials	port_entry
7032.895466666665	0.15999999999985448	trials	port_entry
7038.815433333333	0.07996666666440433	trials	port_entry
7050.715499999998	0.959966666665423	trials	port_entry
7051.845499999999	0.4399999999986903	trials	port_entry
7054.905533333331	0.06999999999970896	trials	port_entry
7065.145499999999	0.06999999999970896	trials	port_entry
7065.2755	0.0200333333305025	trials	port_entry
7065.6155	0.039999999997235136	trials	port_entry
7066.4755000000005	0.4600333333328308	trials	port_entry
7091.105533333332	1.0800000000017462	trials	reward_stimulus_presentation
7091.785533333332	7.710033333332831	trials	port_entry
7092.105533333332	0.9999666666662961	trials	reward_delivery
7132.965566666666	0.40003333333152113	trials	port_entry
7133.865599999997	0.0899666666664416	trials	port_entry
7141.085566666665	0.15999999999985448	trials	port_entry
7141.485566666666	0.23003333333326736	trials	port_entry
7141.875566666666	0.050033333332976326	trials	port_entry
7142.125566666666	0.09999999999854481	trials	port_entry
7142.285533333332	1.290066666668281	trials	port_entry
7143.775599999997	0.28993333333346527	trials	port_entry
7144.2155999999995	2.8299999999981083	trials	port_entry
7147.095599999997	0.030000000002473826	trials	port_entry
7151.595599999997	2.100000000002183	trials	port_entry
7153.975566666664	0.11000000000058208	trials	port_entry
7154.195599999999	1.3500333333322487	trials	port_entry
7155.585566666665	0.7100333333328308	trials	port_entry
7158.2556	0.28999999999723514	trials	port_entry
7159.785599999999	3.2999999999992724	trials	port_entry
7165.015599999999	0.09999999999854481	trials	port_entry
7165.2556	0.2399666666642588	trials	port_entry
7167.8956	0.020000000000436557	trials	port_entry
7181.105633333333	20.002599999999802	trials	shock_stimulus_presentation
7182.995599999998	0.5100000000020373	trials	port_entry
7184.495633333332	0.09999999999854481	trials	port_entry
7200.905599999998	0.3000333333329763	trials	shock_relay
7215.995633333332	3.4900000000016007	trials	port_entry
7219.535599999999	0.029999999998835847	trials	port_entry
7230.6356333333315	30.05006666666668	trials	port_entry
7260.9956999999995	0.6099666666668782	trials	port_entry
7261.1057	0.28999999999723514	trials	reward_stimulus_presentation
7261.635666666665	6.5	trials	port_entry
7262.105666666666	1.0	trials	reward_delivery
7314.315733333333	0.23999999999796273	trials	port_entry
7314.655733333333	1.2299333333321556	trials	port_entry
7328.715699999997	0.020000000000436557	trials	port_entry
7334.055733333331	0.0699333333359391	trials	port_entry
7342.395733333331	0.020000000000436557	trials	port_entry
7351.105766666664	20.0	trials	neutral_stimulus_presentation
7362.525733333332	0.4899666666678968	trials	port_entry
7363.365766666666	0.639966666665714	trials	port_entry
7370.215733333331	2.0600333333350136	trials	port_entry
7372.305766666665	0.06000000000130967	trials	port_entry
7376.175799999997	3.429933333336521	trials	port_entry
7382.5457333333325	0.970066666664934	trials	port_entry
7386.705766666666	0.1499999999978172	trials	port_entry
7386.875766666664	1.0700333333334129	trials	port_entry
7393.555799999998	0.020000000000436557	trials	port_entry
7393.7258	0.01999999999679858	trials	port_entry
7411.765799999997	0.26000000000203727	trials	port_entry
7419.165799999999	0.09000000000014552	trials	port_entry
7448.565766666667	0.04003333333093906	trials	port_entry
7451.105833333331	0.7900000000008731	trials	reward_stimulus_presentation
7451.495833333331	0.06000000000130967	trials	port_entry
7451.6057999999975	7.400000000001455	trials	port_entry
7452.105833333331	1.0	trials	reward_delivery
7486.045833333334	0.09999999999854481	trials	port_entry
7500.945866666665	0.4000000000014552	trials	port_entry
7509.605866666665	0.2000000000007276	trials	port_entry
7522.3259	0.0899666666664416	trials	port_entry
7522.4658666666655	0.8700333333326853	trials	port_entry
7527.175866666665	0.09000000000014552	trials	port_entry
7541.105933333332	0.44989999999961583	trials	reward_stimulus_presentation
7541.155899999998	0.06000000000130967	trials	port_entry
7541.315899999998	7.600000000002183	trials	port_entry
7542.105899999999	0.9999333333325922	trials	reward_delivery
7555.75593333333	0.10000000000218279	trials	port_entry
7628.615933333331	0.08003333333545015	trials	port_entry
7628.785966666666	0.32999999999810825	trials	port_entry
7629.415966666664	0.6000000000021828	trials	port_entry
7631.106	20.0	trials	neutral_stimulus_presentation
7635.606	0.31996666666600504	trials	port_entry
7650.925966666666	1.7399999999979627	trials	port_entry
7652.715966666667	0.20003333333079354	trials	port_entry
7652.985966666667	0.12999999999738066	trials	port_entry
7653.175966666666	4.81000000000131	trials	port_entry
7690.116033333332	0.8699666666652774	trials	port_entry
7692.576033333331	0.020000000000436557	trials	port_entry
7697.655999999999	0.11996666666527744	trials	port_entry
7705.746033333333	0.07999999999810825	trials	port_entry
7718.696033333334	1.0399999999972351	trials	port_entry
7719.755999999998	0.08003333333545015	trials	port_entry
7721.1060333333335	20.002699999997276	trials	shock_stimulus_presentation
7721.886033333332	0.13000000000101863	trials	port_entry
7740.906033333329	0.3000333333329763	trials	shock_relay
7741.94603333333	0.37000000000261934	trials	port_entry
7742.9961	0.1499666666641133	trials	port_entry
7764.056033333331	0.15006666666886304	trials	port_entry
7773.8161	2.749966666662658	trials	port_entry
7778.336066666667	0.41999999999825377	trials	port_entry
7806.106133333331	1.1099666666705161	trials	reward_stimulus_presentation
7806.8161	6.830000000001746	trials	port_entry
7807.106100000001	1.0	trials	reward_delivery
7827.606100000001	0.09999999999854481	trials	port_entry
7827.726133333334	0.1500000000014552	trials	port_entry
7854.9561333333295	0.5800000000017462	trials	port_entry
7896.106233333328	20.002300000000105	trials	shock_stimulus_presentation
7915.906200000001	0.2999666666655685	trials	shock_relay
7922.556199999995	0.14000000000669388	trials	port_entry
7941.216233333329	0.5	trials	port_entry
7948.046166666663	0.18003333333763294	trials	port_entry
7955.336233333332	1.7900000000008731	trials	port_entry
7986.3662333333305	0.040000000000873115	trials	port_entry
7986.456233333334	0.43999999999505235	trials	port_entry
7991.106266666666	0.9499666666670237	trials	reward_stimulus_presentation
7991.656266666669	6.889999999999418	trials	port_entry
7992.106233333328	1.000033333337342	trials	reward_delivery
8066.666300000001	0.12006666666275123	trials	port_entry
8081.106333333333	20.000033333330066	trials	neutral_stimulus_presentation
8081.886333333332	0.04996666666556848	trials	port_entry
8082.066333333332	1.8999333333340473	trials	port_entry
8086.2363000000005	0.2200333333312301	trials	port_entry
8091.656333333329	0.1300000000046566	trials	port_entry
8096.856333333333	1.1500333333315211	trials	port_entry
8098.206366666662	0.020000000004074536	trials	port_entry
8102.19633333333	0.08000000000174623	trials	port_entry
8137.546366666666	0.050033333332976326	trials	port_entry
8139.366366666665	0.42003333333559567	trials	port_entry
8148.916366666668	0.27999999999883585	trials	port_entry
8149.606333333333	1.2000333333344315	trials	port_entry
8155.0863999999965	0.24996666666993406	trials	port_entry
8161.106433333331	1.0499666666655685	trials	reward_stimulus_presentation
8161.756400000002	0.5899999999965075	trials	port_entry
8162.106400000001	1.0	trials	reward_delivery
8162.506400000002	5.63993333333201	trials	port_entry
8171.5664	0.059999999997671694	trials	port_entry
8199.346466666666	0.07993333333433839	trials	port_entry
8199.446399999997	0.31999999999970896	trials	port_entry
8214.146400000001	0.02003333333414048	trials	port_entry
8238.686433333332	0.40003333333152113	trials	port_entry
8251.106499999998	6.329933333334338	trials	reward_stimulus_presentation
8252.106466666668	1.0	trials	reward_delivery
8257.036499999998	5.869966666665277	trials	port_entry
8330.686566666667	0.5299999999988358	trials	port_entry
8344.316499999997	0.4700333333312301	trials	port_entry
8344.896566666666	0.059999999997671694	trials	port_entry
8347.536566666666	0.6499333333340473	trials	port_entry
8351.106566666665	20.0	trials	neutral_stimulus_presentation
8351.406533333331	0.1600333333335584	trials	port_entry
8351.676566666665	0.029966666668769903	trials	port_entry
8351.796566666668	0.029999999998835847	trials	port_entry
8351.856533333335	0.12003333333268529	trials	port_entry
8352.00653333333	0.040033333338215016	trials	port_entry
8353.716533333329	0.1900000000023283	trials	port_entry
8379.0966	0.019966666666732635	trials	port_entry
8391.256566666667	0.06999999999970896	trials	port_entry
8396.406599999998	0.10993333333317423	trials	port_entry
8415.106599999996	0.06000000000494765	trials	port_entry
8441.106633333333	1.25	trials	reward_stimulus_presentation
8441.956633333331	6.790000000000873	trials	port_entry
8442.106633333333	1.0	trials	reward_delivery
8512.586666666666	0.08999999999650754	trials	port_entry
8527.976666666666	0.3899999999994179	trials	port_entry
8531.1067	20.00159999999596	trials	shock_stimulus_presentation
8539.486666666668	0.040000000000873115	trials	port_entry
8545.446699999997	0.3000000000029104	trials	port_entry
8550.906633333329	0.3000000000029104	trials	shock_relay
8551.776699999999	0.529933333331428	trials	port_entry
8554.736699999998	1.110033333337924	trials	port_entry
8556.126733333334	10.159999999996217	trials	port_entry
8599.376733333334	4.269999999996799	trials	port_entry
8605.596733333336	0.15996666666615056	trials	port_entry
8606.2167	2.1600333333335584	trials	port_entry
8611.13673333333	0.21000000000640284	trials	port_entry
8621.106766666668	0.9799999999959255	trials	reward_stimulus_presentation
8621.686766666662	8.290000000000873	trials	port_entry
8622.106766666668	0.9999666666626581	trials	reward_delivery
8632.096766666666	0.05000000000291038	trials	port_entry
8681.606799999998	0.12000000000261934	trials	port_entry
8706.106833333335	0.8499999999985448	trials	reward_stimulus_presentation
8706.556833333332	0.03993333333346527	trials	port_entry
8706.666799999995	9.170033333335596	trials	port_entry
8707.106833333335	1.0	trials	reward_delivery
8721.146833333329	0.05000000000291038	trials	port_entry
8721.526833333333	0.11999999999534339	trials	port_entry
8722.90683333333	0.27999999999883585	trials	port_entry
8730.516866666669	0.2599999999947613	trials	port_entry
8756.976866666668	0.5399666666635312	trials	port_entry
8760.146866666666	1.7399999999979627	trials	port_entry
8772.50683333333	0.11003333333792398	trials	port_entry
8777.726899999998	0.06999999999970896	trials	port_entry
8791.0569	0.15996666666615056	trials	port_entry
8796.106933333333	20.00166666666337	trials	shock_stimulus_presentation
8798.256866666667	2.750066666667408	trials	port_entry
8812.086933333328	2.6899333333349205	trials	port_entry
8815.906933333335	0.2999999999956344	trials	shock_relay
8816.886900000001	0.2999999999956344	trials	port_entry
8819.186899999997	0.4000000000014552	trials	port_entry
8823.1669	0.19999999999708962	trials	port_entry
8824.856899999995	1.9700000000011642	trials	port_entry
8826.946899999999	0.9199999999982538	trials	port_entry
8829.476899999998	0.040000000000873115	trials	port_entry
8829.5569	2.180000000000291	trials	port_entry
8837.716899999996	3.64003333333676	trials	port_entry
8858.516899999999	0.25003333333006594	trials	port_entry
8891.107	0.8399999999965075	trials	reward_stimulus_presentation
8891.546999999995	0.04993333333550254	trials	port_entry
8891.736966666667	7.360000000000582	trials	port_entry
8892.107	0.9999666666626581	trials	reward_delivery
8900.156966666666	0.12999999999738066	trials	port_entry
8900.886966666669	0.27999999999883585	trials	port_entry
8903.826966666664	0.6200666666700272	trials	port_entry
8904.486999999997	0.040000000000873115	trials	port_entry
8907.776999999998	0.6299999999973807	trials	port_entry
8909.857	0.029999999998835847	trials	port_entry
8915.456999999999	0.6399999999994179	trials	port_entry
8916.467	0.06996666666236706	trials	port_entry
8924.456999999999	0.07996666666440433	trials	port_entry
8924.636966666669	0.19003333333239425	trials	port_entry
8977.937033333332	0.09996666666847887	trials	port_entry
8978.06703333333	1.6300333333347226	trials	port_entry
8981.107066666667	20.002466666664986	trials	shock_stimulus_presentation
8983.796999999995	0.1600666666709003	trials	port_entry
8983.977033333333	0.040000000000873115	trials	port_entry
9000.907066666663	0.3000000000029104	trials	shock_relay
9002.567066666667	0.08000000000174623	trials	port_entry
9002.867033333332	0.9199999999982538	trials	port_entry
9004.077000000001	0.1700333333283197	trials	port_entry
9006.81703333333	1.2300333333332674	trials	port_entry
9008.227066666663	0.2400000000052387	trials	port_entry
9024.317066666667	0.7799999999988358	trials	port_entry
9026.017066666664	0.08000000000174623	trials	port_entry
9026.137066666666	3.1299999999973807	trials	port_entry
9030.717066666668	4.1599999999962165	trials	port_entry
9035.377066666664	0.050033333332976326	trials	port_entry
9035.667099999995	0.0900000000037835	trials	port_entry
9036.007133333329	0.10996666667051613	trials	port_entry
9036.317099999997	0.13999999999941792	trials	port_entry
9036.6571	0.039966666663531214	trials	port_entry
9037.637099999996	0.029999999998835847	trials	port_entry
9037.957099999996	0.040000000000873115	trials	port_entry
9038.317099999997	0.08000000000174623	trials	port_entry
9038.447100000001	0.040000000000873115	trials	port_entry
9038.557100000002	0.9699999999938882	trials	port_entry
9039.687066666662	0.08003333333908813	trials	port_entry
9040.447100000001	0.029999999998835847	trials	port_entry
9040.747099999997	0.019966666666732635	trials	port_entry
9041.037099999998	0.040000000000873115	trials	port_entry
9041.427099999997	0.11000000000058208	trials	port_entry
9041.567099999997	0.06996666666964302	trials	port_entry
9041.697100000001	0.059999999997671694	trials	port_entry
9041.807066666664	0.030033333336177748	trials	port_entry
9041.857099999997	0.1300000000046566	trials	port_entry
9042.007099999999	0.040000000000873115	trials	port_entry
9042.2271	0.11000000000058208	trials	port_entry
9042.957099999996	0.030000000006111804	trials	port_entry
9061.107133333335	0.7399666666606208	trials	reward_stimulus_presentation
9061.447100000001	8.0	trials	port_entry
9062.107099999997	1.0	trials	reward_delivery
9073.887099999996	0.42003333333559567	trials	port_entry
9074.607133333335	0.029999999998835847	trials	port_entry
9074.667133333332	0.12999999999738066	trials	port_entry
9074.83713333333	0.05000000000291038	trials	port_entry
9088.917099999995	0.17003333333559567	trials	port_entry
9091.417133333332	0.26000000000203727	trials	port_entry
9151.107200000002	20.0	trials	neutral_stimulus_presentation
9152.077166666666	1.5100333333321032	trials	port_entry
9163.767166666668	0.03999999999359716	trials	port_entry
9248.727266666665	0.0900000000037835	trials	port_entry
9251.1073	0.9399666666649864	trials	reward_stimulus_presentation
9251.647266666663	8.660000000003492	trials	port_entry
9252.107266666662	0.9999666666699341	trials	reward_delivery
9261.747266666662	0.25	trials	port_entry
9264.267266666666	0.5899999999965075	trials	port_entry
9265.077266666663	0.3800000000046566	trials	port_entry
9282.097266666668	1.2700333333341405	trials	port_entry
9287.057266666667	0.33999999999650754	trials	port_entry
9290.067266666669	1.2899999999935972	trials	port_entry
9296.067266666669	0.09003333332657348	trials	port_entry
9341.107366666667	1.0999666666684789	trials	reward_stimulus_presentation
9341.807299999997	7.340033333333849	trials	port_entry
9342.1073	1.0	trials	reward_delivery
9350.597299999998	0.06999999999970896	trials	port_entry
9350.767333333333	0.01999999999679858	trials	port_entry
9350.807333333334	0.040000000000873115	trials	port_entry
9354.5773	0.23003333333326736	trials	port_entry
9355.017333333333	0.31999999999970896	trials	port_entry
9355.7873	0.20003333333443152	trials	port_entry
9356.407333333333	0.08999999999650754	trials	port_entry
9357.707299999998	0.13003333333472256	trials	port_entry
9361.697366666664	0.22996666666585952	trials	port_entry
9366.457366666666	0.30996666666760575	trials	port_entry
9367.877366666664	0.05993333333753981	trials	port_entry
9368.057366666664	0.029966666668769903	trials	port_entry
9368.727366666662	0.33000000000174623	trials	port_entry
9369.507366666669	0.06999999999970896	trials	port_entry
9375.797366666662	0.08000000000174623	trials	port_entry
9376.147366666668	0.11000000000058208	trials	port_entry
9376.337333333333	0.6600333333335584	trials	port_entry
9377.337366666663	0.06999999999970896	trials	port_entry
9378.317333333329	0.020000000004074536	trials	port_entry
9378.407333333333	0.23999999999796273	trials	port_entry
9378.917333333335	0.01999999999679858	trials	port_entry
9378.99733333333	0.020000000004074536	trials	port_entry
9379.047333333332	0.02003333333414048	trials	port_entry
9379.557333333334	0.08999999999650754	trials	port_entry
9385.287366666667	0.1599999999962165	trials	port_entry
9385.517333333333	0.06999999999970896	trials	port_entry
9403.51743333333	0.26996666666673264	trials	port_entry
9431.107399999997	1.1900000000023283	trials	reward_stimulus_presentation
9431.897399999998	8.180000000000291	trials	port_entry
9432.107399999997	1.000033333337342	trials	reward_delivery
9521.107500000002	1.0899333333290997	trials	reward_stimulus_presentation
9521.797466666667	8.610000000000582	trials	port_entry
9522.107466666665	1.0	trials	reward_delivery
9591.817500000001	0.08003333333181217	trials	port_entry
9606.107566666662	20.001833333335526	trials	shock_stimulus_presentation
9625.907566666665	0.3000000000029104	trials	shock_relay
9633.367566666664	1.0500000000029104	trials	port_entry
9634.437499999996	0.08006666666915407	trials	port_entry
9634.917566666667	0.18000000000029104	trials	port_entry
9635.727566666665	0.27000000000407454	trials	port_entry
9636.147566666663	0.1199666666725534	trials	port_entry
9636.497533333331	2.5200333333341405	trials	port_entry
9642.727533333335	0.029966666661493946	trials	port_entry
9642.787566666662	0.05000000000291038	trials	port_entry
9642.857533333332	0.09003333333384944	trials	port_entry
9646.537566666662	0.4900000000052387	trials	port_entry
9647.787566666662	0.22000000000116415	trials	port_entry
9648.067566666668	0.47999999999592546	trials	port_entry
9648.587566666665	0.3600000000005821	trials	port_entry
9649.047566666664	0.0900000000037835	trials	port_entry
9649.257566666663	0.029999999998835847	trials	port_entry
9649.73753333333	0.040033333338215016	trials	port_entry
9649.947533333328	4.44003333333967	trials	port_entry
9654.437566666664	0.09999999999854481	trials	port_entry
9654.657566666665	5.340033333333849	trials	port_entry
9660.737566666667	0.050033333332976326	trials	port_entry
9661.197599999996	0.029966666668769903	trials	port_entry
9661.5076	0.06999999999970896	trials	port_entry
9661.8276	0.08000000000174623	trials	port_entry
9662.167599999997	0.05000000000291038	trials	port_entry
9663.387599999998	0.059999999997671694	trials	port_entry
9663.5076	4.439999999995052	trials	port_entry
9668.0076	1.6999999999970896	trials	port_entry
9669.727600000002	2.5099999999947613	trials	port_entry
9672.647566666663	0.10003333333588671	trials	port_entry
9672.917599999997	0.2900000000008731	trials	port_entry
9673.287533333332	1.7400333333353046	trials	port_entry
9679.517599999996	0.3400000000037835	trials	port_entry
9679.877599999996	0.20000000000436557	trials	port_entry
9680.137599999998	0.11000000000058208	trials	port_entry
9680.427566666662	0.08003333333908813	trials	port_entry
9680.757533333333	0.09999999999854481	trials	port_entry
9680.917566666667	0.01999999999679858	trials	port_entry
9681.067566666668	0.12003333333268529	trials	port_entry
9681.407566666665	0.11996666666527744	trials	port_entry
9681.567566666668	0.08003333333181217	trials	port_entry
9681.737599999997	0.06000000000494765	trials	port_entry
9682.087633333333	0.07996666666440433	trials	port_entry
9682.457599999998	0.10003333333588671	trials	port_entry
9682.817599999998	0.12003333333268529	trials	port_entry
9683.107566666662	0.09003333333384944	trials	port_entry
9684.017533333335	0.05006666666304227	trials	port_entry
9684.277566666668	0.09003333333384944	trials	port_entry
9684.617600000001	0.08999999999650754	trials	port_entry
9684.927599999999	0.12000000000261934	trials	port_entry
9685.277599999998	0.0900000000037835	trials	port_entry
9685.697633333333	0.029966666668769903	trials	port_entry
9689.667599999997	0.040000000000873115	trials	port_entry
9689.767599999996	0.12000000000261934	trials	port_entry
9689.907600000002	0.03999999999359716	trials	port_entry
9690.0076	0.11999999999534339	trials	port_entry
9690.147566666663	0.060033333335013594	trials	port_entry
9690.3576	0.13999999999941792	trials	port_entry
9690.747599999999	0.12000000000261934	trials	port_entry
9691.087599999995	0.10000000000582077	trials	port_entry
9691.387599999998	0.09999999999854481	trials	port_entry
9691.847599999997	0.06000000000494765	trials	port_entry
9692.157600000002	0.05996666666032979	trials	port_entry
9692.487599999997	0.0900000000037835	trials	port_entry
9692.7876	0.09999999999854481	trials	port_entry
9693.177599999999	0.09999999999854481	trials	port_entry
9693.297600000002	3.139999999999418	trials	port_entry
9696.1076	0.860033333330648	trials	reward_stimulus_presentation
9696.567566666668	8.700033333327156	trials	port_entry
9697.107566666662	1.000033333337342	trials	reward_delivery
9706.307599999996	0.1300000000046566	trials	port_entry
9707.1076	0.01999999999679858	trials	port_entry
9707.187600000001	5.830033333331812	trials	port_entry
9718.097599999997	0.4100333333335584	trials	port_entry
9718.75763333333	0.09999999999854481	trials	port_entry
9718.877633333334	0.04996666666556848	trials	port_entry
9779.677666666666	0.11999999999534339	trials	port_entry
9779.997666666666	0.059999999997671694	trials	port_entry
9791.107699999997	20.0	trials	neutral_stimulus_presentation
9792.127666666664	1.5600000000049477	trials	port_entry
9870.277733333332	0.25003333333006594	trials	port_entry
9870.58773333333	0.10003333333588671	trials	port_entry
9881.107766666664	20.00186666666559	trials	shock_stimulus_presentation
9884.65773333333	1.8000000000029104	trials	port_entry
9887.487799999999	1.0399666666635312	trials	port_entry
9890.147766666665	0.06999999999970896	trials	port_entry
9900.90773333333	0.3000333333329763	trials	shock_relay
9912.057766666669	0.01999999999679858	trials	port_entry
9912.137766666663	0.4900000000052387	trials	port_entry
9913.367766666666	0.11000000000058208	trials	port_entry
9913.557766666669	0.2699999999967986	trials	port_entry
9923.487799999999	0.569999999999709	trials	port_entry
9924.15773333333	0.2600666666694451	trials	port_entry
9925.437799999996	0.040000000000873115	trials	port_entry
9925.607800000002	0.39999999999417923	trials	port_entry
9927.327799999995	0.18000000000029104	trials	port_entry
9927.607800000002	2.4499666666670237	trials	port_entry
9937.917766666662	0.8300333333390881	trials	port_entry
9938.777766666663	0.040000000000873115	trials	port_entry
9939.337766666667	0.02003333333414048	trials	port_entry
9939.7778	7.010033333332103	trials	port_entry
9947.607800000002	3.0799999999944703	trials	port_entry
9955.517833333335	0.09999999999854481	trials	port_entry
9955.70783333333	0.16000000000349246	trials	port_entry
9955.897799999995	5.180033333337633	trials	port_entry
9961.107800000002	1.0800333333318122	trials	reward_stimulus_presentation
9961.787833333332	7.989966666667897	trials	port_entry
9962.107833333332	0.9999666666699341	trials	reward_delivery
9969.857800000002	0.07999999999447027	trials	port_entry
9978.587833333335	0.11000000000058208	trials	port_entry
9978.837833333335	0.049999999995634425	trials	port_entry
9987.307833333329	0.040000000000873115	trials	port_entry
9987.607866666662	0.08996666667371755	trials	port_entry
9987.897799999995	0.18003333333763294	trials	port_entry
9988.227799999997	0.19003333333239425	trials	port_entry
9988.497800000001	0.2200333333312301	trials	port_entry
9988.827833333333	0.22000000000116415	trials	port_entry
9989.087799999998	4.220066666668572	trials	port_entry
9993.497866666668	0.039966666663531214	trials	port_entry
9993.627833333328	0.08003333333908813	trials	port_entry
9993.727833333334	0.10003333332861075	trials	port_entry
9993.88783333333	0.050033333332976326	trials	port_entry
9994.127799999998	0.5100000000020373	trials	port_entry
9994.657766666667	37.07009999999718	trials	port_entry
10033.627866666666	1.5900333333338494	trials	port_entry
10051.107899999999	0.9799666666658595	trials	reward_stimulus_presentation
10051.6879	9.169966666660912	trials	port_entry
10052.107866666662	1.0	trials	reward_delivery
10061.377833333328	0.14003333333675982	trials	port_entry
10063.357866666662	0.20996666666906094	trials	port_entry
10081.057899999996	0.030000000006111804	trials	port_entry
10082.847899999997	0.06000000000494765	trials	port_entry
10083.167899999997	0.040000000000873115	trials	port_entry
10083.277899999997	3.7000333333344315	trials	port_entry
10088.817933333336	0.06999999999970896	trials	port_entry
10089.137933333335	32.91996666666091	trials	port_entry
10151.107966666666	0.7600000000020373	trials	reward_stimulus_presentation
10151.46793333333	0.16000000000349246	trials	port_entry
10151.737966666664	7.780033333336178	trials	port_entry
10152.107966666666	1.000033333330066	trials	reward_delivery
10160.657933333332	0.3000000000029104	trials	port_entry
10161.897966666667	0.31999999999970896	trials	port_entry
10162.237966666664	0.06999999999970896	trials	port_entry
10175.267966666663	0.05000000000291038	trials	port_entry
10175.437966666668	0.18999999999505235	trials	port_entry
10175.747966666666	0.12000000000261934	trials	port_entry
10176.017966666663	0.06999999999970896	trials	port_entry
10176.717966666667	4.189999999995052	trials	port_entry
10181.308	2.0199999999967986	trials	port_entry
10196.018	1.3499999999985448	trials	port_entry
10197.397999999997	0.4400000000023283	trials	port_entry
10199.607966666666	0.060033333335013594	trials	port_entry
10199.76803333333	0.019966666666732635	trials	port_entry
10241.108066666664	20.00226666667004	trials	shock_stimulus_presentation
10260.908066666667	0.2999999999956344	trials	shock_relay
10276.868066666666	0.12999999999738066	trials	port_entry
10277.668066666669	0.9699999999938882	trials	port_entry
10280.958166666667	0.29989999999816064	trials	port_entry
10281.338066666667	0.36996666666527744	trials	port_entry
10281.748066666663	0.09999999999854481	trials	port_entry
10281.868066666666	0.1599999999962165	trials	port_entry
10291.088066666667	0.09999999999854481	trials	port_entry
10291.258099999995	0.08000000000174623	trials	port_entry
10291.368066666666	1.2299999999959255	trials	port_entry
10331.108133333331	0.6799666666702251	trials	reward_stimulus_presentation
10331.3881	7.709999999999127	trials	port_entry
10332.108100000001	1.0	trials	reward_delivery
10348.938133333333	0.2900000000008731	trials	port_entry
10352.728133333334	0.3099999999976717	trials	port_entry
10353.09813333333	0.030000000006111804	trials	port_entry
10353.268133333335	0.049999999995634425	trials	port_entry
10364.408099999997	0.23003333333326736	trials	port_entry
10364.948133333335	0.19999999999708962	trials	port_entry
10367.898133333332	0.029999999998835847	trials	port_entry
10370.198099999998	0.2999666666655685	trials	port_entry
10374.108100000001	0.08999999999650754	trials	port_entry
10374.538133333332	4.019999999996799	trials	port_entry
10378.608133333331	0.4400000000023283	trials	port_entry
10379.168133333329	0.040000000000873115	trials	port_entry
10379.258166666663	0.8500000000058208	trials	port_entry
10380.168066666669	0.12009999999281717	trials	port_entry
10380.418133333329	0.32003333333705086	trials	port_entry
10382.128166666665	0.7900000000008731	trials	port_entry
10383.498166666668	0.3699999999953434	trials	port_entry
10384.448166666665	7.689966666664986	trials	port_entry
10397.45813333333	0.1300000000046566	trials	port_entry
10397.768133333335	6.92003333332832	trials	port_entry
10405.058166666666	0.19996666666702367	trials	port_entry
10405.398133333332	0.19999999999708962	trials	port_entry
10405.678133333331	0.26000000000203727	trials	port_entry
10405.988133333329	0.26000000000203727	trials	port_entry
10406.268133333335	11.710033333329193	trials	port_entry
10421.108199999999	20.0	trials	neutral_stimulus_presentation
10422.658200000002	0.2699999999967986	trials	port_entry
10423.888166666668	0.06999999999970896	trials	port_entry
10434.278199999997	0.5900000000037835	trials	port_entry
10473.668199999996	0.040000000000873115	trials	port_entry
10503.78823333333	2.780000000006112	trials	port_entry
10506.108299999996	0.9299666666702251	trials	reward_stimulus_presentation
10506.638233333335	8.35003333332861	trials	port_entry
10507.108266666666	0.9999666666626581	trials	reward_delivery
10517.798200000001	0.5900333333338494	trials	port_entry
10521.028266666664	0.059999999997671694	trials	port_entry
10521.218266666667	0.22999999999592546	trials	port_entry
10522.148266666667	0.9499999999970896	trials	port_entry
10527.838266666662	0.3600000000005821	trials	port_entry
10528.418266666664	0.31999999999970896	trials	port_entry
10529.078266666667	0.06999999999970896	trials	port_entry
10529.178266666666	0.04996666666556848	trials	port_entry
10531.018200000002	0.2300666666633333	trials	port_entry
10534.378199999996	0.12010000000009313	trials	port_entry
10574.938299999998	0.18000000000029104	trials	port_entry
10575.158266666662	2.3100333333350136	trials	port_entry
10596.108333333334	20.0	trials	neutral_stimulus_presentation
10597.1283	1.75	trials	port_entry
10677.578366666665	0.07003333333705086	trials	port_entry
10677.668333333331	0.9100333333335584	trials	port_entry
10686.528366666662	0.6900000000023283	trials	port_entry
10687.958366666662	0.6400000000066939	trials	port_entry
10691.108400000001	20.002000000000407	trials	shock_stimulus_presentation
10695.588366666667	0.060033333335013594	trials	port_entry
10695.668399999999	0.040000000000873115	trials	port_entry
10697.038366666664	0.6800333333376329	trials	port_entry
10710.908399999997	0.3000000000029104	trials	shock_relay
10724.188366666665	0.11996666666527744	trials	port_entry
10725.728433333334	0.16999999999825377	trials	port_entry
10781.108466666668	20.0	trials	neutral_stimulus_presentation
10807.2985	3.6599999999962165	trials	port_entry
10861.108566666666	20.002599999999802	trials	shock_stimulus_presentation
10880.908533333331	0.3000333333329763	trials	shock_relay
10882.528533333334	0.2599999999947613	trials	port_entry
10903.738566666663	0.33000000000174623	trials	port_entry
10914.57853333333	0.35000000000582077	trials	port_entry
10923.848566666664	0.25	trials	port_entry
10932.888566666665	0.7200000000011642	trials	port_entry
10951.108599999996	0.9099666666661506	trials	reward_stimulus_presentation
10951.618566666668	0.16999999999825377	trials	port_entry
10951.838566666662	7.240033333335305	trials	port_entry
10952.108566666666	1.000033333330066	trials	reward_delivery
10959.718566666666	0.29003333333093906	trials	port_entry
10961.26863333333	0.2399666666678968	trials	port_entry
10963.788599999996	0.17003333333559567	trials	port_entry
10964.138566666665	0.35006666666595265	trials	port_entry
10964.658599999999	0.3200333333297749	trials	port_entry
10965.158599999999	0.33000000000174623	trials	port_entry
10967.568599999995	0.019966666666732635	trials	port_entry
10970.118599999998	0.05000000000291038	trials	port_entry
10975.12863333333	0.060033333335013594	trials	port_entry
10975.958600000002	0.8299999999944703	trials	port_entry
10977.918633333331	0.05000000000291038	trials	port_entry
10978.158633333329	0.9900000000052387	trials	port_entry
11221.019566666666	0.2786666666652309	trials	phototagging
11221.5782	0.22753333333093906	trials	phototagging
11222.857533333332	0.10016666666342644	trials	phototagging
11223.859066666668	0.1001333333333605	trials	phototagging
11224.860599999996	0.1001666666707024	trials	phototagging
11225.862133333332	0.1001333333333605	trials	phototagging
11226.863666666668	0.1001333333333605	trials	phototagging
11227.865199999997	0.1001333333333605	trials	phototagging
11228.866699999995	0.1001666666707024	trials	phototagging
11229.868266666668	0.1001333333333605	trials	phototagging
11230.869766666667	0.10016666666342644	trials	phototagging
11231.871299999995	0.1001666666707024	trials	phototagging
11232.872833333331	0.1001666666707024	trials	phototagging
11233.874366666667	0.10016666666342644	trials	phototagging
11244.891200000002	0.004999999997380655	trials	phototagging
11244.901233333334	0.004999999997380655	trials	phototagging
11244.911233333329	0.005000000004656613	trials	phototagging
11244.921266666668	0.004999999997380655	trials	phototagging
11244.931266666663	0.005000000004656613	trials	phototagging
11244.941300000002	0.004999999997380655	trials	phototagging
11244.951299999997	0.005000000004656613	trials	phototagging
11244.961299999999	0.005033333334722556	trials	phototagging
11244.971333333331	0.004999999997380655	trials	phototagging
11244.981333333333	0.005033333334722556	trials	phototagging
11244.991366666665	0.004999999997380655	trials	phototagging
11245.001366666667	0.004999999997380655	trials	phototagging
11245.0114	0.004999999997380655	trials	phototagging
11245.021400000001	0.0050333333274465986	trials	phototagging
11245.031433333334	0.004999999997380655	trials	phototagging
11245.041433333336	0.004999999997380655	trials	phototagging
11245.051466666668	0.004999999997380655	trials	phototagging
11245.061466666662	0.005000000004656613	trials	phototagging
11245.071500000002	0.004999999997380655	trials	phototagging
11245.081499999997	0.005000000004656613	trials	phototagging
11245.091533333329	0.005000000004656613	trials	phototagging
11245.10153333333	0.005000000004656613	trials	phototagging
11245.111566666663	0.005000000004656613	trials	phototagging
11245.121566666665	0.004999999997380655	trials	phototagging
11245.131599999997	0.005000000004656613	trials	phototagging
11245.141599999999	0.004999999997380655	trials	phototagging
11245.151600000001	0.0050333333274465986	trials	phototagging
11245.161633333333	0.004999999997380655	trials	phototagging
11245.171633333335	0.0050333333274465986	trials	phototagging
11245.181666666667	0.004999999997380655	trials	phototagging
11255.206966666668	0.010033333332103211	trials	phototagging
11255.307133333332	0.010033333332103211	trials	phototagging
11255.407299999995	0.010000000002037268	trials	phototagging
11255.507433333329	0.010033333339379169	trials	phototagging
11255.6076	0.010000000002037268	trials	phototagging
11255.707766666663	0.010000000002037268	trials	phototagging
11255.807899999996	0.010033333339379169	trials	phototagging
11255.90803333333	0.010033333339379169	trials	phototagging
11256.0082	0.010033333332103211	trials	phototagging
11256.108366666664	0.010000000002037268	trials	phototagging
11256.208499999997	0.010033333332103211	trials	phototagging
11256.308666666668	0.00999999999476131	trials	phototagging
11256.408833333331	0.010000000002037268	trials	phototagging
11256.508966666664	0.010033333332103211	trials	phototagging
11256.609133333335	0.00999999999476131	trials	phototagging
11256.709266666669	0.010033333332103211	trials	phototagging
11256.809433333332	0.010000000002037268	trials	phototagging
11256.909599999995	0.010000000002037268	trials	phototagging
11257.009733333329	0.010033333339379169	trials	phototagging
11257.1099	0.010000000002037268	trials	phototagging
11257.210033333333	0.010033333332103211	trials	phototagging
11257.310199999996	0.010000000002037268	trials	phototagging
11257.410366666667	0.00999999999476131	trials	phototagging
11257.5105	0.010033333332103211	trials	phototagging
11257.610666666664	0.010000000002037268	trials	phototagging
11257.710799999997	0.010033333332103211	trials	phototagging
11257.810966666668	0.00999999999476131	trials	phototagging
11257.911100000001	0.010033333332103211	trials	phototagging
11258.011266666665	0.010000000002037268	trials	phototagging
11258.111433333335	0.00999999999476131	trials	phototagging
11268.226899999998	0.004999999997380655	trials	phototagging
11269.228399999996	0.005033333334722556	trials	phototagging
11270.229933333332	0.004999999997380655	trials	phototagging
11271.231466666668	0.004999999997380655	trials	phototagging
11272.232999999997	0.005033333334722556	trials	phototagging
11273.234533333332	0.004999999997380655	trials	phototagging
11274.236066666668	0.004999999997380655	trials	phototagging
11275.237599999997	0.005000000004656613	trials	phototagging
11276.239133333333	0.004999999997380655	trials	phototagging
11277.240666666668	0.004999999997380655	trials	phototagging
11278.242199999997	0.005000000004656613	trials	phototagging
11279.243733333333	0.004999999997380655	trials	phototagging
11280.245233333331	0.005033333334722556	trials	phototagging
11281.246799999997	0.005000000004656613	trials	phototagging
11282.248299999996	0.005033333334722556	trials	phototagging
11283.249866666669	0.004999999997380655	trials	phototagging
11284.251366666667	0.005033333334722556	trials	phototagging
11285.252899999996	0.005033333334722556	trials	phototagging
11286.254433333332	0.005033333334722556	trials	phototagging
11287.255966666668	0.004999999997380655	trials	phototagging
11288.257499999996	0.005000000004656613	trials	phototagging
11289.259033333332	0.004999999997380655	trials	phototagging
11290.260566666668	0.004999999997380655	trials	phototagging
11291.262099999996	0.005000000004656613	trials	phototagging
11292.263633333332	0.004999999997380655	trials	phototagging
11293.265166666668	0.004999999997380655	trials	phototagging
11294.266699999996	0.005000000004656613	trials	phototagging
11295.268200000002	0.0050333333274465986	trials	phototagging
11296.26973333333	0.005033333334722556	trials	phototagging
11297.271266666667	0.005033333334722556	trials	phototagging
11308.288133333332	0.004999999997380655	trials	phototagging
11309.28963333333	0.005033333334722556	trials	phototagging
11310.291166666666	0.005033333334722556	trials	phototagging
11311.292733333332	0.004999999997380655	trials	phototagging
11312.29423333333	0.005033333334722556	trials	phototagging
11313.295766666666	0.004999999997380655	trials	phototagging
11314.297300000002	0.004999999997380655	trials	phototagging
11315.29883333333	0.005000000004656613	trials	phototagging
11316.300366666666	0.004999999997380655	trials	phototagging
11317.301900000002	0.004999999997380655	trials	phototagging
11318.30343333333	0.005000000004656613	trials	phototagging
11319.304966666667	0.004999999997380655	trials	phototagging
11320.306499999995	0.005000000004656613	trials	phototagging
11321.308033333331	0.004999999997380655	trials	phototagging
11322.309566666667	0.004999999997380655	trials	phototagging
11323.311099999995	0.005000000004656613	trials	phototagging
11324.312633333331	0.004999999997380655	trials	phototagging
11325.31413333333	0.005033333334722556	trials	phototagging
11326.315699999996	0.005000000004656613	trials	phototagging
11327.317200000001	0.0050333333274465986	trials	phototagging
11328.31873333333	0.005033333334722556	trials	phototagging
11329.320266666666	0.004999999997380655	trials	phototagging
11330.321800000002	0.004999999997380655	trials	phototagging
11331.32333333333	0.005000000004656613	trials	phototagging
11332.324866666666	0.004999999997380655	trials	phototagging
11333.326400000002	0.004999999997380655	trials	phototagging
11334.32793333333	0.005000000004656613	trials	phototagging
11335.329466666666	0.004999999997380655	trials	phototagging
11336.331000000002	0.004999999997380655	trials	phototagging
11337.33253333333	0.005000000004656613	trials	phototagging
11348.349366666665	0.010000000002037268	trials	phototagging
11348.449533333329	0.010000000002037268	trials	phototagging
11348.549666666662	0.010000000002037268	trials	phototagging
11348.649833333333	0.010000000002037268	trials	phototagging
11348.749966666666	0.010033333332103211	trials	phototagging
11348.85013333333	0.010000000002037268	trials	phototagging
11348.950266666663	0.010033333332103211	trials	phototagging
11349.050433333334	0.00999999999476131	trials	phototagging
11349.150599999997	0.010000000002037268	trials	phototagging
11349.25073333333	0.010033333332103211	trials	phototagging
11349.350900000001	0.00999999999476131	trials	phototagging
11349.451033333335	0.010033333332103211	trials	phototagging
11349.551199999998	0.010000000002037268	trials	phototagging
11349.651333333331	0.010033333332103211	trials	phototagging
11349.751500000002	0.010033333332103211	trials	phototagging
11349.851666666666	0.010000000002037268	trials	phototagging
11349.951799999999	0.010033333332103211	trials	phototagging
11350.051966666662	0.010033333339379169	trials	phototagging
11350.152133333333	0.010000000002037268	trials	phototagging
11350.252266666666	0.010033333332103211	trials	phototagging
11350.35243333333	0.010000000002037268	trials	phototagging
11350.452566666663	0.010033333332103211	trials	phototagging
11350.552733333334	0.00999999999476131	trials	phototagging
11350.652899999997	0.010000000002037268	trials	phototagging
11350.75303333333	0.010033333332103211	trials	phototagging
11350.853200000001	0.00999999999476131	trials	phototagging
11350.953333333335	0.010033333332103211	trials	phototagging
11351.053499999998	0.010033333332103211	trials	phototagging
11351.153633333332	0.010033333332103211	trials	phototagging
11351.253800000002	0.010033333332103211	trials	phototagging
11361.369266666665	0.004999999997380655	trials	phototagging
11362.3708	0.004999999997380655	trials	phototagging
11363.37233333333	0.005000000004656613	trials	phototagging
11364.373866666665	0.004999999997380655	trials	phototagging
11365.3754	0.004999999997380655	trials	phototagging
11366.37693333333	0.005000000004656613	trials	phototagging
11367.378433333335	0.0050333333274465986	trials	phototagging
11368.379966666664	0.005033333334722556	trials	phototagging
11369.3815	0.005033333334722556	trials	phototagging
11370.383033333335	0.0050333333274465986	trials	phototagging
11371.384566666664	0.005033333334722556	trials	phototagging
11372.3861	0.005033333334722556	trials	phototagging
11373.387633333336	0.004999999997380655	trials	phototagging
11374.389166666664	0.005000000004656613	trials	phototagging
11375.3907	0.004999999997380655	trials	phototagging
11376.392233333328	0.005000000004656613	trials	phototagging
11377.393766666664	0.004999999997380655	trials	phototagging
11378.3953	0.004999999997380655	trials	phototagging
11379.396833333329	0.005000000004656613	trials	phototagging
11380.398366666665	0.004999999997380655	trials	phototagging
11381.3999	0.004999999997380655	trials	phototagging
11382.401399999999	0.005033333334722556	trials	phototagging
11383.402966666665	0.004999999997380655	trials	phototagging
11384.404466666663	0.005000000004656613	trials	phototagging
11385.405999999999	0.004999999997380655	trials	phototagging
11386.407533333335	0.004999999997380655	trials	phototagging
11387.409066666663	0.005000000004656613	trials	phototagging
11388.4106	0.004999999997380655	trials	phototagging
11389.412133333335	0.004999999997380655	trials	phototagging
11390.413666666664	0.005000000004656613	trials	phototagging
11401.430499999999	0.005033333334722556	trials	phototagging
11401.44053333333	0.005000000004656613	trials	phototagging
11401.450533333333	0.004999999997380655	trials	phototagging
11401.460566666665	0.004999999997380655	trials	phototagging
11401.470566666667	0.004999999997380655	trials	phototagging
11401.480599999999	0.004999999997380655	trials	phototagging
11401.490600000001	0.004999999997380655	trials	phototagging
11401.500633333333	0.004999999997380655	trials	phototagging
11401.510633333335	0.004999999997380655	trials	phototagging
11401.52063333333	0.005033333334722556	trials	phototagging
11401.530666666662	0.005000000004656613	trials	phototagging
11401.540666666664	0.005033333334722556	trials	phototagging
11401.550699999996	0.005000000004656613	trials	phototagging
11401.560699999998	0.004999999997380655	trials	phototagging
11401.57073333333	0.005000000004656613	trials	phototagging
11401.580733333332	0.004999999997380655	trials	phototagging
11401.590733333334	0.0050333333274465986	trials	phototagging
11401.600766666666	0.004999999997380655	trials	phototagging
11401.610766666668	0.0050333333274465986	trials	phototagging
11401.6208	0.004999999997380655	trials	phototagging
11401.630799999995	0.005033333334722556	trials	phototagging
11401.640833333335	0.004999999997380655	trials	phototagging
11401.65083333333	0.005000000004656613	trials	phototagging
11401.660866666669	0.004999999997380655	trials	phototagging
11401.670866666664	0.005033333334722556	trials	phototagging
11401.680899999996	0.005000000004656613	trials	phototagging
11401.690899999998	0.004999999997380655	trials	phototagging
11401.70093333333	0.005000000004656613	trials	phototagging
11401.710933333332	0.004999999997380655	trials	phototagging
11401.720966666664	0.005000000004656613	trials	phototagging
11411.746266666665	0.010033333332103211	trials	phototagging
11411.846433333329	0.010000000002037268	trials	phototagging
11411.946566666662	0.010033333339379169	trials	phototagging
11412.046733333333	0.010033333332103211	trials	phototagging
11412.146899999996	0.010000000002037268	trials	phototagging
11412.24703333333	0.010033333339379169	trials	phototagging
11412.3472	0.010033333332103211	trials	phototagging
11412.447333333334	0.010033333332103211	trials	phototagging
11412.547499999997	0.010000000002037268	trials	phototagging
11412.647666666668	0.00999999999476131	trials	phototagging
11412.747800000001	0.010033333332103211	trials	phototagging
11412.847966666664	0.010000000002037268	trials	phototagging
11412.948099999998	0.010033333332103211	trials	phototagging
11413.048266666668	0.010033333332103211	trials	phototagging
11413.148400000002	0.010033333332103211	trials	phototagging
11413.248566666665	0.010033333332103211	trials	phototagging
11413.348733333329	0.010000000002037268	trials	phototagging
11413.448866666662	0.010033333339379169	trials	phototagging
11413.549033333333	0.010000000002037268	trials	phototagging
11413.649199999996	0.010000000002037268	trials	phototagging
11413.74933333333	0.010033333339379169	trials	phototagging
11413.8495	0.00999999999476131	trials	phototagging
11413.949633333334	0.010033333332103211	trials	phototagging
11414.049799999997	0.010000000002037268	trials	phototagging
11414.14993333333	0.010033333332103211	trials	phototagging
11414.250100000001	0.010033333332103211	trials	phototagging
11414.350266666665	0.010000000002037268	trials	phototagging
11414.450399999998	0.010033333332103211	trials	phototagging
11414.550566666669	0.00999999999476131	trials	phototagging
11414.650733333332	0.010000000002037268	trials	phototagging
11424.766166666665	0.1001666666707024	trials	phototagging
11425.7677	0.10016666666342644	trials	phototagging
11426.769233333329	0.1001666666707024	trials	phototagging
11427.770766666665	0.1001666666707024	trials	phototagging
11428.7723	0.10016666666342644	trials	phototagging
11429.77383333333	0.1001666666707024	trials	phototagging
11430.775366666665	0.10016666666342644	trials	phototagging
11431.7769	0.1001333333333605	trials	phototagging
11432.77843333333	0.1001333333333605	trials	phototagging
11433.779966666665	0.1001333333333605	trials	phototagging
11434.781466666664	0.1001666666707024	trials	phototagging
11435.78303333333	0.1001333333333605	trials	phototagging
11446.799866666664	0.004999999997380655	trials	phototagging
11446.809866666666	0.004999999997380655	trials	phototagging
11446.819899999999	0.004999999997380655	trials	phototagging
11446.8299	0.004999999997380655	trials	phototagging
11446.839899999995	0.005033333334722556	trials	phototagging
11446.849933333335	0.004999999997380655	trials	phototagging
11446.85993333333	0.005033333334722556	trials	phototagging
11446.869966666669	0.004999999997380655	trials	phototagging
11446.879966666664	0.005033333334722556	trials	phototagging
11446.889999999996	0.005000000004656613	trials	phototagging
11446.899999999998	0.005033333334722556	trials	phototagging
11446.91003333333	0.005000000004656613	trials	phototagging
11446.920033333332	0.004999999997380655	trials	phototagging
11446.930066666664	0.005000000004656613	trials	phototagging
11446.940066666666	0.004999999997380655	trials	phototagging
11446.950099999998	0.004999999997380655	trials	phototagging
11446.9601	0.004999999997380655	trials	phototagging
11446.970133333332	0.004999999997380655	trials	phototagging
11446.980133333334	0.004999999997380655	trials	phototagging
11446.99013333333	0.005033333334722556	trials	phototagging
11447.000166666669	0.004999999997380655	trials	phototagging
11447.010166666663	0.005000000004656613	trials	phototagging
11447.020199999995	0.005000000004656613	trials	phototagging
11447.030199999997	0.005000000004656613	trials	phototagging
11447.04023333333	0.005000000004656613	trials	phototagging
11447.050233333332	0.005033333334722556	trials	phototagging
11447.060233333334	0.005033333334722556	trials	phototagging
11447.070266666666	0.004999999997380655	trials	phototagging
11447.080299999998	0.004999999997380655	trials	phototagging
11447.0903	0.004999999997380655	trials	phototagging
11457.115633333331	0.1001333333333605	trials	phototagging
11458.117166666667	0.1001333333333605	trials	phototagging
11459.118699999995	0.1001333333333605	trials	phototagging
11460.120233333331	0.1001333333333605	trials	phototagging
11461.12173333333	0.1001666666707024	trials	phototagging
11462.123266666666	0.10016666666342644	trials	phototagging
11463.124800000001	0.10016666666342644	trials	phototagging
11464.12633333333	0.1001666666707024	trials	phototagging
11465.127866666666	0.10016666666342644	trials	phototagging
11466.129400000002	0.1001333333333605	trials	phototagging
11467.13093333333	0.1001333333333605	trials	phototagging
11468.132466666666	0.1001333333333605	trials	phototagging
11479.149300000001	0.00999999999476131	trials	phototagging
11479.249466666664	0.010000000002037268	trials	phototagging
11479.349599999998	0.010033333332103211	trials	phototagging
11479.449766666668	0.00999999999476131	trials	phototagging
11479.549900000002	0.010033333332103211	trials	phototagging
11479.650066666665	0.010033333332103211	trials	phototagging
11479.750199999999	0.010033333332103211	trials	phototagging
11479.850366666662	0.010000000002037268	trials	phototagging
11479.950533333333	0.010000000002037268	trials	phototagging
11480.050666666666	0.010033333332103211	trials	phototagging
11480.15083333333	0.010000000002037268	trials	phototagging
11480.250966666663	0.010033333339379169	trials	phototagging
11480.351133333334	0.010033333332103211	trials	phototagging
11480.451266666667	0.010033333332103211	trials	phototagging
11480.55143333333	0.010033333332103211	trials	phototagging
11480.651600000001	0.00999999999476131	trials	phototagging
11480.751733333334	0.010033333332103211	trials	phototagging
11480.851899999998	0.010033333332103211	trials	phototagging
11480.952066666669	0.00999999999476131	trials	phototagging
11481.052200000002	0.010033333332103211	trials	phototagging
11481.152366666665	0.010000000002037268	trials	phototagging
11481.252533333329	0.010000000002037268	trials	phototagging
11481.352666666662	0.010033333339379169	trials	phototagging
11481.452799999995	0.010033333339379169	trials	phototagging
11481.552966666666	0.010033333332103211	trials	phototagging
11481.65313333333	0.010000000002037268	trials	phototagging
11481.753266666663	0.010033333332103211	trials	phototagging
11481.853433333334	0.00999999999476131	trials	phototagging
11481.953599999997	0.010000000002037268	trials	phototagging
11482.05373333333	0.010033333332103211	trials	phototagging
11492.1692	0.004999999997380655	trials	phototagging
11493.170733333329	0.005000000004656613	trials	phototagging
11494.172266666665	0.004999999997380655	trials	phototagging
11495.1738	0.004999999997380655	trials	phototagging
11496.175333333329	0.005000000004656613	trials	phototagging
11497.176833333335	0.0050333333274465986	trials	phototagging
11498.178366666663	0.005033333334722556	trials	phototagging
11499.1799	0.005033333334722556	trials	phototagging
11500.181433333335	0.004999999997380655	trials	phototagging
11501.182966666664	0.005033333334722556	trials	phototagging
11502.1845	0.004999999997380655	trials	phototagging
11503.186033333335	0.004999999997380655	trials	phototagging
11504.187566666664	0.005000000004656613	trials	phototagging
11505.1891	0.004999999997380655	trials	phototagging
11506.190633333335	0.004999999997380655	trials	phototagging
11507.192166666664	0.005000000004656613	trials	phototagging
11508.1937	0.004999999997380655	trials	phototagging
11509.195199999998	0.005033333334722556	trials	phototagging
11510.196766666664	0.005000000004656613	trials	phototagging
11511.198266666663	0.005033333334722556	trials	phototagging
11512.199799999999	0.005033333334722556	trials	phototagging
11513.201333333334	0.004999999997380655	trials	phototagging
11514.202866666663	0.005000000004656613	trials	phototagging
11515.204399999999	0.004999999997380655	trials	phototagging
11516.205933333335	0.004999999997380655	trials	phototagging
11517.207466666663	0.005000000004656613	trials	phototagging
11518.208999999999	0.004999999997380655	trials	phototagging
11519.210533333335	0.004999999997380655	trials	phototagging
11520.212066666663	0.005000000004656613	trials	phototagging
11521.2136	0.004999999997380655	trials	phototagging
11532.230433333334	0.004999999997380655	trials	phototagging
11533.231966666663	0.005000000004656613	trials	phototagging
11534.233466666668	0.0050333333274465986	trials	phototagging
11535.234999999997	0.005000000004656613	trials	phototagging
11536.236533333333	0.005033333334722556	trials	phototagging
11537.238066666669	0.004999999997380655	trials	phototagging
11538.239599999997	0.005000000004656613	trials	phototagging
11539.241133333333	0.004999999997380655	trials	phototagging
11540.242666666669	0.004999999997380655	trials	phototagging
11541.244199999997	0.005000000004656613	trials	phototagging
11542.245733333333	0.004999999997380655	trials	phototagging
11543.247266666662	0.005000000004656613	trials	phototagging
11544.248799999998	0.005000000004656613	trials	phototagging
11545.250299999996	0.005033333334722556	trials	phototagging
11546.251833333332	0.005033333334722556	trials	phototagging
11547.253366666668	0.004999999997380655	trials	phototagging
11548.254899999996	0.005000000004656613	trials	phototagging
11549.256433333332	0.004999999997380655	trials	phototagging
11550.257966666668	0.004999999997380655	trials	phototagging
11551.259499999996	0.005000000004656613	trials	phototagging
11552.261033333332	0.004999999997380655	trials	phototagging
11553.262566666668	0.004999999997380655	trials	phototagging
11554.264099999997	0.005000000004656613	trials	phototagging
11555.265633333333	0.004999999997380655	trials	phototagging
11556.267166666668	0.004999999997380655	trials	phototagging
11557.268699999997	0.005000000004656613	trials	phototagging
11558.270199999995	0.005000000004656613	trials	phototagging
11559.271733333331	0.004999999997380655	trials	phototagging
11560.273266666667	0.004999999997380655	trials	phototagging
11561.274799999996	0.005000000004656613	trials	phototagging
11572.29163333333	0.010033333332103211	trials	phototagging
11572.391800000001	0.00999999999476131	trials	phototagging
11572.491933333335	0.010033333332103211	trials	phototagging
11572.592099999998	0.010033333332103211	trials	phototagging
11572.692233333331	0.010033333332103211	trials	phototagging
11572.792400000002	0.00999999999476131	trials	phototagging
11572.892566666666	0.010000000002037268	trials	phototagging
11572.992699999999	0.010033333332103211	trials	phototagging
11573.092866666662	0.010000000002037268	trials	phototagging
11573.192999999996	0.010033333339379169	trials	phototagging
11573.293166666666	0.010000000002037268	trials	phototagging
11573.3933	0.010033333332103211	trials	phototagging
11573.493466666663	0.010033333332103211	trials	phototagging
11573.593633333334	0.00999999999476131	trials	phototagging
11573.693766666667	0.010033333332103211	trials	phototagging
11573.79393333333	0.010000000002037268	trials	phototagging
11573.894066666664	0.010033333332103211	trials	phototagging
11573.994233333335	0.00999999999476131	trials	phototagging
11574.094399999998	0.010000000002037268	trials	phototagging
11574.194533333331	0.010033333332103211	trials	phototagging
11574.294700000002	0.00999999999476131	trials	phototagging
11574.394833333336	0.010033333332103211	trials	phototagging
11574.494999999999	0.010033333332103211	trials	phototagging
11574.595133333332	0.010033333332103211	trials	phototagging
11574.695299999996	0.010033333339379169	trials	phototagging
11574.795466666666	0.010000000002037268	trials	phototagging
11574.8956	0.010033333332103211	trials	phototagging
11574.995766666663	0.010033333332103211	trials	phototagging
11575.095933333334	0.00999999999476131	trials	phototagging
11575.196066666667	0.010033333332103211	trials	phototagging
11691.139533333331	0.1001333333333605	trials	phototagging
11692.141066666667	0.1001333333333605	trials	phototagging
11693.142599999996	0.1001333333333605	trials	phototagging
11694.144100000001	0.10016666666342644	trials	phototagging
11695.14563333333	0.1001666666707024	trials	phototagging
11696.147166666666	0.10016666666342644	trials	phototagging
11697.148700000002	0.1001333333333605	trials	phototagging
11698.15023333333	0.1001666666707024	trials	phototagging
11699.151766666666	0.1001333333333605	trials	phototagging
11700.153300000002	0.1001333333333605	trials	phototagging
11701.1548	0.10016666666342644	trials	phototagging
11702.156333333329	0.1001666666707024	trials	phototagging
11713.173166666664	0.005000000004656613	trials	phototagging
11713.183166666666	0.005033333334722556	trials	phototagging
11713.193199999998	0.004999999997380655	trials	phototagging
11713.20323333333	0.004966666667314712	trials	phototagging
11713.213233333332	0.004999999997380655	trials	phototagging
11713.223233333334	0.004999999997380655	trials	phototagging
11713.233266666666	0.004999999997380655	trials	phototagging
11713.243266666668	0.0050333333274465986	trials	phototagging
11713.2533	0.004999999997380655	trials	phototagging
11713.263299999995	0.005000000004656613	trials	phototagging
11713.273333333334	0.004999999997380655	trials	phototagging
11713.28333333333	0.005000000004656613	trials	phototagging
11713.293333333331	0.005033333334722556	trials	phototagging
11713.303366666663	0.005000000004656613	trials	phototagging
11713.313366666665	0.005033333334722556	trials	phototagging
11713.323399999997	0.005000000004656613	trials	phototagging
11713.3334	0.005033333334722556	trials	phototagging
11713.343433333332	0.004999999997380655	trials	phototagging
11713.353433333334	0.004999999997380655	trials	phototagging
11713.363466666666	0.004999999997380655	trials	phototagging
11713.373466666668	0.0050333333274465986	trials	phototagging
11713.3835	0.004999999997380655	trials	phototagging
11713.393500000002	0.004999999997380655	trials	phototagging
11713.403533333334	0.004999999997380655	trials	phototagging
11713.413533333329	0.005000000004656613	trials	phototagging
11713.423566666668	0.004999999997380655	trials	phototagging
11713.433566666663	0.005000000004656613	trials	phototagging
11713.443599999995	0.005000000004656613	trials	phototagging
11713.453599999997	0.005000000004656613	trials	phototagging
11713.4636	0.005033333334722556	trials	phototagging
11723.48893333333	0.010000000002037268	trials	phototagging
11723.589066666664	0.010033333332103211	trials	phototagging
11723.689233333334	0.00999999999476131	trials	phototagging
11723.789366666668	0.010033333332103211	trials	phototagging
11723.889533333331	0.010033333332103211	trials	phototagging
11723.989666666665	0.010033333332103211	trials	phototagging
11724.089833333335	0.00999999999476131	trials	phototagging
11724.189999999999	0.010000000002037268	trials	phototagging
11724.290133333332	0.010033333332103211	trials	phototagging
11724.390299999995	0.010000000002037268	trials	phototagging
11724.490466666666	0.010000000002037268	trials	phototagging
11724.5906	0.010000000002037268	trials	phototagging
11724.690733333333	0.010033333332103211	trials	phototagging
11724.790899999996	0.010033333332103211	trials	phototagging
11724.891066666667	0.00999999999476131	trials	phototagging
11724.9912	0.010033333332103211	trials	phototagging
11725.091366666664	0.010033333332103211	trials	phototagging
11725.191499999997	0.010033333332103211	trials	phototagging
11725.291666666668	0.010033333332103211	trials	phototagging
11725.391833333331	0.010000000002037268	trials	phototagging
11725.491966666665	0.010033333332103211	trials	phototagging
11725.592133333335	0.00999999999476131	trials	phototagging
11725.692299999999	0.010000000002037268	trials	phototagging
11725.792433333332	0.010033333332103211	trials	phototagging
11725.892599999996	0.010000000002037268	trials	phototagging
11725.992733333329	0.010033333339379169	trials	phototagging
11726.0929	0.010000000002037268	trials	phototagging
11726.193033333333	0.010033333332103211	trials	phototagging
11726.293199999996	0.010033333332103211	trials	phototagging
11726.393366666667	0.00999999999476131	trials	phototagging
11736.5088	0.004999999997380655	trials	phototagging
11737.510333333335	0.004999999997380655	trials	phototagging
11738.511866666664	0.005000000004656613	trials	phototagging
11739.5134	0.004999999997380655	trials	phototagging
11740.514933333328	0.005000000004656613	trials	phototagging
11741.516433333334	0.005033333334722556	trials	phototagging
11742.517966666663	0.005033333334722556	trials	phototagging
11743.519499999999	0.004999999997380655	trials	phototagging
11744.521033333334	0.004999999997380655	trials	phototagging
11745.522566666663	0.005000000004656613	trials	phototagging
11746.524099999999	0.004999999997380655	trials	phototagging
11747.525633333335	0.004999999997380655	trials	phototagging
11748.527166666663	0.005000000004656613	trials	phototagging
11749.528666666669	0.0050333333274465986	trials	phototagging
11750.530199999997	0.005033333334722556	trials	phototagging
11751.531733333333	0.005033333334722556	trials	phototagging
11752.533266666662	0.005000000004656613	trials	phototagging
11753.534799999998	0.005000000004656613	trials	phototagging
11754.536333333333	0.004999999997380655	trials	phototagging
11755.537866666662	0.005000000004656613	trials	phototagging
11756.539399999998	0.004999999997380655	trials	phototagging
11757.540899999996	0.005033333334722556	trials	phototagging
11758.542433333332	0.005033333334722556	trials	phototagging
11759.543966666668	0.004999999997380655	trials	phototagging
11760.545499999997	0.005000000004656613	trials	phototagging
11761.547033333332	0.004999999997380655	trials	phototagging
11762.548566666668	0.004999999997380655	trials	phototagging
11763.550099999997	0.005000000004656613	trials	phototagging
11764.551633333333	0.004999999997380655	trials	phototagging
11765.553133333331	0.005033333334722556	trials	phototagging
11776.569966666666	0.004999999997380655	trials	phototagging
11777.571500000002	0.004999999997380655	trials	phototagging
11778.57303333333	0.005000000004656613	trials	phototagging
11779.574566666666	0.004999999997380655	trials	phototagging
11780.576100000002	0.004999999997380655	trials	phototagging
11781.5776	0.005033333334722556	trials	phototagging
11782.579133333329	0.005033333334722556	trials	phototagging
11783.580666666665	0.005033333334722556	trials	phototagging
11784.5822	0.005033333334722556	trials	phototagging
11785.58373333333	0.005000000004656613	trials	phototagging
11786.585266666665	0.004999999997380655	trials	phototagging
11787.586800000001	0.004999999997380655	trials	phototagging
11788.58833333333	0.005000000004656613	trials	phototagging
11789.589866666665	0.004999999997380655	trials	phototagging
11790.591366666664	0.005033333334722556	trials	phototagging
11791.5929	0.004999999997380655	trials	phototagging
11792.594433333335	0.004999999997380655	trials	phototagging
11793.595966666664	0.005000000004656613	trials	phototagging
11794.5975	0.004999999997380655	trials	phototagging
11795.599033333328	0.005000000004656613	trials	phototagging
11796.600566666664	0.005000000004656613	trials	phototagging
11797.602066666663	0.005033333334722556	trials	phototagging
11798.603633333329	0.005000000004656613	trials	phototagging
11799.605133333334	0.0050333333274465986	trials	phototagging
11800.606666666663	0.005033333334722556	trials	phototagging
11801.608199999999	0.004999999997380655	trials	phototagging
11802.609733333335	0.004999999997380655	trials	phototagging
11803.611266666663	0.005000000004656613	trials	phototagging
11804.612799999999	0.004999999997380655	trials	phototagging
11805.614299999997	0.005033333334722556	trials	phototagging
11816.631133333332	0.010033333332103211	trials	phototagging
11816.731299999996	0.010000000002037268	trials	phototagging
11816.831466666667	0.010000000002037268	trials	phototagging
11816.9316	0.010000000002037268	trials	phototagging
11817.031733333333	0.010033333332103211	trials	phototagging
11817.131899999997	0.010033333332103211	trials	phototagging
11817.232066666667	0.00999999999476131	trials	phototagging
11817.3322	0.010033333332103211	trials	phototagging
11817.432366666664	0.010033333332103211	trials	phototagging
11817.532533333335	0.00999999999476131	trials	phototagging
11817.632666666668	0.010033333332103211	trials	phototagging
11817.732833333332	0.010000000002037268	trials	phototagging
11817.832966666665	0.010033333332103211	trials	phototagging
11817.933133333328	0.010000000002037268	trials	phototagging
11818.0333	0.010000000002037268	trials	phototagging
11818.133433333333	0.010033333332103211	trials	phototagging
11818.233599999996	0.010000000002037268	trials	phototagging
11818.33373333333	0.010033333339379169	trials	phototagging
11818.4339	0.010000000002037268	trials	phototagging
11818.534033333333	0.010033333332103211	trials	phototagging
11818.634199999997	0.010033333332103211	trials	phototagging
11818.734366666667	0.00999999999476131	trials	phototagging
11818.8345	0.010033333332103211	trials	phototagging
11818.934666666664	0.010000000002037268	trials	phototagging
11819.034799999998	0.010033333332103211	trials	phototagging
11819.134966666668	0.00999999999476131	trials	phototagging
11819.235133333332	0.010000000002037268	trials	phototagging
11819.335266666665	0.010033333332103211	trials	phototagging
11819.435433333329	0.010000000002037268	trials	phototagging
11819.535566666662	0.010033333339379169	trials	phototagging
11829.651033333332	0.004999999997380655	trials	phototagging
11830.652566666668	0.004999999997380655	trials	phototagging
11831.654066666666	0.005033333334722556	trials	phototagging
11832.655600000002	0.0050333333274465986	trials	phototagging
11833.65713333333	0.005000000004656613	trials	phototagging
11834.658666666666	0.004999999997380655	trials	phototagging
11835.660200000002	0.004999999997380655	trials	phototagging
11836.66173333333	0.005000000004656613	trials	phototagging
11837.663266666666	0.004999999997380655	trials	phototagging
11838.664800000002	0.004999999997380655	trials	phototagging
11839.6663	0.005033333334722556	trials	phototagging
11840.66783333333	0.005033333334722556	trials	phototagging
11841.669366666665	0.004999999997380655	trials	phototagging
11842.670900000001	0.004999999997380655	trials	phototagging
11843.67243333333	0.005000000004656613	trials	phototagging
11844.673966666665	0.004999999997380655	trials	phototagging
11845.675500000001	0.004999999997380655	trials	phototagging
11846.67703333333	0.005000000004656613	trials	phototagging
11847.678533333336	0.0050333333274465986	trials	phototagging
11848.680066666664	0.005033333334722556	trials	phototagging
11849.6816	0.004999999997380655	trials	phototagging
11850.683133333328	0.005000000004656613	trials	phototagging
11851.684666666664	0.005000000004656613	trials	phototagging
11852.6862	0.004999999997380655	trials	phototagging
11853.687733333329	0.005000000004656613	trials	phototagging
11854.689266666664	0.004999999997380655	trials	phototagging
11855.690766666663	0.005033333334722556	trials	phototagging
11856.692299999999	0.005033333334722556	trials	phototagging
11857.693833333335	0.004999999997380655	trials	phototagging
11858.695366666663	0.005000000004656613	trials	phototagging
11869.712199999998	0.004999999997380655	trials	phototagging
11869.7222	0.004999999997380655	trials	phototagging
11869.732200000002	0.0050333333274465986	trials	phototagging
11869.742233333334	0.004999999997380655	trials	phototagging
11869.752266666666	0.004999999997380655	trials	phototagging
11869.762266666668	0.004999999997380655	trials	phototagging
11869.772266666663	0.005033333334722556	trials	phototagging
11869.782299999995	0.005000000004656613	trials	phototagging
11869.792299999997	0.005033333334722556	trials	phototagging
11869.80233333333	0.005000000004656613	trials	phototagging
11869.812333333331	0.005033333334722556	trials	phototagging
11869.822366666664	0.005000000004656613	trials	phototagging
11869.832366666666	0.004999999997380655	trials	phototagging
11869.842399999998	0.004999999997380655	trials	phototagging
11869.8524	0.004999999997380655	trials	phototagging
11869.862400000002	0.0050333333274465986	trials	phototagging
11869.872433333334	0.004999999997380655	trials	phototagging
11869.882433333329	0.005033333334722556	trials	phototagging
11869.892466666668	0.004999999997380655	trials	phototagging
11869.902466666663	0.005000000004656613	trials	phototagging
11869.912500000002	0.004999999997380655	trials	phototagging
11869.922499999997	0.005000000004656613	trials	phototagging
11869.932533333329	0.005000000004656613	trials	phototagging
11869.942533333331	0.004999999997380655	trials	phototagging
11869.952566666663	0.005000000004656613	trials	phototagging
11869.962566666665	0.004999999997380655	trials	phototagging
11869.972566666667	0.005033333334722556	trials	phototagging
11869.9826	0.004999999997380655	trials	phototagging
11869.992600000001	0.0050333333274465986	trials	phototagging
11870.002633333334	0.004999999997380655	trials	phototagging
11880.027933333335	0.010033333332103211	trials	phototagging
11880.128099999998	0.010000000002037268	trials	phototagging
11880.228233333331	0.010033333332103211	trials	phototagging
11880.328400000002	0.00999999999476131	trials	phototagging
11880.428566666666	0.010000000002037268	trials	phototagging
11880.528699999999	0.010033333332103211	trials	phototagging
11880.628866666662	0.010000000002037268	trials	phototagging
11880.728999999996	0.010033333339379169	trials	phototagging
11880.829166666666	0.010000000002037268	trials	phototagging
11880.9293	0.010033333332103211	trials	phototagging
11881.029466666663	0.010033333332103211	trials	phototagging
11881.129633333334	0.00999999999476131	trials	phototagging
11881.229766666667	0.010033333332103211	trials	phototagging
11881.32993333333	0.010000000002037268	trials	phototagging
11881.430066666664	0.010033333332103211	trials	phototagging
11881.530233333335	0.00999999999476131	trials	phototagging
11881.630399999998	0.010000000002037268	trials	phototagging
11881.730533333332	0.010033333332103211	trials	phototagging
11881.830700000002	0.00999999999476131	trials	phototagging
11881.930833333336	0.010033333332103211	trials	phototagging
11882.030999999999	0.010000000002037268	trials	phototagging
11882.131166666662	0.010000000002037268	trials	phototagging
11882.231299999996	0.010033333339379169	trials	phototagging
11882.331466666667	0.010000000002037268	trials	phototagging
11882.4316	0.010033333332103211	trials	phototagging
11882.531766666663	0.010000000002037268	trials	phototagging
11882.631899999997	0.010033333332103211	trials	phototagging
11882.732066666667	0.00999999999476131	trials	phototagging
11882.83223333333	0.010000000002037268	trials	phototagging
11882.932366666664	0.010033333332103211	trials	phototagging
11893.047799999997	0.1001666666707024	trials	phototagging
11894.049333333332	0.10016666666342644	trials	phototagging
11895.050866666668	0.10016666666342644	trials	phototagging
11896.052399999997	0.1001333333333605	trials	phototagging
11897.053933333333	0.1001333333333605	trials	phototagging
11898.055466666669	0.1001333333333605	trials	phototagging
11899.056999999997	0.1001333333333605	trials	phototagging
11900.058499999996	0.1001666666707024	trials	phototagging
11901.060033333331	0.1001666666707024	trials	phototagging
11902.061566666667	0.10016666666342644	trials	phototagging
11903.063099999996	0.1001666666707024	trials	phototagging
11904.064633333332	0.1001333333333605	trials	phototagging
11915.081466666667	0.004999999997380655	trials	phototagging
11915.091466666669	0.004999999997380655	trials	phototagging
11915.101466666663	0.005033333334722556	trials	phototagging
11915.111499999995	0.005000000004656613	trials	phototagging
11915.121499999997	0.005033333334722556	trials	phototagging
11915.13153333333	0.005000000004656613	trials	phototagging
11915.141533333332	0.005033333334722556	trials	phototagging
11915.151566666664	0.005000000004656613	trials	phototagging
11915.161566666666	0.004999999997380655	trials	phototagging
11915.171599999998	0.004999999997380655	trials	phototagging
11915.1816	0.004999999997380655	trials	phototagging
11915.191633333332	0.004999999997380655	trials	phototagging
11915.201633333334	0.004999999997380655	trials	phototagging
11915.211633333329	0.005033333334722556	trials	phototagging
11915.221666666668	0.004999999997380655	trials	phototagging
11915.231666666663	0.005033333334722556	trials	phototagging
11915.241699999995	0.005000000004656613	trials	phototagging
11915.251699999997	0.005000000004656613	trials	phototagging
11915.26173333333	0.005000000004656613	trials	phototagging
11915.271733333331	0.004999999997380655	trials	phototagging
11915.281766666663	0.005000000004656613	trials	phototagging
11915.291766666665	0.004999999997380655	trials	phototagging
11915.301766666667	0.005033333334722556	trials	phototagging
11915.3118	0.004999999997380655	trials	phototagging
11915.321800000002	0.0050333333274465986	trials	phototagging
11915.331833333334	0.004999999997380655	trials	phototagging
11915.341833333328	0.005000000004656613	trials	phototagging
11915.351866666668	0.004999999997380655	trials	phototagging
11915.361866666663	0.005000000004656613	trials	phototagging
11915.371900000002	0.004999999997380655	trials	phototagging
11925.397199999996	0.1001333333333605	trials	phototagging
11926.398733333332	0.1001333333333605	trials	phototagging
11927.400266666667	0.1001333333333605	trials	phototagging
11928.401766666666	0.10016666666342644	trials	phototagging
11929.403300000002	0.10016666666342644	trials	phototagging
11930.40483333333	0.1001666666707024	trials	phototagging
11931.406366666666	0.10016666666342644	trials	phototagging
11932.407900000002	0.10016666666342644	trials	phototagging
11933.40943333333	0.1001333333333605	trials	phototagging
11934.410966666666	0.1001333333333605	trials	phototagging
11935.412500000002	0.1001333333333605	trials	phototagging
11936.41403333333	0.1001333333333605	trials	phototagging
11947.430833333336	0.010033333332103211	trials	phototagging
11947.530999999999	0.010000000002037268	trials	phototagging
11947.631133333332	0.010033333332103211	trials	phototagging
11947.731299999996	0.010000000002037268	trials	phototagging
11947.83143333333	0.010033333339379169	trials	phototagging
11947.9316	0.010000000002037268	trials	phototagging
11948.031766666663	0.010000000002037268	trials	phototagging
11948.131899999997	0.010033333332103211	trials	phototagging
11948.232066666667	0.00999999999476131	trials	phototagging
11948.3322	0.010033333332103211	trials	phototagging
11948.432366666664	0.010000000002037268	trials	phototagging
11948.532499999998	0.010033333332103211	trials	phototagging
11948.632666666668	0.010033333332103211	trials	phototagging
11948.732833333332	0.010000000002037268	trials	phototagging
11948.832966666665	0.010033333332103211	trials	phototagging
11948.933133333328	0.010000000002037268	trials	phototagging
11949.033266666662	0.010033333339379169	trials	phototagging
11949.133433333333	0.010000000002037268	trials	phototagging
11949.233599999996	0.010000000002037268	trials	phototagging
11949.33373333333	0.010033333339379169	trials	phototagging
11949.4339	0.010000000002037268	trials	phototagging
11949.534033333333	0.010033333332103211	trials	phototagging
11949.634199999997	0.010000000002037268	trials	phototagging
11949.73433333333	0.010033333332103211	trials	phototagging
11949.8345	0.010033333332103211	trials	phototagging
11949.934666666664	0.010000000002037268	trials	phototagging
11950.034799999998	0.010033333332103211	trials	phototagging
11950.134966666668	0.00999999999476131	trials	phototagging
11950.235100000002	0.010033333332103211	trials	phototagging
11950.335266666665	0.010000000002037268	trials	phototagging
11960.450699999998	0.005000000004656613	trials	phototagging
11961.452233333333	0.004999999997380655	trials	phototagging
11962.453766666662	0.005000000004656613	trials	phototagging
11963.455299999998	0.004999999997380655	trials	phototagging
11964.456833333334	0.004999999997380655	trials	phototagging
11965.458366666662	0.005000000004656613	trials	phototagging
11966.459899999998	0.004999999997380655	trials	phototagging
11967.461433333334	0.004999999997380655	trials	phototagging
11968.462933333332	0.005033333334722556	trials	phototagging
11969.464466666668	0.0050333333274465986	trials	phototagging
11970.465999999997	0.005000000004656613	trials	phototagging
11971.467533333333	0.004999999997380655	trials	phototagging
11972.469066666668	0.004999999997380655	trials	phototagging
11973.470599999997	0.005000000004656613	trials	phototagging
11974.472133333333	0.004999999997380655	trials	phototagging
11975.473633333331	0.004999999997380655	trials	phototagging
11976.475166666667	0.004999999997380655	trials	phototagging
11977.476699999996	0.005000000004656613	trials	phototagging
11978.478233333331	0.004999999997380655	trials	phototagging
11979.479766666667	0.004999999997380655	trials	phototagging
11980.481299999996	0.005000000004656613	trials	phototagging
11981.482833333332	0.004999999997380655	trials	phototagging
11982.484366666667	0.004999999997380655	trials	phototagging
11983.485866666666	0.005033333334722556	trials	phototagging
11984.487400000002	0.0050333333274465986	trials	phototagging
11985.48893333333	0.005033333334722556	trials	phototagging
11986.490466666666	0.004999999997380655	trials	phototagging
11987.492000000002	0.004999999997380655	trials	phototagging
11988.49353333333	0.005000000004656613	trials	phototagging
11989.495033333329	0.005033333334722556	trials	phototagging
12000.511866666664	0.005000000004656613	trials	phototagging
12001.5134	0.004999999997380655	trials	phototagging
12002.514933333328	0.005000000004656613	trials	phototagging
12003.516466666664	0.005000000004656613	trials	phototagging
12004.518	0.004999999997380655	trials	phototagging
12005.519533333329	0.005000000004656613	trials	phototagging
12006.521033333334	0.0050333333274465986	trials	phototagging
12007.522566666663	0.005000000004656613	trials	phototagging
12008.524099999999	0.005033333334722556	trials	phototagging
12009.525633333335	0.004999999997380655	trials	phototagging
12010.527166666663	0.005000000004656613	trials	phototagging
12011.528699999999	0.004999999997380655	trials	phototagging
12012.530233333335	0.004999999997380655	trials	phototagging
12013.531733333333	0.005033333334722556	trials	phototagging
12014.533266666662	0.005033333334722556	trials	phototagging
12015.534799999998	0.005000000004656613	trials	phototagging
12016.536333333333	0.004999999997380655	trials	phototagging
12017.537866666662	0.005000000004656613	trials	phototagging
12018.539399999998	0.004999999997380655	trials	phototagging
12019.540933333334	0.004999999997380655	trials	phototagging
12020.542466666662	0.005000000004656613	trials	phototagging
12021.543966666668	0.0050333333274465986	trials	phototagging
12022.545499999997	0.005033333334722556	trials	phototagging
12023.547033333332	0.004999999997380655	trials	phototagging
12024.548566666668	0.004999999997380655	trials	phototagging
12025.550099999997	0.005000000004656613	trials	phototagging
12026.551633333333	0.004999999997380655	trials	phototagging
12027.553166666668	0.004999999997380655	trials	phototagging
12028.554699999997	0.005000000004656613	trials	phototagging
12029.556199999995	0.005033333334722556	trials	phototagging
12040.57303333333	0.010000000002037268	trials	phototagging
12040.673200000001	0.00999999999476131	trials	phototagging
12040.773333333334	0.010033333332103211	trials	phototagging
12040.873499999998	0.010000000002037268	trials	phototagging
12040.973633333331	0.010033333332103211	trials	phototagging
12041.073800000002	0.00999999999476131	trials	phototagging
12041.173933333335	0.010033333332103211	trials	phototagging
12041.274099999999	0.010033333332103211	trials	phototagging
12041.374266666662	0.010000000002037268	trials	phototagging
12041.474399999996	0.010033333339379169	trials	phototagging
12041.574566666666	0.010000000002037268	trials	phototagging
12041.67473333333	0.010000000002037268	trials	phototagging
12041.774866666663	0.010000000002037268	trials	phototagging
12041.875033333334	0.00999999999476131	trials	phototagging
12041.975166666667	0.010033333332103211	trials	phototagging
12042.07533333333	0.010000000002037268	trials	phototagging
12042.175466666664	0.010033333332103211	trials	phototagging
12042.275633333335	0.00999999999476131	trials	phototagging
12042.375799999998	0.010000000002037268	trials	phototagging
12042.475933333331	0.010033333332103211	trials	phototagging
12042.576100000002	0.00999999999476131	trials	phototagging
12042.676233333335	0.010033333332103211	trials	phototagging
12042.776399999999	0.010000000002037268	trials	phototagging
12042.876566666662	0.010000000002037268	trials	phototagging
12042.976699999996	0.010033333339379169	trials	phototagging
12043.076866666666	0.010000000002037268	trials	phototagging
12043.177	0.010033333332103211	trials	phototagging
12043.277166666663	0.010000000002037268	trials	phototagging
12043.377299999996	0.010033333332103211	trials	phototagging
12043.477466666667	0.010033333332103211	trials	phototagging
