onset	duration	nwb_table	trial_type
120.74053333333335	0.37999999999999545	trials	shock_relay
146.4307	0.2300333333333242	trials	port_entry
184.11079999999998	2.419933333333347	trials	port_entry
186.70080000000002	0.6800000000000068	trials	port_entry
187.7108	0.029999999999972715	trials	port_entry
244.98096666666663	1.5	trials	port_entry
246.74096666666668	1.2399999999999523	trials	port_entry
248.07096666666666	0.0999999999999659	trials	port_entry
249.87099999999998	0.18999999999999773	trials	port_entry
251.56096666666667	0.01999999999998181	trials	port_entry
253.69099999999997	0.5999666666666599	trials	port_entry
272.07099999999997	0.18000000000000682	trials	port_entry
295.17106666666666	1.080033333333347	trials	port_entry
298.18109999999996	0.28000000000002956	trials	port_entry
338.8612	0.35003333333332876	trials	port_entry
340.26123333333334	0.049999999999954525	trials	port_entry
340.5212333333333	0.06999999999999318	trials	port_entry
340.6112333333333	0.18000000000000682	trials	port_entry
341.1812333333333	0.08993333333336295	trials	port_entry
342.58126666666664	1.3599666666667076	trials	reward_stimulus_presentation
343.5412666666667	2.9699666666666644	trials	port_entry
343.58123333333333	0.8000000000000114	trials	reward_delivery
347.1612333333333	0.12000000000000455	trials	port_entry
347.4312333333333	0.25	trials	port_entry
347.7312333333333	1.0900000000000318	trials	port_entry
364.3413	0.43996666666663486	trials	port_entry
378.0713333333333	0.01999999999998181	trials	port_entry
378.11133333333333	0.2699999999999818	trials	port_entry
396.6814	0.24996666666663714	trials	port_entry
397.5813333333333	0.2100333333333424	trials	port_entry
432.5815	5.719933333333302	trials	reward_stimulus_presentation
433.5815	0.7999999999999545	trials	reward_delivery
437.9015	0.08999999999997499	trials	port_entry
438.07149999999996	5.6100333333333765	trials	port_entry
447.61153333333334	1.1899666666666349	trials	port_entry
448.8315	0.049999999999954525	trials	port_entry
520.9217333333333	10.509999999999991	trials	port_entry
522.5818	11.299966666666705	trials	reward_stimulus_presentation
523.5817333333334	0.7999999999999545	trials	reward_delivery
533.4817333333334	0.8300333333332901	trials	port_entry
563.7418333333334	3.0499999999999545	trials	port_entry
567.8618666666667	0.23993333333328337	trials	port_entry
569.5918666666668	0.17999999999994998	trials	port_entry
578.4119000000001	0.39999999999997726	trials	port_entry
583.3819000000001	0.1999999999999318	trials	port_entry
612.552	1.9400333333333037	trials	port_entry
612.5820333333334	20.000099999999975	trials	neutral_stimulus_presentation
627.7719666666667	0.07006666666666206	trials	port_entry
640.1620666666668	0.23996666666664623	trials	port_entry
644.3521000000001	0.22993333333329247	trials	port_entry
648.0921333333333	0.35996666666676447	trials	port_entry
650.2620666666667	1.9700333333333901	trials	port_entry
653.2321000000001	1.740000000000009	trials	port_entry
658.4120666666668	0.270033333333231	trials	port_entry
661.9021666666667	0.09999999999990905	trials	port_entry
666.5621666666667	0.3899666666666235	trials	port_entry
696.8322333333334	11.190033333333304	trials	port_entry
697.5822666666667	20.000033333333363	trials	reward_stimulus_presentation
698.5822333333334	0.7999999999999545	trials	reward_delivery
725.4323333333334	1.8299999999999272	trials	port_entry
727.4523333333334	0.07999999999992724	trials	port_entry
727.5523333333334	5.9799999999999045	trials	port_entry
734.1923333333334	5.370033333333254	trials	port_entry
739.6523666666667	0.05000000000006821	trials	port_entry
739.7223666666667	0.049999999999954525	trials	port_entry
739.8323666666668	0.01999999999998181	trials	port_entry
740.1123666666667	0.17999999999994998	trials	port_entry
740.3423666666667	0.14999999999997726	trials	port_entry
741.3723666666667	0.01999999999998181	trials	port_entry
741.8323666666668	0.2099999999999227	trials	port_entry
742.0923666666667	0.2299999999999045	trials	port_entry
742.4523	0.9800666666666302	trials	port_entry
744.0523666666667	0.09000000000003183	trials	port_entry
744.5823666666668	0.37000000000000455	trials	port_entry
765.2224	0.4600666666667621	trials	port_entry
770.4124333333334	0.5199999999999818	trials	port_entry
771.0324666666667	0.2599999999999909	trials	port_entry
771.4024333333334	0.2800333333333356	trials	port_entry
772.6024666666667	0.029966666666609854	trials	port_entry
778.8924666666667	2.300000000000068	trials	port_entry
782.9924666666667	0.6400333333333492	trials	port_entry
783.6524666666667	0.10000000000002274	trials	port_entry
787.5825333333333	20.012733333333358	trials	shock_stimulus_presentation
801.6525333333334	0.4900000000000091	trials	port_entry
804.4425333333334	2.009999999999991	trials	port_entry
807.3825333333334	0.30999999999994543	trials	shock_relay
844.6726666666667	1.1299999999999955	trials	port_entry
849.5726333333333	0.0900333333333947	trials	port_entry
882.5928333333334	3.609966666666651	trials	reward_stimulus_presentation
883.5928333333334	0.7999333333333425	trials	reward_delivery
885.8027666666667	0.1100333333333765	trials	port_entry
885.9527666666667	5.830000000000041	trials	port_entry
897.7528333333333	1.2799666666667235	trials	port_entry
902.1428000000001	0.1999666666666826	trials	port_entry
902.3928000000001	0.12000000000000455	trials	port_entry
955.5529666666667	0.09993333333329701	trials	port_entry
955.6729666666668	0.0700333333332992	trials	port_entry
955.7829666666667	1.4400000000000546	trials	port_entry
957.3129666666667	95.82029999999997	trials	port_entry
972.5930666666667	20.000033333333363	trials	neutral_stimulus_presentation
1052.5933	1.6899666666668054	trials	reward_stimulus_presentation
1053.5932666666668	0.7999999999999545	trials	reward_delivery
1053.8832666666667	7.9700333333332765	trials	port_entry
1061.8932666666667	0.050033333333431074	trials	port_entry
1062.0033	0.02996666666672354	trials	port_entry
1063.8232333333333	0.9400333333333037	trials	port_entry
1069.6933000000001	1.599999999999909	trials	port_entry
1072.8933	0.1899666666668054	trials	port_entry
1073.2632666666666	0.03000000000020009	trials	port_entry
1073.3132666666668	0.16003333333333103	trials	port_entry
1088.0533	0.26006666666671663	trials	port_entry
1088.9533666666666	0.13000000000010914	trials	port_entry
1089.1133666666667	0.06003333333342198	trials	port_entry
1089.2533333333333	0.30999999999994543	trials	port_entry
1089.6933333333334	0.19000000000005457	trials	port_entry
1104.3934	0.20000000000004547	trials	port_entry
1105.8834	0.09000000000014552	trials	port_entry
1106.0834	17.090066666666644	trials	port_entry
1123.8334666666667	0.7999666666667054	trials	port_entry
1124.6634000000001	0.05006666666668025	trials	port_entry
1124.7334666666668	0.07999999999992724	trials	port_entry
1126.2634666666668	0.14999999999986358	trials	port_entry
1126.4934666666668	1.8599666666666508	trials	port_entry
1128.5234333333333	20.500099999999975	trials	port_entry
1142.5935666666667	20.001933333333454	trials	shock_stimulus_presentation
1150.3035	1.740000000000009	trials	port_entry
1162.3936333333334	0.2999333333334562	trials	shock_relay
1180.6936333333333	0.22000000000002728	trials	port_entry
1181.0936333333334	0.23996666666653255	trials	port_entry
1181.4736333333333	2.759999999999991	trials	port_entry
1184.3136666666667	0.8099999999999454	trials	port_entry
1185.2436333333333	2.7300333333334947	trials	port_entry
1188.0236666666667	0.2999999999999545	trials	port_entry
1188.4136666666668	0.10999999999989996	trials	port_entry
1188.5836	7.160066666666808	trials	port_entry
1195.7837	0.0500000000001819	trials	port_entry
1195.9336666666668	0.15999999999985448	trials	port_entry
1196.1236666666666	46.780133333333424	trials	port_entry
1242.5938333333334	1.1599666666666053	trials	reward_stimulus_presentation
1243.3538	8.580033333333176	trials	port_entry
1243.5938	0.7999999999999545	trials	reward_delivery
1253.8038666666666	0.9100000000000819	trials	port_entry
1256.4038666666668	0.09999999999990905	trials	port_entry
1259.8938666666668	0.1399666666666235	trials	port_entry
1280.0739666666668	0.03996666666648707	trials	port_entry
1285.3139	0.3000333333332037	trials	port_entry
1290.8339666666668	0.2199999999997999	trials	port_entry
1291.2939666666666	9.940033333333531	trials	port_entry
1301.714	0.14000000000010004	trials	port_entry
1301.874	0.7799999999999727	trials	port_entry
1309.5340333333334	7.150000000000091	trials	port_entry
1317.1040333333333	0.4700000000000273	trials	port_entry
1317.5940333333333	0.6200000000001182	trials	port_entry
1318.4040333333335	37.21010000000001	trials	port_entry
1332.5941333333333	20.0	trials	neutral_stimulus_presentation
1355.9641333333334	18.130066666666607	trials	port_entry
1374.1642	35.55010000000016	trials	port_entry
1409.7743	0.10999999999989996	trials	port_entry
1410.2343	13.100033333333386	trials	port_entry
1422.5943333333335	1.4600333333332856	trials	reward_stimulus_presentation
1423.5943666666667	0.7999999999999545	trials	reward_delivery
1423.6543666666666	9.170000000000073	trials	port_entry
1434.7143666666668	2.1699999999998454	trials	port_entry
1436.9343333333334	0.04003333333344017	trials	port_entry
1436.9943333333333	0.44003333333330374	trials	port_entry
1437.6943666666666	23.58010000000013	trials	port_entry
1461.2944666666667	60.49016666666671	trials	port_entry
1512.5946666666666	20.002266666666856	trials	shock_stimulus_presentation
1525.7746666666667	0.07999999999992724	trials	port_entry
1529.2946333333334	0.2999999999999545	trials	port_entry
1530.0846666666666	0.18003333333331284	trials	port_entry
1532.3947	0.29996666666670535	trials	shock_relay
1532.5547000000001	0.029966666666496167	trials	port_entry
1542.6747	0.2699999999999818	trials	port_entry
1560.0548000000001	0.7199333333333016	trials	port_entry
1562.2747666666667	93.2302666666667	trials	port_entry
1597.5949	20.00003333333325	trials	neutral_stimulus_presentation
1655.525	0.05019999999990432	trials	port_entry
1655.8550333333333	20.120033333333367	trials	port_entry
1675.9950666666666	0.060000000000172804	trials	port_entry
1676.1250666666667	0.06999999999993634	trials	port_entry
1676.2650666666666	0.050033333333431074	trials	port_entry
1676.5250333333333	20.530099999999948	trials	port_entry
1687.5951666666667	20.001933333333227	trials	shock_stimulus_presentation
1707.3952666666667	0.2999999999999545	trials	shock_relay
1718.8252333333335	0.47996666666654164	trials	port_entry
1720.1652333333334	0.3499666666666599	trials	port_entry
1722.7952666666667	0.5699333333332106	trials	port_entry
1723.5052333333333	0.15003333333334012	trials	port_entry
1724.7452666666668	57.09019999999987	trials	port_entry
1781.8654666666666	20.710033333333513	trials	port_entry
1782.5954666666667	20.00226666666663	trials	shock_stimulus_presentation
1802.3955	0.2999999999999545	trials	shock_relay
1812.1755	0.270033333333231	trials	port_entry
1872.5957333333333	20.000033333333477	trials	neutral_stimulus_presentation
1952.5959666666668	20.000066666666726	trials	reward_stimulus_presentation
1953.5959	0.8000333333334311	trials	reward_delivery
2042.5962333333332	20.000033333333704	trials	neutral_stimulus_presentation
2101.4863666666665	9.540033333333668	trials	port_entry
2111.066366666667	0.21003333333328555	trials	port_entry
2112.8764	127.88040000000001	trials	port_entry
2142.5965333333334	20.00003333333325	trials	neutral_stimulus_presentation
2232.5968000000003	20.00196666666625	trials	shock_stimulus_presentation
2252.3968666666665	0.3000333333334311	trials	shock_relay
2253.0868666666665	0.2099666666667872	trials	port_entry
2253.3168333333333	0.2899999999999636	trials	port_entry
2254.4468333333334	1.3600000000001273	trials	port_entry
2256.8368333333333	195.03060000000005	trials	port_entry
2322.5971	20.00003333333325	trials	reward_stimulus_presentation
2323.5970666666667	0.799966666666478	trials	reward_delivery
2412.597366666667	20.0000666666665	trials	reward_stimulus_presentation
2453.4374333333335	0.13999999999987267	trials	port_entry
2453.6074333333336	4.5300333333329945	trials	port_entry
2458.2474666666667	132.64043333333348	trials	port_entry
2497.5976	20.0000666666665	trials	neutral_stimulus_presentation
2587.5979	8.009999999999764	trials	reward_stimulus_presentation
2588.5978666666665	0.8000000000001819	trials	reward_delivery
2595.2079	0.45000000000027285	trials	port_entry
2596.1979	0.07999999999992724	trials	port_entry
2596.4379	0.25	trials	port_entry
2596.737866666667	5.62003333333314	trials	port_entry
2602.7079333333336	0.13999999999987267	trials	port_entry
2602.9079	1.099999999999909	trials	port_entry
2650.1381	0.029966666666496167	trials	port_entry
2650.3180666666667	34.57006666666666	trials	port_entry
2682.5981333333334	5.880033333333358	trials	reward_stimulus_presentation
2683.5981333333334	0.8000000000001819	trials	reward_delivery
2688.0781666666667	0.07000000000016371	trials	port_entry
2688.2581666666665	0.06000000000040018	trials	port_entry
2688.3382	0.039966666666714445	trials	port_entry
2689.148166666667	0.15999999999985448	trials	port_entry
2690.318166666667	0.07999999999992724	trials	port_entry
2690.4183	0.01986666666698511	trials	port_entry
2690.4781666666668	0.04999999999972715	trials	port_entry
2693.128166666667	0.03999999999996362	trials	port_entry
2693.1881333333336	0.07999999999992724	trials	port_entry
2696.0482	0.03999999999996362	trials	port_entry
2696.1082	96.45029999999997	trials	port_entry
2772.598466666667	20.001833333333252	trials	shock_stimulus_presentation
2792.3985000000002	0.29999999999972715	trials	shock_relay
2792.578466666667	0.030033333332994516	trials	port_entry
2815.298566666667	4.069999999999709	trials	port_entry
2821.1385666666665	0.17000000000007276	trials	port_entry
2852.5987	20.0000666666665	trials	neutral_stimulus_presentation
2942.598966666667	20.000099999999748	trials	neutral_stimulus_presentation
3042.5993	20.00290000000041	trials	shock_stimulus_presentation
3062.3994000000002	0.299966666666478	trials	shock_relay
3063.3693	0.050033333333431074	trials	port_entry
3063.4593333333332	0.06996666666691453	trials	port_entry
3132.5995666666668	20.00003333333325	trials	neutral_stimulus_presentation
3218.4998	14.62003333333314	trials	port_entry
3222.599866666667	13.559966666666242	trials	reward_stimulus_presentation
3223.5998	0.8000333333334311	trials	reward_delivery
3235.7598333333335	9.450066666666316	trials	port_entry
3273.109966666667	0.169999999999618	trials	port_entry
3273.3299666666667	0.8299999999999272	trials	port_entry
3274.1799666666666	58.470166666666955	trials	port_entry
3312.6001666666666	20.002833333333456	trials	shock_stimulus_presentation
3332.400166666667	0.29999999999972715	trials	shock_relay
3387.010366666667	1.2699666666667326	trials	port_entry
3391.2903333333334	0.4600000000000364	trials	port_entry
3391.7703333333334	0.3200000000001637	trials	port_entry
3395.6903333333335	0.15000000000009095	trials	port_entry
3395.8603333333335	0.19000000000005457	trials	port_entry
3397.6003333333333	1.3100333333331946	trials	reward_stimulus_presentation
3398.510366666667	8.61999999999989	trials	port_entry
3398.6003333333333	0.8000333333334311	trials	reward_delivery
3409.1303333333335	0.07003333333341288	trials	port_entry
3441.6304666666665	0.08000000000038199	trials	port_entry
3441.8004666666666	2.0300333333334493	trials	port_entry
3477.7606333333333	1.7200000000002547	trials	port_entry
3480.9405333333334	0.5601000000001477	trials	port_entry
3487.6007	3.5399333333334653	trials	reward_stimulus_presentation
3488.6006333333335	0.7999999999997272	trials	reward_delivery
3490.7406333333333	5.190033333333304	trials	port_entry
3498.5806000000002	0.5000666666664983	trials	port_entry
3499.210666666667	0.5499999999997272	trials	port_entry
3499.8406666666665	0.039966666666714445	trials	port_entry
3499.900666666667	0.02999999999974534	trials	port_entry
3556.4508666666666	0.1599666666666053	trials	port_entry
3556.6308	1.1400333333335766	trials	port_entry
3557.8708333333334	24.890100000000075	trials	port_entry
3582.600966666667	0.7099666666663325	trials	reward_stimulus_presentation
3582.9109333333336	0.04999999999972715	trials	port_entry
3583.0109333333335	8.38000000000011	trials	port_entry
3583.600933333333	0.8000000000001819	trials	reward_delivery
3591.9409	1.290100000000166	trials	port_entry
3593.341	26.990033333333486	trials	port_entry
3620.671	0.5200333333336857	trials	port_entry
3621.6910666666668	0.1799999999998363	trials	port_entry
3621.9410666666668	0.1100333333333765	trials	port_entry
3628.321066666667	0.5199999999999818	trials	port_entry
3629.0811	13.820000000000164	trials	port_entry
3643.5211	0.050033333333431074	trials	port_entry
3643.9911	12.110066666666626	trials	port_entry
3656.4711666666667	0.13999999999987267	trials	port_entry
3656.6811666666667	24.470100000000002	trials	port_entry
3672.6012666666666	20.002133333333404	trials	shock_stimulus_presentation
3681.171333333333	0.11993333333339251	trials	port_entry
3681.3812666666668	0.07999999999992724	trials	port_entry
3685.1112333333335	0.10999999999967258	trials	port_entry
3685.6412333333333	1.9100333333335584	trials	port_entry
3687.571266666667	1.069999999999709	trials	port_entry
3688.6612666666665	0.12000000000034561	trials	port_entry
3688.8512333333333	0.13003333333335831	trials	port_entry
3689.011266666667	0.07999999999992724	trials	port_entry
3689.1212666666665	0.08000000000038199	trials	port_entry
3689.2712666666666	0.03999999999996362	trials	port_entry
3689.3312333333333	0.20003333333352202	trials	port_entry
3689.5612333333333	0.07003333333341288	trials	port_entry
3689.6912666666667	0.03000000000020009	trials	port_entry
3692.4013	0.3000000000001819	trials	shock_relay
3700.2312333333334	0.09000000000014552	trials	port_entry
3700.3412333333335	0.9600666666665347	trials	port_entry
3703.3813	0.9499999999998181	trials	port_entry
3727.8713000000002	0.29999999999972715	trials	port_entry
3728.7413	0.36999999999989086	trials	port_entry
3729.2013	0.03999999999996362	trials	port_entry
3729.6113666666665	23.640100000000075	trials	port_entry
3752.6015	1.429899999999634	trials	reward_stimulus_presentation
3753.6014333333333	0.8000666666666802	trials	reward_delivery
3753.6314	8.70010000000002	trials	port_entry
3763.2015	0.6900000000000546	trials	port_entry
3764.5815000000002	0.06999999999970896	trials	port_entry
3765.0315	53.190166666666755	trials	port_entry
3818.6516666666666	0.03999999999996362	trials	port_entry
3819.2116666666666	0.45000000000027285	trials	port_entry
3819.721666666667	1.5499999999997272	trials	port_entry
3821.2916666666665	0.3400000000001455	trials	port_entry
3821.721666666667	98.3802999999998	trials	port_entry
3842.6017666666667	20.00003333333325	trials	neutral_stimulus_presentation
3920.4819666666667	18.290100000000166	trials	port_entry
3938.9520333333335	0.07999999999992724	trials	port_entry
3939.0520333333334	13.470033333333504	trials	port_entry
3942.6021333333333	20.002100000000155	trials	shock_stimulus_presentation
3962.4021333333335	0.29999999999972715	trials	shock_relay
3982.9021333333335	0.12003333333314004	trials	port_entry
4032.6023666666665	20.000066666666953	trials	neutral_stimulus_presentation
4067.0724666666665	0.9499999999998181	trials	port_entry
4068.1224666666667	0.47000000000025466	trials	port_entry
4069.0324666666666	54.58010000000013	trials	port_entry
4122.602633333333	1.5199666666667326	trials	reward_stimulus_presentation
4123.602666666667	0.7999333333336835	trials	reward_delivery
4123.722566666666	0.04003333333366754	trials	port_entry
4124.4326	11.240033333333486	trials	port_entry
4136.692633333333	44.24016666666648	trials	port_entry
4181.6728	9.15003333333334	trials	port_entry
4191.3528	0.02003333333414048	trials	port_entry
4191.542833333333	0.18000000000029104	trials	port_entry
4191.7628	21.5000666666665	trials	port_entry
4212.603	2.349933333332956	trials	reward_stimulus_presentation
4213.602933333334	0.8000000000001819	trials	reward_delivery
4214.5529	0.8199666666669145	trials	port_entry
4215.452933333333	0.019933333333938208	trials	port_entry
4215.5029	10.020033333333231	trials	port_entry
4225.842933333333	3.0299999999997453	trials	port_entry
4266.073	2.720066666666753	trials	port_entry
4268.863066666667	0.09000000000014552	trials	port_entry
4297.6032000000005	10.239966666666078	trials	reward_stimulus_presentation
4298.603133333333	0.8000333333338858	trials	reward_delivery
4307.443166666667	5.24006666666628	trials	port_entry
4315.703266666666	0.8099333333339018	trials	port_entry
4387.603433333334	20.0027333333328	trials	shock_stimulus_presentation
4407.403466666667	0.3000333333329763	trials	shock_relay
4482.603766666667	4.829999999999927	trials	reward_stimulus_presentation
4483.603733333333	0.8000333333329763	trials	reward_delivery
4487.0339	6.429933333332883	trials	port_entry
4495.0138	0.11999999999989086	trials	port_entry
4496.7138	0.5	trials	port_entry
4497.3238	0.1000000000003638	trials	port_entry
4499.543766666667	0.020000000000436557	trials	port_entry
4500.6838	0.18000000000029104	trials	port_entry
4520.2338666666665	0.6899666666668054	trials	port_entry
4572.604066666667	11.819999999999709	trials	reward_stimulus_presentation
4573.604	0.8000333333329763	trials	reward_delivery
4584.024066666667	4.389999999999418	trials	port_entry
4605.9241	0.26999999999952706	trials	port_entry
4619.174166666667	1.230000000000473	trials	port_entry
4635.794233333333	0.09993333333386545	trials	port_entry
4637.5142	0.30996666666669626	trials	port_entry
4652.6043	1.15996666666706	trials	reward_stimulus_presentation
4653.3646	0.39966666666714445	trials	port_entry
4653.604333333334	0.799966666666478	trials	reward_delivery
4653.8042000000005	6.2200666666658435	trials	port_entry
4662.284233333334	1.0200666666660254	trials	port_entry
4673.4943	0.34003333333293995	trials	port_entry
4709.394433333333	0.2000000000007276	trials	port_entry
4738.5345333333335	0.5799999999999272	trials	port_entry
4742.114566666667	0.45003333333261253	trials	port_entry
4742.6046	0.5799999999999272	trials	reward_stimulus_presentation
4742.784566666667	8.089999999999236	trials	port_entry
4743.604533333333	0.8000333333338858	trials	reward_delivery
4803.654733333334	0.02996666666604142	trials	port_entry
4806.314733333334	0.030033333333449264	trials	port_entry
4816.704833333333	1.3699666666670964	trials	port_entry
4832.664833333333	0.0500000000001819	trials	port_entry
4842.6049	20.002366666666603	trials	shock_stimulus_presentation
4862.4049	0.3000333333329763	trials	shock_relay
4890.005033333334	0.6999666666661142	trials	port_entry
4892.305033333333	8.430000000000291	trials	port_entry
4903.545033333334	0.9399999999995998	trials	port_entry
4904.5051	0.47999999999956344	trials	port_entry
4905.0751	2.2399666666669873	trials	port_entry
4907.365066666666	0.28000000000065484	trials	port_entry
4932.605166666666	4.399966666666842	trials	reward_stimulus_presentation
4933.605166666666	0.8000000000001819	trials	reward_delivery
4936.6051333333335	5.239999999999782	trials	port_entry
4950.055166666667	0.4600333333328308	trials	port_entry
4953.5252	0.020000000000436557	trials	port_entry
4953.7552	0.14000000000032742	trials	port_entry
4954.8152	0.23000000000047294	trials	port_entry
5001.945333333333	0.2399666666669873	trials	port_entry
5005.345366666666	0.3600000000005821	trials	port_entry
5022.6055	20.0	trials	neutral_stimulus_presentation
5112.605733333334	20.002299999999195	trials	shock_stimulus_presentation
5132.405766666667	0.3000000000001819	trials	shock_relay
5146.285833333333	2.399999999999636	trials	port_entry
5148.8758333333335	0.22999999999956344	trials	port_entry
5149.185833333333	15.580033333333631	trials	port_entry
5164.785866666667	2.1099999999996726	trials	port_entry
5167.565866666667	0.02999999999974534	trials	port_entry
5167.975866666667	26.250100000000202	trials	port_entry
5194.515966666667	0.06999999999970896	trials	port_entry
5194.655966666667	131.28039999999964	trials	port_entry
5197.606	20.0000666666665	trials	reward_stimulus_presentation
5198.605966666667	0.8000666666666802	trials	reward_delivery
5287.606333333333	20.0	trials	neutral_stimulus_presentation
5326.086333333334	0.10003333333315823	trials	port_entry
5326.336333333334	0.08006666666642559	trials	port_entry
5326.436333333333	0.09003333333384944	trials	port_entry
5326.576366666667	0.6700333333328672	trials	port_entry
5327.286366666667	0.5500333333329763	trials	port_entry
5327.916366666666	0.09993333333386545	trials	port_entry
5328.0363333333335	22.570133333333615	trials	port_entry
5350.7064666666665	0.020000000000436557	trials	port_entry
5350.896466666667	6.1799999999993815	trials	port_entry
5357.126466666667	0.5399999999999636	trials	port_entry
5357.7464666666665	49.04013333333387	trials	port_entry
5382.606566666666	20.000066666667408	trials	neutral_stimulus_presentation
5406.8866	0.03999999999996362	trials	port_entry
5407.786633333333	56.160166666666555	trials	port_entry
5464.266766666667	0.7201000000004569	trials	port_entry
5465.246733333333	2.190133333333506	trials	port_entry
5467.816833333333	0.019933333333028713	trials	port_entry
5467.926833333333	0.17000000000007276	trials	port_entry
5468.1168333333335	0.14000000000032742	trials	port_entry
5472.6069	8.629966666667315	trials	reward_stimulus_presentation
5473.606866666667	0.799933333332774	trials	reward_delivery
5480.8368666666665	4.550033333333886	trials	port_entry
5493.6269	0.17000000000007276	trials	port_entry
5552.607133333333	20.00186666666741	trials	shock_stimulus_presentation
5572.407166666667	0.299966666666478	trials	shock_relay
5596.927233333334	46.22013333333325	trials	port_entry
5642.607333333333	0.9700333333330491	trials	reward_stimulus_presentation
5643.177333333333	7.480066666666971	trials	port_entry
5643.607366666667	0.8000333333329763	trials	reward_delivery
5650.797366666667	0.29003333333366754	trials	port_entry
5651.1274	1.4200333333328672	trials	port_entry
5663.097433333333	0.1999999999998181	trials	port_entry
5664.337433333333	0.020000000000436557	trials	port_entry
5664.707466666667	0.16996666666636884	trials	port_entry
5665.037433333333	0.12000000000080036	trials	port_entry
5676.6976	0.13989999999921565	trials	port_entry
5676.867466666667	0.2100333333337403	trials	port_entry
5684.827466666667	1.940099999999802	trials	port_entry
5697.847533333334	0.3999999999996362	trials	port_entry
5734.727666666667	0.25	trials	port_entry
5735.3876666666665	0.5900000000001455	trials	port_entry
5737.7177	1.0	trials	port_entry
5739.0677	0.5400000000008731	trials	port_entry
5739.8177	0.16996666666727833	trials	port_entry
5742.6077000000005	20.000099999999293	trials	neutral_stimulus_presentation
5763.717733333333	0.18003333333399496	trials	port_entry
5764.757766666667	2.9499666666670237	trials	port_entry
5768.327766666666	0.14996666666684177	trials	port_entry
5768.807766666667	5.460033333332831	trials	port_entry
5774.2878	0.06000000000040018	trials	port_entry
5774.3678	0.9200666666665711	trials	port_entry
5775.437833333333	3.8199666666669145	trials	port_entry
5779.317766666667	7.8800666666666075	trials	port_entry
5787.217833333333	0.22000000000025466	trials	port_entry
5787.997833333334	0.23999999999978172	trials	port_entry
5788.2578	3.160066666666353	trials	port_entry
5794.577833333334	0.02999999999974534	trials	port_entry
5794.997833333334	0.05999999999949068	trials	port_entry
5796.597833333333	0.059966666666696256	trials	port_entry
5806.247866666667	0.020000000000436557	trials	port_entry
5806.6779	0.14000000000032742	trials	port_entry
5806.8879	0.09000000000014552	trials	port_entry
5807.9779	0.23999999999978172	trials	port_entry
5808.3279	0.05999999999949068	trials	port_entry
5808.4179	0.019999999999527063	trials	port_entry
5808.7679	0.11999999999989086	trials	port_entry
5809.1379	0.16000000000076398	trials	port_entry
5809.5779	0.06999999999970896	trials	port_entry
5814.7279	0.4600000000000364	trials	port_entry
5818.3079333333335	0.18999999999959982	trials	port_entry
5820.157966666667	0.3000000000001819	trials	port_entry
5829.897966666666	0.21000000000003638	trials	port_entry
5832.608	20.0000666666665	trials	neutral_stimulus_presentation
5906.5182	0.21000000000003638	trials	port_entry
5906.9582	0.019966666666732635	trials	port_entry
5907.348233333333	0.019933333333938208	trials	port_entry
5907.398233333333	0.06993333333321061	trials	port_entry
5907.488266666666	0.14996666666684177	trials	port_entry
5907.818233333333	6.619999999999891	trials	port_entry
5922.608366666666	20.002133333333404	trials	shock_stimulus_presentation
5932.3283	0.36999999999989086	trials	port_entry
5936.878266666667	0.8599999999996726	trials	port_entry
5937.768366666667	0.2198999999991429	trials	port_entry
5942.408333333334	0.2999999999992724	trials	shock_relay
6012.6086000000005	20.0	trials	neutral_stimulus_presentation
6034.898633333333	0.2600000000002183	trials	port_entry
6035.378633333334	3.4899333333332834	trials	port_entry
6038.918566666666	4.0601000000006024	trials	port_entry
6043.028633333333	15.880033333333813	trials	port_entry
6059.1186333333335	0.12003333333359478	trials	port_entry
6059.398666666667	0.03999999999996362	trials	port_entry
6059.548666666667	0.07999999999992724	trials	port_entry
6059.9687	3.9099999999998545	trials	port_entry
6067.1286666666665	3.580033333333631	trials	port_entry
6074.548733333333	0.1899666666668054	trials	port_entry
6074.788733333334	7.389999999999418	trials	port_entry
6082.328733333334	0.03003333333253977	trials	port_entry
6082.378733333333	2.9800333333332674	trials	port_entry
6085.498733333334	12.920099999999366	trials	port_entry
6097.608833333334	1.3600333333333765	trials	reward_stimulus_presentation
6098.568833333334	8.609999999999673	trials	port_entry
6098.608833333334	0.8000333333329763	trials	reward_delivery
6107.828833333333	0.680000000000291	trials	port_entry
6111.178866666667	0.17000000000007276	trials	port_entry
6112.468833333333	0.10999999999967258	trials	port_entry
6112.688833333334	0.7800666666662437	trials	port_entry
6117.5288666666665	0.02999999999974534	trials	port_entry
6187.609166666667	20.0020999999997	trials	shock_stimulus_presentation
6204.189133333333	0.22003333333304909	trials	port_entry
6207.409133333334	0.30006666666668025	trials	shock_relay
6242.0292	0.5000333333337039	trials	port_entry
6282.609433333333	3.4499333333333198	trials	reward_stimulus_presentation
6283.6094	0.8000333333329763	trials	reward_delivery
6285.6594000000005	5.230066666666062	trials	port_entry
6372.609666666666	20.000066666667408	trials	neutral_stimulus_presentation
6437.289866666667	3.140033333333122	trials	port_entry
6440.4599	0.23000000000047294	trials	port_entry
6440.8199	0.3299666666662233	trials	port_entry
6443.2899	0.9600000000000364	trials	port_entry
6445.259866666666	0.3000333333338858	trials	port_entry
6445.5998666666665	0.2899999999999636	trials	port_entry
6450.2199	0.22999999999956344	trials	port_entry
6451.4399	0.31999999999970896	trials	port_entry
6452.609966666667	0.9700000000002547	trials	reward_stimulus_presentation
6453.179966666667	9.020000000000437	trials	port_entry
6453.609966666667	0.8000000000001819	trials	reward_delivery
6464.2999666666665	0.3400000000001455	trials	port_entry
6464.669966666666	0.8400000000001455	trials	port_entry
6465.529966666667	0.8699999999998909	trials	port_entry
6528.460166666667	0.4399999999995998	trials	port_entry
6542.6102	2.570033333333413	trials	reward_stimulus_presentation
6543.6102	0.8000000000001819	trials	reward_delivery
6544.780233333333	6.880000000000109	trials	port_entry
6637.7905	0.23999999999978172	trials	port_entry
6638.0805	9.770033333333231	trials	port_entry
6642.610566666666	20.002766666667412	trials	shock_stimulus_presentation
6662.410566666666	0.3000333333338858	trials	shock_relay
6665.8106	27.130066666666607	trials	port_entry
6693.010666666667	26.850099999999657	trials	port_entry
6719.970766666666	0.020000000000436557	trials	port_entry
6720.010766666666	0.12000000000080036	trials	port_entry
6720.150766666667	17.05006666666668	trials	port_entry
6732.610833333333	20.000033333333704	trials	neutral_stimulus_presentation
6739.5908	5.350066666666862	trials	port_entry
6745.590866666666	0.4999666666672056	trials	port_entry
6746.190833333333	8.220033333333959	trials	port_entry
6755.700866666667	0.019999999999527063	trials	port_entry
6755.820866666667	7.730099999999766	trials	port_entry
6763.620933333334	0.14003333333312185	trials	port_entry
6763.9809000000005	37.040099999999256	trials	port_entry
6801.211	0.13999999999941792	trials	port_entry
6806.771066666667	0.4600333333328308	trials	port_entry
6807.2811	3.2399666666669873	trials	port_entry
6810.561066666667	0.13993333333291957	trials	port_entry
6810.731066666666	12.270000000000437	trials	port_entry
6822.6112	0.8099000000001979	trials	reward_stimulus_presentation
6823.021066666667	0.09006666666664387	trials	port_entry
6823.2410666666665	7.640000000000327	trials	port_entry
6823.611133333334	0.7999999999992724	trials	reward_delivery
6831.9311	1.050000000000182	trials	port_entry
6836.071133333334	0.06999999999970896	trials	port_entry
6836.271166666666	0.21000000000003638	trials	port_entry
6836.611166666667	50.510133333333215	trials	port_entry
6887.2613	0.0399666666662597	trials	port_entry
6889.7413	0.4000000000005457	trials	port_entry
6890.2913	1.7700000000004366	trials	port_entry
6892.101266666667	0.20006666666722595	trials	port_entry
6892.341333333334	0.08999999999923602	trials	port_entry
6892.731333333333	0.020000000000436557	trials	port_entry
6892.7713	0.019999999999527063	trials	port_entry
6893.111333333333	0.02999999999974534	trials	port_entry
6893.9013	0.7799999999997453	trials	port_entry
6896.6313	2.8500333333331582	trials	port_entry
6899.541333333334	13.930033333333085	trials	port_entry
6912.611366666667	1.3299999999999272	trials	reward_stimulus_presentation
6913.541333333334	0.07003333333341288	trials	port_entry
6913.611366666667	0.8000000000001819	trials	reward_delivery
6914.001366666666	0.1000000000003638	trials	port_entry
6914.151333333333	0.2600333333339222	trials	port_entry
6914.461333333334	0.3000333333329763	trials	port_entry
6914.791366666666	8.020033333333231	trials	port_entry
6923.061333333333	1.9601000000002387	trials	port_entry
6925.041433333334	0.049999999999272404	trials	port_entry
6925.111366666667	1.6400333333331218	trials	port_entry
6927.0914	0.02999999999974534	trials	port_entry
6927.1414	24.65009999999984	trials	port_entry
6951.8215	22.970066666666753	trials	port_entry
6974.901533333334	0.07006666666620731	trials	port_entry
6975.041533333333	0.23003333333326736	trials	port_entry
6975.301566666667	33.87010000000009	trials	port_entry
6997.611633333333	20.002066666666906	trials	shock_stimulus_presentation
7010.901666666667	0.0500000000001819	trials	port_entry
7012.081666666667	0.09000000000014552	trials	port_entry
7017.4117	0.3000333333338858	trials	shock_relay
7087.611966666666	3.929966666666587	trials	reward_stimulus_presentation
7088.611933333334	0.8000000000001819	trials	reward_delivery
7091.141933333333	0.5600000000004002	trials	port_entry
7091.721933333333	6.0699666666669145	trials	port_entry
7099.541966666667	0.5199333333330287	trials	port_entry
7101.0919	0.04003333333275805	trials	port_entry
7101.211933333333	0.020033333333230985	trials	port_entry
7101.381933333333	1.5600000000004002	trials	port_entry
7103.051933333333	3.700066666667226	trials	port_entry
7107.112	6.329999999999927	trials	port_entry
7113.471966666667	33.84009999999944	trials	port_entry
7147.7021	0.5799999999999272	trials	port_entry
7148.3121	16.61006666666617	trials	port_entry
7164.952166666667	0.059966666666696256	trials	port_entry
7165.152166666667	0.17000000000007276	trials	port_entry
7165.412166666667	17.67999999999938	trials	port_entry
7182.612266666667	0.8999666666668418	trials	reward_stimulus_presentation
7183.112233333333	0.019966666666732635	trials	port_entry
7183.232233333333	9.470000000000255	trials	port_entry
7183.612233333333	0.8000000000001819	trials	reward_delivery
7193.712233333334	62.810199999999895	trials	port_entry
7256.5625	0.13993333333382907	trials	port_entry
7257.152466666666	0.04996666666738747	trials	port_entry
7257.3524333333335	0.06996666666691453	trials	port_entry
7257.442433333334	0.11999999999989086	trials	port_entry
7257.6124666666665	0.25	trials	port_entry
7257.902466666666	0.3999666666668418	trials	port_entry
7258.332466666667	22.670100000000275	trials	port_entry
7272.6126	20.001899999999296	trials	shock_stimulus_presentation
7282.6525	0.050033333332976326	trials	port_entry
7282.752533333333	0.02999999999974534	trials	port_entry
7283.132533333333	0.019999999999527063	trials	port_entry
7292.412566666667	0.3000000000001819	trials	shock_relay
7352.612766666667	3.640033333333122	trials	reward_stimulus_presentation
7353.612833333334	0.7998999999999796	trials	reward_delivery
7355.8528	6.309933333333902	trials	port_entry
7363.6728	114.07033333333311	trials	port_entry
7442.613066666667	20.0000666666665	trials	neutral_stimulus_presentation
7477.783133333333	0.020000000000436557	trials	port_entry
7542.6134	8.11999999999989	trials	reward_stimulus_presentation
7543.6133666666665	0.8000666666666802	trials	reward_delivery
7550.3334	4.4799666666658595	trials	port_entry
7632.6137	3.979966666666769	trials	reward_stimulus_presentation
7633.613633333333	0.8000000000001819	trials	reward_delivery
7636.193666666667	5.449999999999818	trials	port_entry
7722.613966666667	20.000033333333704	trials	neutral_stimulus_presentation
7736.974	0.11996666666618694	trials	port_entry
7741.284	0.04996666666738747	trials	port_entry
7741.543966666667	16.0000666666665	trials	port_entry
7757.564	0.21006666666653473	trials	port_entry
7759.284033333333	0.2399666666669873	trials	port_entry
7759.544033333334	9.070033333333413	trials	port_entry
7768.6340666666665	0.0500000000001819	trials	port_entry
7768.764066666667	1.4400000000005093	trials	port_entry
7770.614033333333	0.6400333333331218	trials	port_entry
7771.474066666667	0.09000000000014552	trials	port_entry
7771.6740666666665	0.06000000000040018	trials	port_entry
7771.894066666667	0.0500000000001819	trials	port_entry
7772.004066666666	0.1000000000003638	trials	port_entry
7772.1740666666665	3.950033333333522	trials	port_entry
7776.1941	0.030000000000654836	trials	port_entry
7776.2441	3.079933333333429	trials	port_entry
7779.4141	0.16996666666636884	trials	port_entry
7779.664066666666	0.07003333333341288	trials	port_entry
7779.7941	0.019999999999527063	trials	port_entry
7790.1641666666665	0.25	trials	port_entry
7790.524166666667	0.17999999999938154	trials	port_entry
7790.864166666666	33.550100000000384	trials	port_entry
7812.6142666666665	20.001833333333707	trials	shock_stimulus_presentation
7832.4143	0.2999999999992724	trials	shock_relay
7897.614533333333	9.579966666666223	trials	reward_stimulus_presentation
7898.614566666667	0.799933333332774	trials	reward_delivery
7906.7945	4.970000000000255	trials	port_entry
7912.614566666667	20.02003333333323	trials	port_entry
7932.8446	19.78003333333345	trials	port_entry
7952.7046666666665	0.02999999999974534	trials	port_entry
7952.754666666667	0.13000000000010914	trials	port_entry
7952.904666666666	0.13000000000010914	trials	port_entry
7953.054666666667	0.05999999999949068	trials	port_entry
7953.164666666667	0.02999999999974534	trials	port_entry
7953.264666666667	19.160066666666353	trials	port_entry
7972.634766666667	0.2899999999999636	trials	port_entry
7972.9747333333335	24.73006666666697	trials	port_entry
7987.614866666667	20.002466666666805	trials	shock_stimulus_presentation
8007.414866666667	0.3000000000001819	trials	shock_relay
8082.6151	3.4899666666669873	trials	reward_stimulus_presentation
8083.615066666666	0.8000000000001819	trials	reward_delivery
8085.705066666666	5.449966666667024	trials	port_entry
8093.5751	1.59003333333294	trials	port_entry
8172.6154	20.0000666666665	trials	neutral_stimulus_presentation
8187.325400000001	0.2999999999992724	trials	port_entry
8187.7054	68.30023333333247	trials	port_entry
8252.615699999998	4.669966666668188	trials	reward_stimulus_presentation
8253.615633333333	0.8000333333329763	trials	reward_delivery
8256.885633333333	0.16999999999825377	trials	port_entry
8257.075633333332	5.720000000001164	trials	port_entry
8263.355633333333	0.4099999999998545	trials	port_entry
8263.795633333333	0.039999999999054126	trials	port_entry
8263.9456	3.2101000000002387	trials	port_entry
8268.005633333332	0.5400000000008731	trials	port_entry
8268.565633333332	0.07003333333341288	trials	port_entry
8268.655666666666	7.560033333333195	trials	port_entry
8276.2657	1.3499999999985448	trials	port_entry
8279.715699999999	0.3600000000005821	trials	port_entry
8280.125699999999	48.470166666667865	trials	port_entry
8328.695866666665	14.59003333333385	trials	port_entry
8342.615933333333	1.9399666666668054	trials	reward_stimulus_presentation
8343.615899999999	0.8000000000010914	trials	reward_delivery
8344.1559	0.049999999999272404	trials	port_entry
8344.3259	0.22999999999956344	trials	port_entry
8344.585866666666	8.860066666666171	trials	port_entry
8353.465966666667	0.06999999999970896	trials	port_entry
8353.555933333333	59.27019999999902	trials	port_entry
8413.516133333333	0.10996666666687815	trials	port_entry
8413.666133333332	17.510066666667626	trials	port_entry
8431.306199999999	68.86023333333287	trials	port_entry
8442.616199999999	20.000200000000405	trials	neutral_stimulus_presentation
8500.216433333333	0.09000000000014552	trials	port_entry
8500.3264	0.029999999998835847	trials	port_entry
8500.396466666665	0.09996666666665988	trials	port_entry
8500.516366666665	0.15006666666704405	trials	port_entry
8501.046433333333	0.16996666666636884	trials	port_entry
8501.5464	0.039999999999054126	trials	port_entry
8501.796366666666	0.05999999999949068	trials	port_entry
8502.006399999998	26.380066666666607	trials	port_entry
8528.416466666666	0.10996666666687815	trials	port_entry
8528.566433333332	0.08000000000174623	trials	port_entry
8531.236499999999	2.580033333333631	trials	port_entry
8532.6166	1.6299333333336108	trials	reward_stimulus_presentation
8533.616533333332	0.8000000000010914	trials	reward_delivery
8533.846533333333	0.5299666666651319	trials	port_entry
8534.476533333333	0.13999999999941792	trials	port_entry
8534.636533333332	0.28000000000065484	trials	port_entry
8534.936533333332	2.0600000000013097	trials	port_entry
8537.556533333332	0.040000000000873115	trials	port_entry
8538.806533333332	5.369966666667096	trials	port_entry
8544.376533333332	0.8900333333331218	trials	port_entry
8545.316566666666	3.6299999999991996	trials	port_entry
8551.7766	0.42000000000007276	trials	port_entry
8552.2966	0.20999999999912689	trials	port_entry
8552.676599999999	0.18000000000029104	trials	port_entry
8570.586666666666	0.5399666666671692	trials	port_entry
8571.2066	1.0600666666668985	trials	port_entry
8572.366666666665	0.020000000000436557	trials	port_entry
8572.5566	0.3200666666652978	trials	port_entry
8579.626666666665	0.11000000000058208	trials	port_entry
8585.846699999998	0.27000000000043656	trials	port_entry
8586.186699999998	0.2000000000007276	trials	port_entry
8587.456699999999	0.020000000000436557	trials	port_entry
8588.716699999999	0.9699999999993452	trials	port_entry
8622.616833333332	20.002800000000207	trials	shock_stimulus_presentation
8642.416833333333	0.2999999999992724	trials	shock_relay
8696.797066666666	1.6299666666654957	trials	port_entry
8698.847033333332	12.650000000001455	trials	port_entry
8712.617166666665	0.6499666666677513	trials	reward_stimulus_presentation
8712.8671	9.230033333333267	trials	port_entry
8713.617133333333	0.7999999999992724	trials	reward_delivery
8722.237133333332	57.40020000000004	trials	port_entry
8779.887333333332	0.13999999999941792	trials	port_entry
8780.067333333332	0.37999999999919964	trials	port_entry
8780.497266666665	17.800133333334088	trials	port_entry
8797.6174	1.4100333333335584	trials	reward_stimulus_presentation
8798.617699999999	0.7996666666676902	trials	reward_delivery
8798.627366666666	0.12000000000080036	trials	port_entry
8798.857399999999	7.210000000000946	trials	port_entry
8806.137366666666	39.21016666666583	trials	port_entry
8845.487533333333	0.819999999999709	trials	port_entry
8887.617666666665	20.002766666666503	trials	shock_stimulus_presentation
8904.8777	0.37000000000080036	trials	port_entry
8905.777699999999	0.1899666666668054	trials	port_entry
8906.287699999999	1.3200333333334129	trials	port_entry
8907.4177	0.2999999999992724	trials	shock_relay
8982.617999999999	6.009933333334629	trials	reward_stimulus_presentation
8983.617966666667	0.7999999999992724	trials	reward_delivery
8988.227966666665	5.7299666666676785	trials	port_entry
8996.047933333333	0.12999999999919964	trials	port_entry
8996.267899999999	0.24003333333348564	trials	port_entry
9072.618266666666	20.0024333333331	trials	shock_stimulus_presentation
9082.6683	0.3399666666664416	trials	port_entry
9092.418333333333	0.2999999999992724	trials	shock_relay
9094.118366666666	0.3999666666659323	trials	port_entry
9094.538299999998	0.07003333333341288	trials	port_entry
9094.738333333333	25.55006666666668	trials	port_entry
9120.7284	0.2699333333330287	trials	port_entry
9121.358333333332	4.270100000001548	trials	port_entry
9152.6186	5.659933333332447	trials	reward_stimulus_presentation
9153.618533333332	0.7999999999992724	trials	reward_delivery
9157.878466666665	0.5100666666676261	trials	port_entry
9158.408533333333	5.819999999999709	trials	port_entry
9165.038533333332	138.42046666666647	trials	port_entry
9242.618833333332	20.000033333333704	trials	neutral_stimulus_presentation
9342.619166666665	5.829999999999927	trials	reward_stimulus_presentation
9343.619166666665	0.8000333333329763	trials	reward_delivery
9348.049166666666	0.12999999999919964	trials	port_entry
9348.209166666666	4.420000000000073	trials	port_entry
9355.079166666666	8.980033333333267	trials	port_entry
9383.949299999998	0.24996666666811507	trials	port_entry
9384.219266666665	4.660066666667262	trials	port_entry
9389.789266666667	1.6400333333331218	trials	port_entry
9432.619499999999	19.999966666666296	trials	reward_stimulus_presentation
9433.6194	0.8000333333329763	trials	reward_delivery
9522.619766666667	20.0	trials	reward_stimulus_presentation
9612.620066666666	7.75993333333281	trials	reward_stimulus_presentation
9619.98	5.150099999998929	trials	port_entry
9697.620333333332	20.002599999999802	trials	shock_stimulus_presentation
9717.420366666665	0.3000000000010914	trials	shock_relay
9787.620666666666	2.7898999999997613	trials	reward_stimulus_presentation
9788.620566666666	0.7999999999992724	trials	reward_delivery
9790.010566666666	0.029966666666950914	trials	port_entry
9790.060566666665	7.0	trials	port_entry
9800.150599999999	0.04996666666738747	trials	port_entry
9800.310566666665	0.02003333333414048	trials	port_entry
9808.500666666665	0.23000000000138243	trials	port_entry
9808.760666666665	58.36013333333358	trials	port_entry
9867.1508	41.42016666666677	trials	port_entry
9882.620933333332	20.000033333333704	trials	neutral_stimulus_presentation
9908.880966666666	80.72026666666716	trials	port_entry
9972.6212	20.00249999999869	trials	shock_stimulus_presentation
9989.631233333332	0.25996666666833335	trials	port_entry
9990.021233333333	0.10999999999876309	trials	port_entry
9992.421199999999	0.3000333333329763	trials	shock_relay
10052.621533333333	19.999966666666296	trials	reward_stimulus_presentation
10053.621433333332	0.8000333333347953	trials	reward_delivery
10142.621766666665	10.34996666666666	trials	reward_stimulus_presentation
10152.571699999999	0.2600333333339222	trials	port_entry
10153.011733333333	5.320033333333413	trials	port_entry
10158.691799999999	0.06999999999970896	trials	port_entry
10158.861799999999	0.1299666666673147	trials	port_entry
10159.451799999999	0.5400000000008731	trials	port_entry
10160.3018	4.459999999999127	trials	port_entry
10164.8018	0.029966666666950914	trials	port_entry
10164.9118	78.53023333333294	trials	port_entry
10242.622066666665	1.2700333333341405	trials	reward_stimulus_presentation
10243.492066666666	0.2700333333341405	trials	port_entry
10243.622066666665	0.8000000000010914	trials	reward_delivery
10243.822066666666	0.029966666666950914	trials	port_entry
10244.152066666666	7.780033333334359	trials	port_entry
10252.842066666666	15.21003333333283	trials	port_entry
10268.192099999998	1.5700333333334129	trials	port_entry
10270.382133333333	4.030066666666244	trials	port_entry
10274.432133333332	0.139966666667533	trials	port_entry
10274.602133333332	0.06999999999970896	trials	port_entry
10274.862133333332	0.05999999999949068	trials	port_entry
10274.982133333333	0.07999999999992724	trials	port_entry
10275.112133333332	0.18000000000029104	trials	port_entry
10275.322133333333	0.029999999998835847	trials	port_entry
10275.412133333333	0.049999999999272404	trials	port_entry
10302.562233333332	0.13000000000101863	trials	port_entry
10307.172233333333	0.11999999999898137	trials	port_entry
10307.552233333332	0.09996666666665988	trials	port_entry
10308.482233333332	0.10003333333406772	trials	port_entry
10313.112266666665	0.020000000000436557	trials	port_entry
10314.262266666667	0.049999999999272404	trials	port_entry
10318.372299999999	0.029966666666950914	trials	port_entry
10318.5723	0.02003333333232149	trials	port_entry
10318.652266666666	0.5499999999992724	trials	port_entry
10319.282266666665	3.430033333333995	trials	port_entry
10328.502266666666	16.580133333332924	trials	port_entry
10332.622399999998	20.002800000000207	trials	shock_stimulus_presentation
10347.572433333333	0.020000000000436557	trials	port_entry
10352.4224	0.2999999999992724	trials	shock_relay
10422.622666666666	6.609966666666878	trials	reward_stimulus_presentation
10423.622633333332	0.8000333333329763	trials	reward_delivery
10428.832633333332	4.750033333333704	trials	port_entry
10435.582699999999	0.15999999999985448	trials	port_entry
10435.832633333332	0.40006666666704405	trials	port_entry
10512.622966666666	20.000066666667408	trials	neutral_stimulus_presentation
10597.623166666666	7.560033333333195	trials	reward_stimulus_presentation
10598.623233333332	0.7999333333336835	trials	reward_delivery
10604.7832	2.3800333333329036	trials	port_entry
10607.863233333332	2.3000000000010914	trials	port_entry
10687.623599999999	19.999966666666296	trials	neutral_stimulus_presentation
10782.623866666665	20.002400000001217	trials	shock_stimulus_presentation
10802.423866666666	0.3000333333329763	trials	shock_relay
10807.0939	3.3699333333333925	trials	port_entry
10810.603899999998	0.4000000000014552	trials	port_entry
10811.193899999998	0.030000000000654836	trials	port_entry
10811.5039	11.679966666666587	trials	port_entry
10823.223899999999	0.75	trials	port_entry
10823.993933333333	0.17000000000007276	trials	port_entry
10824.283933333332	0.030000000000654836	trials	port_entry
10824.353966666666	79.10016666666706	trials	port_entry
10872.624133333333	20.000033333333704	trials	neutral_stimulus_presentation
10903.6641	0.04003333333275805	trials	port_entry
10903.744133333332	0.12000000000080036	trials	port_entry
10903.924133333332	0.3100000000013097	trials	port_entry
10904.334066666666	0.4000333333333401	trials	port_entry
10904.764133333332	0.3400000000001455	trials	port_entry
10905.124166666666	60.10023333333265	trials	port_entry
10952.624433333332	20.001966666666704	trials	shock_stimulus_presentation
10965.2444	0.3099999999994907	trials	port_entry
10972.4244	0.3000333333329763	trials	shock_relay
11042.624666666667	20.00006666666559	trials	reward_stimulus_presentation
11043.624633333333	0.7999999999992724	trials	reward_delivery
11357.948633333332	0.27840000000105647	trials	phototagging
11358.5068	0.22736666666605743	trials	phototagging
11360.471233333332	0.10006666666777164	trials	phototagging
11361.471966666666	0.10006666666595265	trials	phototagging
11362.472666666667	0.10006666666595265	trials	phototagging
11363.473399999999	0.10006666666595265	trials	phototagging
11364.4741	0.10009999999965657	trials	phototagging
11365.474833333332	0.10006666666777164	trials	phototagging
11366.475533333332	0.10006666666595265	trials	phototagging
11367.476266666667	0.10006666666595265	trials	phototagging
11368.476999999999	0.10006666666595265	trials	phototagging
11369.4777	0.10006666666595265	trials	phototagging
11370.4784	0.10009999999965657	trials	phototagging
11371.479133333332	0.10006666666595265	trials	phototagging
11382.487033333333	0.005033333332903567	trials	phototagging
11382.497066666665	0.005000000001018634	trials	phototagging
11382.507066666665	0.005000000001018634	trials	phototagging
11382.517066666665	0.005000000001018634	trials	phototagging
11382.527066666666	0.005000000001018634	trials	phototagging
11382.537066666666	0.004999999999199645	trials	phototagging
11382.5471	0.004999999999199645	trials	phototagging
11382.5571	0.004999999999199645	trials	phototagging
11382.567099999998	0.005000000001018634	trials	phototagging
11382.577099999999	0.005000000001018634	trials	phototagging
11382.587133333333	0.004999999999199645	trials	phototagging
11382.597133333333	0.004999999999199645	trials	phototagging
11382.607133333333	0.004999999999199645	trials	phototagging
11382.617133333333	0.004999999999199645	trials	phototagging
11382.627166666665	0.005000000001018634	trials	phototagging
11382.637166666666	0.005000000001018634	trials	phototagging
11382.647166666666	0.004999999999199645	trials	phototagging
11382.657166666666	0.004999999999199645	trials	phototagging
11382.667166666666	0.005033333332903567	trials	phototagging
11382.677199999998	0.005000000001018634	trials	phototagging
11382.687199999998	0.005000000001018634	trials	phototagging
11382.697199999999	0.005000000001018634	trials	phototagging
11382.707199999999	0.005000000001018634	trials	phototagging
11382.7172	0.005033333332903567	trials	phototagging
11382.727233333333	0.004999999999199645	trials	phototagging
11382.737233333333	0.004999999999199645	trials	phototagging
11382.747233333332	0.005000000001018634	trials	phototagging
11382.757233333332	0.005000000001018634	trials	phototagging
11382.767266666666	0.004999999999199645	trials	phototagging
11382.777266666666	0.004999999999199645	trials	phototagging
11392.794466666666	0.010000000000218279	trials	phototagging
11392.894533333332	0.010000000000218279	trials	phototagging
11392.9946	0.00999999999839929	trials	phototagging
11393.094666666666	0.010000000000218279	trials	phototagging
11393.194733333332	0.0100333333339222	trials	phototagging
11393.2948	0.010033333332103211	trials	phototagging
11393.394866666666	0.0100333333339222	trials	phototagging
11393.494966666665	0.010000000000218279	trials	phototagging
11393.595033333333	0.010000000000218279	trials	phototagging
11393.695099999999	0.010000000000218279	trials	phototagging
11393.795166666665	0.0100333333339222	trials	phototagging
11393.895233333333	0.0100333333339222	trials	phototagging
11393.995299999999	0.0100333333339222	trials	phototagging
11394.095399999998	0.010000000000218279	trials	phototagging
11394.195466666666	0.010000000000218279	trials	phototagging
11394.295533333332	0.010000000000218279	trials	phototagging
11394.3956	0.00999999999839929	trials	phototagging
11394.495666666666	0.0100333333339222	trials	phototagging
11394.595733333332	0.0100333333339222	trials	phototagging
11394.6958	0.010033333332103211	trials	phototagging
11394.7959	0.010000000000218279	trials	phototagging
11394.895966666665	0.010000000000218279	trials	phototagging
11394.996033333333	0.010000000000218279	trials	phototagging
11395.096099999999	0.010000000000218279	trials	phototagging
11395.196166666667	0.010033333332103211	trials	phototagging
11395.296233333333	0.0100333333339222	trials	phototagging
11395.396333333332	0.010000000000218279	trials	phototagging
11395.4964	0.00999999999839929	trials	phototagging
11395.596466666666	0.010000000000218279	trials	phototagging
11395.696533333332	0.010000000000218279	trials	phototagging
11405.8038	0.004999999999199645	trials	phototagging
11406.804533333332	0.005000000001018634	trials	phototagging
11407.805233333333	0.004999999999199645	trials	phototagging
11408.805966666665	0.005000000001018634	trials	phototagging
11409.806666666665	0.005033333332903567	trials	phototagging
11410.8074	0.004999999999199645	trials	phototagging
11411.808099999998	0.005000000001018634	trials	phototagging
11412.808833333333	0.004999999999199645	trials	phototagging
11413.809566666665	0.005000000001018634	trials	phototagging
11414.810266666665	0.005000000001018634	trials	phototagging
11415.811	0.004999999999199645	trials	phototagging
11416.811699999998	0.005000000001018634	trials	phototagging
11417.812433333333	0.004999999999199645	trials	phototagging
11418.813133333333	0.005033333332903567	trials	phototagging
11419.813866666665	0.005000000001018634	trials	phototagging
11420.814566666666	0.005033333332903567	trials	phototagging
11421.815299999998	0.005000000001018634	trials	phototagging
11422.816033333333	0.004999999999199645	trials	phototagging
11423.816733333333	0.004999999999199645	trials	phototagging
11424.817466666665	0.005000000001018634	trials	phototagging
11425.818166666666	0.005033333332903567	trials	phototagging
11426.818899999998	0.005000000001018634	trials	phototagging
11427.819633333333	0.004999999999199645	trials	phototagging
11428.820333333333	0.004999999999199645	trials	phototagging
11429.821066666666	0.005000000001018634	trials	phototagging
11430.821766666666	0.005033333332903567	trials	phototagging
11431.822499999998	0.005000000001018634	trials	phototagging
11432.823199999999	0.005000000001018634	trials	phototagging
11433.823933333333	0.004999999999199645	trials	phototagging
11434.824666666666	0.005000000001018634	trials	phototagging
11445.832566666666	0.004999999999199645	trials	phototagging
11446.833299999998	0.005000000001018634	trials	phototagging
11447.833999999999	0.005000000001018634	trials	phototagging
11448.8347	0.005033333332903567	trials	phototagging
11449.835433333332	0.005000000001018634	trials	phototagging
11450.836166666666	0.004999999999199645	trials	phototagging
11451.836866666667	0.005033333332903567	trials	phototagging
11452.837599999999	0.005000000001018634	trials	phototagging
11453.8383	0.005033333332903567	trials	phototagging
11454.839033333332	0.005000000001018634	trials	phototagging
11455.839766666666	0.004999999999199645	trials	phototagging
11456.840466666667	0.004999999999199645	trials	phototagging
11457.841199999999	0.005000000001018634	trials	phototagging
11458.8419	0.004999999999199645	trials	phototagging
11459.842633333332	0.005000000001018634	trials	phototagging
11460.843333333332	0.005033333332903567	trials	phototagging
11461.844066666667	0.004999999999199645	trials	phototagging
11462.844799999999	0.005000000001018634	trials	phototagging
11463.8455	0.004999999999199645	trials	phototagging
11464.846233333332	0.005000000001018634	trials	phototagging
11465.846933333332	0.005000000001018634	trials	phototagging
11466.847666666667	0.004999999999199645	trials	phototagging
11467.848399999999	0.005000000001018634	trials	phototagging
11468.8491	0.004999999999199645	trials	phototagging
11469.849833333332	0.005000000001018634	trials	phototagging
11470.850533333332	0.005000000001018634	trials	phototagging
11471.851266666667	0.004999999999199645	trials	phototagging
11472.851999999999	0.005000000001018634	trials	phototagging
11473.8527	0.004999999999199645	trials	phototagging
11474.853433333332	0.005000000001018634	trials	phototagging
11485.861333333332	0.010000000000218279	trials	phototagging
11485.961399999998	0.010000000000218279	trials	phototagging
11486.061466666666	0.0100333333339222	trials	phototagging
11486.161533333332	0.0100333333339222	trials	phototagging
11486.2616	0.010033333332103211	trials	phototagging
11486.3617	0.010000000000218279	trials	phototagging
11486.461766666665	0.010000000000218279	trials	phototagging
11486.561833333333	0.00999999999839929	trials	phototagging
11486.6619	0.0100333333339222	trials	phototagging
11486.761966666665	0.0100333333339222	trials	phototagging
11486.862033333333	0.010033333332103211	trials	phototagging
11486.962133333333	0.010000000000218279	trials	phototagging
11487.062199999998	0.010000000000218279	trials	phototagging
11487.162266666666	0.010000000000218279	trials	phototagging
11487.262333333332	0.010000000000218279	trials	phototagging
11487.3624	0.010033333332103211	trials	phototagging
11487.462466666666	0.0100333333339222	trials	phototagging
11487.562533333332	0.0100333333339222	trials	phototagging
11487.662633333333	0.00999999999839929	trials	phototagging
11487.7627	0.010000000000218279	trials	phototagging
11487.862766666665	0.010000000000218279	trials	phototagging
11487.962833333333	0.010000000000218279	trials	phototagging
11488.062899999999	0.0100333333339222	trials	phototagging
11488.162966666665	0.0100333333339222	trials	phototagging
11488.263066666666	0.010000000000218279	trials	phototagging
11488.363133333332	0.010000000000218279	trials	phototagging
11488.463199999998	0.010000000000218279	trials	phototagging
11488.563266666666	0.010000000000218279	trials	phototagging
11488.663333333332	0.0100333333339222	trials	phototagging
11488.7634	0.010033333332103211	trials	phototagging
11498.870666666666	0.004999999999199645	trials	phototagging
11499.8714	0.004999999999199645	trials	phototagging
11500.872133333332	0.004999999999199645	trials	phototagging
11501.872833333333	0.004999999999199645	trials	phototagging
11502.873566666665	0.005000000001018634	trials	phototagging
11503.874266666666	0.004999999999199645	trials	phototagging
11504.875	0.004999999999199645	trials	phototagging
11505.875733333332	0.004999999999199645	trials	phototagging
11506.876433333333	0.004999999999199645	trials	phototagging
11507.877166666665	0.005000000001018634	trials	phototagging
11508.877866666666	0.004999999999199645	trials	phototagging
11509.8786	0.004999999999199645	trials	phototagging
11510.879299999999	0.005000000001018634	trials	phototagging
11511.880033333333	0.004999999999199645	trials	phototagging
11512.880733333332	0.005033333334722556	trials	phototagging
11513.881466666666	0.004999999999199645	trials	phototagging
11514.8822	0.004999999999199645	trials	phototagging
11515.882899999999	0.005000000001018634	trials	phototagging
11516.883633333333	0.004999999999199645	trials	phototagging
11517.884333333332	0.005033333334722556	trials	phototagging
11518.885066666666	0.004999999999199645	trials	phototagging
11519.885766666666	0.005033333332903567	trials	phototagging
11520.886499999999	0.005000000001018634	trials	phototagging
11521.887233333333	0.004999999999199645	trials	phototagging
11522.887933333332	0.005033333334722556	trials	phototagging
11523.888666666666	0.004999999999199645	trials	phototagging
11524.889366666666	0.004999999999199645	trials	phototagging
11525.890099999999	0.005000000001018634	trials	phototagging
11526.890833333333	0.004999999999199645	trials	phototagging
11527.891533333332	0.005000000001018634	trials	phototagging
11538.899466666666	0.004999999999199645	trials	phototagging
11538.909466666666	0.004999999999199645	trials	phototagging
11538.919466666666	0.004999999999199645	trials	phototagging
11538.929466666666	0.004999999999199645	trials	phototagging
11538.939499999999	0.005000000001018634	trials	phototagging
11538.949499999999	0.005000000001018634	trials	phototagging
11538.959499999999	0.004999999999199645	trials	phototagging
11538.9695	0.004999999999199645	trials	phototagging
11538.9795	0.004999999999199645	trials	phototagging
11538.989533333332	0.005000000001018634	trials	phototagging
11538.999533333332	0.005000000001018634	trials	phototagging
11539.009533333332	0.005000000001018634	trials	phototagging
11539.019533333332	0.005000000001018634	trials	phototagging
11539.029533333332	0.004999999999199645	trials	phototagging
11539.039566666666	0.004999999999199645	trials	phototagging
11539.049566666667	0.004999999999199645	trials	phototagging
11539.059566666665	0.005000000001018634	trials	phototagging
11539.069566666665	0.005000000001018634	trials	phototagging
11539.079566666665	0.005033333332903567	trials	phototagging
11539.0896	0.004999999999199645	trials	phototagging
11539.0996	0.004999999999199645	trials	phototagging
11539.1096	0.004999999999199645	trials	phototagging
11539.1196	0.005033333332903567	trials	phototagging
11539.129599999998	0.005033333334722556	trials	phototagging
11539.139633333332	0.005000000001018634	trials	phototagging
11539.149633333333	0.004999999999199645	trials	phototagging
11539.159633333333	0.004999999999199645	trials	phototagging
11539.169633333333	0.004999999999199645	trials	phototagging
11539.179666666665	0.005000000001018634	trials	phototagging
11539.189666666665	0.005000000001018634	trials	phototagging
11549.206866666666	0.010000000000218279	trials	phototagging
11549.306933333333	0.00999999999839929	trials	phototagging
11549.407	0.010000000000218279	trials	phototagging
11549.507066666665	0.010000000000218279	trials	phototagging
11549.607166666667	0.00999999999839929	trials	phototagging
11549.707233333333	0.010000000000218279	trials	phototagging
11549.807299999999	0.010000000000218279	trials	phototagging
11549.907366666666	0.010000000000218279	trials	phototagging
11550.007433333332	0.010000000000218279	trials	phototagging
11550.107499999998	0.010000000000218279	trials	phototagging
11550.2076	0.010000000000218279	trials	phototagging
11550.307666666666	0.010000000000218279	trials	phototagging
11550.407733333332	0.010000000000218279	trials	phototagging
11550.5078	0.010000000000218279	trials	phototagging
11550.607866666665	0.010000000000218279	trials	phototagging
11550.707933333333	0.010000000000218279	trials	phototagging
11550.808033333333	0.009966666666514357	trials	phototagging
11550.908099999999	0.010000000000218279	trials	phototagging
11551.008166666667	0.00999999999839929	trials	phototagging
11551.108233333332	0.010000000000218279	trials	phototagging
11551.208299999998	0.010000000000218279	trials	phototagging
11551.308366666666	0.010000000000218279	trials	phototagging
11551.408433333332	0.010000000000218279	trials	phototagging
11551.5085	0.010033333332103211	trials	phototagging
11551.6086	0.010000000000218279	trials	phototagging
11551.708666666666	0.010000000000218279	trials	phototagging
11551.808733333333	0.00999999999839929	trials	phototagging
11551.9088	0.010000000000218279	trials	phototagging
11552.008866666665	0.010000000000218279	trials	phototagging
11552.108933333333	0.010033333332103211	trials	phototagging
11562.216199999999	0.10009999999965657	trials	phototagging
11563.216933333333	0.10006666666595265	trials	phototagging
11564.217666666666	0.10006666666777164	trials	phototagging
11565.218366666666	0.10006666666595265	trials	phototagging
11566.219099999998	0.10006666666777164	trials	phototagging
11567.219799999999	0.10006666666595265	trials	phototagging
11568.220533333333	0.10006666666595265	trials	phototagging
11569.221233333332	0.10010000000147556	trials	phototagging
11570.221966666666	0.10006666666595265	trials	phototagging
11571.222699999998	0.10006666666777164	trials	phototagging
11572.223399999999	0.10006666666595265	trials	phototagging
11573.224133333333	0.10006666666595265	trials	phototagging
11584.232033333332	0.005000000001018634	trials	phototagging
11584.242033333332	0.005000000001018634	trials	phototagging
11584.252033333332	0.005033333332903567	trials	phototagging
11584.262066666666	0.004999999999199645	trials	phototagging
11584.272066666666	0.004999999999199645	trials	phototagging
11584.282066666667	0.004999999999199645	trials	phototagging
11584.292066666665	0.005000000001018634	trials	phototagging
11584.302099999999	0.005000000001018634	trials	phototagging
11584.3121	0.004999999999199645	trials	phototagging
11584.3221	0.004999999999199645	trials	phototagging
11584.3321	0.004999999999199645	trials	phototagging
11584.3421	0.005033333332903567	trials	phototagging
11584.352133333332	0.005000000001018634	trials	phototagging
11584.362133333332	0.005000000001018634	trials	phototagging
11584.372133333332	0.004999999999199645	trials	phototagging
11584.382133333333	0.004999999999199645	trials	phototagging
11584.392133333333	0.005033333332903567	trials	phototagging
11584.402166666665	0.005000000001018634	trials	phototagging
11584.412166666665	0.005000000001018634	trials	phototagging
11584.422166666665	0.005000000001018634	trials	phototagging
11584.432166666666	0.005033333332903567	trials	phototagging
11584.4422	0.004999999999199645	trials	phototagging
11584.4522	0.004999999999199645	trials	phototagging
11584.4622	0.004999999999199645	trials	phototagging
11584.472199999998	0.005033333334722556	trials	phototagging
11584.482233333332	0.005000000001018634	trials	phototagging
11584.492233333332	0.004999999999199645	trials	phototagging
11584.502233333333	0.004999999999199645	trials	phototagging
11584.512233333333	0.004999999999199645	trials	phototagging
11584.522233333333	0.004999999999199645	trials	phototagging
11594.539433333333	0.10009999999965657	trials	phototagging
11595.540166666666	0.10006666666595265	trials	phototagging
11596.5409	0.10006666666595265	trials	phototagging
11597.541599999999	0.10006666666777164	trials	phototagging
11598.542333333333	0.10006666666595265	trials	phototagging
11599.543033333333	0.10006666666595265	trials	phototagging
11600.543766666666	0.10006666666595265	trials	phototagging
11601.544466666666	0.10009999999965657	trials	phototagging
11602.545199999999	0.10006666666777164	trials	phototagging
11603.545933333333	0.10006666666595265	trials	phototagging
11604.546633333333	0.10006666666595265	trials	phototagging
11605.547366666666	0.10006666666595265	trials	phototagging
11616.555266666666	0.010000000000218279	trials	phototagging
11616.655333333332	0.010000000000218279	trials	phototagging
11616.755433333332	0.010000000000218279	trials	phototagging
11616.8555	0.010000000000218279	trials	phototagging
11616.955566666666	0.010000000000218279	trials	phototagging
11617.055633333332	0.010000000000218279	trials	phototagging
11617.1557	0.010000000000218279	trials	phototagging
11617.255766666665	0.010000000000218279	trials	phototagging
11617.355833333333	0.010033333332103211	trials	phototagging
11617.455933333333	0.010000000000218279	trials	phototagging
11617.555999999999	0.010000000000218279	trials	phototagging
11617.656066666666	0.010000000000218279	trials	phototagging
11617.756133333332	0.010000000000218279	trials	phototagging
11617.856199999998	0.010000000000218279	trials	phototagging
11617.956266666666	0.010033333332103211	trials	phototagging
11618.056333333332	0.0100333333339222	trials	phototagging
11618.1564	0.010033333332103211	trials	phototagging
11618.2565	0.010000000000218279	trials	phototagging
11618.356566666665	0.010000000000218279	trials	phototagging
11618.456633333333	0.00999999999839929	trials	phototagging
11618.5567	0.0100333333339222	trials	phototagging
11618.656766666665	0.0100333333339222	trials	phototagging
11618.756866666667	0.00999999999839929	trials	phototagging
11618.856933333333	0.010000000000218279	trials	phototagging
11618.956999999999	0.010000000000218279	trials	phototagging
11619.057066666666	0.010000000000218279	trials	phototagging
11619.157133333332	0.0100333333339222	trials	phototagging
11619.2572	0.010033333332103211	trials	phototagging
11619.357266666666	0.0100333333339222	trials	phototagging
11619.457366666666	0.010000000000218279	trials	phototagging
11629.564633333332	0.005000000001018634	trials	phototagging
11630.565333333332	0.005000000001018634	trials	phototagging
11631.566066666666	0.004999999999199645	trials	phototagging
11632.566799999999	0.005000000001018634	trials	phototagging
11633.5675	0.004999999999199645	trials	phototagging
11634.5682	0.005033333332903567	trials	phototagging
11635.568933333332	0.005000000001018634	trials	phototagging
11636.569666666666	0.004999999999199645	trials	phototagging
11637.570366666665	0.005033333334722556	trials	phototagging
11638.5711	0.004999999999199645	trials	phototagging
11639.5718	0.005033333332903567	trials	phototagging
11640.572533333332	0.005000000001018634	trials	phototagging
11641.573266666666	0.004999999999199645	trials	phototagging
11642.573966666665	0.005000000001018634	trials	phototagging
11643.5747	0.004999999999199645	trials	phototagging
11644.5754	0.005033333332903567	trials	phototagging
11645.576133333332	0.005000000001018634	trials	phototagging
11646.576866666666	0.004999999999199645	trials	phototagging
11647.577566666665	0.005000000001018634	trials	phototagging
11648.5783	0.004999999999199645	trials	phototagging
11649.579	0.005033333332903567	trials	phototagging
11650.579733333332	0.005000000001018634	trials	phototagging
11651.580466666666	0.004999999999199645	trials	phototagging
11652.581166666665	0.005000000001018634	trials	phototagging
11653.5819	0.004999999999199645	trials	phototagging
11654.5826	0.004999999999199645	trials	phototagging
11655.583333333332	0.005000000001018634	trials	phototagging
11656.584066666666	0.004999999999199645	trials	phototagging
11657.584766666665	0.005000000001018634	trials	phototagging
11658.5855	0.004999999999199645	trials	phototagging
11669.5934	0.004999999999199645	trials	phototagging
11670.594133333332	0.005000000001018634	trials	phototagging
11671.594833333333	0.005033333332903567	trials	phototagging
11672.595566666665	0.005000000001018634	trials	phototagging
11673.596266666666	0.005033333332903567	trials	phototagging
11674.597	0.004999999999199645	trials	phototagging
11675.597733333332	0.005000000001018634	trials	phototagging
11676.598433333333	0.004999999999199645	trials	phototagging
11677.599166666665	0.005000000001018634	trials	phototagging
11678.599866666666	0.005033333332903567	trials	phototagging
11679.6006	0.004999999999199645	trials	phototagging
11680.601333333332	0.005000000001018634	trials	phototagging
11681.602033333333	0.004999999999199645	trials	phototagging
11682.602766666665	0.005000000001018634	trials	phototagging
11683.603466666666	0.005033333332903567	trials	phototagging
11684.6042	0.004999999999199645	trials	phototagging
11685.604933333332	0.005000000001018634	trials	phototagging
11686.605633333333	0.004999999999199645	trials	phototagging
11687.606366666665	0.005000000001018634	trials	phototagging
11688.607066666666	0.005000000001018634	trials	phototagging
11689.6078	0.004999999999199645	trials	phototagging
11690.608533333332	0.005000000001018634	trials	phototagging
11691.609233333333	0.004999999999199645	trials	phototagging
11692.609966666665	0.005000000001018634	trials	phototagging
11693.610666666666	0.005000000001018634	trials	phototagging
11694.6114	0.004999999999199645	trials	phototagging
11695.612133333332	0.005000000001018634	trials	phototagging
11696.612833333333	0.004999999999199645	trials	phototagging
11697.613566666665	0.005000000001018634	trials	phototagging
11698.614266666666	0.005000000001018634	trials	phototagging
11709.6222	0.010000000000218279	trials	phototagging
11709.722266666666	0.010000000000218279	trials	phototagging
11709.822333333332	0.010000000000218279	trials	phototagging
11709.9224	0.010000000000218279	trials	phototagging
11710.022466666665	0.0100333333339222	trials	phototagging
11710.122533333333	0.010033333332103211	trials	phototagging
11710.222633333333	0.010000000000218279	trials	phototagging
11710.322699999999	0.010000000000218279	trials	phototagging
11710.422766666667	0.00999999999839929	trials	phototagging
11710.522833333333	0.010000000000218279	trials	phototagging
11710.622899999998	0.0100333333339222	trials	phototagging
11710.722966666666	0.010033333332103211	trials	phototagging
11710.823066666666	0.010000000000218279	trials	phototagging
11710.923133333332	0.010000000000218279	trials	phototagging
11711.0232	0.010000000000218279	trials	phototagging
11711.123266666666	0.010000000000218279	trials	phototagging
11711.223333333333	0.010033333332103211	trials	phototagging
11711.323433333333	0.009966666666514357	trials	phototagging
11711.423499999999	0.010000000000218279	trials	phototagging
11711.523566666665	0.010000000000218279	trials	phototagging
11711.623633333333	0.010000000000218279	trials	phototagging
11711.723699999999	0.010000000000218279	trials	phototagging
11711.823766666666	0.010033333332103211	trials	phototagging
11711.923833333332	0.010000000000218279	trials	phototagging
11712.023933333332	0.010000000000218279	trials	phototagging
11712.124	0.010000000000218279	trials	phototagging
11712.224066666666	0.010000000000218279	trials	phototagging
11712.324133333332	0.010000000000218279	trials	phototagging
11712.4242	0.010000000000218279	trials	phototagging
11712.524266666665	0.010000000000218279	trials	phototagging
11903.619166666665	0.10006666666777164	trials	phototagging
11904.6199	0.10006666666595265	trials	phototagging
11905.620599999998	0.10006666666777164	trials	phototagging
11906.621333333333	0.10006666666595265	trials	phototagging
11907.622033333333	0.10009999999965657	trials	phototagging
11908.622766666665	0.10006666666777164	trials	phototagging
11909.6235	0.10006666666595265	trials	phototagging
11910.624199999998	0.10006666666777164	trials	phototagging
11911.624933333333	0.10006666666595265	trials	phototagging
11912.625633333333	0.10006666666595265	trials	phototagging
11913.626366666665	0.10006666666777164	trials	phototagging
11914.6271	0.10006666666595265	trials	phototagging
11925.634999999998	0.005000000001018634	trials	phototagging
11925.644999999999	0.005000000001018634	trials	phototagging
11925.654999999999	0.005000000001018634	trials	phototagging
11925.665033333333	0.004999999999199645	trials	phototagging
11925.675033333333	0.004999999999199645	trials	phototagging
11925.685033333333	0.004999999999199645	trials	phototagging
11925.695033333332	0.005000000001018634	trials	phototagging
11925.705033333332	0.005033333334722556	trials	phototagging
11925.715066666666	0.004999999999199645	trials	phototagging
11925.725066666666	0.004999999999199645	trials	phototagging
11925.735066666666	0.004999999999199645	trials	phototagging
11925.745066666666	0.004999999999199645	trials	phototagging
11925.755066666667	0.005033333332903567	trials	phototagging
11925.765099999999	0.005000000001018634	trials	phototagging
11925.775099999999	0.005000000001018634	trials	phototagging
11925.7851	0.004999999999199645	trials	phototagging
11925.7951	0.004999999999199645	trials	phototagging
11925.8051	0.004999999999199645	trials	phototagging
11925.815133333332	0.005000000001018634	trials	phototagging
11925.825133333332	0.005000000001018634	trials	phototagging
11925.835133333332	0.005000000001018634	trials	phototagging
11925.845133333332	0.005000000001018634	trials	phototagging
11925.855166666666	0.004999999999199645	trials	phototagging
11925.865166666666	0.004999999999199645	trials	phototagging
11925.875166666667	0.004999999999199645	trials	phototagging
11925.885166666665	0.005000000001018634	trials	phototagging
11925.895199999999	0.005000000001018634	trials	phototagging
11925.9052	0.004999999999199645	trials	phototagging
11925.9152	0.004999999999199645	trials	phototagging
11925.9252	0.004999999999199645	trials	phototagging
11935.9424	0.00999999999839929	trials	phototagging
11936.042466666666	0.010000000000218279	trials	phototagging
11936.142533333332	0.0100333333339222	trials	phototagging
11936.242633333333	0.00999999999839929	trials	phototagging
11936.3427	0.010000000000218279	trials	phototagging
11936.442766666665	0.010000000000218279	trials	phototagging
11936.542833333333	0.010000000000218279	trials	phototagging
11936.642899999999	0.010000000000218279	trials	phototagging
11936.742966666667	0.00999999999839929	trials	phototagging
11936.843066666666	0.010000000000218279	trials	phototagging
11936.943133333332	0.010000000000218279	trials	phototagging
11937.043199999998	0.010000000000218279	trials	phototagging
11937.143266666666	0.010000000000218279	trials	phototagging
11937.243333333332	0.010000000000218279	trials	phototagging
11937.3434	0.010000000000218279	trials	phototagging
11937.4435	0.010000000000218279	trials	phototagging
11937.543566666665	0.010000000000218279	trials	phototagging
11937.643633333333	0.010000000000218279	trials	phototagging
11937.743699999999	0.010000000000218279	trials	phototagging
11937.843766666665	0.010000000000218279	trials	phototagging
11937.943833333333	0.010000000000218279	trials	phototagging
11938.043899999999	0.0100333333339222	trials	phototagging
11938.143999999998	0.010000000000218279	trials	phototagging
11938.244066666666	0.010000000000218279	trials	phototagging
11938.344133333332	0.010000000000218279	trials	phototagging
11938.4442	0.00999999999839929	trials	phototagging
11938.544266666666	0.010000000000218279	trials	phototagging
11938.644333333332	0.010000000000218279	trials	phototagging
11938.744433333333	0.00999999999839929	trials	phototagging
11938.8445	0.010000000000218279	trials	phototagging
11948.951766666665	0.005000000001018634	trials	phototagging
11949.952466666666	0.004999999999199645	trials	phototagging
11950.9532	0.004999999999199645	trials	phototagging
11951.953899999999	0.005000000001018634	trials	phototagging
11952.954633333333	0.004999999999199645	trials	phototagging
11953.955366666665	0.005000000001018634	trials	phototagging
11954.956066666666	0.004999999999199645	trials	phototagging
11955.9568	0.004999999999199645	trials	phototagging
11956.957499999999	0.005000000001018634	trials	phototagging
11957.958233333333	0.004999999999199645	trials	phototagging
11958.958966666665	0.005000000001018634	trials	phototagging
11959.959666666666	0.004999999999199645	trials	phototagging
11960.960366666666	0.005033333332903567	trials	phototagging
11961.961099999999	0.005000000001018634	trials	phototagging
11962.961833333333	0.004999999999199645	trials	phototagging
11963.962533333333	0.005033333332903567	trials	phototagging
11964.963266666666	0.004999999999199645	trials	phototagging
11965.963966666666	0.005033333332903567	trials	phototagging
11966.964699999999	0.005000000001018634	trials	phototagging
11967.965433333333	0.004999999999199645	trials	phototagging
11968.966133333333	0.004999999999199645	trials	phototagging
11969.966866666666	0.004999999999199645	trials	phototagging
11970.967566666666	0.004999999999199645	trials	phototagging
11971.968299999999	0.005000000001018634	trials	phototagging
11972.969033333333	0.004999999999199645	trials	phototagging
11973.969733333333	0.004999999999199645	trials	phototagging
11974.970466666666	0.004999999999199645	trials	phototagging
11975.971166666666	0.004999999999199645	trials	phototagging
11976.971899999999	0.005000000001018634	trials	phototagging
11977.9726	0.005033333332903567	trials	phototagging
11988.980533333333	0.004999999999199645	trials	phototagging
11989.981233333332	0.005033333332903567	trials	phototagging
11990.981966666666	0.004999999999199645	trials	phototagging
11991.982699999999	0.005000000001018634	trials	phototagging
11992.9834	0.004999999999199645	trials	phototagging
11993.984133333333	0.004999999999199645	trials	phototagging
11994.984833333332	0.005033333332903567	trials	phototagging
11995.985566666666	0.004999999999199645	trials	phototagging
11996.986266666665	0.005033333334722556	trials	phototagging
11997.987	0.004999999999199645	trials	phototagging
11998.987733333332	0.005000000001018634	trials	phototagging
11999.988433333332	0.005000000001018634	trials	phototagging
12000.989166666666	0.004999999999199645	trials	phototagging
12001.989866666665	0.005000000001018634	trials	phototagging
12002.9906	0.004999999999199645	trials	phototagging
12003.9913	0.005033333332903567	trials	phototagging
12004.992033333332	0.005000000001018634	trials	phototagging
12005.992766666666	0.004999999999199645	trials	phototagging
12006.993466666665	0.005000000001018634	trials	phototagging
12007.9942	0.004999999999199645	trials	phototagging
12008.9949	0.005033333332903567	trials	phototagging
12009.995633333332	0.005000000001018634	trials	phototagging
12010.996366666666	0.004999999999199645	trials	phototagging
12011.997066666665	0.005000000001018634	trials	phototagging
12012.9978	0.004999999999199645	trials	phototagging
12013.9985	0.004999999999199645	trials	phototagging
12014.999233333332	0.005000000001018634	trials	phototagging
12015.999933333333	0.005033333332903567	trials	phototagging
12017.000666666665	0.005000000001018634	trials	phototagging
12018.0014	0.004999999999199645	trials	phototagging
12029.0093	0.010000000000218279	trials	phototagging
12029.109366666666	0.010000000000218279	trials	phototagging
12029.209433333332	0.0100333333339222	trials	phototagging
12029.3095	0.0100333333339222	trials	phototagging
12029.409599999999	0.010000000000218279	trials	phototagging
12029.509666666665	0.010000000000218279	trials	phototagging
12029.609733333333	0.010000000000218279	trials	phototagging
12029.709799999999	0.010000000000218279	trials	phototagging
12029.809866666666	0.010033333332103211	trials	phototagging
12029.909933333332	0.0100333333339222	trials	phototagging
12030.009999999998	0.0100333333339222	trials	phototagging
12030.1101	0.00999999999839929	trials	phototagging
12030.210166666666	0.010000000000218279	trials	phototagging
12030.310233333332	0.010000000000218279	trials	phototagging
12030.4103	0.010000000000218279	trials	phototagging
12030.5104	0.010000000000218279	trials	phototagging
12030.610433333333	0.010033333332103211	trials	phototagging
12030.710533333333	0.010000000000218279	trials	phototagging
12030.810599999999	0.010000000000218279	trials	phototagging
12030.910666666667	0.00999999999839929	trials	phototagging
12031.010733333333	0.010000000000218279	trials	phototagging
12031.110799999999	0.0100333333339222	trials	phototagging
12031.210866666666	0.010033333332103211	trials	phototagging
12031.310966666666	0.010000000000218279	trials	phototagging
12031.411033333332	0.010000000000218279	trials	phototagging
12031.5111	0.010000000000218279	trials	phototagging
12031.611166666666	0.010000000000218279	trials	phototagging
12031.711233333332	0.0100333333339222	trials	phototagging
12031.8113	0.0100333333339222	trials	phototagging
12031.911399999999	0.010000000000218279	trials	phototagging
12042.018633333333	0.005033333332903567	trials	phototagging
12043.019366666666	0.005000000001018634	trials	phototagging
12044.0201	0.004999999999199645	trials	phototagging
12045.020799999998	0.005000000001018634	trials	phototagging
12046.021533333333	0.004999999999199645	trials	phototagging
12047.022233333333	0.005033333332903567	trials	phototagging
12048.022966666666	0.005000000001018634	trials	phototagging
12049.0237	0.004999999999199645	trials	phototagging
12050.024399999998	0.005000000001018634	trials	phototagging
12051.025133333333	0.004999999999199645	trials	phototagging
12052.025833333333	0.004999999999199645	trials	phototagging
12053.026566666666	0.005000000001018634	trials	phototagging
12054.027266666666	0.005033333332903567	trials	phototagging
12055.027999999998	0.005000000001018634	trials	phototagging
12056.028733333333	0.004999999999199645	trials	phototagging
12057.029433333333	0.004999999999199645	trials	phototagging
12058.030166666666	0.005000000001018634	trials	phototagging
12059.030866666666	0.005033333332903567	trials	phototagging
12060.031599999998	0.005000000001018634	trials	phototagging
12061.032333333333	0.004999999999199645	trials	phototagging
12062.033033333333	0.004999999999199645	trials	phototagging
12063.033766666666	0.005000000001018634	trials	phototagging
12064.034466666666	0.005033333332903567	trials	phototagging
12065.035199999998	0.005000000001018634	trials	phototagging
12066.035899999999	0.005000000001018634	trials	phototagging
12067.036633333333	0.004999999999199645	trials	phototagging
12068.037333333332	0.005033333334722556	trials	phototagging
12069.038066666666	0.004999999999199645	trials	phototagging
12070.038799999998	0.005000000001018634	trials	phototagging
12071.039499999999	0.005000000001018634	trials	phototagging
12082.047433333333	0.004999999999199645	trials	phototagging
12082.057433333332	0.005000000001018634	trials	phototagging
12082.067433333332	0.005000000001018634	trials	phototagging
12082.077466666666	0.004999999999199645	trials	phototagging
12082.087466666666	0.004999999999199645	trials	phototagging
12082.097466666666	0.004999999999199645	trials	phototagging
12082.107466666666	0.004999999999199645	trials	phototagging
12082.117466666667	0.004999999999199645	trials	phototagging
12082.127466666665	0.005033333334722556	trials	phototagging
12082.137499999999	0.005000000001018634	trials	phototagging
12082.1475	0.004999999999199645	trials	phototagging
12082.1575	0.004999999999199645	trials	phototagging
12082.1675	0.004999999999199645	trials	phototagging
12082.177533333332	0.005000000001018634	trials	phototagging
12082.187533333332	0.005000000001018634	trials	phototagging
12082.197533333332	0.005000000001018634	trials	phototagging
12082.207533333332	0.005000000001018634	trials	phototagging
12082.217533333333	0.005033333332903567	trials	phototagging
12082.227566666666	0.004999999999199645	trials	phototagging
12082.237566666667	0.004999999999199645	trials	phototagging
12082.247566666665	0.005000000001018634	trials	phototagging
12082.257566666665	0.005000000001018634	trials	phototagging
12082.267566666666	0.005000000001018634	trials	phototagging
12082.2776	0.004999999999199645	trials	phototagging
12082.2876	0.004999999999199645	trials	phototagging
12082.2976	0.004999999999199645	trials	phototagging
12082.307599999998	0.005000000001018634	trials	phototagging
12082.317599999998	0.005033333334722556	trials	phototagging
12082.327633333332	0.004999999999199645	trials	phototagging
12082.337633333333	0.004999999999199645	trials	phototagging
12092.354833333333	0.010000000000218279	trials	phototagging
12092.454899999999	0.010000000000218279	trials	phototagging
12092.554966666667	0.00999999999839929	trials	phototagging
12092.655066666666	0.010000000000218279	trials	phototagging
12092.755133333332	0.010000000000218279	trials	phototagging
12092.8552	0.00999999999839929	trials	phototagging
12092.955266666666	0.010000000000218279	trials	phototagging
12093.055333333332	0.010000000000218279	trials	phototagging
12093.1554	0.010000000000218279	trials	phototagging
12093.255466666666	0.0100333333339222	trials	phototagging
12093.355566666665	0.010000000000218279	trials	phototagging
12093.455633333333	0.010000000000218279	trials	phototagging
12093.555699999999	0.010000000000218279	trials	phototagging
12093.655766666665	0.010000000000218279	trials	phototagging
12093.755833333333	0.010000000000218279	trials	phototagging
12093.855899999999	0.0100333333339222	trials	phototagging
12093.955966666666	0.010033333332103211	trials	phototagging
12094.056066666666	0.010000000000218279	trials	phototagging
12094.156133333332	0.010000000000218279	trials	phototagging
12094.2562	0.010000000000218279	trials	phototagging
12094.356266666666	0.010000000000218279	trials	phototagging
12094.456333333332	0.0100333333339222	trials	phototagging
12094.556433333333	0.00999999999839929	trials	phototagging
12094.6565	0.010000000000218279	trials	phototagging
12094.756566666665	0.010000000000218279	trials	phototagging
12094.856633333333	0.010000000000218279	trials	phototagging
12094.956699999999	0.010000000000218279	trials	phototagging
12095.056766666667	0.010033333332103211	trials	phototagging
12095.156833333333	0.0100333333339222	trials	phototagging
12095.256899999998	0.0100333333339222	trials	phototagging
12105.364166666666	0.10009999999965657	trials	phototagging
12106.364899999999	0.10006666666777164	trials	phototagging
12107.365633333333	0.10006666666595265	trials	phototagging
12108.366333333332	0.10006666666777164	trials	phototagging
12109.367066666666	0.10006666666595265	trials	phototagging
12110.367766666666	0.10006666666595265	trials	phototagging
12111.368499999999	0.10006666666777164	trials	phototagging
12112.3692	0.10009999999965657	trials	phototagging
12113.369933333332	0.10006666666777164	trials	phototagging
12114.370666666666	0.10006666666595265	trials	phototagging
12115.371366666666	0.10006666666595265	trials	phototagging
12116.372099999999	0.10006666666777164	trials	phototagging
12127.38	0.004999999999199645	trials	phototagging
12127.39	0.005033333332903567	trials	phototagging
12127.400033333333	0.004999999999199645	trials	phototagging
12127.410033333332	0.005000000001018634	trials	phototagging
12127.420033333332	0.005000000001018634	trials	phototagging
12127.430033333332	0.005000000001018634	trials	phototagging
12127.440033333332	0.005033333332903567	trials	phototagging
12127.450066666666	0.004999999999199645	trials	phototagging
12127.460066666667	0.004999999999199645	trials	phototagging
12127.470066666665	0.005000000001018634	trials	phototagging
12127.480066666665	0.005000000001018634	trials	phototagging
12127.490066666665	0.005033333332903567	trials	phototagging
12127.5001	0.004999999999199645	trials	phototagging
12127.5101	0.004999999999199645	trials	phototagging
12127.5201	0.004999999999199645	trials	phototagging
12127.5301	0.004999999999199645	trials	phototagging
12127.540133333332	0.005000000001018634	trials	phototagging
12127.550133333332	0.005000000001018634	trials	phototagging
12127.560133333332	0.004999999999199645	trials	phototagging
12127.570133333333	0.004999999999199645	trials	phototagging
12127.580166666667	0.004999999999199645	trials	phototagging
12127.590166666665	0.005000000001018634	trials	phototagging
12127.600166666665	0.005000000001018634	trials	phototagging
12127.610166666665	0.005000000001018634	trials	phototagging
12127.620166666666	0.005033333332903567	trials	phototagging
12127.6302	0.004999999999199645	trials	phototagging
12127.6402	0.004999999999199645	trials	phototagging
12127.6502	0.004999999999199645	trials	phototagging
12127.660199999998	0.005000000001018634	trials	phototagging
12127.670199999999	0.005033333332903567	trials	phototagging
12137.687399999999	0.10009999999965657	trials	phototagging
12138.688133333333	0.10006666666595265	trials	phototagging
12139.688833333332	0.10010000000147556	trials	phototagging
12140.689566666666	0.10006666666595265	trials	phototagging
12141.690299999998	0.10006666666777164	trials	phototagging
12142.690999999999	0.10006666666777164	trials	phototagging
12143.691733333333	0.10006666666595265	trials	phototagging
12144.692433333332	0.10010000000147556	trials	phototagging
12145.693166666666	0.10006666666595265	trials	phototagging
12146.693899999998	0.10006666666777164	trials	phototagging
12147.694599999999	0.10006666666777164	trials	phototagging
12148.695333333333	0.10006666666595265	trials	phototagging
12159.703233333332	0.010000000000218279	trials	phototagging
12159.8033	0.010033333332103211	trials	phototagging
12159.903366666666	0.0100333333339222	trials	phototagging
12160.003433333333	0.010033333332103211	trials	phototagging
12160.103533333333	0.010000000000218279	trials	phototagging
12160.203599999999	0.010000000000218279	trials	phototagging
12160.303666666667	0.00999999999839929	trials	phototagging
12160.403733333333	0.010000000000218279	trials	phototagging
12160.503799999999	0.0100333333339222	trials	phototagging
12160.603866666666	0.010033333332103211	trials	phototagging
12160.703966666666	0.010000000000218279	trials	phototagging
12160.804033333332	0.010000000000218279	trials	phototagging
12160.9041	0.010000000000218279	trials	phototagging
12161.004166666666	0.010000000000218279	trials	phototagging
12161.104233333332	0.0100333333339222	trials	phototagging
12161.2043	0.0100333333339222	trials	phototagging
12161.304399999999	0.010000000000218279	trials	phototagging
12161.404466666665	0.010000000000218279	trials	phototagging
12161.504533333333	0.010000000000218279	trials	phototagging
12161.604599999999	0.010000000000218279	trials	phototagging
12161.704666666667	0.010033333332103211	trials	phototagging
12161.804766666666	0.010000000000218279	trials	phototagging
12161.904799999998	0.0100333333339222	trials	phototagging
12162.0049	0.00999999999839929	trials	phototagging
12162.104966666666	0.010000000000218279	trials	phototagging
12162.205033333332	0.010000000000218279	trials	phototagging
12162.3051	0.010000000000218279	trials	phototagging
12162.405166666666	0.0100333333339222	trials	phototagging
12162.505233333333	0.010033333332103211	trials	phototagging
12162.6053	0.0100333333339222	trials	phototagging
12172.712566666665	0.005033333334722556	trials	phototagging
12173.7133	0.004999999999199645	trials	phototagging
12174.714033333332	0.005000000001018634	trials	phototagging
12175.714733333332	0.005033333332903567	trials	phototagging
12176.715466666667	0.004999999999199645	trials	phototagging
12177.716166666665	0.005033333334722556	trials	phototagging
12178.7169	0.004999999999199645	trials	phototagging
12179.717633333332	0.005000000001018634	trials	phototagging
12180.718333333332	0.005000000001018634	trials	phototagging
12181.719066666667	0.004999999999199645	trials	phototagging
12182.719766666665	0.005033333334722556	trials	phototagging
12183.7205	0.004999999999199645	trials	phototagging
12184.721233333332	0.005000000001018634	trials	phototagging
12185.721933333332	0.005000000001018634	trials	phototagging
12186.722666666667	0.004999999999199645	trials	phototagging
12187.723366666665	0.005000000001018634	trials	phototagging
12188.7241	0.004999999999199645	trials	phototagging
12189.724833333332	0.005000000001018634	trials	phototagging
12190.725533333332	0.005000000001018634	trials	phototagging
12191.726266666667	0.004999999999199645	trials	phototagging
12192.726966666665	0.005000000001018634	trials	phototagging
12193.7277	0.004999999999199645	trials	phototagging
12194.7284	0.004999999999199645	trials	phototagging
12195.729133333332	0.005000000001018634	trials	phototagging
12196.729866666667	0.004999999999199645	trials	phototagging
12197.730566666665	0.005000000001018634	trials	phototagging
12198.7313	0.004999999999199645	trials	phototagging
12199.732	0.004999999999199645	trials	phototagging
12200.732733333332	0.004999999999199645	trials	phototagging
12201.733433333333	0.005033333332903567	trials	phototagging
12212.741366666665	0.005000000001018634	trials	phototagging
12213.742066666666	0.005033333332903567	trials	phototagging
12214.7428	0.004999999999199645	trials	phototagging
12215.743499999999	0.005033333332903567	trials	phototagging
12216.744233333333	0.004999999999199645	trials	phototagging
12217.744966666665	0.005000000001018634	trials	phototagging
12218.745666666666	0.004999999999199645	trials	phototagging
12219.7464	0.004999999999199645	trials	phototagging
12220.747099999999	0.005033333332903567	trials	phototagging
12221.747833333333	0.004999999999199645	trials	phototagging
12222.748566666665	0.005000000001018634	trials	phototagging
12223.749266666666	0.004999999999199645	trials	phototagging
12224.75	0.004999999999199645	trials	phototagging
12225.750699999999	0.005033333332903567	trials	phototagging
12226.751433333333	0.004999999999199645	trials	phototagging
12227.752133333332	0.005033333334722556	trials	phototagging
12228.752866666666	0.004999999999199645	trials	phototagging
12229.7536	0.004999999999199645	trials	phototagging
12230.754299999999	0.005033333332903567	trials	phototagging
12231.755033333333	0.004999999999199645	trials	phototagging
12232.755733333332	0.005000000001018634	trials	phototagging
12233.756466666666	0.004999999999199645	trials	phototagging
12234.7572	0.004999999999199645	trials	phototagging
12235.757899999999	0.005000000001018634	trials	phototagging
12236.758633333333	0.004999999999199645	trials	phototagging
12237.759333333332	0.005033333334722556	trials	phototagging
12238.760066666666	0.004999999999199645	trials	phototagging
12239.7608	0.004999999999199645	trials	phototagging
12240.761499999999	0.005000000001018634	trials	phototagging
12241.7622	0.005033333332903567	trials	phototagging
12252.770133333332	0.010000000000218279	trials	phototagging
12252.8702	0.010000000000218279	trials	phototagging
12252.970266666665	0.0100333333339222	trials	phototagging
12253.070333333333	0.010033333332103211	trials	phototagging
12253.170433333333	0.010000000000218279	trials	phototagging
12253.270499999999	0.010000000000218279	trials	phototagging
12253.370566666666	0.00999999999839929	trials	phototagging
12253.470633333332	0.010000000000218279	trials	phototagging
12253.570699999998	0.0100333333339222	trials	phototagging
12253.670766666666	0.010033333332103211	trials	phototagging
12253.770833333332	0.0100333333339222	trials	phototagging
12253.870933333332	0.010000000000218279	trials	phototagging
12253.971	0.010000000000218279	trials	phototagging
12254.071066666666	0.010000000000218279	trials	phototagging
12254.171133333333	0.010033333332103211	trials	phototagging
12254.2712	0.0100333333339222	trials	phototagging
12254.371266666665	0.0100333333339222	trials	phototagging
12254.471366666667	0.00999999999839929	trials	phototagging
12254.571433333333	0.010000000000218279	trials	phototagging
12254.671499999999	0.010000000000218279	trials	phototagging
12254.771566666666	0.010033333332103211	trials	phototagging
12254.871633333332	0.0100333333339222	trials	phototagging
12254.971733333332	0.010000000000218279	trials	phototagging
12255.0718	0.010000000000218279	trials	phototagging
12255.171866666666	0.010000000000218279	trials	phototagging
12255.271933333332	0.010000000000218279	trials	phototagging
12255.372	0.0100333333339222	trials	phototagging
12255.472066666665	0.0100333333339222	trials	phototagging
12255.572133333333	0.010033333332103211	trials	phototagging
12255.672233333333	0.010000000000218279	trials	phototagging
