onset	duration	nwb_table	trial_type
1.7681666666649107	0.2784666666666453	trials	phototagging
2.3264000000017404	0.22736666666605743	trials	phototagging
3.667333333334682	0.10006666666595265	trials	phototagging
4.668133333332662	0.10006666666595265	trials	phototagging
5.668900000000576	0.10009999999965657	trials	phototagging
6.6696999999985565	0.10009999999965657	trials	phototagging
7.670500000000175	0.10006666666595265	trials	phototagging
8.671300000001793	0.10006666666595265	trials	phototagging
9.672066666666069	0.10009999999965657	trials	phototagging
10.672866666667687	0.10006666666595265	trials	phototagging
11.673666666665667	0.10006666666595265	trials	phototagging
12.674466666667286	0.10006666666595265	trials	phototagging
13.675233333331562	0.10010000000329455	trials	phototagging
14.67603333333318	0.10009999999965657	trials	phototagging
25.684766666665382	0.005000000001018634	trials	phototagging
25.69476666666742	0.005000000001018634	trials	phototagging
25.70476666666582	0.005000000001018634	trials	phototagging
25.71480000000156	0.004999999997380655	trials	phototagging
25.72479999999996	0.005000000001018634	trials	phototagging
25.73479999999836	0.005000000001018634	trials	phototagging
25.744800000000396	0.005000000001018634	trials	phototagging
25.754799999998795	0.005033333334722556	trials	phototagging
25.764833333334536	0.004999999997380655	trials	phototagging
25.774833333332936	0.005000000001018634	trials	phototagging
25.784833333334973	0.004999999997380655	trials	phototagging
25.794833333333372	0.005000000001018634	trials	phototagging
25.804866666665475	0.005000000001018634	trials	phototagging
25.814866666667513	0.004999999997380655	trials	phototagging
25.824866666665912	0.005000000001018634	trials	phototagging
25.83486666666795	0.004999999997380655	trials	phototagging
25.84486666666635	0.005033333334722556	trials	phototagging
25.85489999999845	0.005000000001018634	trials	phototagging
25.86490000000049	0.005000000001018634	trials	phototagging
25.87489999999889	0.005000000001018634	trials	phototagging
25.884900000000926	0.005033333331084577	trials	phototagging
25.89493333333303	0.005000000001018634	trials	phototagging
25.904933333335066	0.004999999997380655	trials	phototagging
25.914933333333465	0.005000000001018634	trials	phototagging
25.924933333331865	0.005000000001018634	trials	phototagging
25.934933333333902	0.005033333331084577	trials	phototagging
25.944966666666005	0.005000000001018634	trials	phototagging
25.954966666668042	0.004999999997380655	trials	phototagging
25.96496666666644	0.005000000001018634	trials	phototagging
25.97496666666848	0.005033333331084577	trials	phototagging
35.9929000000011	0.010033333332103211	trials	phototagging
36.09300000000076	0.00999999999839929	trials	phototagging
36.19310000000041	0.009966666664695367	trials	phototagging
36.293166666666366	0.010000000002037268	trials	phototagging
36.39323333333232	0.01003333333574119	trials	phototagging
36.49329999999827	0.01003333333574119	trials	phototagging
36.593400000001566	0.00999999999839929	trials	phototagging
36.69346666666752	0.010033333332103211	trials	phototagging
36.79353333333347	0.010033333332103211	trials	phototagging
36.89363333333313	0.010000000002037268	trials	phototagging
36.99369999999908	0.01003333333574119	trials	phototagging
37.09379999999874	0.010000000002037268	trials	phototagging
37.19386666666833	0.00999999999839929	trials	phototagging
37.293966666667984	0.00999999999839929	trials	phototagging
37.39403333333394	0.00999999999839929	trials	phototagging
37.49409999999989	0.010033333332103211	trials	phototagging
37.594199999999546	0.010000000002037268	trials	phototagging
37.6942666666655	0.010000000002037268	trials	phototagging
37.79433333333509	0.010033333332103211	trials	phototagging
37.894433333334746	0.00999999999839929	trials	phototagging
37.9945000000007	0.00999999999839929	trials	phototagging
38.094600000000355	0.00999999999839929	trials	phototagging
38.19466666666631	0.010000000002037268	trials	phototagging
38.29473333333226	0.01003333333574119	trials	phototagging
38.39483333333192	0.010000000002037268	trials	phototagging
38.49490000000151	0.00999999999839929	trials	phototagging
38.59496666666746	0.010033333332103211	trials	phototagging
38.69506666666712	0.00999999999839929	trials	phototagging
38.79516666666677	0.009966666668333346	trials	phototagging
38.895233333332726	0.010000000002037268	trials	phototagging
49.0032333333329	0.005000000001018634	trials	phototagging
50.004000000000815	0.005033333331084577	trials	phototagging
51.004799999998795	0.005000000001018634	trials	phototagging
52.00560000000041	0.005000000001018634	trials	phototagging
53.00639999999839	0.005000000001018634	trials	phototagging
54.00720000000001	0.005000000001018634	trials	phototagging
55.007966666667926	0.005033333331084577	trials	phototagging
56.008766666665906	0.005000000001018634	trials	phototagging
57.009566666667524	0.004999999997380655	trials	phototagging
58.010366666665504	0.005000000001018634	trials	phototagging
59.01113333333342	0.005033333334722556	trials	phototagging
60.01193333333504	0.004999999997380655	trials	phototagging
61.01273333333302	0.005000000001018634	trials	phototagging
62.013533333334635	0.004999999997380655	trials	phototagging
63.01429999999891	0.005033333334722556	trials	phototagging
64.01510000000053	0.005000000001018634	trials	phototagging
65.01589999999851	0.005000000001018634	trials	phototagging
66.01670000000013	0.005000000001018634	trials	phototagging
67.01750000000175	0.004999999997380655	trials	phototagging
68.01826666666602	0.005000000001018634	trials	phototagging
69.01906666666764	0.004999999997380655	trials	phototagging
70.01986666666562	0.005000000001018634	trials	phototagging
71.02066666666724	0.005000000001018634	trials	phototagging
72.02146666666522	0.005000000001018634	trials	phototagging
73.02223333333313	0.005000000001018634	trials	phototagging
74.02303333333475	0.004999999997380655	trials	phototagging
75.02383333333273	0.005000000001018634	trials	phototagging
76.02460000000065	0.005033333331084577	trials	phototagging
77.02543333333233	0.005000000001018634	trials	phototagging
78.02620000000024	0.005000000001018634	trials	phototagging
89.03493333333245	0.005000000001018634	trials	phototagging
90.03573333333406	0.005000000001018634	trials	phototagging
91.03649999999834	0.005000000001018634	trials	phototagging
92.03729999999996	0.005033333334722556	trials	phototagging
93.03810000000158	0.004999999997380655	trials	phototagging
94.03889999999956	0.005000000001018634	trials	phototagging
95.03966666666747	0.005033333331084577	trials	phototagging
96.04046666666545	0.005000000001018634	trials	phototagging
97.04126666666707	0.005000000001018634	trials	phototagging
98.04206666666505	0.005000000001018634	trials	phototagging
99.04286666666667	0.005000000001018634	trials	phototagging
100.04363333333458	0.005033333331084577	trials	phototagging
101.04443333333256	0.005000000001018634	trials	phototagging
102.04523333333418	0.004999999997380655	trials	phototagging
103.04603333333216	0.005000000001018634	trials	phototagging
104.04683333333378	0.005000000001018634	trials	phototagging
105.0476000000017	0.005033333331084577	trials	phototagging
106.04839999999967	0.005000000001018634	trials	phototagging
107.04920000000129	0.004999999997380655	trials	phototagging
108.04999999999927	0.005000000001018634	trials	phototagging
109.05080000000089	0.004999999997380655	trials	phototagging
110.05156666666517	0.005033333334722556	trials	phototagging
111.05236666666679	0.005000000001018634	trials	phototagging
111.77049999999872	1.0400000000008731	trials	port_entry
112.0531666666684	0.004999999997380655	trials	phototagging
113.05396666666638	0.005000000001018634	trials	phototagging
113.1304999999993	0.06999999999970896	trials	port_entry
114.0547333333343	0.005033333331084577	trials	phototagging
115.05553333333228	0.005000000001018634	trials	phototagging
116.0563333333339	0.005000000001018634	trials	phototagging
117.05713333333188	0.005000000001018634	trials	phototagging
118.05789999999979	0.005033333334722556	trials	phototagging
129.066633333332	0.010000000002037268	trials	phototagging
129.16673333333165	0.010000000002037268	trials	phototagging
129.26680000000124	0.00999999999839929	trials	phototagging
129.3668666666672	0.010033333332103211	trials	phototagging
129.46696666666685	0.00999999999839929	trials	phototagging
129.5670333333328	0.010000000002037268	trials	phototagging
129.66709999999875	0.01003333333574119	trials	phototagging
129.7671999999984	0.010000000002037268	trials	phototagging
129.867266666668	0.00999999999839929	trials	phototagging
129.96736666666766	0.00999999999839929	trials	phototagging
130.0674333333336	0.00999999999839929	trials	phototagging
130.16749999999956	0.010033333332103211	trials	phototagging
130.26759999999922	0.010000000002037268	trials	phototagging
130.36766666666517	0.01003333333574119	trials	phototagging
130.46773333333476	0.010033333332103211	trials	phototagging
130.56783333333442	0.00999999999839929	trials	phototagging
130.66790000000037	0.00999999999839929	trials	phototagging
130.76800000000003	0.00999999999839929	trials	phototagging
130.86806666666598	0.010000000002037268	trials	phototagging
130.96813333333193	0.01003333333574119	trials	phototagging
131.0682333333316	0.010000000002037268	trials	phototagging
131.16830000000118	0.00999999999839929	trials	phototagging
131.26836666666713	0.010033333332103211	trials	phototagging
131.3684666666668	0.00999999999839929	trials	phototagging
131.46853333333274	0.010000000002037268	trials	phototagging
131.5686333333324	0.010000000002037268	trials	phototagging
131.66869999999835	0.010000000002037268	trials	phototagging
131.76876666666794	0.010033333332103211	trials	phototagging
131.8688666666676	0.00999999999839929	trials	phototagging
131.96893333333355	0.00999999999839929	trials	phototagging
142.07696666666743	0.005000000001018634	trials	phototagging
143.0777333333317	0.005000000001018634	trials	phototagging
144.07853333333333	0.005000000001018634	trials	phototagging
145.07933333333494	0.004999999997380655	trials	phototagging
146.08013333333292	0.005000000001018634	trials	phototagging
147.08090000000084	0.004999999997380655	trials	phototagging
148.08169999999882	0.005000000001018634	trials	phototagging
149.08250000000044	0.005000000001018634	trials	phototagging
150.08329999999842	0.005000000001018634	trials	phototagging
151.08406666666633	0.005033333334722556	trials	phototagging
152.08486666666795	0.004999999997380655	trials	phototagging
153.08566666666593	0.005000000001018634	trials	phototagging
154.08646666666755	0.004999999997380655	trials	phototagging
155.08723333333182	0.005033333334722556	trials	phototagging
156.08803333333344	0.005033333334722556	trials	phototagging
157.08883333333506	0.004999999997380655	trials	phototagging
158.08963333333304	0.005000000001018634	trials	phototagging
159.09043333333466	0.004999999997380655	trials	phototagging
160.09119999999893	0.005033333334722556	trials	phototagging
161.09200000000055	0.005033333331084577	trials	phototagging
162.09279999999853	0.005000000001018634	trials	phototagging
163.09360000000015	0.005000000001018634	trials	phototagging
164.09440000000177	0.004999999997380655	trials	phototagging
165.09516666666605	0.005033333334722556	trials	phototagging
166.09596666666766	0.005033333331084577	trials	phototagging
167.09676666666564	0.005000000001018634	trials	phototagging
168.09756666666726	0.005000000001018634	trials	phototagging
169.09836666666524	0.005000000001018634	trials	phototagging
170.09913333333316	0.005033333334722556	trials	phototagging
171.09993333333477	0.005033333331084577	trials	phototagging
182.10866666666698	0.005000000001018634	trials	phototagging
182.11866666666538	0.005000000001018634	trials	phototagging
182.1286666666674	0.005033333331084577	trials	phototagging
182.13869999999952	0.005000000001018634	trials	phototagging
182.14870000000155	0.004999999997380655	trials	phototagging
182.15869999999995	0.005000000001018634	trials	phototagging
182.16869999999835	0.005000000001018634	trials	phototagging
182.1787333333341	0.005000000001018634	trials	phototagging
182.1887333333325	0.005000000001018634	trials	phototagging
182.19873333333453	0.004999999997380655	trials	phototagging
182.20873333333293	0.005033333334722556	trials	phototagging
182.21876666666503	0.005000000001018634	trials	phototagging
182.22876666666707	0.005000000001018634	trials	phototagging
182.23876666666547	0.005000000001018634	trials	phototagging
182.2487666666675	0.005033333331084577	trials	phototagging
182.2587999999996	0.005000000001018634	trials	phototagging
182.26880000000165	0.004999999997380655	trials	phototagging
182.27880000000005	0.005000000001018634	trials	phototagging
182.28879999999845	0.005000000001018634	trials	phototagging
182.2988333333342	0.004999999997380655	trials	phototagging
182.3088333333326	0.005000000001018634	trials	phototagging
182.31883333333462	0.004999999997380655	trials	phototagging
182.32883333333302	0.005000000001018634	trials	phototagging
182.33886666666513	0.005000000001018634	trials	phototagging
182.34886666666716	0.005000000001018634	trials	phototagging
182.35886666666556	0.005000000001018634	trials	phototagging
182.3688666666676	0.004999999997380655	trials	phototagging
182.378866666666	0.005033333334722556	trials	phototagging
182.38890000000174	0.004999999997380655	trials	phototagging
182.39890000000014	0.005000000001018634	trials	phototagging
192.41683333333276	0.010000000002037268	trials	phototagging
192.5168999999987	0.01003333333574119	trials	phototagging
192.61699999999837	0.010000000002037268	trials	phototagging
192.71706666666796	0.00999999999839929	trials	phototagging
192.81716666666762	0.00999999999839929	trials	phototagging
192.91723333333357	0.00999999999839929	trials	phototagging
193.01729999999952	0.010000000002037268	trials	phototagging
193.11739999999918	0.010000000002037268	trials	phototagging
193.21746666666513	0.010000000002037268	trials	phototagging
193.31753333333472	0.010033333332103211	trials	phototagging
193.41763333333438	0.00999999999839929	trials	phototagging
193.51770000000033	0.00999999999839929	trials	phototagging
193.61776666666628	0.010033333332103211	trials	phototagging
193.71786666666594	0.010000000002037268	trials	phototagging
193.8179333333319	0.010000000002037268	trials	phototagging
193.91803333333155	0.010000000002037268	trials	phototagging
194.01810000000114	0.00999999999839929	trials	phototagging
194.1181666666671	0.010033333332103211	trials	phototagging
194.21826666666675	0.00999999999839929	trials	phototagging
194.3183333333327	0.010000000002037268	trials	phototagging
194.41839999999866	0.01003333333574119	trials	phototagging
194.5184999999983	0.010000000002037268	trials	phototagging
194.6185666666679	0.00999999999839929	trials	phototagging
194.71866666666756	0.00999999999839929	trials	phototagging
194.8187333333335	0.00999999999839929	trials	phototagging
194.91879999999946	0.010033333332103211	trials	phototagging
195.01889999999912	0.010000000002037268	trials	phototagging
195.11896666666507	0.010000000002037268	trials	phototagging
195.21906666666837	0.00999999999839929	trials	phototagging
195.31913333333432	0.00999999999839929	trials	phototagging
205.4271333333345	0.10009999999965657	trials	phototagging
206.42793333333248	0.10009999999965657	trials	phototagging
207.4287333333341	0.10006666666595265	trials	phototagging
208.26083333333372	0.06993333333230112	trials	port_entry
208.3707666666669	1.540033333334577	trials	port_entry
208.42953333333207	0.10006666666959063	trials	phototagging
209.4303	0.10009999999965657	trials	phototagging
210.4311000000016	0.10009999999965657	trials	phototagging
211.4318999999996	0.10006666666595265	trials	phototagging
212.4327000000012	0.10006666666595265	trials	phototagging
213.43346666666548	0.10009999999965657	trials	phototagging
214.4342666666671	0.10009999999965657	trials	phototagging
215.43506666666508	0.10006666666959063	trials	phototagging
216.4358666666667	0.10006666666595265	trials	phototagging
227.4445999999989	0.005000000001018634	trials	phototagging
227.45460000000094	0.004999999997380655	trials	phototagging
227.46459999999934	0.005000000001018634	trials	phototagging
227.47460000000137	0.004999999997380655	trials	phototagging
227.48463333333348	0.005000000001018634	trials	phototagging
227.49463333333188	0.005000000001018634	trials	phototagging
227.5046333333339	0.005000000001018634	trials	phototagging
227.5146333333323	0.005000000001018634	trials	phototagging
227.52466666666805	0.004999999997380655	trials	phototagging
227.53466666666645	0.005000000001018634	trials	phototagging
227.5446666666685	0.004999999997380655	trials	phototagging
227.5546666666669	0.005000000001018634	trials	phototagging
227.564699999999	0.005000000001018634	trials	phototagging
227.57470000000103	0.004999999997380655	trials	phototagging
227.58469999999943	0.005000000001018634	trials	phototagging
227.59470000000147	0.004999999997380655	trials	phototagging
227.60473333333357	0.005000000001018634	trials	phototagging
227.61473333333197	0.005000000001018634	trials	phototagging
227.624733333334	0.005000000001018634	trials	phototagging
227.6347333333324	0.005000000001018634	trials	phototagging
227.64473333333444	0.005033333331084577	trials	phototagging
227.65476666666655	0.005000000001018634	trials	phototagging
227.66476666666495	0.005000000001018634	trials	phototagging
227.67476666666698	0.005000000001018634	trials	phototagging
227.68476666666538	0.005033333334722556	trials	phototagging
227.69480000000112	0.004999999997380655	trials	phototagging
227.70479999999952	0.005000000001018634	trials	phototagging
227.71480000000156	0.004999999997380655	trials	phototagging
227.72479999999996	0.005000000001018634	trials	phototagging
227.73483333333206	0.005000000001018634	trials	phototagging
237.75276666666832	0.10006666666595265	trials	phototagging
238.7535333333326	0.10009999999965657	trials	phototagging
239.75433333333422	0.10009999999965657	trials	phototagging
240.7551333333322	0.10006666666959063	trials	phototagging
241.75593333333381	0.10006666666595265	trials	phototagging
242.75670000000173	0.10009999999965657	trials	phototagging
243.7574999999997	0.10009999999965657	trials	phototagging
244.75830000000133	0.10009999999965657	trials	phototagging
245.7590999999993	0.10006666666595265	trials	phototagging
246.75990000000093	0.10006666666595265	trials	phototagging
247.7606999999989	0.10006666666959063	trials	phototagging
248.76146666666682	0.10009999999965657	trials	phototagging
259.770199999999	0.010000000002037268	trials	phototagging
259.8702999999987	0.010000000002037268	trials	phototagging
259.97036666666827	0.00999999999839929	trials	phototagging
260.0704333333342	0.010033333332103211	trials	phototagging
260.1705333333339	0.00999999999839929	trials	phototagging
260.27059999999983	0.00999999999839929	trials	phototagging
260.3706666666658	0.01003333333574119	trials	phototagging
260.47076666666544	0.010000000002037268	trials	phototagging
260.57083333333503	0.010033333332103211	trials	phototagging
260.6709333333347	0.00999999999839929	trials	phototagging
260.77100000000064	0.00999999999839929	trials	phototagging
260.8710666666666	0.010033333332103211	trials	phototagging
260.97116666666625	0.010000000002037268	trials	phototagging
261.0712333333322	0.010000000002037268	trials	phototagging
261.1713000000018	0.010033333332103211	trials	phototagging
261.27140000000145	0.00999999999839929	trials	phototagging
261.3714666666674	0.00999999999839929	trials	phototagging
261.47153333333335	0.010033333332103211	trials	phototagging
261.571633333333	0.010000000002037268	trials	phototagging
261.67169999999896	0.01003333333574119	trials	phototagging
261.7717999999986	0.010000000002037268	trials	phototagging
261.8718666666682	0.00999999999839929	trials	phototagging
261.97193333333416	0.010033333332103211	trials	phototagging
262.0720333333338	0.00999999999839929	trials	phototagging
262.1720999999998	0.010000000002037268	trials	phototagging
262.27219999999943	0.010000000002037268	trials	phototagging
262.3722666666654	0.010000000002037268	trials	phototagging
262.472333333335	0.010033333332103211	trials	phototagging
262.57243333333463	0.00999999999839929	trials	phototagging
262.6725000000006	0.00999999999839929	trials	phototagging
265.8309999999983	1.5300000000024738	trials	port_entry
268.5109999999986	0.3100000000013097	trials	port_entry
272.78053333333446	0.004999999997380655	trials	phototagging
273.78129999999874	0.005000000001018634	trials	phototagging
274.78210000000036	0.005000000001018634	trials	phototagging
275.78289999999834	0.005000000001018634	trials	phototagging
276.78369999999995	0.005000000001018634	trials	phototagging
277.7845000000016	0.004999999997380655	trials	phototagging
278.78526666666585	0.005000000001018634	trials	phototagging
279.78606666666747	0.005000000001018634	trials	phototagging
280.78686666666545	0.005000000001018634	trials	phototagging
281.78766666666706	0.005000000001018634	trials	phototagging
282.788433333335	0.005033333331084577	trials	phototagging
283.78923333333296	0.005000000001018634	trials	phototagging
284.7900333333346	0.004999999997380655	trials	phototagging
285.79083333333256	0.005000000001018634	trials	phototagging
286.7916333333342	0.004999999997380655	trials	phototagging
287.79239999999845	0.005000000001018634	trials	phototagging
288.79320000000007	0.005000000001018634	trials	phototagging
289.7940000000017	0.004999999997380655	trials	phototagging
290.79479999999967	0.005000000001018634	trials	phototagging
291.7010999999984	2.4800000000032014	trials	reward_stimulus_presentation
291.7955666666676	0.005033333331084577	trials	phototagging
292.7010999999984	0.8000000000029104	trials	reward_delivery
292.79636666666556	0.005000000001018634	trials	phototagging
293.78110000000015	9.190033333332394	trials	port_entry
293.7971666666672	0.005000000001018634	trials	phototagging
294.79796666666516	0.005000000001018634	trials	phototagging
295.7987666666668	0.005000000001018634	trials	phototagging
296.7995333333347	0.005033333331084577	trials	phototagging
297.8003333333327	0.005000000001018634	trials	phototagging
298.8011333333343	0.004999999997380655	trials	phototagging
299.8019333333323	0.005000000001018634	trials	phototagging
300.8027333333339	0.005000000001018634	trials	phototagging
301.8035000000018	0.005033333331084577	trials	phototagging
312.812233333334	0.005033333331084577	trials	phototagging
313.813033333332	0.005000000001018634	trials	phototagging
314.8138333333336	0.005000000001018634	trials	phototagging
315.8146333333316	0.005000000001018634	trials	phototagging
316.8153999999995	0.005033333334722556	trials	phototagging
317.8162000000011	0.004999999997380655	trials	phototagging
318.8169999999991	0.005000000001018634	trials	phototagging
318.82116666666843	0.2599999999983993	trials	port_entry
319.10116666666727	3.790033333330939	trials	port_entry
319.8178000000007	0.005000000001018634	trials	phototagging
320.8185999999987	0.005000000001018634	trials	phototagging
321.8193666666666	0.005033333334722556	trials	phototagging
322.82016666666823	0.004999999997380655	trials	phototagging
323.8209666666662	0.005000000001018634	trials	phototagging
324.8217666666678	0.004999999997380655	trials	phototagging
325.8225666666658	0.005000000001018634	trials	phototagging
326.8233333333337	0.005033333334722556	trials	phototagging
327.8241333333317	0.005000000001018634	trials	phototagging
328.8249333333333	0.005000000001018634	trials	phototagging
329.82573333333494	0.004999999997380655	trials	phototagging
330.8265333333329	0.005000000001018634	trials	phototagging
331.82730000000083	0.005033333331084577	trials	phototagging
332.8280999999988	0.005000000001018634	trials	phototagging
333.82890000000043	0.005000000001018634	trials	phototagging
334.8296999999984	0.005000000001018634	trials	phototagging
335.83050000000003	0.005000000001018634	trials	phototagging
336.83126666666794	0.005033333331084577	trials	phototagging
337.8320666666659	0.005000000001018634	trials	phototagging
338.83286666666754	0.004999999997380655	trials	phototagging
339.8336666666655	0.005000000001018634	trials	phototagging
340.83443333333344	0.005033333334722556	trials	phototagging
341.83523333333505	0.005033333331084577	trials	phototagging
352.84396666666726	0.00999999999839929	trials	phototagging
352.9440333333332	0.010033333332103211	trials	phototagging
353.04413333333287	0.010000000002037268	trials	phototagging
353.1441999999988	0.010000000002037268	trials	phototagging
353.2442666666684	0.010033333332103211	trials	phototagging
353.34436666666807	0.00999999999839929	trials	phototagging
353.444433333334	0.010033333332103211	trials	phototagging
353.5445333333337	0.00999999999839929	trials	phototagging
353.6445999999996	0.010000000002037268	trials	phototagging
353.7446666666656	0.01003333333574119	trials	phototagging
353.84476666666524	0.010000000002037268	trials	phototagging
353.9448333333348	0.00999999999839929	trials	phototagging
354.0449333333345	0.00999999999839929	trials	phototagging
354.14500000000044	0.00999999999839929	trials	phototagging
354.2450666666664	0.010033333332103211	trials	phototagging
354.34516666666605	0.010000000002037268	trials	phototagging
354.445233333332	0.010000000002037268	trials	phototagging
354.54533333333166	0.010000000002037268	trials	phototagging
354.64540000000125	0.00999999999839929	trials	phototagging
354.7454666666672	0.010033333332103211	trials	phototagging
354.84556666666685	0.00999999999839929	trials	phototagging
354.9456333333328	0.010000000002037268	trials	phototagging
355.04569999999876	0.01003333333574119	trials	phototagging
355.1457999999984	0.010000000002037268	trials	phototagging
355.245866666668	0.00999999999839929	trials	phototagging
355.34596666666766	0.00999999999839929	trials	phototagging
355.4460333333336	0.00999999999839929	trials	phototagging
355.54609999999957	0.010033333332103211	trials	phototagging
355.6461999999992	0.010000000002037268	trials	phototagging
355.7462666666652	0.010000000002037268	trials	phototagging
381.70140000000174	2.0300333333325398	trials	reward_stimulus_presentation
382.70140000000174	0.7999999999992724	trials	reward_delivery
383.3313999999991	0.11000000000058208	trials	port_entry
383.5813999999991	0.049999999999272404	trials	port_entry
383.65139999999883	3.778966666668566	trials	port_entry
444.73453333333237	1.1500000000014552	trials	port_entry
447.69453333333513	0.569966666666005	trials	port_entry
448.3245333333325	1.0300000000024738	trials	port_entry
471.6846333333342	3.889999999999418	trials	reward_stimulus_presentation
472.6845333333331	0.8001000000003842	trials	reward_delivery
475.17463333333217	0.11000000000058208	trials	port_entry
475.3146333333316	6.370000000002619	trials	port_entry
484.22466666666514	2.530000000002474	trials	port_entry
499.35469999999987	1.5999999999985448	trials	port_entry
521.6948000000011	1.5799999999981083	trials	port_entry
538.034833333335	0.9299999999966531	trials	port_entry
561.6849333333339	20.000066666667408	trials	neutral_stimulus_presentation
567.764933333332	1.140000000003056	trials	port_entry
590.2549666666673	0.43003333333399496	trials	port_entry
618.7651000000005	1.2399999999979627	trials	port_entry
634.6851333333325	0.7700333333341405	trials	port_entry
635.5451333333331	0.9000000000014552	trials	port_entry
642.845166666666	0.47000000000116415	trials	port_entry
646.6851999999999	1.1799666666665871	trials	reward_stimulus_presentation
647.465166666665	9.870066666670027	trials	port_entry
647.6851666666662	0.7999999999992724	trials	reward_delivery
699.6253333333334	4.180000000000291	trials	port_entry
704.865333333335	0.01999999999679858	trials	port_entry
730.1054333333341	0.15003333333152113	trials	port_entry
730.345433333332	0.819999999999709	trials	port_entry
736.6854666666659	20.011266666668234	trials	shock_stimulus_presentation
756.4854999999989	0.3100333333350136	trials	shock_relay
831.6958000000013	7.8400333333302115	trials	reward_stimulus_presentation
832.6957000000002	0.8001000000003842	trials	reward_delivery
839.1358	4.740000000001601	trials	port_entry
845.8558333333349	4.809999999997672	trials	port_entry
881.3359666666656	3.2000000000007276	trials	port_entry
921.696100000001	20.000066666667408	trials	neutral_stimulus_presentation
974.456266666668	0.020000000000436557	trials	port_entry
974.5062666666672	1.360000000000582	trials	port_entry
982.6062666666658	1.180033333333995	trials	port_entry
1001.696366666667	3.6699999999982538	trials	reward_stimulus_presentation
1002.6963333333333	0.7999999999992724	trials	reward_delivery
1004.9663666666675	9.320033333333413	trials	port_entry
1051.8764999999985	3.6900333333360322	trials	port_entry
1067.9965666666649	1.3400000000001455	trials	port_entry
1091.6966666666667	20.00153333333219	trials	shock_stimulus_presentation
1111.4966999999997	0.2999999999992724	trials	shock_relay
1191.6969666666664	4.110000000000582	trials	reward_stimulus_presentation
1192.6969666666664	0.7999999999992724	trials	reward_delivery
1195.4069666666655	0.04993333333550254	trials	port_entry
1195.4969666666657	7.230033333333267	trials	port_entry
1206.0070000000014	2.7399999999979627	trials	port_entry
1281.6972333333324	20.000066666667408	trials	neutral_stimulus_presentation
1331.2973999999995	0.10000000000218279	trials	port_entry
1331.467433333335	4.269966666666733	trials	port_entry
1371.697533333332	1.2600000000020373	trials	reward_stimulus_presentation
1372.5574666666653	10.930033333333995	trials	port_entry
1372.6974333333346	0.8001000000003842	trials	reward_delivery
1387.8076	1.4899666666678968	trials	port_entry
1396.4876000000004	0.7000333333344315	trials	port_entry
1402.527633333335	0.18999999999869033	trials	port_entry
1444.3676999999989	1.069999999999709	trials	port_entry
1461.6978666666655	20.001800000001822	trials	shock_stimulus_presentation
1471.7578666666668	0.029999999998835847	trials	port_entry
1479.9278999999988	0.6599999999998545	trials	port_entry
1481.4978999999985	0.3000000000029104	trials	shock_relay
1489.197933333333	1.290033333334577	trials	port_entry
1546.6981333333351	20.00006666666377	trials	neutral_stimulus_presentation
1636.6984333333348	20.001499999998487	trials	shock_stimulus_presentation
1656.4984666666678	0.3000333333329763	trials	shock_relay
1665.7985333333345	0.5899666666664416	trials	port_entry
1676.9285333333319	0.6500333333351591	trials	port_entry
1692.7786000000015	0.9899999999979627	trials	port_entry
1731.6987333333345	20.001833333331888	trials	shock_stimulus_presentation
1751.4988000000012	0.2999999999992724	trials	shock_relay
1821.6990000000005	20.0	trials	neutral_stimulus_presentation
1876.3991999999998	0.4900000000016007	trials	port_entry
1889.2692333333325	0.930000000000291	trials	port_entry
1901.6992666666665	3.180000000000291	trials	reward_stimulus_presentation
1902.6992666666665	0.7999999999992724	trials	reward_delivery
1904.4792666666654	0.030000000002473826	trials	port_entry
1904.6491999999998	8.10013333333336	trials	port_entry
1916.7293333333328	4.040033333334577	trials	port_entry
1922.4793666666665	0.08989999999903375	trials	port_entry
1946.019400000001	3.8599333333331742	trials	port_entry
1991.6996	20.000066666667408	trials	neutral_stimulus_presentation
2004.749633333333	0.09000000000014552	trials	port_entry
2048.519766666668	0.07999999999810825	trials	port_entry
2048.6197666666667	1.9700000000011642	trials	port_entry
2051.589766666668	0.6500333333315211	trials	port_entry
2052.259766666666	0.18003333333399496	trials	port_entry
2059.1398333333345	0.8499999999985448	trials	port_entry
2091.6999333333333	20.000066666667408	trials	neutral_stimulus_presentation
2146.1901	0.5400000000008731	trials	port_entry
2181.700233333333	20.001500000002125	trials	shock_stimulus_presentation
2201.5002333333323	0.3000333333329763	trials	shock_relay
2271.700499999999	2.4699333333337563	trials	reward_stimulus_presentation
2272.7004000000015	0.8000333333329763	trials	reward_delivery
2273.7704999999987	0.08000000000174623	trials	port_entry
2273.9004999999997	11.55006666666668	trials	port_entry
2292.6205666666683	3.8100333333313756	trials	port_entry
2299.400600000001	0.5099999999983993	trials	port_entry
2303.8606	0.5600000000013097	trials	port_entry
2312.080633333335	0.16999999999825377	trials	port_entry
2361.7007999999987	2.460000000002765	trials	reward_stimulus_presentation
2362.7007999999987	0.8000000000029104	trials	reward_delivery
2363.7608	9.510033333332103	trials	port_entry
2383.330866666667	2.1300000000010186	trials	port_entry
2402.6808999999994	3.570066666667117	trials	port_entry
2423.0910000000003	1.0900000000001455	trials	port_entry
2446.7010999999984	20.000033333333704	trials	neutral_stimulus_presentation
2499.251266666666	1.139966666665714	trials	port_entry
2501.4612666666653	0.6100000000005821	trials	port_entry
2503.451266666667	1.3799666666673147	trials	port_entry
2504.8512666666684	0.34993333333113696	trials	port_entry
2536.701366666668	1.0099666666646954	trials	reward_stimulus_presentation
2537.311300000001	12.650133333332633	trials	port_entry
2537.701366666668	0.7999999999992724	trials	reward_delivery
2550.3813999999984	0.17003333333559567	trials	port_entry
2553.5014333333347	1.2899999999972351	trials	port_entry
2576.2215333333334	1.0	trials	port_entry
2601.6816	0.9500000000007276	trials	port_entry
2616.461666666666	0.8899000000019441	trials	port_entry
2619.3616666666676	0.029999999998835847	trials	port_entry
2619.6916666666657	0.1900000000023283	trials	port_entry
2620.081633333335	0.0200333333305025	trials	port_entry
2620.121566666665	0.1301000000021304	trials	port_entry
2622.5716666666667	0.11000000000058208	trials	port_entry
2623.0116666666654	0.04993333333550254	trials	port_entry
2631.7017000000014	3.349999999998545	trials	reward_stimulus_presentation
2632.7016000000003	0.8001000000003842	trials	reward_delivery
2634.6516999999985	0.09000000000014552	trials	port_entry
2634.7917000000016	8.28003333333254	trials	port_entry
2649.7316666666666	0.06006666666507954	trials	port_entry
2649.831666666665	1.8900666666668258	trials	port_entry
2656.451766666665	1.1000000000021828	trials	port_entry
2708.8519666666652	1.1000000000021828	trials	port_entry
2716.8519666666652	2.5600333333350136	trials	port_entry
2721.702033333335	20.0012999999999	trials	shock_stimulus_presentation
2741.502066666668	0.2999999999992724	trials	shock_relay
2753.472099999999	0.1500000000014552	trials	port_entry
2801.702266666667	20.000066666667408	trials	neutral_stimulus_presentation
2812.4123	0.020000000000436557	trials	port_entry
2874.1624999999985	0.21000000000276486	trials	port_entry
2874.6225000000013	0.37999999999738066	trials	port_entry
2891.702566666667	20.000066666667408	trials	neutral_stimulus_presentation
2991.7029	20.001266666666197	trials	shock_stimulus_presentation
3011.502966666667	0.2999666666655685	trials	shock_relay
3051.533066666667	0.8100333333313756	trials	port_entry
3054.5731000000014	0.819966666666005	trials	port_entry
3055.5331000000006	0.019966666666732635	trials	port_entry
3081.7032	20.000066666667408	trials	neutral_stimulus_presentation
3093.6831999999995	1.3000333333329763	trials	port_entry
3171.7034999999996	2.720000000001164	trials	reward_stimulus_presentation
3172.7033666666684	0.8001333333304501	trials	reward_delivery
3174.0234666666656	0.04003333333457704	trials	port_entry
3174.2034999999996	11.27003333333414	trials	port_entry
3187.4535333333333	3.319999999999709	trials	port_entry
3190.813533333334	0.07999999999810825	trials	port_entry
3190.933533333333	0.050033333332976326	trials	port_entry
3234.953699999998	0.07000000000334694	trials	port_entry
3235.0436333333346	3.650066666665225	trials	port_entry
3241.2236999999986	0.7800333333361777	trials	port_entry
3243.6437333333342	0.48999999999796273	trials	port_entry
3261.7037999999993	20.001233333332493	trials	shock_stimulus_presentation
3281.5038333333323	0.2999999999992724	trials	shock_relay
3325.513999999999	1.0	trials	port_entry
3346.7040666666653	1.8100000000013097	trials	reward_stimulus_presentation
3347.7040666666653	0.8000000000029104	trials	reward_delivery
3348.114066666665	8.58003333333545	trials	port_entry
3395.8442333333332	3.9399999999986903	trials	port_entry
3436.704366666665	4.460000000002765	trials	reward_stimulus_presentation
3437.704366666665	0.8000000000029104	trials	reward_delivery
3440.7643666666663	0.040000000000873115	trials	port_entry
3441.544366666665	0.020000000000436557	trials	port_entry
3442.004366666668	0.11999999999898137	trials	port_entry
3442.1443666666673	0.13999999999941792	trials	port_entry
3442.304366666667	0.11999999999898137	trials	port_entry
3442.494366666666	0.049999999999272404	trials	port_entry
3442.964366666667	0.09000000000014552	trials	port_entry
3443.0743	0.0200666666678444	trials	port_entry
3443.1143666666685	7.370033333332685	trials	port_entry
3479.714499999998	3.180000000000291	trials	port_entry
3484.174500000001	0.04003333333093906	trials	port_entry
3484.3545000000013	1.2000333333307935	trials	port_entry
3497.7345333333324	0.8899999999994179	trials	port_entry
3531.7046333333346	3.22003333333123	trials	reward_stimulus_presentation
3532.7045333333335	0.8000333333329763	trials	reward_delivery
3534.5246333333344	0.039999999997235136	trials	port_entry
3534.624633333333	10.770066666667844	trials	port_entry
3551.8646999999983	2.5100000000020373	trials	port_entry
3556.534733333334	0.5599999999976717	trials	port_entry
3589.1648333333324	0.09000000000014552	trials	port_entry
3589.2948333333334	3.6199999999989814	trials	port_entry
3617.6249333333326	0.06999999999970896	trials	port_entry
3617.724933333335	0.9799999999995634	trials	port_entry
3621.704966666668	20.001499999998487	trials	shock_stimulus_presentation
3641.505000000001	0.2999999999992724	trials	shock_relay
3701.705233333334	4.880000000001019	trials	reward_stimulus_presentation
3702.705233333334	0.7999999999992724	trials	reward_delivery
3706.1852333333336	8.970033333334868	trials	port_entry
3719.935300000001	4.629999999997381	trials	port_entry
3782.8555000000015	5.44999999999709	trials	port_entry
3791.7055333333337	20.000066666667408	trials	neutral_stimulus_presentation
3820.5756	0.930033333333995	trials	port_entry
3891.705866666667	20.00143333333108	trials	shock_stimulus_presentation
3911.5059	0.3000333333329763	trials	shock_relay
3933.116000000002	0.7399999999979627	trials	port_entry
3950.086033333333	0.22999999999956344	trials	port_entry
3979.026133333333	0.3799333333336108	trials	port_entry
3981.7060999999994	20.000133333334816	trials	neutral_stimulus_presentation
4011.766233333332	0.7400000000016007	trials	port_entry
4012.556233333333	0.1900000000023283	trials	port_entry
4012.8062666666665	1.7700000000004366	trials	port_entry
4071.7064666666665	2.919966666668188	trials	reward_stimulus_presentation
4072.7063333333317	0.8001000000003842	trials	reward_delivery
4074.2264333333333	8.870033333332685	trials	port_entry
4085.756466666666	1.5100000000020373	trials	port_entry
4139.506633333334	2.6000333333322487	trials	port_entry
4145.856666666667	0.27999999999883585	trials	port_entry
4146.176666666666	0.33000000000174623	trials	port_entry
4146.596699999998	0.8400000000001455	trials	port_entry
4147.956699999999	0.029966666668769903	trials	port_entry
4155.1967	0.2100333333328308	trials	port_entry
4161.7067333333325	3.290000000000873	trials	reward_stimulus_presentation
4162.7067333333325	0.7999999999992724	trials	reward_delivery
4164.596733333332	0.040000000000873115	trials	port_entry
4164.776733333332	13.260066666669445	trials	port_entry
4205.706866666667	0.049999999999272404	trials	port_entry
4205.786833333332	4.170033333335596	trials	port_entry
4214.116900000001	0.059999999997671694	trials	port_entry
4214.206900000001	1.3099999999976717	trials	port_entry
4246.707033333332	2.0100000000020373	trials	reward_stimulus_presentation
4247.707033333332	0.8000000000029104	trials	reward_delivery
4248.317033333333	0.09000000000014552	trials	port_entry
4248.5170333333335	8.52003333333414	trials	port_entry
4263.577033333335	2.870066666666389	trials	port_entry
4270.377066666668	0.03003333333253977	trials	port_entry
4270.4571	1.0799666666680423	trials	port_entry
4288.037166666665	1.5900000000001455	trials	port_entry
4325.817299999999	0.8899333333356481	trials	port_entry
4336.707333333332	20.001033333333908	trials	shock_stimulus_presentation
4356.507366666665	0.3000333333366143	trials	shock_relay
4387.137500000001	0.5799999999981083	trials	port_entry
4393.7874999999985	0.6100000000005821	trials	port_entry
4431.707600000002	4.360066666664352	trials	reward_stimulus_presentation
4432.707533333334	0.8001000000003842	trials	reward_delivery
4435.667633333334	10.840066666663915	trials	port_entry
4449.417700000002	1.7299999999995634	trials	port_entry
4457.227733333333	0.020000000000436557	trials	port_entry
4457.337733333334	0.020000000000436557	trials	port_entry
4457.437733333332	0.019966666666732635	trials	port_entry
4457.697733333334	1.6299999999973807	trials	port_entry
4480.7177999999985	2.900000000001455	trials	port_entry
4491.217833333332	0.020000000000436557	trials	port_entry
4491.737833333333	0.030000000002473826	trials	port_entry
4521.707966666665	4.27996666666877	trials	reward_stimulus_presentation
4522.707933333335	0.7999999999992724	trials	reward_delivery
4525.587933333332	8.920033333335596	trials	port_entry
4539.948	0.15999999999985448	trials	port_entry
4540.157999999999	0.06000000000130967	trials	port_entry
4540.258000000002	0.8400000000001455	trials	port_entry
4589.478133333334	0.049999999999272404	trials	port_entry
4589.618166666667	0.22999999999956344	trials	port_entry
4589.898166666666	3.7700000000004366	trials	port_entry
4601.708200000001	2.25	trials	reward_stimulus_presentation
4602.708200000001	0.7999999999992724	trials	reward_delivery
4603.5581999999995	0.040000000000873115	trials	port_entry
4603.658200000002	10.850033333332249	trials	port_entry
4617.338233333332	1.4000333333351591	trials	port_entry
4619.408233333332	0.14996666666775127	trials	port_entry
4619.638233333335	0.049999999999272404	trials	port_entry
4667.508366666665	5.040033333334577	trials	port_entry
4676.588433333334	0.049999999999272404	trials	port_entry
4691.708500000001	3.319966666666005	trials	reward_stimulus_presentation
4692.708466666667	0.7999999999992724	trials	reward_delivery
4694.628466666665	0.029966666668769903	trials	port_entry
4694.678466666668	0.020066666664206423	trials	port_entry
4694.768466666668	8.830033333331812	trials	port_entry
4703.618533333334	0.019966666666732635	trials	port_entry
4709.518533333332	0.040000000000873115	trials	port_entry
4710.218566666666	0.04996666666556848	trials	port_entry
4710.288533333332	0.06000000000130967	trials	port_entry
4749.428599999999	3.6700999999993655	trials	port_entry
4777.918766666666	1.6700000000018917	trials	port_entry
4779.608766666668	0.35996666666687815	trials	port_entry
4791.708833333334	20.001633333333302	trials	shock_stimulus_presentation
4802.128833333332	0.31999999999970896	trials	port_entry
4811.508866666667	0.2999999999992724	trials	shock_relay
4881.709133333334	3.139999999999418	trials	reward_stimulus_presentation
4882.709133333334	0.7999666666655685	trials	reward_delivery
4884.449133333332	7.89003333333676	trials	port_entry
4893.289166666666	0.030000000002473826	trials	port_entry
4894.809166666666	4.540000000000873	trials	port_entry
4908.149166666666	4.080066666665516	trials	port_entry
4971.709433333333	20.000066666667408	trials	neutral_stimulus_presentation
4973.859433333335	0.7399999999979627	trials	port_entry
5012.329566666667	0.5599999999976717	trials	port_entry
5049.879666666668	0.5400000000008731	trials	port_entry
5061.709666666666	20.001633333333302	trials	shock_stimulus_presentation
5081.5098	0.2999666666655685	trials	shock_relay
5097.429833333332	0.05000000000291038	trials	port_entry
5097.589833333332	0.1400000000030559	trials	port_entry
5097.759766666666	2.11006666666799	trials	port_entry
5110.619866666668	0.48999999999796273	trials	port_entry
5111.299866666668	3.2800333333325398	trials	port_entry
5114.599900000001	0.05996666666396777	trials	port_entry
5127.179933333333	0.9099999999998545	trials	port_entry
5137.299966666666	0.3100000000013097	trials	port_entry
5137.649966666668	0.15999999999985448	trials	port_entry
5146.709999999999	1.0900000000001455	trials	reward_stimulus_presentation
5147.4000000000015	9.910033333333558	trials	port_entry
5147.709999999999	0.7999999999992724	trials	reward_delivery
5168.990066666665	2.960033333332831	trials	port_entry
5186.150133333333	2.3100000000013097	trials	port_entry
5216.230233333332	1.1000000000021828	trials	port_entry
5236.710299999999	20.000066666667408	trials	neutral_stimulus_presentation
5248.880333333334	0.9799999999995634	trials	port_entry
5280.940433333333	0.7599999999983993	trials	port_entry
5324.620500000001	0.46006666666653473	trials	port_entry
5327.040566666667	0.20999999999912689	trials	port_entry
5331.710633333332	20.000033333333704	trials	neutral_stimulus_presentation
5348.230533333332	0.21003333333646879	trials	port_entry
5348.580533333334	0.29003333333457704	trials	port_entry
5348.970600000001	0.36996666666527744	trials	port_entry
5349.490566666667	0.029966666665131925	trials	port_entry
5349.550533333335	0.1501333333326329	trials	port_entry
5352.270666666667	0.029999999998835847	trials	port_entry
5354.4506666666675	0.029999999998835847	trials	port_entry
5354.5706666666665	0.08000000000174623	trials	port_entry
5357.6605666666655	0.13013333333583432	trials	port_entry
5371.180666666667	1.0000666666674078	trials	port_entry
5372.3207	0.3400000000001455	trials	port_entry
5382.3308	0.17996666666658712	trials	port_entry
5382.9807666666675	0.23999999999796273	trials	port_entry
5383.260766666666	0.38000000000101863	trials	port_entry
5383.700799999999	1.3300000000017462	trials	port_entry
5401.220833333333	0.029999999998835847	trials	port_entry
5421.710933333332	5.280000000002474	trials	reward_stimulus_presentation
5422.710899999998	0.8000333333366143	trials	reward_delivery
5426.590933333333	7.0200333333341405	trials	port_entry
5435.5709333333325	1.1700333333355957	trials	port_entry
5438.260833333334	0.07999999999810825	trials	port_entry
5438.360833333332	0.2800000000024738	trials	port_entry
5494.711166666668	3.289999999997235	trials	port_entry
5498.141166666668	1.4799999999995634	trials	port_entry
5501.341166666665	0.3000000000029104	trials	port_entry
5501.681166666665	2.900033333335159	trials	port_entry
5501.711166666668	20.00113333333138	trials	shock_stimulus_presentation
5521.5112333333345	0.2999999999992724	trials	shock_relay
5591.711500000001	5.049999999999272	trials	reward_stimulus_presentation
5592.711466666668	0.7999999999992724	trials	reward_delivery
5596.361499999999	6.720033333334868	trials	port_entry
5647.601666666666	3.639999999999418	trials	port_entry
5691.711800000001	20.000066666667408	trials	neutral_stimulus_presentation
5698.341833333332	1.9200000000018917	trials	port_entry
5739.931966666667	0.6899000000012165	trials	port_entry
5750.141966666666	1.2299333333321556	trials	port_entry
5756.282033333333	2.4900000000016007	trials	port_entry
5781.712100000001	20.000033333333704	trials	neutral_stimulus_presentation
5810.832200000001	0.13993333333201008	trials	port_entry
5811.032133333334	0.26006666666580713	trials	port_entry
5811.572199999999	0.15999999999985448	trials	port_entry
5811.832200000001	0.11000000000058208	trials	port_entry
5811.9722	0.06000000000130967	trials	port_entry
5819.322233333332	0.4099999999998545	trials	port_entry
5861.152333333332	0.16000000000349246	trials	port_entry
5871.712366666667	20.00146666666842	trials	shock_stimulus_presentation
5891.512466666667	0.2999666666655685	trials	shock_relay
5902.242466666667	0.08003333333181217	trials	port_entry
5902.342466666665	0.05996666666760575	trials	port_entry
5902.422466666667	0.060033333331375616	trials	port_entry
5902.582466666667	0.16999999999825377	trials	port_entry
5961.7127	20.000066666667408	trials	neutral_stimulus_presentation
6043.462933333332	0.23003333333326736	trials	port_entry
6044.142966666666	0.25	trials	port_entry
6044.502966666667	1.9399999999986903	trials	port_entry
6046.713	1.6499666666677513	trials	reward_stimulus_presentation
6047.712966666666	0.7999999999992724	trials	reward_delivery
6047.962966666666	0.33000000000174623	trials	port_entry
6048.472966666668	10.070033333333413	trials	port_entry
6058.603033333333	2.279999999998836	trials	port_entry
6070.523033333335	0.24003333333166665	trials	port_entry
6071.093066666668	0.25	trials	port_entry
6122.333233333335	0.19999999999708962	trials	port_entry
6136.713299999999	20.00136666666731	trials	shock_stimulus_presentation
6156.513333333332	0.2999999999992724	trials	shock_relay
6202.4434666666675	7.239966666664259	trials	port_entry
6212.853500000001	0.28999999999723514	trials	port_entry
6213.2435000000005	2.0600000000013097	trials	port_entry
6231.713533333332	3.1300666666684265	trials	reward_stimulus_presentation
6232.713533333332	0.7999666666692065	trials	reward_delivery
6234.443599999999	0.04990000000179862	trials	port_entry
6234.563566666668	9.120033333332685	trials	port_entry
6251.123599999999	1.5700333333334129	trials	port_entry
6277.913700000001	1.1700333333319577	trials	port_entry
6311.133833333333	0.6899666666649864	trials	port_entry
6321.713866666665	20.000066666667408	trials	neutral_stimulus_presentation
6329.383900000001	2.0099999999983993	trials	port_entry
6349.603966666666	0.2000000000007276	trials	port_entry
6350.173966666665	0.04993333333550254	trials	port_entry
6401.714133333335	2.5199666666667326	trials	reward_stimulus_presentation
6402.714133333335	0.7999666666655685	trials	reward_delivery
6403.8341	10.930100000001403	trials	port_entry
6442.854266666665	0.04996666666920646	trials	port_entry
6442.994233333335	1.5600333333313756	trials	port_entry
6444.744266666668	0.039966666663531214	trials	port_entry
6459.524333333335	1.6199999999989814	trials	port_entry
6480.894400000001	1.4399999999986903	trials	port_entry
6487.644400000001	2.830033333331812	trials	port_entry
6491.714400000001	0.7499666666662961	trials	reward_stimulus_presentation
6492.064366666666	11.64010000000053	trials	port_entry
6492.714400000001	0.8000333333329763	trials	reward_delivery
6506.134466666666	0.9600333333328308	trials	port_entry
6511.604433333334	1.6000333333322487	trials	port_entry
6515.824466666665	0.04003333333457704	trials	port_entry
6515.934499999999	0.1500000000014552	trials	port_entry
6516.104466666668	0.15006666666522506	trials	port_entry
6516.2744999999995	0.540033333334577	trials	port_entry
6576.454600000001	1.010133333333215	trials	port_entry
6577.644733333334	0.28999999999723514	trials	port_entry
6591.714800000002	20.000933333332796	trials	shock_stimulus_presentation
6611.514733333333	0.30010000000038417	trials	shock_relay
6627.974866666667	0.8000333333329763	trials	port_entry
6648.834933333332	1.0099666666683333	trials	port_entry
6681.715	20.00010000000111	trials	neutral_stimulus_presentation
6684.255000000001	0.9400333333323942	trials	port_entry
6685.235033333334	0.1700333333319577	trials	port_entry
6771.715366666667	3.3299999999981083	trials	reward_stimulus_presentation
6772.715366666667	0.7999999999992724	trials	reward_delivery
6774.6453666666675	8.740033333331667	trials	port_entry
6786.225399999999	3.1600333333335584	trials	port_entry
6811.0455	0.13999999999941792	trials	port_entry
6811.425500000001	0.029966666665131925	trials	port_entry
6811.485466666665	0.12003333333632327	trials	port_entry
6826.145533333332	1.6599999999998545	trials	port_entry
6829.795533333334	0.6399999999994179	trials	port_entry
6833.015533333335	0.019933333333028713	trials	port_entry
6859.215633333333	0.8400000000001455	trials	port_entry
6860.445633333333	0.049999999999272404	trials	port_entry
6860.535633333333	0.03003333333253977	trials	port_entry
6860.585666666666	0.04996666666920646	trials	port_entry
6860.775633333335	0.19999999999708962	trials	port_entry
6861.455633333335	0.13003333333108458	trials	port_entry
6861.715666666667	0.13999999999941792	trials	reward_stimulus_presentation
6862.715633333333	0.8000333333329763	trials	reward_delivery
6862.835633333332	11.520066666667844	trials	port_entry
6889.665733333335	0.13999999999941792	trials	port_entry
6901.8557666666675	1.3300333333318122	trials	port_entry
6903.2557000000015	0.049999999999272404	trials	port_entry
6931.405866666668	2.4099999999998545	trials	port_entry
6936.995866666668	2.9100333333335584	trials	port_entry
6945.0158999999985	0.19003333333603223	trials	port_entry
6946.185933333334	0.029999999998835847	trials	port_entry
6946.715933333333	20.001233333332493	trials	shock_stimulus_presentation
6966.515966666666	0.2999999999992724	trials	shock_relay
7036.716199999999	4.630033333334723	trials	reward_stimulus_presentation
7037.716199999999	0.7999999999992724	trials	reward_delivery
7040.9461999999985	7.170033333335596	trials	port_entry
7049.866233333334	4.2999666666655685	trials	port_entry
7057.176233333332	0.9000333333351591	trials	port_entry
7104.536466666668	0.1099999999969441	trials	port_entry
7104.666466666666	1.0899666666664416	trials	port_entry
7131.716566666666	4.269966666666733	trials	reward_stimulus_presentation
7132.716466666665	0.8000666666666802	trials	reward_delivery
7135.586533333335	0.0200333333305025	trials	port_entry
7135.756566666667	11.090000000000146	trials	port_entry
7148.266566666665	0.9000000000014552	trials	port_entry
7221.716866666666	20.00113333333502	trials	shock_stimulus_presentation
7241.516899999999	0.3000000000029104	trials	shock_relay
7301.717133333332	2.4500000000007276	trials	reward_stimulus_presentation
7302.717100000002	0.7999999999992724	trials	reward_delivery
7303.767100000001	10.400033333331521	trials	port_entry
7319.787166666665	2.0500000000029104	trials	port_entry
7323.017166666668	0.23003333333326736	trials	port_entry
7391.717400000001	20.00006666666377	trials	neutral_stimulus_presentation
7397.917433333332	0.9799666666694975	trials	port_entry
7491.347733333332	15.930066666667699	trials	port_entry
7491.717733333335	0.029966666665131925	trials	reward_stimulus_presentation
7492.717733333335	0.7999999999992724	trials	reward_delivery
7530.357866666665	3.52996666666877	trials	port_entry
7535.1478333333325	4.039933333333465	trials	port_entry
7539.3278666666665	5.750033333333704	trials	port_entry
7545.287866666666	0.42000000000189175	trials	port_entry
7553.3079333333335	0.8000000000029104	trials	port_entry
7580.758033333335	1.2599666666646954	trials	port_entry
7581.7180333333345	0.7999999999956344	trials	reward_stimulus_presentation
7582.1179666666685	0.04006666666828096	trials	port_entry
7582.297999999999	0.23999999999796273	trials	port_entry
7582.7180333333345	0.8000333333329763	trials	reward_delivery
7582.848000000002	0.040000000000873115	trials	port_entry
7583.128000000001	0.08999999999650754	trials	port_entry
7583.308000000001	0.2999999999956344	trials	port_entry
7583.848000000002	12.850066666665953	trials	port_entry
7602.738066666669	0.6100000000005821	trials	port_entry
7632.498166666668	1.0899999999965075	trials	port_entry
7633.608199999999	0.05996666666760575	trials	port_entry
7633.6882000000005	0.1299666666673147	trials	port_entry
7634.658166666664	0.1300000000046566	trials	port_entry
7634.848166666667	0.12003333333268529	trials	port_entry
7649.648233333337	1.3500333333286108	trials	port_entry
7651.018233333332	1.7000333333344315	trials	port_entry
7652.778233333334	0.8800333333347226	trials	port_entry
7669.688299999998	0.040000000000873115	trials	port_entry
7669.838333333337	0.11999999999534339	trials	port_entry
7669.978333333336	0.5499666666655685	trials	port_entry
7670.558300000001	0.030033333336177748	trials	port_entry
7670.638333333332	0.3499999999985448	trials	port_entry
7671.088299999999	1.8100333333350136	trials	port_entry
7671.718333333334	20.000066666667408	trials	neutral_stimulus_presentation
7691.738399999998	0.7000000000043656	trials	port_entry
7694.028399999999	1.25	trials	port_entry
7722.638499999997	0.8599333333331742	trials	port_entry
7723.5184333333345	0.18009999999776483	trials	port_entry
7725.8285	0.19999999999708962	trials	port_entry
7726.068499999998	0.020000000004074536	trials	port_entry
7726.168500000003	0.1599999999962165	trials	port_entry
7761.718533333336	20.001166666661447	trials	shock_stimulus_presentation
7769.868666666665	1.180000000000291	trials	port_entry
7771.668666666668	0.03993333333346527	trials	port_entry
7781.518699999997	0.3000000000029104	trials	shock_relay
7784.938700000002	3.139999999999418	trials	port_entry
7789.618733333333	0.0900000000037835	trials	port_entry
7790.208733333337	3.3699999999953434	trials	port_entry
7846.718933333334	5.730000000003201	trials	reward_stimulus_presentation
7847.7189000000035	0.7999999999956344	trials	reward_delivery
7852.048933333335	10.57999999999447	trials	port_entry
7868.308966666667	3.8500333333358867	trials	port_entry
7875.098999999998	0.6500000000014552	trials	port_entry
7876.859	0.059999999997671694	trials	port_entry
7899.159066666663	2.150000000001455	trials	port_entry
7901.359066666668	0.3700333333326853	trials	port_entry
7936.719200000003	20.001699999993434	trials	shock_stimulus_presentation
7956.519199999999	0.3000666666703182	trials	shock_relay
7990.319366666667	1.319999999999709	trials	port_entry
7993.819366666667	0.3500333333358867	trials	port_entry
8031.719533333333	3.099933333331137	trials	reward_stimulus_presentation
8032.7194333333355	0.7999666666655685	trials	reward_delivery
8034.4195	12.980033333333267	trials	port_entry
8050.6395666666685	2.5800000000017462	trials	port_entry
8121.719800000003	20.000033333330066	trials	neutral_stimulus_presentation
8153.279899999998	1.3800000000046566	trials	port_entry
8157.6199000000015	0.3700333333326853	trials	port_entry
8158.03986666667	0.15006666666158708	trials	port_entry
8158.269933333333	0.20999999999912689	trials	port_entry
8159.099933333335	0.049999999995634425	trials	port_entry
8160.389933333336	0.06999999999970896	trials	port_entry
8160.509933333331	0.06000000000494765	trials	port_entry
8201.720066666665	2.6900333333323942	trials	reward_stimulus_presentation
8202.720033333335	0.7999999999956344	trials	reward_delivery
8204.010066666666	0.040000000000873115	trials	port_entry
8204.110033333334	0.08999999999650754	trials	port_entry
8204.220033333335	9.780066666666244	trials	port_entry
8215.2101	2.290000000000873	trials	port_entry
8243.560133333336	1.0100333333321032	trials	port_entry
8244.590200000002	0.5999999999985448	trials	port_entry
8245.33016666667	1.8000333333329763	trials	port_entry
8263.660233333332	0.4500333333344315	trials	port_entry
8264.140199999998	0.22000000000116415	trials	port_entry
8279.460300000002	0.39999999999417923	trials	port_entry
8291.720333333335	7.190033333332394	trials	reward_stimulus_presentation
8292.720333333335	0.7999999999956344	trials	reward_delivery
8298.510366666666	0.09993333333113696	trials	port_entry
8298.680266666666	9.410033333333558	trials	port_entry
8311.250366666663	0.9900000000052387	trials	port_entry
8312.260366666666	0.12000000000261934	trials	port_entry
8360.9106	2.05993333333754	trials	port_entry
8364.360600000004	0.2999999999956344	trials	port_entry
8364.690599999998	0.12000000000261934	trials	port_entry
8364.830599999998	0.6200000000026193	trials	port_entry
8365.5906	0.41999999999825377	trials	port_entry
8384.370666666666	1.5100000000020373	trials	port_entry
8386.120666666666	0.029933333331428003	trials	port_entry
8391.720700000002	20.000066666667408	trials	neutral_stimulus_presentation
8394.830700000002	0.19999999999708962	trials	port_entry
8395.050700000003	0.049999999995634425	trials	port_entry
8395.1407	0.08999999999650754	trials	port_entry
8400.690733333333	0.0900000000037835	trials	port_entry
8400.900733333332	0.3499999999985448	trials	port_entry
8401.670733333336	0.32996666666440433	trials	port_entry
8402.110733333331	0.040000000000873115	trials	port_entry
8405.580733333332	0.27999999999883585	trials	port_entry
8405.950733333335	0.11999999999534339	trials	port_entry
8406.33076666667	0.15996666666615056	trials	port_entry
8406.510733333333	0.9199999999982538	trials	port_entry
8419.9708	1.139999999999418	trials	port_entry
8433.970833333336	1.1999999999970896	trials	port_entry
8437.94083333333	0.21003333333646879	trials	port_entry
8439.320866666665	0.03996666667080717	trials	port_entry
8439.420866666664	0.5600000000049477	trials	port_entry
8440.170866666664	0.14996666667138925	trials	port_entry
8440.370866666668	7.180000000000291	trials	port_entry
8479.600966666669	0.4899333333305549	trials	port_entry
8481.721000000001	1.639999999999418	trials	reward_stimulus_presentation
8482.721000000001	0.7999999999956344	trials	reward_delivery
8482.961	0.08000000000174623	trials	port_entry
8483.141	12.429966666670225	trials	port_entry
8497.400933333334	1.040099999998347	trials	port_entry
8512.881066666665	0.17003333333559567	trials	port_entry
8513.101100000003	0.3399666666664416	trials	port_entry
8513.461066666667	0.26000000000203727	trials	port_entry
8517.311066666665	0.20000000000436557	trials	port_entry
8540.101100000003	0.2699999999967986	trials	port_entry
8540.431166666665	0.1799333333328832	trials	port_entry
8540.781166666664	0.1500000000014552	trials	port_entry
8541.081166666667	0.2399666666678968	trials	port_entry
8543.7712	0.11000000000058208	trials	port_entry
8571.721300000001	20.000933333329158	trials	shock_stimulus_presentation
8591.521333333334	0.3000333333329763	trials	shock_relay
8593.411366666664	0.030000000006111804	trials	port_entry
8593.611366666668	0.11000000000058208	trials	port_entry
8593.76136666667	0.2599999999947613	trials	port_entry
8594.041366666668	0.049999999995634425	trials	port_entry
8624.851466666663	2.360000000000582	trials	port_entry
8659.891566666669	0.040000000000873115	trials	port_entry
8659.9515	16.320099999997183	trials	port_entry
8661.7216	15.560033333335014	trials	reward_stimulus_presentation
8662.721566666663	0.7999666666728444	trials	reward_delivery
8676.881599999997	0.1600333333335584	trials	port_entry
8712.611733333335	4.939999999995052	trials	port_entry
8730.451799999999	11.07003333333705	trials	port_entry
8746.721866666663	0.8200000000069849	trials	reward_stimulus_presentation
8747.141866666669	17.660066666663624	trials	port_entry
8747.721833333333	0.8000333333329763	trials	reward_delivery
8770.341933333333	0.6699999999982538	trials	port_entry
8772.801933333332	0.25	trials	port_entry
8773.311933333334	17.570066666667117	trials	port_entry
8791.092	0.050033333332976326	trials	port_entry
8816.1721	0.16000000000349246	trials	port_entry
8816.4621	0.040000000000873115	trials	port_entry
8816.572100000001	0.1599999999962165	trials	port_entry
8820.162099999998	0.9100333333335584	trials	port_entry
8822.96213333333	0.029966666668769903	trials	port_entry
8823.072133333331	0.03996666667080717	trials	port_entry
8825.53213333333	0.019966666666732635	trials	port_entry
8826.132133333336	0.019966666666732635	trials	port_entry
8826.252133333332	0.040000000000873115	trials	port_entry
8828.322100000001	0.029999999998835847	trials	port_entry
8828.382099999999	0.04003333333093906	trials	port_entry
8836.7222	20.001833333335526	trials	shock_stimulus_presentation
8843.0822	1.7799999999988358	trials	port_entry
8844.922199999997	1.7700000000040745	trials	port_entry
8846.83223333333	0.05996666666760575	trials	port_entry
8856.522233333333	0.3000000000029104	trials	shock_relay
8895.772366666668	1.3099999999976717	trials	port_entry
8897.112299999997	0.6100666666679899	trials	port_entry
8897.7723	0.610033333330648	trials	port_entry
8900.772366666668	6.210033333329193	trials	port_entry
8931.72246666667	0.8399999999965075	trials	reward_stimulus_presentation
8932.162466666665	14.969966666671098	trials	port_entry
8932.722400000002	0.8001000000003842	trials	reward_delivery
8947.152400000003	0.02003333333414048	trials	port_entry
8949.35243333333	1.3001000000003842	trials	port_entry
8950.712533333335	0.01999999999679858	trials	port_entry
8954.142566666666	11.930033333337633	trials	port_entry
8968.072600000003	6.559933333330264	trials	port_entry
8974.66263333333	0.18000000000029104	trials	port_entry
8974.922633333332	0.15996666666615056	trials	port_entry
8975.112633333334	0.7099999999991269	trials	port_entry
8976.02263333333	0.5099333333346294	trials	port_entry
8977.192633333336	0.5099999999947613	trials	port_entry
8981.212600000003	0.21003333332919283	trials	port_entry
8981.672633333332	0.3500333333358867	trials	port_entry
8982.072566666666	0.020066666664206423	trials	port_entry
8984.592666666667	0.37999999999738066	trials	port_entry
8985.032600000002	8.750099999997474	trials	port_entry
8993.872666666666	0.05993333333026385	trials	port_entry
9021.7228	20.00143333333108	trials	shock_stimulus_presentation
9041.522699999998	0.3000333333329763	trials	shock_relay
9057.222899999997	1.4200000000055297	trials	port_entry
9058.8429	1.8000000000029104	trials	port_entry
9060.752900000003	2.9500333333271556	trials	port_entry
9068.542933333334	33.4600999999966	trials	port_entry
9101.72306666667	1.069999999999709	trials	reward_stimulus_presentation
9102.393066666667	0.10996666666324018	trials	port_entry
9102.663033333334	0.4299333333328832	trials	port_entry
9102.723033333332	0.8000000000029104	trials	reward_delivery
9103.113033333331	20.640100000004168	trials	port_entry
9191.723366666669	20.000033333330066	trials	neutral_stimulus_presentation
9262.333566666664	6.930033333337633	trials	port_entry
9271.033599999999	0.16996666666818783	trials	port_entry
9272.723600000001	0.08999999999650754	trials	port_entry
9272.8936	0.2600333333321032	trials	port_entry
9273.17353333333	0.9900666666726465	trials	port_entry
9274.493599999998	0.7200000000011642	trials	port_entry
9275.403600000001	0.9900333333353046	trials	port_entry
9291.723666666669	4.300033333332976	trials	reward_stimulus_presentation
9292.723666666669	0.7999999999956344	trials	reward_delivery
9295.623633333333	9.95010000000184	trials	port_entry
9308.813700000002	0.6299999999973807	trials	port_entry
9309.513766666667	0.1299333333299728	trials	port_entry
9381.723999999998	1.6499666666713892	trials	reward_stimulus_presentation
9382.723999999998	0.8000000000029104	trials	reward_delivery
9382.973999999998	8.730033333333267	trials	port_entry
9394.004033333335	2.459999999999127	trials	port_entry
9401.284033333333	1.0299999999988358	trials	port_entry
9425.434133333332	0.040000000000873115	trials	port_entry
9432.894166666669	1.4000000000014552	trials	port_entry
9434.314166666667	1.0999999999985448	trials	port_entry
9441.274166666666	0.5700333333370509	trials	port_entry
9471.724299999998	5.540000000000873	trials	reward_stimulus_presentation
9472.724266666668	0.8000333333329763	trials	reward_delivery
9476.864299999997	8.540066666668281	trials	port_entry
9505.844399999998	2.3300000000017462	trials	port_entry
9510.124399999997	0.43000000000029104	trials	port_entry
9510.584333333336	0.5200666666642064	trials	port_entry
9511.134333333332	0.03006666666624369	trials	port_entry
9552.854566666665	2.6300000000046566	trials	port_entry
9561.724599999998	2.8999000000039814	trials	reward_stimulus_presentation
9562.724566666668	0.8000333333329763	trials	reward_delivery
9564.224599999998	10.150033333338797	trials	port_entry
9581.494633333332	2.97003333333123	trials	port_entry
9631.7648	0.16999999999825377	trials	port_entry
9631.994799999997	0.7300333333332674	trials	port_entry
9642.83483333333	0.6300000000046566	trials	port_entry
9646.724899999997	20.001666666670644	trials	shock_stimulus_presentation
9666.52493333333	0.3000000000029104	trials	shock_relay
9679.554966666667	1.2699999999967986	trials	port_entry
9697.955033333335	0.3499999999985448	trials	port_entry
9698.545033333332	0.20000000000436557	trials	port_entry
9698.805033333334	0.75	trials	port_entry
9724.9051	2.000033333330066	trials	port_entry
9730.035099999997	0.3000333333329763	trials	port_entry
9730.785133333335	0.04993333333550254	trials	port_entry
9731.185133333336	0.07999999999447027	trials	port_entry
9731.315133333334	0.569999999999709	trials	port_entry
9736.725199999997	2.959966666669061	trials	reward_stimulus_presentation
9737.725166666667	0.8000000000029104	trials	reward_delivery
9739.285166666665	8.660033333333558	trials	port_entry
9749.0952	0.029999999998835847	trials	port_entry
9749.155199999997	1.3700000000026193	trials	port_entry
9771.10526666667	3.1599999999962165	trials	port_entry
9816.3354	2.64003333333676	trials	port_entry
9820.08543333333	0.10996666667051613	trials	port_entry
9831.725499999997	20.000033333337342	trials	neutral_stimulus_presentation
9835.425466666664	0.2900000000008731	trials	port_entry
9835.795466666666	0.5700333333370509	trials	port_entry
9836.695499999998	0.1300000000046566	trials	port_entry
9837.375499999998	0.020000000004074536	trials	port_entry
9837.895500000002	0.019933333329390734	trials	port_entry
9838.655499999997	0.16000000000349246	trials	port_entry
9886.555633333333	1.1099666666632402	trials	port_entry
9906.55573333333	0.7300000000032014	trials	port_entry
9921.725799999997	20.001633333333302	trials	shock_stimulus_presentation
9941.5258	0.3000000000029104	trials	shock_relay
9951.395833333332	1.5400000000008731	trials	port_entry
9953.265799999997	9.540033333338215	trials	port_entry
9962.8259	0.10993333333317423	trials	port_entry
9967.275899999997	1.4200000000055297	trials	port_entry
9969.735866666666	0.29006666666828096	trials	port_entry
9970.485833333336	0.11003333333064802	trials	port_entry
9970.61593333333	0.6199333333352115	trials	port_entry
9971.645933333337	0.4299999999930151	trials	port_entry
9972.115866666663	0.5900000000037835	trials	port_entry
9972.845866666667	0.6200000000026193	trials	port_entry
9976.715933333337	0.6499666666641133	trials	port_entry
9977.4359	3.0499666666655685	trials	port_entry
9983.215933333337	0.16999999999825377	trials	port_entry
9983.405933333332	18.720099999998638	trials	port_entry
10001.726033333336	0.930000000000291	trials	reward_stimulus_presentation
10002.256033333335	16.88006666666479	trials	port_entry
10002.726033333336	0.7999999999956344	trials	reward_delivery
10020.176066666663	0.9300333333376329	trials	port_entry
10021.726100000003	36.92013333333307	trials	port_entry
10058.79623333333	0.06000000000494765	trials	port_entry
10059.236233333333	0.01999999999679858	trials	port_entry
10059.276233333334	0.059999999997671694	trials	port_entry
10059.496233333335	0.029999999998835847	trials	port_entry
10059.806233333333	0.020000000004074536	trials	port_entry
10059.846233333334	0.4499999999970896	trials	port_entry
10060.316233333335	0.15989999999874271	trials	port_entry
10060.61623333333	2.330033333339088	trials	port_entry
10063.146233333337	0.1300333333274466	trials	port_entry
10082.246300000003	0.019966666666732635	trials	port_entry
10082.3763	0.4499999999970896	trials	port_entry
10082.926300000003	1.4100333333335584	trials	port_entry
10090.586333333336	0.14999999999417923	trials	port_entry
10090.786366666664	0.04996666667284444	trials	port_entry
10091.326333333334	0.4100333333335584	trials	port_entry
10092.05633333333	13.1600666666709	trials	port_entry
10092.726333333336	0.7999999999956344	trials	reward_delivery
10109.226400000003	2.4799999999959255	trials	port_entry
10112.346399999999	0.6399999999994179	trials	port_entry
10113.0664	0.08000000000174623	trials	port_entry
10113.2064	13.030066666666244	trials	port_entry
10126.516466666664	0.4000000000014552	trials	port_entry
10127.206466666667	1.419933333330846	trials	port_entry
10140.406500000001	1.5199999999967986	trials	port_entry
10142.376500000002	0.2999999999956344	trials	port_entry
10144.356533333335	1.1599999999962165	trials	port_entry
10145.536533333336	0.3899999999994179	trials	port_entry
10146.106566666665	4.689966666664986	trials	port_entry
10150.826533333337	0.6499999999941792	trials	port_entry
10151.50646666667	0.5900666666639154	trials	port_entry
10152.18653333333	0.3600000000005821	trials	port_entry
10191.726700000003	4.009999999994761	trials	reward_stimulus_presentation
10192.726666666666	0.8000000000029104	trials	reward_delivery
10195.336700000003	9.57999999999447	trials	port_entry
10207.846733333336	2.0	trials	port_entry
10212.67673333333	0.6300000000046566	trials	port_entry
10213.60673333333	0.060033333335013594	trials	port_entry
10229.416800000003	1.2199999999938882	trials	port_entry
10268.676933333332	0.6399999999994179	trials	port_entry
10270.286933333333	0.27999999999883585	trials	port_entry
10270.59693333333	0.06999999999970896	trials	port_entry
10281.727000000003	20.000899999999092	trials	shock_stimulus_presentation
10301.527033333336	0.2999999999956344	trials	shock_relay
10371.727266666665	5.790000000000873	trials	reward_stimulus_presentation
10372.727166666667	0.8001000000003842	trials	reward_delivery
10377.117266666664	7.910033333333558	trials	port_entry
10387.3573	1.22003333333123	trials	port_entry
10388.6073	6.150033333331521	trials	port_entry
10395.507333333331	0.13999999999941792	trials	port_entry
10395.96733333333	21.25010000000475	trials	port_entry
10417.247399999997	0.17000000000552973	trials	port_entry
10417.467399999998	44.590166666668665	trials	port_entry
10461.727533333335	20.000066666667408	trials	neutral_stimulus_presentation
10462.627566666666	19.96003333333647	trials	port_entry
10520.16776666667	3.1199999999953434	trials	port_entry
10523.867733333336	0.5	trials	port_entry
10524.397699999998	0.4900666666653706	trials	port_entry
10525.467766666665	1.040033333338215	trials	port_entry
10527.127799999998	0.03996666667080717	trials	port_entry
10528.857800000002	1.5899999999965075	trials	port_entry
10530.467800000002	0.22999999999592546	trials	port_entry
10530.717699999997	1.940099999999802	trials	port_entry
10546.727866666664	1.8300000000017462	trials	reward_stimulus_presentation
10547.727866666664	0.8000000000029104	trials	reward_delivery
10548.157866666665	10.279999999998836	trials	port_entry
10560.627900000003	0.8799999999973807	trials	port_entry
10561.527899999997	0.23000000000320142	trials	port_entry
10563.0379	0.020000000004074536	trials	port_entry
10572.927933333336	0.029999999998835847	trials	port_entry
10585.797900000001	0.7301000000006752	trials	port_entry
10586.577966666668	0.38003333333472256	trials	port_entry
10590.588	0.01989999999932479	trials	port_entry
10611.33803333333	0.9900333333353046	trials	port_entry
10612.578066666665	0.5900000000037835	trials	port_entry
10613.20806666667	0.049999999995634425	trials	port_entry
10613.948066666668	0.22000000000116415	trials	port_entry
10617.058066666668	0.2200333333312301	trials	port_entry
10617.328066666665	0.5600000000049477	trials	port_entry
10636.728166666664	20.000033333337342	trials	neutral_stimulus_presentation
10638.178166666668	0.3099999999976717	trials	port_entry
10638.618166666663	0.31999999999970896	trials	port_entry
10639.438166666663	0.06000000000494765	trials	port_entry
10640.138166666668	0.3499999999985448	trials	port_entry
10640.528166666667	0.059999999997671694	trials	port_entry
10641.468133333332	0.050033333332976326	trials	port_entry
10725.238433333336	2.099999999998545	trials	port_entry
10727.56843333333	0.05000000000291038	trials	port_entry
10731.048466666663	0.2399666666678968	trials	port_entry
10731.728466666664	20.001500000005763	trials	shock_stimulus_presentation
10751.528533333334	0.3000000000029104	trials	shock_relay
10821.728766666663	20.000066666667408	trials	neutral_stimulus_presentation
10841.6888	1.0500333333329763	trials	port_entry
10873.538900000003	0.9200333333283197	trials	port_entry
10901.729000000003	20.00113333333138	trials	shock_stimulus_presentation
10921.529066666666	0.3000333333329763	trials	shock_relay
10923.409066666663	0.20000000000436557	trials	port_entry
10923.649066666669	1.7000333333344315	trials	port_entry
10991.729300000003	3.4399666666649864	trials	reward_stimulus_presentation
10992.729300000003	0.7999999999956344	trials	reward_delivery
10994.769300000004	12.39999999999418	trials	port_entry
11010.54936666667	0.029999999998835847	trials	port_entry
11010.699366666664	0.7600000000020373	trials	port_entry
11011.509366666669	0.2699999999967986	trials	port_entry
11016.059333333335	0.5200666666642064	trials	port_entry
11016.839366666663	0.9900333333353046	trials	port_entry
11044.329466666666	0.430033333330357	trials	port_entry
11046.0295	0.20996666666906094	trials	port_entry
11046.259499999996	1.360000000000582	trials	port_entry
11053.899500000003	0.29003333333093906	trials	port_entry
11055.949533333336	4.960033333329193	trials	port_entry
11061.019533333336	0.6599999999962165	trials	port_entry
11061.699466666669	2.6000666666659527	trials	port_entry
11064.449533333336	0.06003333332773764	trials	port_entry
11064.649533333333	12.850066666665953	trials	port_entry
11077.579600000001	1.0899666666664416	trials	port_entry
11078.689499999997	0.09010000000125729	trials	port_entry
11078.799600000002	0.41999999999825377	trials	port_entry
11079.2496	0.7199666666710982	trials	port_entry
11082.479533333335	0.02003333333414048	trials	port_entry
11158.4955	0.10006666666595265	trials	phototagging
11159.496300000003	0.10006666666595265	trials	phototagging
11160.497099999997	0.10006666667322861	trials	phototagging
11161.497899999998	0.10006666666595265	trials	phototagging
11162.49866666667	0.1000999999960186	trials	phototagging
11163.499466666664	0.10006666666595265	trials	phototagging
11164.500266666666	0.10006666666595265	trials	phototagging
11165.501066666668	0.10006666666595265	trials	phototagging
11166.501833333332	0.10010000000329455	trials	phototagging
11167.502666666664	0.10006666667322861	trials	phototagging
11168.503433333335	0.1000999999960186	trials	phototagging
11169.504233333337	0.10006666666595265	trials	phototagging
11180.512966666665	0.005033333334722556	trials	phototagging
11180.522966666667	0.004999999997380655	trials	phototagging
11180.533	0.004999999997380655	trials	phototagging
11180.543000000001	0.004999999997380655	trials	phototagging
11180.553000000004	0.004999999997380655	trials	phototagging
11180.562999999998	0.005000000004656613	trials	phototagging
11180.573	0.005033333334722556	trials	phototagging
11180.583033333332	0.004999999997380655	trials	phototagging
11180.593033333334	0.004999999997380655	trials	phototagging
11180.603033333336	0.004999999997380655	trials	phototagging
11180.613033333331	0.005033333334722556	trials	phototagging
11180.623066666663	0.005000000004656613	trials	phototagging
11180.633066666665	0.005000000004656613	trials	phototagging
11180.643066666667	0.004999999997380655	trials	phototagging
11180.65306666667	0.004999999997380655	trials	phototagging
11180.663100000002	0.004999999997380655	trials	phototagging
11180.673100000004	0.004999999997380655	trials	phototagging
11180.683099999998	0.005033333334722556	trials	phototagging
11180.6931	0.004999999997380655	trials	phototagging
11180.703100000002	0.0050333333274465986	trials	phototagging
11180.713133333335	0.004999999997380655	trials	phototagging
11180.723133333337	0.004999999997380655	trials	phototagging
11180.733133333331	0.005000000004656613	trials	phototagging
11180.743133333333	0.005033333334722556	trials	phototagging
11180.753166666665	0.005000000004656613	trials	phototagging
11180.763166666668	0.004999999997380655	trials	phototagging
11180.77316666667	0.004999999997380655	trials	phototagging
11180.783166666664	0.005033333334722556	trials	phototagging
11180.793199999996	0.005000000004656613	trials	phototagging
11180.803199999998	0.005000000004656613	trials	phototagging
11190.821133333335	0.010033333332103211	trials	phototagging
11190.92123333333	0.010000000002037268	trials	phototagging
11191.021299999997	0.010000000002037268	trials	phototagging
11191.1214	0.010000000002037268	trials	phototagging
11191.221466666666	0.010000000002037268	trials	phototagging
11191.321533333332	0.010033333332103211	trials	phototagging
11191.421633333335	0.00999999999476131	trials	phototagging
11191.521700000001	0.010000000002037268	trials	phototagging
11191.621766666667	0.010033333332103211	trials	phototagging
11191.721866666663	0.010000000002037268	trials	phototagging
11191.821933333336	0.010033333332103211	trials	phototagging
11191.922033333332	0.010000000002037268	trials	phototagging
11192.022099999998	0.010000000002037268	trials	phototagging
11192.122166666664	0.010033333339379169	trials	phototagging
11192.222266666668	0.010000000002037268	trials	phototagging
11192.322333333334	0.010033333332103211	trials	phototagging
11192.422433333337	0.00999999999476131	trials	phototagging
11192.522500000003	0.00999999999476131	trials	phototagging
11192.622566666669	0.010033333332103211	trials	phototagging
11192.722666666665	0.010000000002037268	trials	phototagging
11192.82273333333	0.010000000002037268	trials	phototagging
11192.922833333334	0.010000000002037268	trials	phototagging
11193.0229	0.010000000002037268	trials	phototagging
11193.122966666666	0.010033333332103211	trials	phototagging
11193.22306666667	0.00999999999476131	trials	phototagging
11193.323133333335	0.00999999999476131	trials	phototagging
11193.423233333331	0.010000000002037268	trials	phototagging
11193.523299999997	0.010000000002037268	trials	phototagging
11193.623366666663	0.010033333339379169	trials	phototagging
11193.723466666666	0.010000000002037268	trials	phototagging
11203.831466666667	0.004999999997380655	trials	phototagging
11204.832266666668	0.004999999997380655	trials	phototagging
11205.83306666667	0.004999999997380655	trials	phototagging
11206.833866666664	0.005000000004656613	trials	phototagging
11207.834666666666	0.004999999997380655	trials	phototagging
11208.83543333333	0.005000000004656613	trials	phototagging
11209.836233333332	0.005000000004656613	trials	phototagging
11210.837033333333	0.004999999997380655	trials	phototagging
11211.837833333335	0.004999999997380655	trials	phototagging
11212.838633333336	0.004999999997380655	trials	phototagging
11213.8394	0.005033333334722556	trials	phototagging
11214.840200000002	0.0050333333274465986	trials	phototagging
11215.840999999997	0.005000000004656613	trials	phototagging
11216.841799999998	0.005000000004656613	trials	phototagging
11217.8426	0.004999999997380655	trials	phototagging
11218.843400000002	0.004999999997380655	trials	phototagging
11219.844200000003	0.004966666660038754	trials	phototagging
11220.844966666667	0.004999999997380655	trials	phototagging
11221.845766666669	0.004999999997380655	trials	phototagging
11222.846566666663	0.005000000004656613	trials	phototagging
11223.847366666665	0.005000000004656613	trials	phototagging
11224.848166666667	0.004999999997380655	trials	phototagging
11225.848966666668	0.004999999997380655	trials	phototagging
11226.849733333333	0.004999999997380655	trials	phototagging
11227.850533333334	0.004999999997380655	trials	phototagging
11228.851333333336	0.004999999997380655	trials	phototagging
11229.85213333333	0.005000000004656613	trials	phototagging
11230.852933333332	0.005000000004656613	trials	phototagging
11231.853733333333	0.004999999997380655	trials	phototagging
11232.854499999998	0.005033333334722556	trials	phototagging
11243.863266666664	0.005000000004656613	trials	phototagging
11244.864033333335	0.004999999997380655	trials	phototagging
11245.864833333337	0.004999999997380655	trials	phototagging
11246.865633333331	0.005000000004656613	trials	phototagging
11247.866433333333	0.004999999997380655	trials	phototagging
11248.867233333334	0.004999999997380655	trials	phototagging
11249.868033333336	0.004999999997380655	trials	phototagging
11250.8688	0.004999999997380655	trials	phototagging
11251.869600000002	0.004999999997380655	trials	phototagging
11252.870400000003	0.004999999997380655	trials	phototagging
11253.871199999998	0.005000000004656613	trials	phototagging
11254.872	0.004999999997380655	trials	phototagging
11255.872766666664	0.005000000004656613	trials	phototagging
11256.873566666665	0.005033333334722556	trials	phototagging
11257.874366666667	0.004999999997380655	trials	phototagging
11258.875166666669	0.004999999997380655	trials	phototagging
11259.87596666667	0.004999999997380655	trials	phototagging
11260.876766666664	0.005000000004656613	trials	phototagging
11261.877533333336	0.0050333333274465986	trials	phototagging
11262.87833333333	0.005000000004656613	trials	phototagging
11263.879133333332	0.005000000004656613	trials	phototagging
11264.879933333334	0.004999999997380655	trials	phototagging
11265.880733333335	0.004999999997380655	trials	phototagging
11266.881533333337	0.004999999997380655	trials	phototagging
11267.882333333331	0.005000000004656613	trials	phototagging
11268.883100000003	0.004999999997380655	trials	phototagging
11269.883899999997	0.005000000004656613	trials	phototagging
11270.884699999999	0.005000000004656613	trials	phototagging
11271.8855	0.004999999997380655	trials	phototagging
11272.886300000002	0.004999999997380655	trials	phototagging
11283.89503333333	0.010000000002037268	trials	phototagging
11283.995099999996	0.010033333339379169	trials	phototagging
11284.0952	0.010000000002037268	trials	phototagging
11284.195266666666	0.010000000002037268	trials	phototagging
11284.295333333332	0.010033333332103211	trials	phototagging
11284.395433333335	0.010000000002037268	trials	phototagging
11284.4955	0.010033333332103211	trials	phototagging
11284.595599999997	0.010000000002037268	trials	phototagging
11284.69566666667	0.00999999999476131	trials	phototagging
11284.795733333336	0.010033333332103211	trials	phototagging
11284.895833333332	0.010000000002037268	trials	phototagging
11284.995899999998	0.010000000002037268	trials	phototagging
11285.096000000001	0.010000000002037268	trials	phototagging
11285.196066666667	0.010000000002037268	trials	phototagging
11285.296133333333	0.010033333332103211	trials	phototagging
11285.396233333337	0.00999999999476131	trials	phototagging
11285.496300000003	0.00999999999476131	trials	phototagging
11285.596366666668	0.010033333332103211	trials	phototagging
11285.696466666664	0.010000000002037268	trials	phototagging
11285.79653333333	0.010000000002037268	trials	phototagging
11285.896599999996	0.010033333339379169	trials	phototagging
11285.9967	0.010000000002037268	trials	phototagging
11286.096766666666	0.010000000002037268	trials	phototagging
11286.196866666669	0.00999999999476131	trials	phototagging
11286.296933333335	0.010000000002037268	trials	phototagging
11286.397	0.010033333332103211	trials	phototagging
11286.497099999997	0.010000000002037268	trials	phototagging
11286.59716666667	0.00999999999476131	trials	phototagging
11286.697266666666	0.010000000002037268	trials	phototagging
11286.797333333332	0.010000000002037268	trials	phototagging
11296.90536666667	0.004999999997380655	trials	phototagging
11297.906166666664	0.005000000004656613	trials	phototagging
11298.906966666666	0.005000000004656613	trials	phototagging
11299.90773333333	0.005000000004656613	trials	phototagging
11300.908533333331	0.005000000004656613	trials	phototagging
11301.909333333333	0.004999999997380655	trials	phototagging
11302.910133333335	0.004999999997380655	trials	phototagging
11303.910933333336	0.004999999997380655	trials	phototagging
11304.91173333333	0.005000000004656613	trials	phototagging
11305.912500000002	0.005033333334722556	trials	phototagging
11306.913299999997	0.005000000004656613	trials	phototagging
11307.914099999998	0.005000000004656613	trials	phototagging
11308.9149	0.004999999997380655	trials	phototagging
11309.915700000001	0.004999999997380655	trials	phototagging
11310.916500000003	0.004999999997380655	trials	phototagging
11311.917266666667	0.005033333334722556	trials	phototagging
11312.918066666669	0.004999999997380655	trials	phototagging
11313.918866666663	0.005000000004656613	trials	phototagging
11314.919666666665	0.005000000004656613	trials	phototagging
11315.920466666666	0.004999999997380655	trials	phototagging
11316.921266666668	0.004999999997380655	trials	phototagging
11317.922033333332	0.004999999997380655	trials	phototagging
11318.922833333334	0.004999999997380655	trials	phototagging
11319.923633333336	0.004999999997380655	trials	phototagging
11320.92443333333	0.005000000004656613	trials	phototagging
11321.925233333332	0.005000000004656613	trials	phototagging
11322.926033333333	0.004999999997380655	trials	phototagging
11323.926799999997	0.005000000004656613	trials	phototagging
11324.927599999999	0.005033333334722556	trials	phototagging
11325.9284	0.004999999997380655	trials	phototagging
11336.937133333337	0.004999999997380655	trials	phototagging
11336.947166666669	0.004999999997380655	trials	phototagging
11336.957166666663	0.005000000004656613	trials	phototagging
11336.967166666665	0.005000000004656613	trials	phototagging
11336.977166666667	0.004999999997380655	trials	phototagging
11336.98716666667	0.0050333333274465986	trials	phototagging
11336.997200000002	0.004999999997380655	trials	phototagging
11337.007200000004	0.004999999997380655	trials	phototagging
11337.017199999998	0.005000000004656613	trials	phototagging
11337.02723333333	0.005000000004656613	trials	phototagging
11337.037233333333	0.004999999997380655	trials	phototagging
11337.047233333335	0.004999999997380655	trials	phototagging
11337.057233333337	0.004999999997380655	trials	phototagging
11337.067233333331	0.005033333334722556	trials	phototagging
11337.077266666663	0.005000000004656613	trials	phototagging
11337.087266666666	0.005000000004656613	trials	phototagging
11337.097266666668	0.004999999997380655	trials	phototagging
11337.10726666667	0.0050333333274465986	trials	phototagging
11337.117300000002	0.004999999997380655	trials	phototagging
11337.127299999996	0.005000000004656613	trials	phototagging
11337.137299999999	0.005000000004656613	trials	phototagging
11337.1473	0.005033333334722556	trials	phototagging
11337.157333333333	0.004999999997380655	trials	phototagging
11337.167333333335	0.004999999997380655	trials	phototagging
11337.177333333337	0.004999999997380655	trials	phototagging
11337.187333333331	0.005033333334722556	trials	phototagging
11337.197366666664	0.005000000004656613	trials	phototagging
11337.207366666666	0.005000000004656613	trials	phototagging
11337.217366666668	0.004999999997380655	trials	phototagging
11337.22736666667	0.0050333333274465986	trials	phototagging
11347.245333333336	0.00999999999476131	trials	phototagging
11347.345400000002	0.010033333332103211	trials	phototagging
11347.445499999998	0.010000000002037268	trials	phototagging
11347.545566666664	0.010000000002037268	trials	phototagging
11347.645666666667	0.010000000002037268	trials	phototagging
11347.745733333333	0.010000000002037268	trials	phototagging
11347.8458	0.010033333332103211	trials	phototagging
11347.945900000002	0.00999999999476131	trials	phototagging
11348.045966666668	0.00999999999476131	trials	phototagging
11348.146033333334	0.010033333332103211	trials	phototagging
11348.24613333333	0.010000000002037268	trials	phototagging
11348.346200000004	0.00999999999476131	trials	phototagging
11348.4463	0.010000000002037268	trials	phototagging
11348.546366666666	0.010000000002037268	trials	phototagging
11348.646433333332	0.010033333332103211	trials	phototagging
11348.746533333335	0.010000000002037268	trials	phototagging
11348.8466	0.010000000002037268	trials	phototagging
11348.946699999997	0.010000000002037268	trials	phototagging
11349.04676666667	0.00999999999476131	trials	phototagging
11349.146833333336	0.010033333332103211	trials	phototagging
11349.246933333332	0.010000000002037268	trials	phototagging
11349.346999999998	0.010000000002037268	trials	phototagging
11349.447066666664	0.010033333339379169	trials	phototagging
11349.547166666667	0.010000000002037268	trials	phototagging
11349.647233333333	0.010000000002037268	trials	phototagging
11349.747333333336	0.00999999999476131	trials	phototagging
11349.847400000002	0.00999999999476131	trials	phototagging
11349.947466666668	0.010033333332103211	trials	phototagging
11350.047566666664	0.010000000002037268	trials	phototagging
11350.14763333333	0.010000000002037268	trials	phototagging
11360.255666666668	0.10006666666595265	trials	phototagging
11361.25646666667	0.10006666666595265	trials	phototagging
11362.257266666664	0.10006666666595265	trials	phototagging
11363.258066666665	0.10006666666595265	trials	phototagging
11364.258866666667	0.10006666666595265	trials	phototagging
11365.259633333331	0.10010000000329455	trials	phototagging
11366.260433333333	0.10006666666595265	trials	phototagging
11367.261233333335	0.10006666666595265	trials	phototagging
11368.262033333336	0.10006666666595265	trials	phototagging
11369.2628	0.1000999999960186	trials	phototagging
11370.263600000002	0.1000999999960186	trials	phototagging
11371.264399999996	0.10006666667322861	trials	phototagging
11382.273133333332	0.005033333334722556	trials	phototagging
11382.283166666664	0.005000000004656613	trials	phototagging
11382.293166666666	0.004999999997380655	trials	phototagging
11382.303166666668	0.004999999997380655	trials	phototagging
11382.313166666663	0.005000000004656613	trials	phototagging
11382.323166666665	0.005033333334722556	trials	phototagging
11382.333199999997	0.005000000004656613	trials	phototagging
11382.3432	0.004999999997380655	trials	phototagging
11382.353200000001	0.004999999997380655	trials	phototagging
11382.363233333333	0.004999999997380655	trials	phototagging
11382.373233333336	0.004999999997380655	trials	phototagging
11382.38323333333	0.005000000004656613	trials	phototagging
11382.393233333332	0.005000000004656613	trials	phototagging
11382.403233333334	0.004999999997380655	trials	phototagging
11382.413266666666	0.004999999997380655	trials	phototagging
11382.423266666668	0.004999999997380655	trials	phototagging
11382.433266666663	0.005000000004656613	trials	phototagging
11382.443266666665	0.005033333334722556	trials	phototagging
11382.453299999997	0.005000000004656613	trials	phototagging
11382.4633	0.004999999997380655	trials	phototagging
11382.473300000001	0.004999999997380655	trials	phototagging
11382.483300000004	0.0050333333274465986	trials	phototagging
11382.493299999998	0.005033333334722556	trials	phototagging
11382.50333333333	0.005000000004656613	trials	phototagging
11382.513333333332	0.004999999997380655	trials	phototagging
11382.523333333334	0.005033333334722556	trials	phototagging
11382.533366666667	0.004999999997380655	trials	phototagging
11382.543366666669	0.004999999997380655	trials	phototagging
11382.553366666663	0.005000000004656613	trials	phototagging
11382.563366666665	0.005033333334722556	trials	phototagging
11392.581333333332	0.10006666666595265	trials	phototagging
11393.582133333333	0.10006666666595265	trials	phototagging
11394.582933333335	0.10006666666595265	trials	phototagging
11395.5837	0.10010000000329455	trials	phototagging
11396.5845	0.1000999999960186	trials	phototagging
11397.585300000002	0.10006666666595265	trials	phototagging
11398.586099999997	0.10006666667322861	trials	phototagging
11399.586899999998	0.10006666666595265	trials	phototagging
11400.5877	0.10006666666595265	trials	phototagging
11401.588466666664	0.10010000000329455	trials	phototagging
11402.589266666666	0.10010000000329455	trials	phototagging
11403.590066666668	0.1000999999960186	trials	phototagging
11414.598800000003	0.010033333332103211	trials	phototagging
11414.6989	0.010000000002037268	trials	phototagging
11414.798966666665	0.010000000002037268	trials	phototagging
11414.899066666669	0.00999999999476131	trials	phototagging
11414.999133333335	0.010000000002037268	trials	phototagging
11415.0992	0.010033333332103211	trials	phototagging
11415.199266666667	0.010033333332103211	trials	phototagging
11415.29936666667	0.00999999999476131	trials	phototagging
11415.399466666666	0.010000000002037268	trials	phototagging
11415.499533333332	0.010000000002037268	trials	phototagging
11415.599599999998	0.010033333332103211	trials	phototagging
11415.699700000001	0.010000000002037268	trials	phototagging
11415.799766666667	0.010000000002037268	trials	phototagging
11415.899833333333	0.010033333332103211	trials	phototagging
11415.999933333336	0.00999999999476131	trials	phototagging
11416.100000000002	0.00999999999476131	trials	phototagging
11416.200099999998	0.010000000002037268	trials	phototagging
11416.300166666664	0.010000000002037268	trials	phototagging
11416.40023333333	0.010033333339379169	trials	phototagging
11416.500333333333	0.010000000002037268	trials	phototagging
11416.6004	0.010000000002037268	trials	phototagging
11416.700500000003	0.00999999999476131	trials	phototagging
11416.800566666669	0.00999999999476131	trials	phototagging
11416.900633333335	0.010033333332103211	trials	phototagging
11417.00073333333	0.010000000002037268	trials	phototagging
11417.100799999997	0.010000000002037268	trials	phototagging
11417.20086666667	0.010033333332103211	trials	phototagging
11417.300966666666	0.010000000002037268	trials	phototagging
11417.401033333332	0.010000000002037268	trials	phototagging
11417.501099999998	0.010033333332103211	trials	phototagging
11427.609133333335	0.004999999997380655	trials	phototagging
11428.609933333337	0.004999999997380655	trials	phototagging
11429.610733333331	0.005000000004656613	trials	phototagging
11430.611533333333	0.004999999997380655	trials	phototagging
11431.612333333334	0.004999999997380655	trials	phototagging
11432.613099999999	0.005033333334722556	trials	phototagging
11433.6139	0.004999999997380655	trials	phototagging
11434.614700000002	0.004999999997380655	trials	phototagging
11435.615500000004	0.004999999997380655	trials	phototagging
11436.616299999998	0.005000000004656613	trials	phototagging
11437.6171	0.004999999997380655	trials	phototagging
11438.617866666664	0.005033333334722556	trials	phototagging
11439.618666666665	0.005033333334722556	trials	phototagging
11440.619466666667	0.004999999997380655	trials	phototagging
11441.620266666669	0.004999999997380655	trials	phototagging
11442.62106666667	0.004999999997380655	trials	phototagging
11443.621866666665	0.005000000004656613	trials	phototagging
11444.622633333336	0.0050333333274465986	trials	phototagging
11445.62343333333	0.005033333334722556	trials	phototagging
11446.624233333332	0.005000000004656613	trials	phototagging
11447.625033333334	0.004999999997380655	trials	phototagging
11448.625833333335	0.004999999997380655	trials	phototagging
11449.626633333337	0.004999999997380655	trials	phototagging
11450.627433333331	0.005000000004656613	trials	phototagging
11451.628200000003	0.0050333333274465986	trials	phototagging
11452.628999999997	0.005033333334722556	trials	phototagging
11453.629799999999	0.005000000004656613	trials	phototagging
11454.6306	0.004999999997380655	trials	phototagging
11455.631400000002	0.004999999997380655	trials	phototagging
11456.632200000004	0.004999999997380655	trials	phototagging
11467.640933333332	0.005000000004656613	trials	phototagging
11468.641733333334	0.004999999997380655	trials	phototagging
11469.642533333335	0.004999999997380655	trials	phototagging
11470.64333333333	0.005000000004656613	trials	phototagging
11471.644100000001	0.004999999997380655	trials	phototagging
11472.644900000003	0.0050333333274465986	trials	phototagging
11473.645699999997	0.005000000004656613	trials	phototagging
11474.646499999999	0.005000000004656613	trials	phototagging
11475.6473	0.004999999997380655	trials	phototagging
11476.648100000002	0.004999999997380655	trials	phototagging
11477.648866666666	0.005033333334722556	trials	phototagging
11478.649666666668	0.005033333334722556	trials	phototagging
11479.65046666667	0.004999999997380655	trials	phototagging
11480.651266666664	0.005000000004656613	trials	phototagging
11481.652066666666	0.005000000004656613	trials	phototagging
11482.652866666667	0.004999999997380655	trials	phototagging
11483.653633333332	0.005033333334722556	trials	phototagging
11484.654433333333	0.004999999997380655	trials	phototagging
11485.655233333335	0.004999999997380655	trials	phototagging
11486.656033333336	0.004999999997380655	trials	phototagging
11487.65683333333	0.005000000004656613	trials	phototagging
11488.657633333332	0.004999999997380655	trials	phototagging
11489.658433333334	0.004999999997380655	trials	phototagging
11490.659199999998	0.005000000004656613	trials	phototagging
11491.66	0.004999999997380655	trials	phototagging
11492.660800000001	0.004999999997380655	trials	phototagging
11493.661600000003	0.004999999997380655	trials	phototagging
11494.662399999997	0.005000000004656613	trials	phototagging
11495.663199999999	0.004999999997380655	trials	phototagging
11496.664	0.004999999997380655	trials	phototagging
11507.672733333337	0.00999999999476131	trials	phototagging
11507.772800000002	0.010033333332103211	trials	phototagging
11507.872899999998	0.010000000002037268	trials	phototagging
11507.972966666664	0.010000000002037268	trials	phototagging
11508.07303333333	0.010033333339379169	trials	phototagging
11508.173133333334	0.010000000002037268	trials	phototagging
11508.2732	0.010000000002037268	trials	phototagging
11508.373300000003	0.00999999999476131	trials	phototagging
11508.473366666669	0.00999999999476131	trials	phototagging
11508.573433333335	0.010000000002037268	trials	phototagging
11508.67353333333	0.010000000002037268	trials	phototagging
11508.773599999997	0.010000000002037268	trials	phototagging
11508.87366666667	0.010033333332103211	trials	phototagging
11508.973766666666	0.010000000002037268	trials	phototagging
11509.073833333332	0.010000000002037268	trials	phototagging
11509.173899999998	0.010033333332103211	trials	phototagging
11509.274000000001	0.010000000002037268	trials	phototagging
11509.374066666667	0.010033333332103211	trials	phototagging
11509.474166666663	0.010000000002037268	trials	phototagging
11509.574233333336	0.00999999999476131	trials	phototagging
11509.674300000002	0.010033333332103211	trials	phototagging
11509.774399999998	0.010000000002037268	trials	phototagging
11509.874466666664	0.010000000002037268	trials	phototagging
11509.974566666668	0.010000000002037268	trials	phototagging
11510.074633333334	0.010000000002037268	trials	phototagging
11510.1747	0.010033333332103211	trials	phototagging
11510.274800000003	0.00999999999476131	trials	phototagging
11510.374866666669	0.00999999999476131	trials	phototagging
11510.474966666665	0.010000000002037268	trials	phototagging
11510.57503333333	0.010000000002037268	trials	phototagging
