onset	duration	nwb_table	trial_type
70.22233333333332	0.11000000000001364	trials	port_entry
107.94239999999999	0.5600333333333367	trials	port_entry
112.26246666666665	0.2400000000000091	trials	port_entry
134.00253333333333	0.3400000000000034	trials	port_entry
136.07253333333333	0.09000000000000341	trials	port_entry
136.29253333333332	0.09999999999999432	trials	port_entry
136.42253333333332	0.060000000000002274	trials	port_entry
197.7027	0.22999999999998977	trials	port_entry
212.28273333333334	0.2400333333333151	trials	port_entry
304.5330666666667	0.14999999999997726	trials	port_entry
308.9231	6.239966666666703	trials	reward_stimulus_presentation
309.92306666666667	0.8000000000000114	trials	reward_delivery
314.76306666666665	4.65003333333334	trials	port_entry
345.7732	0.30000000000001137	trials	port_entry
370.09323333333333	0.37000000000000455	trials	port_entry
370.5432333333333	1.4599999999999795	trials	port_entry
372.83326666666665	0.12000000000000455	trials	port_entry
395.37333333333333	0.10003333333332876	trials	port_entry
398.92336666666665	20.000033333333363	trials	reward_stimulus_presentation
399.92333333333335	0.8000333333333174	trials	reward_delivery
425.4234333333333	4.34996666666666	trials	port_entry
457.4135333333333	0.17000000000001592	trials	port_entry
474.7135666666667	0.0999999999999659	trials	port_entry
485.6336	1.1399999999999864	trials	port_entry
488.92366666666663	16.27000000000004	trials	reward_stimulus_presentation
489.92366666666663	0.7999666666667054	trials	reward_delivery
504.79363333333333	3.920033333333322	trials	port_entry
511.10366666666664	0.16003333333333103	trials	port_entry
511.3737	0.9099999999999682	trials	port_entry
525.1737333333333	0.18000000000006366	trials	port_entry
543.3638	0.05000000000006821	trials	port_entry
543.4537666666666	0.20000000000004547	trials	port_entry
543.7038	0.04996666666670535	trials	port_entry
557.4538333333334	0.2300000000000182	trials	port_entry
565.1539	0.22000000000002728	trials	port_entry
572.7939	0.12999999999999545	trials	port_entry
578.9239	20.000099999999975	trials	neutral_stimulus_presentation
591.4539333333333	0.22000000000002728	trials	port_entry
617.8140333333333	0.3300333333332901	trials	port_entry
632.7341	0.1399666666666235	trials	port_entry
645.5541333333333	0.08000000000004093	trials	port_entry
645.6841333333333	0.09000000000003183	trials	port_entry
663.9242333333333	8.819966666666687	trials	reward_stimulus_presentation
664.9242	0.7999999999999545	trials	reward_delivery
672.3442	4.600033333333272	trials	port_entry
706.3643	0.07996666666667807	trials	port_entry
737.1144333333333	0.14999999999997726	trials	port_entry
753.9245	20.00276666666673	trials	shock_stimulus_presentation
773.7245333333333	0.3000333333334311	trials	shock_relay
788.2145666666667	1.3000666666666802	trials	port_entry
817.8446666666666	0.3799333333333834	trials	port_entry
818.4547	0.09000000000003183	trials	port_entry
818.7847	0.3700333333332537	trials	port_entry
836.6347333333333	0.20000000000004547	trials	port_entry
848.9248	7.080000000000041	trials	reward_stimulus_presentation
849.9248	0.7999333333333425	trials	reward_delivery
855.6048	0.15000000000009095	trials	port_entry
855.8148	3.6499666666666144	trials	port_entry
859.5648	1.1299999999999955	trials	port_entry
929.345	0.2900333333333265	trials	port_entry
929.6649666666667	0.08006666666665296	trials	port_entry
938.4050333333333	0.24996666666663714	trials	port_entry
938.9251	20.00003333333325	trials	neutral_stimulus_presentation
971.6051333333334	0.27996666666660985	trials	port_entry
993.1852333333334	0.7198999999999387	trials	port_entry
996.2552666666667	0.24993333333327428	trials	port_entry
1018.9253333333332	1.9599666666667872	trials	reward_stimulus_presentation
1019.9253	0.7999999999999545	trials	reward_delivery
1020.4852999999999	0.5	trials	port_entry
1021.0352999999999	5.570000000000277	trials	port_entry
1050.5453666666667	1.259999999999991	trials	port_entry
1072.9954666666667	0.5899999999999181	trials	port_entry
1108.9256333333335	20.001966666666704	trials	shock_stimulus_presentation
1128.7257000000002	0.2999999999999545	trials	shock_relay
1157.6857666666667	0.049999999999954525	trials	port_entry
1157.755766666667	0.029999999999972715	trials	port_entry
1157.8758	0.08000000000015461	trials	port_entry
1180.6957666666667	0.7900333333334402	trials	port_entry
1208.9259333333334	1.329966666666678	trials	reward_stimulus_presentation
1209.8559	0.08000000000015461	trials	port_entry
1209.9259333333334	0.7999999999999545	trials	reward_delivery
1227.7759333333333	0.12000000000011823	trials	port_entry
1227.9259333333334	3.6400666666665984	trials	port_entry
1278.2161333333333	0.9500000000000455	trials	port_entry
1279.2861333333335	0.029999999999972715	trials	port_entry
1295.5261666666668	0.41000000000008185	trials	port_entry
1298.9262333333334	20.000033333333477	trials	neutral_stimulus_presentation
1320.2862666666667	0.2300000000000182	trials	port_entry
1336.0062666666668	0.01999999999998181	trials	port_entry
1336.0662666666667	0.060000000000172804	trials	port_entry
1365.6664	0.5299999999999727	trials	port_entry
1388.9265666666668	9.859899999999925	trials	reward_stimulus_presentation
1389.9265	0.8000000000001819	trials	reward_delivery
1398.3865	3.839966666666669	trials	port_entry
1438.5366666666669	0.03999999999996362	trials	port_entry
1463.3267	0.2400000000000091	trials	port_entry
1472.4367333333334	0.34999999999990905	trials	port_entry
1478.9268000000002	20.002333333333354	trials	shock_stimulus_presentation
1490.4567000000002	0.17009999999982028	trials	port_entry
1498.7268000000001	0.2999999999999545	trials	shock_relay
1515.1668666666667	0.14000000000010004	trials	port_entry
1539.0069333333333	0.07000000000016371	trials	port_entry
1549.3369666666667	0.650000000000091	trials	port_entry
1563.9270666666669	20.00003333333325	trials	neutral_stimulus_presentation
1565.1170333333334	0.07999999999992724	trials	port_entry
1578.5670333333335	0.22000000000002728	trials	port_entry
1607.4571333333333	0.19000000000005457	trials	port_entry
1631.9472333333335	0.16999999999984539	trials	port_entry
1643.0872333333334	0.3300333333334038	trials	port_entry
1653.9273333333335	20.001899999999978	trials	shock_stimulus_presentation
1668.9573666666668	0.36000000000012733	trials	port_entry
1673.7274000000002	0.3000333333332037	trials	shock_relay
1738.2775666666669	0.24993333333327428	trials	port_entry
1748.9276333333335	20.00226666666663	trials	shock_stimulus_presentation
1752.0776	0.050033333333431074	trials	port_entry
1768.7276666666667	0.3000000000001819	trials	shock_relay
1786.3877	0.12996666666685996	trials	port_entry
1834.4078333333334	0.09999999999990905	trials	port_entry
1838.9279333333334	20.000033333333477	trials	neutral_stimulus_presentation
1847.0078666666668	0.13003333333335831	trials	port_entry
1847.3679000000002	0.6199333333331651	trials	port_entry
1848.2679	0.01999999999998181	trials	port_entry
1848.5179	0.25	trials	port_entry
1849.0579	0.01999999999998181	trials	port_entry
1850.0379	0.01999999999998181	trials	port_entry
1850.0778666666668	0.04003333333344017	trials	port_entry
1850.3679000000002	0.13999999999987267	trials	port_entry
1850.9979333333335	0.09999999999990905	trials	port_entry
1867.3179333333335	0.23003333333326736	trials	port_entry
1883.4180000000001	0.09999999999990905	trials	port_entry
1888.488	0.04996666666670535	trials	port_entry
1888.708	0.32999999999992724	trials	port_entry
1889.198	0.01999999999998181	trials	port_entry
1891.2180333333336	0.07999999999992724	trials	port_entry
1891.8780333333334	0.17000000000007276	trials	port_entry
1909.0980666666667	0.28003333333344926	trials	port_entry
1918.9281666666668	3.999900000000025	trials	reward_stimulus_presentation
1919.9281	0.7999999999999545	trials	reward_delivery
1922.5281333333335	0.20000000000004547	trials	port_entry
1922.8181333333334	5.710000000000036	trials	port_entry
2005.2883666666667	0.4900000000000091	trials	port_entry
2008.9284333333335	20.00003333333325	trials	neutral_stimulus_presentation
2015.9184	0.23003333333349474	trials	port_entry
2062.6785333333332	0.36000000000012733	trials	port_entry
2063.1385666666665	0.059966666666696256	trials	port_entry
2077.7185999999997	0.2300000000000182	trials	port_entry
2093.118633333333	0.2300000000000182	trials	port_entry
2101.5587	0.05999999999994543	trials	port_entry
2101.8287	0.7299666666663143	trials	port_entry
2108.928733333333	20.0	trials	neutral_stimulus_presentation
2125.008733333333	0.21000000000003638	trials	port_entry
2153.5188	0.07999999999992724	trials	port_entry
2175.1389	0.4800000000000182	trials	port_entry
2175.6589	0.15000000000009095	trials	port_entry
2191.8889666666664	0.44000000000005457	trials	port_entry
2198.9289666666664	20.001900000000205	trials	shock_stimulus_presentation
2218.729033333333	0.3000333333334311	trials	shock_relay
2279.1292	0.07006666666666206	trials	port_entry
2282.339233333333	0.01999999999998181	trials	port_entry
2282.669233333333	0.01999999999998181	trials	port_entry
2282.709233333333	0.03000000000020009	trials	port_entry
2282.759233333333	0.0500000000001819	trials	port_entry
2283.2291999999998	0.09999999999990905	trials	port_entry
2283.3692	0.020033333333230985	trials	port_entry
2288.9299	5.7693666666664285	trials	reward_stimulus_presentation
2289.9294999999997	0.7997000000000298	trials	reward_delivery
2294.2992666666664	0.20000000000027285	trials	port_entry
2294.5392333333334	4.360066666666626	trials	port_entry
2378.5995	0.2300000000000182	trials	port_entry
2378.9295333333334	0.06996666666645979	trials	reward_stimulus_presentation
2379.9295333333334	0.799966666666478	trials	reward_delivery
2386.7195333333334	4.250033333333249	trials	port_entry
2390.9895666666666	0.6399999999998727	trials	port_entry
2424.489633333333	0.11999999999989086	trials	port_entry
2452.0397	0.2800000000002001	trials	port_entry
2452.9097333333334	0.0399666666662597	trials	port_entry
2453.059733333333	0.3200000000001637	trials	port_entry
2463.9298	20.00003333333325	trials	neutral_stimulus_presentation
2480.8597999999997	0.15000000000009095	trials	port_entry
2495.7898666666665	0.34999999999990905	trials	port_entry
2509.1799	1.1099999999996726	trials	port_entry
2553.9301	2.3399333333331924	trials	reward_stimulus_presentation
2554.930033333333	0.8000000000001819	trials	reward_delivery
2555.870033333333	0.36000000000012733	trials	port_entry
2556.2700333333332	4.840066666666644	trials	port_entry
2574.5501	0.1799999999998363	trials	port_entry
2591.130133333333	0.21000000000003638	trials	port_entry
2608.0301999999997	1.3200333333334129	trials	port_entry
2627.3302666666664	0.1899666666668054	trials	port_entry
2638.2203	0.11999999999989086	trials	port_entry
2638.4003	0.8000000000001819	trials	port_entry
2648.9303666666665	5.329966666666678	trials	reward_stimulus_presentation
2649.9303333333332	0.8000000000001819	trials	reward_delivery
2653.860333333333	4.400000000000091	trials	port_entry
2670.8104	0.01999999999998181	trials	port_entry
2671.1204	0.6300000000001091	trials	port_entry
2674.6504333333332	0.2899999999999636	trials	port_entry
2675.0804	0.029966666666496167	trials	port_entry
2685.2104666666664	0.09996666666665988	trials	port_entry
2701.4104666666667	0.23003333333326736	trials	port_entry
2708.2205	0.1999999999998181	trials	port_entry
2710.3905	0.2699999999999818	trials	port_entry
2713.9405333333334	0.08999999999969077	trials	port_entry
2714.150533333333	0.2600000000002183	trials	port_entry
2714.700533333333	0.23996666666653255	trials	port_entry
2716.3705333333332	0.05999999999994543	trials	port_entry
2716.890533333333	0.03999999999996362	trials	port_entry
2717.1705333333334	0.11996666666664169	trials	port_entry
2717.3105333333333	0.2300000000000182	trials	port_entry
2717.6405666666665	0.31996666666691453	trials	port_entry
2718.1005333333333	0.03999999999996362	trials	port_entry
2718.1905333333334	0.05999999999994543	trials	port_entry
2718.5805333333333	0.01999999999998181	trials	port_entry
2718.910533333333	0.4399666666668054	trials	port_entry
2719.4905	0.020033333333230985	trials	port_entry
2719.7905333333333	0.08999999999969077	trials	port_entry
2719.900533333333	0.21000000000003638	trials	port_entry
2720.1504999999997	0.12006666666684396	trials	port_entry
2732.8305666666665	0.2600000000002183	trials	port_entry
2738.9306666666666	20.002833333333456	trials	shock_stimulus_presentation
2740.3406	0.08003333333317642	trials	port_entry
2754.5705666666668	0.2600666666662619	trials	port_entry
2758.7306666666664	0.3000000000001819	trials	shock_relay
2798.7807666666668	0.11999999999989086	trials	port_entry
2807.5807999999997	0.2899999999999636	trials	port_entry
2807.9008	0.040033333333212795	trials	port_entry
2818.5708666666665	0.5100000000002183	trials	port_entry
2818.9309	20.00003333333325	trials	neutral_stimulus_presentation
2831.9009	0.4099999999998545	trials	port_entry
2840.040933333333	0.04996666666647798	trials	port_entry
2871.3110333333334	0.09999999999990905	trials	port_entry
2882.4610666666667	0.22003333333304909	trials	port_entry
2893.5510666666664	0.19000000000005457	trials	port_entry
2903.8411333333333	0.19000000000005457	trials	port_entry
2908.9311666666667	20.0000666666665	trials	neutral_stimulus_presentation
2969.8613333333333	0.24996666666675083	trials	port_entry
2973.5713333333333	0.01999999999998181	trials	port_entry
2973.7613333333334	0.1299999999996544	trials	port_entry
2974.2613333333334	0.07996666666667807	trials	port_entry
2990.7813666666666	0.2300000000000182	trials	port_entry
3008.9314666666664	20.002833333333456	trials	shock_stimulus_presentation
3009.4814333333334	1.0099999999997635	trials	port_entry
3012.051433333333	0.14000000000032742	trials	port_entry
3028.1014999999998	0.16000000000030923	trials	port_entry
3028.7315	0.299966666666478	trials	shock_relay
3050.4615666666664	0.2600000000002183	trials	port_entry
3050.8615666666665	0.01993333333348346	trials	port_entry
3051.3815666666665	0.05999999999994543	trials	port_entry
3051.601533333333	0.06003333333364935	trials	port_entry
3062.9116	0.05999999999994543	trials	port_entry
3098.9317666666666	20.0000666666665	trials	neutral_stimulus_presentation
3106.671733333333	0.6699666666668236	trials	port_entry
3119.4917666666665	0.1999999999998181	trials	port_entry
3135.0717999999997	0.30999999999994543	trials	port_entry
3152.8618666666666	0.44000000000005457	trials	port_entry
3180.2119666666667	0.30999999999994543	trials	port_entry
3188.932033333333	6.450000000000273	trials	reward_stimulus_presentation
3189.932	0.8000000000001819	trials	reward_delivery
3194.982033333333	5.940000000000055	trials	port_entry
3219.1220666666663	2.15003333333334	trials	port_entry
3222.7520666666665	0.5600333333336494	trials	port_entry
3257.342133333333	0.11006666666662568	trials	port_entry
3258.9721999999997	0.03000000000020009	trials	port_entry
3259.5322	0.20999999999958163	trials	port_entry
3259.7822	1.220033333333049	trials	port_entry
3278.9323	20.002799999999752	trials	shock_stimulus_presentation
3286.1322999999998	0.7899999999999636	trials	port_entry
3298.7323333333334	0.29999999999972715	trials	shock_relay
3330.9924333333333	0.27999999999974534	trials	port_entry
3340.4825	0.07999999999992724	trials	port_entry
3360.0924666666665	0.2900333333332128	trials	port_entry
3363.932533333333	12.660033333333558	trials	reward_stimulus_presentation
3364.932533333333	0.8000000000001819	trials	reward_delivery
3376.1925666666666	4.170000000000073	trials	port_entry
3432.9427666666666	0.2199999999997999	trials	port_entry
3444.9827666666665	0.3500333333331582	trials	port_entry
3453.9328333333333	8.769966666666733	trials	reward_stimulus_presentation
3454.9328333333333	0.799966666666478	trials	reward_delivery
3462.302833333333	4.809999999999945	trials	port_entry
3474.5928666666664	0.27003333333368573	trials	port_entry
3526.263033333333	0.15000000000009095	trials	port_entry
3527.6030333333333	0.1799999999998363	trials	port_entry
3548.933133333333	12.740000000000236	trials	reward_stimulus_presentation
3549.9330999999997	0.8000000000001819	trials	reward_delivery
3561.2731	3.9100666666668076	trials	port_entry
3590.4532666666664	0.12003333333359478	trials	port_entry
3622.1633333333334	0.599999999999909	trials	port_entry
3631.253333333333	0.17003333333332193	trials	port_entry
3638.933433333333	20.002066666666906	trials	shock_stimulus_presentation
3655.473433333333	0.11000000000012733	trials	port_entry
3658.7334666666666	0.3000000000001819	trials	shock_relay
3718.9336666666663	6.920000000000073	trials	reward_stimulus_presentation
3719.9336666666663	0.8000000000001819	trials	reward_delivery
3725.453633333333	0.06003333333364935	trials	port_entry
3725.5336666666667	0.03999999999996362	trials	port_entry
3725.5935999999997	3.2101000000002387	trials	port_entry
3752.8938	0.13999999999987267	trials	port_entry
3753.0537666666664	0.07000000000016371	trials	port_entry
3808.9339333333332	20.0000666666665	trials	neutral_stimulus_presentation
3840.8040333333333	0.7799999999997453	trials	port_entry
3875.0941	0.46003333333328555	trials	port_entry
3883.3241666666668	0.5199666666662779	trials	port_entry
3884.9341666666664	0.15000000000009095	trials	port_entry
3906.8242333333333	0.2199999999997999	trials	port_entry
3908.9342666666666	20.0029999999997	trials	shock_stimulus_presentation
3922.3242666666665	0.2300000000000182	trials	port_entry
3926.1342666666665	0.3200000000001637	trials	port_entry
3928.7343	0.29999999999972715	trials	shock_relay
3961.0744	0.270033333333231	trials	port_entry
3973.344433333333	0.46003333333328555	trials	port_entry
3988.4145	0.07999999999992724	trials	port_entry
3998.934533333333	20.00013333333345	trials	neutral_stimulus_presentation
4001.7644999999998	0.1400333333335766	trials	port_entry
4015.2545	0.3100666666664438	trials	port_entry
4077.4247666666665	0.26003333333346745	trials	port_entry
4088.9348666666665	5.149966666666842	trials	reward_stimulus_presentation
4089.934833333333	0.8000000000001819	trials	reward_delivery
4093.6847333333335	3.9501000000000204	trials	port_entry
4147.695	0.1999999999998181	trials	port_entry
4176.6451	0.3900000000003274	trials	port_entry
4178.935133333333	11.149966666666842	trials	reward_stimulus_presentation
4179.9351	0.8000666666666802	trials	reward_delivery
4189.685133333333	3.0999999999994543	trials	port_entry
4247.9353	0.21000000000003638	trials	port_entry
4257.985366666667	0.21000000000003638	trials	port_entry
4263.9354	10.09996666666666	trials	reward_stimulus_presentation
4264.935366666667	0.8000333333329763	trials	reward_delivery
4273.6354	3.3999666666668418	trials	port_entry
4310.9155	0.02996666666604142	trials	port_entry
4311.5655	0.020000000000436557	trials	port_entry
4312.645466666667	0.030033333333449264	trials	port_entry
4312.885533333333	0.020000000000436557	trials	port_entry
4313.2554666666665	0.05010000000038417	trials	port_entry
4313.325533333334	0.10993333333317423	trials	port_entry
4313.495466666666	0.04010000000016589	trials	port_entry
4313.555533333333	0.3899666666666235	trials	port_entry
4314.1955	0.0500000000001819	trials	port_entry
4314.265466666667	0.09003333333293995	trials	port_entry
4314.3755	0.3400000000001455	trials	port_entry
4314.8255	0.019999999999527063	trials	port_entry
4315.1855	0.04996666666738747	trials	port_entry
4315.545533333333	0.029966666666950914	trials	port_entry
4317.125533333333	0.1000000000003638	trials	port_entry
4318.065533333333	0.1999999999998181	trials	port_entry
4330.6556	0.15996666666615056	trials	port_entry
4341.8656	0.15999999999985448	trials	port_entry
4353.065633333334	0.16999999999916326	trials	port_entry
4353.305633333333	0.47999999999956344	trials	port_entry
4353.9357	20.002566666666098	trials	shock_stimulus_presentation
4364.655666666667	0.5700333333334129	trials	port_entry
4373.7357	0.2999999999992724	trials	shock_relay
4414.965833333334	0.3299666666662233	trials	port_entry
4438.2059	0.2600000000002183	trials	port_entry
4448.935966666667	6.859999999999673	trials	reward_stimulus_presentation
4449.935966666667	0.7999999999992724	trials	reward_delivery
4455.3958999999995	0.10006666666686215	trials	port_entry
4455.535933333334	0.0999999999994543	trials	port_entry
4455.705966666666	4.1599999999998545	trials	port_entry
4487.946066666666	0.1500000000005457	trials	port_entry
4510.976133333334	0.08999999999923602	trials	port_entry
4512.496133333333	0.06000000000040018	trials	port_entry
4512.916133333333	0.020000000000436557	trials	port_entry
4513.406133333333	0.020000000000436557	trials	port_entry
4513.786133333333	0.1999999999998181	trials	port_entry
4521.306166666666	0.020000000000436557	trials	port_entry
4521.536133333333	0.15003333333334012	trials	port_entry
4522.4162	0.13000000000010914	trials	port_entry
4522.8962	0.019966666666732635	trials	port_entry
4523.1262	0.020000000000436557	trials	port_entry
4523.8162	0.17000000000007276	trials	port_entry
4524.366133333333	0.020033333333230985	trials	port_entry
4524.5162	0.07999999999992724	trials	port_entry
4524.6161999999995	0.31996666666691453	trials	port_entry
4525.256166666666	0.020000000000436557	trials	port_entry
4525.466166666666	0.03999999999996362	trials	port_entry
4525.5261666666665	0.020000000000436557	trials	port_entry
4525.836166666667	0.02999999999974534	trials	port_entry
4538.9363	12.790033333332758	trials	reward_stimulus_presentation
4539.936266666667	0.799966666666478	trials	reward_delivery
4551.3263	3.139900000000125	trials	port_entry
4566.986333333333	0.06999999999970896	trials	port_entry
4585.3764	0.10999999999967258	trials	port_entry
4618.9365	3.4400000000005093	trials	reward_stimulus_presentation
4619.936466666666	0.8000333333338858	trials	reward_delivery
4621.976433333333	4.660066666666353	trials	port_entry
4673.266666666666	0.3799666666664052	trials	port_entry
4684.586666666666	0.28000000000065484	trials	port_entry
4697.4067	0.1401000000005297	trials	port_entry
4708.9367999999995	5.350000000000364	trials	reward_stimulus_presentation
4709.936766666667	0.8000000000001819	trials	reward_delivery
4713.8868	3.7999999999992724	trials	port_entry
4733.246833333334	0.019966666666732635	trials	port_entry
4789.787	0.14003333333312185	trials	port_entry
4808.937066666666	20.0022666666664	trials	shock_stimulus_presentation
4815.5376	0.23953333333338378	trials	port_entry
4827.227166666667	0.15996666666706005	trials	port_entry
4828.7371	0.2999999999992724	trials	shock_relay
4878.337266666666	0.6600666666663528	trials	port_entry
4898.9374	0.45996666666633246	trials	reward_stimulus_presentation
4898.9973666666665	0.75	trials	port_entry
4899.9374	0.7999333333336835	trials	reward_delivery
4906.2374	3.7199666666665507	trials	port_entry
4936.1675	0.25	trials	port_entry
4963.877533333333	0.28003333333344926	trials	port_entry
4965.317566666667	0.029966666666950914	trials	port_entry
4972.167566666667	0.13999999999941792	trials	port_entry
4988.937666666667	20.0000666666665	trials	neutral_stimulus_presentation
4993.237666666667	0.1499999999996362	trials	port_entry
5006.1577	0.18003333333308547	trials	port_entry
5018.727733333333	0.23999999999978172	trials	port_entry
5037.347733333333	0.23999999999978172	trials	port_entry
5047.027833333334	0.08999999999923602	trials	port_entry
5047.747833333333	0.029933333333246992	trials	port_entry
5048.6777999999995	0.1899666666668054	trials	port_entry
5049.637833333333	0.0500000000001819	trials	port_entry
5049.7578	0.02999999999974534	trials	port_entry
5049.877833333333	0.11999999999989086	trials	port_entry
5050.3178333333335	0.4000333333333401	trials	port_entry
5060.767866666666	0.020000000000436557	trials	port_entry
5061.647866666666	0.19003333333330374	trials	port_entry
5063.1979	0.019933333333028713	trials	port_entry
5063.6979	0.019966666666732635	trials	port_entry
5063.7379	0.06996666666691453	trials	port_entry
5064.307833333333	0.3999999999996362	trials	port_entry
5064.737866666666	0.03999999999996362	trials	port_entry
5064.797866666667	0.42000000000007276	trials	port_entry
5065.2379	0.019999999999527063	trials	port_entry
5065.507833333333	0.17000000000007276	trials	port_entry
5066.157933333333	0.5	trials	port_entry
5068.987933333333	0.11993333333339251	trials	port_entry
5069.407866666666	0.16006666666635283	trials	port_entry
5078.937966666666	20.002066666666906	trials	shock_stimulus_presentation
5096.488	0.17999999999938154	trials	port_entry
5098.737966666667	0.30006666666668025	trials	shock_relay
5155.1982333333335	0.33989999999994325	trials	port_entry
5163.938233333333	8.519999999999527	trials	reward_stimulus_presentation
5164.9382	0.7999666666673875	trials	reward_delivery
5172.058233333333	4.249966666666296	trials	port_entry
5223.218333333333	0.26006666666671663	trials	port_entry
5245.818433333333	0.8899666666666235	trials	port_entry
5253.9385	20.000033333332794	trials	neutral_stimulus_presentation
5281.028566666667	0.10999999999967258	trials	port_entry
5292.6286	0.22999999999956344	trials	port_entry
5321.1287	0.4099999999998545	trials	port_entry
5339.508733333333	0.3900000000003274	trials	port_entry
5348.938866666666	20.0	trials	neutral_stimulus_presentation
5353.4187999999995	0.08000000000083674	trials	port_entry
5355.168833333333	0.48000000000047294	trials	port_entry
5356.218833333333	0.019999999999527063	trials	port_entry
5357.0588333333335	0.05999999999949068	trials	port_entry
5357.438833333334	0.12999999999919964	trials	port_entry
5358.038833333333	0.019933333333938208	trials	port_entry
5358.148833333334	0.019999999999527063	trials	port_entry
5358.488833333333	0.019966666666732635	trials	port_entry
5358.688833333334	0.1499999999996362	trials	port_entry
5367.2388	0.4600333333328308	trials	port_entry
5379.178866666666	0.2700333333341405	trials	port_entry
5379.628866666667	0.17000000000007276	trials	port_entry
5379.8489	0.15999999999985448	trials	port_entry
5380.378866666667	0.03999999999996362	trials	port_entry
5401.2589	0.19003333333330374	trials	port_entry
5413.5589666666665	0.3500333333331582	trials	port_entry
5421.068966666667	0.13003333333290357	trials	port_entry
5438.9391	20.0000666666665	trials	reward_stimulus_presentation
5439.939066666667	0.8000333333329763	trials	reward_delivery
5468.479166666667	4.250033333332794	trials	port_entry
5518.9393666666665	20.002700000000004	trials	shock_stimulus_presentation
5538.739366666667	0.3000333333329763	trials	shock_relay
5598.4796	0.13000000000010914	trials	port_entry
5608.939666666666	7.239966666666987	trials	reward_stimulus_presentation
5609.939633333333	0.799966666666478	trials	reward_delivery
5615.779633333334	3.5999999999994543	trials	port_entry
5667.6498	0.10003333333315823	trials	port_entry
5685.149866666667	0.23003333333326736	trials	port_entry
5702.359933333333	0.28003333333344926	trials	port_entry
5708.939966666667	20.000033333332794	trials	neutral_stimulus_presentation
5710.739933333333	0.2100333333328308	trials	port_entry
5726.73	0.23000000000047294	trials	port_entry
5759.080133333333	0.12989999999990687	trials	port_entry
5770.200133333333	0.1699333333335744	trials	port_entry
5779.610166666666	0.2600000000002183	trials	port_entry
5787.900166666666	0.19000000000050932	trials	port_entry
5792.9902	0.24996666666629608	trials	port_entry
5794.360233333333	0.39993333333404735	trials	port_entry
5798.9402666666665	20.0000666666665	trials	neutral_stimulus_presentation
5804.910233333333	0.07999999999992724	trials	port_entry
5805.050233333333	0.44003333333330374	trials	port_entry
5888.940566666666	20.001966666666704	trials	shock_stimulus_presentation
5908.740566666666	0.3000333333338858	trials	shock_relay
5940.240666666667	0.10003333333315823	trials	port_entry
5967.160733333333	0.19000000000050932	trials	port_entry
5978.940833333333	20.0000666666665	trials	neutral_stimulus_presentation
6008.7509	0.19996666666611418	trials	port_entry
6009.7908333333335	0.020033333333230985	trials	port_entry
6011.080866666666	0.030000000000654836	trials	port_entry
6043.521	0.15003333333334012	trials	port_entry
6063.9411	4.379966666666405	trials	reward_stimulus_presentation
6064.9410333333335	0.8000666666666802	trials	reward_delivery
6067.921066666667	0.25	trials	port_entry
6086.911133333333	0.8600000000005821	trials	port_entry
6096.611166666667	0.3500000000003638	trials	port_entry
6097.1911666666665	0.11999999999989086	trials	port_entry
6108.6212	0.24000000000069122	trials	port_entry
6134.821233333333	0.2700666666669349	trials	port_entry
6153.941366666667	20.001899999999296	trials	shock_stimulus_presentation
6171.901366666667	2.0000333333327944	trials	port_entry
6173.741433333334	0.299966666666478	trials	shock_relay
6246.491733333333	11.709899999999834	trials	port_entry
6248.9421999999995	19.999533333333602	trials	reward_stimulus_presentation
6249.941666666667	0.8000000000001819	trials	reward_delivery
6305.5318	0.030099999999947613	trials	port_entry
6305.671833333333	0.7100000000000364	trials	port_entry
6318.1019	0.14996666666684177	trials	port_entry
6318.311866666667	0.059966666666696256	trials	port_entry
6319.6019	0.03999999999996362	trials	port_entry
6319.841899999999	0.030000000000654836	trials	port_entry
6320.401866666666	0.12003333333359478	trials	port_entry
6320.541933333333	0.019966666666732635	trials	port_entry
6338.942	20.000033333332794	trials	neutral_stimulus_presentation
6340.091966666667	0.1999999999998181	trials	port_entry
6340.351966666666	0.09000000000014552	trials	port_entry
6340.471966666667	0.11999999999989086	trials	port_entry
6344.681966666667	0.019999999999527063	trials	port_entry
6344.961966666667	0.030033333333449264	trials	port_entry
6345.081966666667	0.02999999999974534	trials	port_entry
6345.331966666667	0.019999999999527063	trials	port_entry
6345.982	0.09996666666665988	trials	port_entry
6347.181966666667	0.019999999999527063	trials	port_entry
6347.452	0.1499999999996362	trials	port_entry
6349.4619999999995	2.2100000000000364	trials	port_entry
6352.0419999999995	0.020000000000436557	trials	port_entry
6352.162	0.029933333333246992	trials	port_entry
6353.891933333333	0.019999999999527063	trials	port_entry
6354.1819	0.08003333333363116	trials	port_entry
6355.2219	0.12003333333359478	trials	port_entry
6355.461933333333	0.029966666666950914	trials	port_entry
6355.7819	0.020033333333230985	trials	port_entry
6356.142	0.07996666666713281	trials	port_entry
6356.2519999999995	0.30993333333390183	trials	port_entry
6392.6221	1.4600333333337403	trials	port_entry
6414.262166666666	0.8500333333331582	trials	port_entry
6418.942266666667	5.6898999999993976	trials	reward_stimulus_presentation
6419.942233333333	0.8000000000001819	trials	reward_delivery
6424.232166666667	4.74006666666628	trials	port_entry
6462.242333333334	0.5	trials	port_entry
6464.962366666667	0.32999999999992724	trials	port_entry
6465.3723666666665	0.019966666666732635	trials	port_entry
6467.3023	0.020066666666025412	trials	port_entry
6467.392366666667	0.019966666666732635	trials	port_entry
6467.442366666666	0.030033333333449264	trials	port_entry
6467.9324	0.11999999999989086	trials	port_entry
6508.942533333333	8.15996666666706	trials	reward_stimulus_presentation
6509.9425	0.8000000000001819	trials	reward_delivery
6516.702466666667	4.690066666667008	trials	port_entry
6608.942866666666	20.00250000000051	trials	shock_stimulus_presentation
6628.7428666666665	0.3000000000001819	trials	shock_relay
6698.943133333333	20.000033333333704	trials	neutral_stimulus_presentation
6775.303333333333	0.4899999999997817	trials	port_entry
6788.943366666666	20.000100000000202	trials	reward_stimulus_presentation
6789.9434	0.799966666666478	trials	reward_delivery
6849.543566666666	3.0600333333331946	trials	port_entry
6878.9437	5.350000000000364	trials	reward_stimulus_presentation
6879.9436	0.8001333333331786	trials	reward_delivery
6883.8937	0.11999999999989086	trials	port_entry
6884.0536999999995	4.670000000000073	trials	port_entry
6920.3938	0.10999999999967258	trials	port_entry
6963.943966666667	20.002800000000207	trials	shock_stimulus_presentation
6983.744033333333	0.299966666666478	trials	shock_relay
7026.5741333333335	0.26999999999952706	trials	port_entry
7039.294166666667	0.1999999999998181	trials	port_entry
7053.944266666666	7.899966666666842	trials	reward_stimulus_presentation
7054.944266666666	0.7998666666671852	trials	reward_delivery
7061.444233333334	0.3999999999996362	trials	port_entry
7061.914266666667	3.5399999999999636	trials	port_entry
7065.714233333333	0.5100333333330127	trials	port_entry
7088.4743	0.7400333333334856	trials	port_entry
7115.5444333333335	0.9200000000000728	trials	port_entry
7137.3245	0.32999999999992724	trials	port_entry
7146.844566666667	0.3799333333336108	trials	port_entry
7147.2645	0.10999999999967258	trials	port_entry
7148.944566666666	14.259966666667424	trials	reward_stimulus_presentation
7149.944533333333	0.8000333333329763	trials	reward_delivery
7162.804566666667	3.6600333333335584	trials	port_entry
7210.794766666667	0.1899666666658959	trials	port_entry
7219.364733333333	0.3400000000001455	trials	port_entry
7238.944833333333	20.002700000000004	trials	shock_stimulus_presentation
7253.824866666667	0.20993333333262854	trials	port_entry
7258.744866666667	0.2999999999992724	trials	shock_relay
7309.0651	0.6000000000003638	trials	port_entry
7318.9451	10.390033333333122	trials	reward_stimulus_presentation
7319.945066666666	0.8000333333338858	trials	reward_delivery
7328.935133333333	3.9399666666668054	trials	port_entry
7343.645166666666	0.9500000000007276	trials	port_entry
7363.505233333333	0.8299333333334289	trials	port_entry
7397.6053999999995	0.020000000000436557	trials	port_entry
7401.955366666666	0.020000000000436557	trials	port_entry
7402.395366666667	0.1499999999996362	trials	port_entry
7402.585366666666	0.1000000000003638	trials	port_entry
7403.015333333333	0.029966666666950914	trials	port_entry
7408.9454	20.0000666666665	trials	neutral_stimulus_presentation
7412.735433333333	0.10996666666687815	trials	port_entry
7420.505433333333	0.25	trials	port_entry
7433.385433333333	0.20003333333352202	trials	port_entry
7469.555533333333	0.38000000000010914	trials	port_entry
7472.435566666667	0.46999999999934516	trials	port_entry
7473.7356	0.0500000000001819	trials	port_entry
7474.385533333333	0.020000000000436557	trials	port_entry
7508.9457	4.210000000000036	trials	reward_stimulus_presentation
7509.9457	0.799966666666478	trials	reward_delivery
7512.7557	0.1399666666666235	trials	port_entry
7543.1658	3.319999999999709	trials	port_entry
7598.946	16.53003333333345	trials	reward_stimulus_presentation
7599.945966666666	0.8000333333338858	trials	reward_delivery
7615.076	4.600033333333158	trials	port_entry
7640.6961	0.13999999999941792	trials	port_entry
7673.7162	0.10993333333317423	trials	port_entry
7685.026233333333	0.43000000000029104	trials	port_entry
7688.9463	20.000033333333704	trials	neutral_stimulus_presentation
7703.946266666667	0.11999999999989086	trials	port_entry
7716.326333333333	0.569999999999709	trials	port_entry
7732.1264	0.06999999999970896	trials	port_entry
7778.9466	20.002633333332597	trials	shock_stimulus_presentation
7798.7465999999995	0.3000333333338858	trials	shock_relay
7863.946833333333	2.0	trials	reward_stimulus_presentation
7864.946833333333	0.8000000000001819	trials	reward_delivery
7865.5468	0.270033333333231	trials	port_entry
7893.4469	2.3800333333329036	trials	port_entry
7930.087033333333	0.3599999999996726	trials	port_entry
7953.947166666667	20.002199999999903	trials	shock_stimulus_presentation
7957.707166666666	0.14000000000032742	trials	port_entry
7972.397199999999	0.029933333334156487	trials	port_entry
7973.7472333333335	0.299966666666478	trials	shock_relay
7987.9873	0.0899666666664416	trials	port_entry
7988.877233333334	0.019999999999527063	trials	port_entry
7990.717266666667	0.019966666666732635	trials	port_entry
7991.997266666666	0.11999999999989086	trials	port_entry
7993.167266666666	0.020000000000436557	trials	port_entry
8048.9474666666665	15.670033333333777	trials	reward_stimulus_presentation
8049.9474666666665	0.799966666666478	trials	reward_delivery
8064.217466666667	3.2600333333330127	trials	port_entry
8112.347633333333	0.21000000000003638	trials	port_entry
8138.947733333333	20.0000666666665	trials	neutral_stimulus_presentation
8186.847866666666	0.22000000000116415	trials	port_entry
8201.827933333334	0.19996666666702367	trials	port_entry
8202.917933333334	0.019966666666732635	trials	port_entry
8203.197933333335	0.049999999999272404	trials	port_entry
8204.227933333334	0.09000000000014552	trials	port_entry
8205.027933333335	0.039999999999054126	trials	port_entry
8205.717933333333	0.019966666666732635	trials	port_entry
8218.948	12.649999999999636	trials	reward_stimulus_presentation
8219.947966666667	0.8000333333347953	trials	reward_delivery
8231.198	2.930033333333995	trials	port_entry
8278.468133333334	0.15999999999985448	trials	port_entry
8287.638166666668	0.139966666665714	trials	port_entry
8308.9483	11.540000000000873	trials	reward_stimulus_presentation
8309.948266666668	0.7999999999992724	trials	reward_delivery
8320.088266666668	2.9400333333323942	trials	port_entry
8340.448333333334	0.32999999999992724	trials	port_entry
8408.948633333333	20.0	trials	neutral_stimulus_presentation
8425.7386	0.110033333334286	trials	port_entry
8474.258800000001	0.17000000000007276	trials	port_entry
8492.578866666667	0.23000000000138243	trials	port_entry
8498.948833333334	13.180066666667699	trials	reward_stimulus_presentation
8499.948866666668	0.7999999999992724	trials	reward_delivery
8511.7289	3.8500333333340677	trials	port_entry
8579.7991	0.09000000000014552	trials	port_entry
8588.949200000001	20.002466666666805	trials	shock_stimulus_presentation
8608.7492	0.3000333333347953	trials	shock_relay
8621.909266666667	0.49003333333348564	trials	port_entry
8623.069300000001	0.4099999999998545	trials	port_entry
8648.039333333334	0.19000000000050932	trials	port_entry
8678.949466666667	1.6099666666668782	trials	reward_stimulus_presentation
8679.949533333334	0.7998999999999796	trials	reward_delivery
8680.1594	0.23003333333326736	trials	port_entry
8715.509566666668	0.12000000000080036	trials	port_entry
8715.749533333334	0.050000000001091394	trials	port_entry
8715.819533333333	0.07999999999992724	trials	port_entry
8715.919533333334	0.050000000001091394	trials	port_entry
8715.999566666667	0.17996666666658712	trials	port_entry
8716.229566666667	3.350000000000364	trials	port_entry
8751.839666666667	0.13000000000101863	trials	port_entry
8763.949733333335	20.0	trials	reward_stimulus_presentation
8764.949733333335	0.7999999999992724	trials	reward_delivery
8828.479933333334	3.1300000000010186	trials	port_entry
8853.950033333334	20.00233333333381	trials	shock_stimulus_presentation
8873.750100000001	0.2999999999992724	trials	shock_relay
8890.040133333334	0.25996666666651436	trials	port_entry
8890.4601	0.02003333333414048	trials	port_entry
8891.2901	0.040000000000873115	trials	port_entry
8891.420133333335	0.03993333333346527	trials	port_entry
8891.590066666668	0.09006666666573437	trials	port_entry
8895.830133333335	0.12999999999919964	trials	port_entry
8897.680100000001	0.02003333333232149	trials	port_entry
8907.740166666668	0.19993333333331975	trials	port_entry
8910.040166666668	0.030000000000654836	trials	port_entry
8912.380166666668	0.22003333333304909	trials	port_entry
8912.770133333333	0.30006666666668025	trials	port_entry
8913.390200000002	0.019966666664913646	trials	port_entry
8913.7302	0.13000000000101863	trials	port_entry
8925.940233333335	0.13999999999941792	trials	port_entry
8927.6602	0.060033333333194605	trials	port_entry
8927.7402	0.3100333333331946	trials	port_entry
8928.0702	0.08006666666733508	trials	port_entry
8928.280233333335	0.019999999998617568	trials	port_entry
8929.790233333335	0.019933333333028713	trials	port_entry
8930.020233333335	0.039999999999054126	trials	port_entry
8932.010233333334	0.020000000000436557	trials	port_entry
8932.200266666667	0.06000000000130967	trials	port_entry
8932.320266666668	0.20003333333261253	trials	port_entry
8932.7203	0.01989999999932479	trials	port_entry
8932.7603	0.019966666666732635	trials	port_entry
8932.800266666667	0.12003333333450428	trials	port_entry
8935.100233333334	0.10996666666687815	trials	port_entry
8935.480266666667	0.29996666666738747	trials	port_entry
8935.8102	0.28003333333435876	trials	port_entry
8936.220233333333	0.02003333333414048	trials	port_entry
8936.980233333334	0.06999999999970896	trials	port_entry
8943.250266666668	0.23003333333326736	trials	port_entry
8943.530266666667	1.0100000000002183	trials	port_entry
8944.660266666668	0.14993333333222836	trials	port_entry
8948.950333333334	8.339933333332738	trials	reward_stimulus_presentation
8949.9503	0.7999666666673875	trials	reward_delivery
8956.890266666667	3.8500666666677716	trials	port_entry
9004.290400000002	0.7700666666660254	trials	port_entry
9037.210566666667	0.8400333333338494	trials	port_entry
9038.950633333334	20.00203333333411	trials	shock_stimulus_presentation
9058.300666666668	0.5099666666665144	trials	port_entry
9058.750666666667	0.3000000000010914	trials	shock_relay
9084.320733333334	0.3999999999996362	trials	port_entry
9086.030700000001	0.38003333333290357	trials	port_entry
9087.100733333335	0.020000000000436557	trials	port_entry
9087.700666666668	0.020066666666025412	trials	port_entry
9088.040733333333	0.020000000000436557	trials	port_entry
9118.950866666668	5.219966666665641	trials	reward_stimulus_presentation
9119.9508	0.8000333333329763	trials	reward_delivery
9123.770866666668	3.2999999999992724	trials	port_entry
9150.340833333334	0.1300666666666075	trials	port_entry
9150.500866666667	0.20003333333443152	trials	port_entry
9184.671066666668	0.17996666666658712	trials	port_entry
9187.631033333335	0.03003333333253977	trials	port_entry
9187.681066666668	0.029999999998835847	trials	port_entry
9187.751033333334	0.12003333333268529	trials	port_entry
9188.321066666667	0.049999999999272404	trials	port_entry
9188.391033333333	0.43000000000029104	trials	port_entry
9189.201066666668	0.17999999999847205	trials	port_entry
9189.411066666667	0.020000000000436557	trials	port_entry
9190.191066666668	0.019999999998617568	trials	port_entry
9190.391066666667	0.1499999999996362	trials	port_entry
9208.951166666668	20.0	trials	neutral_stimulus_presentation
9225.691133333334	0.22003333333304909	trials	port_entry
9308.951466666667	13.319999999999709	trials	reward_stimulus_presentation
9309.9514	0.8000333333347953	trials	reward_delivery
9321.871466666667	3.290000000000873	trials	port_entry
9375.761566666668	0.2999999999992724	trials	port_entry
9398.951733333333	1.3099333333339018	trials	reward_stimulus_presentation
9399.861633333334	0.7500333333337039	trials	port_entry
9399.951633333334	0.8000666666666802	trials	reward_delivery
9418.3317	3.8400666666675534	trials	port_entry
9429.2818	0.10996666666687815	trials	port_entry
9467.411900000001	0.11000000000058208	trials	port_entry
9479.341933333335	0.11999999999898137	trials	port_entry
9488.952033333335	8.72996666666586	trials	reward_stimulus_presentation
9489.951933333334	0.8000666666666802	trials	reward_delivery
9497.282000000001	3.3099999999994907	trials	port_entry
9520.172066666668	0.11999999999898137	trials	port_entry
9547.992166666667	0.040000000000873115	trials	port_entry
9563.7222	0.2600000000002183	trials	port_entry
9578.9523	11.889999999999418	trials	reward_stimulus_presentation
9579.952266666667	0.8000000000010914	trials	reward_delivery
9590.4423	3.9400000000005093	trials	port_entry
9616.302366666667	0.07999999999992724	trials	port_entry
9645.252466666667	0.09000000000014552	trials	port_entry
9663.952533333335	20.002233333332697	trials	shock_stimulus_presentation
9664.632500000002	0.17000000000007276	trials	port_entry
9683.752566666668	0.3000333333329763	trials	shock_relay
9736.882733333334	0.2600000000002183	trials	port_entry
9746.622766666667	0.2900000000008731	trials	port_entry
9746.952733333334	0.050000000001091394	trials	port_entry
9753.952833333335	5.25	trials	reward_stimulus_presentation
9754.952766666667	0.8000333333329763	trials	reward_delivery
9758.802833333335	3.9199999999982538	trials	port_entry
9796.9429	0.12003333333450428	trials	port_entry
9797.972866666667	0.02003333333414048	trials	port_entry
9829.853033333335	0.6499666666659323	trials	port_entry
9847.293133333334	0.8299333333325194	trials	port_entry
9848.953133333334	20.000033333333704	trials	neutral_stimulus_presentation
9856.413100000002	0.07999999999992724	trials	port_entry
9856.7931	0.020000000000436557	trials	port_entry
9859.493100000002	0.039999999999054126	trials	port_entry
9859.553100000001	0.060033333333194605	trials	port_entry
9864.363133333334	0.05996666666578676	trials	port_entry
9866.233133333335	0.25	trials	port_entry
9866.533166666668	0.1899666666668054	trials	port_entry
9867.353133333334	0.019966666666732635	trials	port_entry
9876.503200000001	0.40996666666615056	trials	port_entry
9894.153233333334	0.08993333333273767	trials	port_entry
9894.4732	0.060033333333194605	trials	port_entry
9894.603233333333	0.22000000000116415	trials	port_entry
9896.633233333334	0.030000000000654836	trials	port_entry
9897.453233333334	0.21000000000094587	trials	port_entry
9898.433233333335	0.029999999998835847	trials	port_entry
9907.693233333333	0.15999999999985448	trials	port_entry
9926.1633	0.48000000000138243	trials	port_entry
9938.9534	20.002233333334516	trials	shock_stimulus_presentation
9946.993366666667	0.6499999999996362	trials	port_entry
9958.753400000001	0.2999999999992724	trials	shock_relay
9997.893533333334	0.17000000000007276	trials	port_entry
10012.243566666668	0.12999999999919964	trials	port_entry
10018.953633333334	3.4099666666661506	trials	reward_stimulus_presentation
10019.9536	0.7999999999992724	trials	reward_delivery
10021.963600000001	0.19000000000050932	trials	port_entry
10022.1736	4.130033333334723	trials	port_entry
10071.683733333333	0.38000000000101863	trials	port_entry
10088.1538	0.32000000000152795	trials	port_entry
10091.4938	0.020000000000436557	trials	port_entry
10093.093766666667	0.050000000001091394	trials	port_entry
10093.2438	0.019966666666732635	trials	port_entry
10093.333833333334	0.040000000000873115	trials	port_entry
10093.833766666667	0.019966666666732635	trials	port_entry
10108.953866666667	8.670000000000073	trials	reward_stimulus_presentation
10109.953833333335	0.8000333333329763	trials	reward_delivery
10117.223866666667	0.2600000000002183	trials	port_entry
10117.563866666667	2.8800333333329036	trials	port_entry
10121.323900000001	0.3999666666659323	trials	port_entry
10121.923900000002	0.029999999998835847	trials	port_entry
10122.083900000001	0.039999999999054126	trials	port_entry
10183.834033333334	0.17003333333377668	trials	port_entry
10184.0241	0.2299666666676785	trials	port_entry
10190.7441	0.050033333334795316	trials	port_entry
10191.644100000001	0.029999999998835847	trials	port_entry
10208.954233333334	15.419966666666369	trials	reward_stimulus_presentation
10209.9541	0.8001000000003842	trials	reward_delivery
10223.9742	3.40003333333334	trials	port_entry
10298.694466666668	0.23999999999978172	trials	port_entry
10298.954433333334	20.002533333332394	trials	shock_stimulus_presentation
10318.754500000001	0.30006666666668025	trials	shock_relay
10332.274533333333	0.4600000000009459	trials	port_entry
10344.1846	0.38000000000101863	trials	port_entry
10374.5247	0.16000000000167347	trials	port_entry
10388.954766666668	7.449966666667024	trials	reward_stimulus_presentation
10389.954733333334	0.8000000000010914	trials	reward_delivery
10396.004733333335	3.6199999999989814	trials	port_entry
10422.174866666668	0.07003333333341288	trials	port_entry
10423.624833333333	0.1400000000012369	trials	port_entry
10449.574866666668	0.049999999999272404	trials	port_entry
10472.154966666667	0.7300000000013824	trials	port_entry
10478.955033333334	20.000066666667408	trials	neutral_stimulus_presentation
10481.955	0.08000000000174623	trials	port_entry
10495.555100000001	0.3499999999985448	trials	port_entry
10496.035000000002	0.020099999999729334	trials	port_entry
10516.1651	0.23999999999978172	trials	port_entry
10563.955300000001	8.169966666666369	trials	reward_stimulus_presentation
10564.955266666668	0.7999999999992724	trials	reward_delivery
10571.725266666668	3.210033333332831	trials	port_entry
10621.105433333334	0.28000000000065484	trials	port_entry
10628.945433333334	0.02003333333414048	trials	port_entry
10629.245433333333	0.020000000000436557	trials	port_entry
10629.625433333335	0.4499999999989086	trials	port_entry
10630.905433333333	0.030000000000654836	trials	port_entry
10631.085466666667	0.049999999999272404	trials	port_entry
10631.155433333333	0.03003333333435876	trials	port_entry
10631.365466666668	0.17996666666658712	trials	port_entry
10631.755466666667	0.019933333333028713	trials	port_entry
10634.395466666667	0.020000000000436557	trials	port_entry
10634.905466666667	0.020000000000436557	trials	port_entry
10635.085466666667	0.27000000000043656	trials	port_entry
10635.515466666668	0.020000000000436557	trials	port_entry
10638.075466666667	0.12000000000080036	trials	port_entry
10638.345466666668	0.05999999999949068	trials	port_entry
10638.445466666668	0.6199999999989814	trials	port_entry
10644.345466666668	0.12000000000080036	trials	port_entry
10644.855500000001	0.15999999999985448	trials	port_entry
10645.1455	0.020000000000436557	trials	port_entry
10645.185500000001	0.029999999998835847	trials	port_entry
10646.2155	0.050000000001091394	trials	port_entry
10646.345500000001	0.019999999998617568	trials	port_entry
10646.7155	0.06999999999970896	trials	port_entry
10653.955533333334	20.000066666667408	trials	neutral_stimulus_presentation
10655.035533333334	0.3400000000001455	trials	port_entry
10679.955600000001	0.24996666666629608	trials	port_entry
10694.485633333334	0.17996666666658712	trials	port_entry
10707.7057	0.27000000000043656	trials	port_entry
10718.4457	0.060033333333194605	trials	port_entry
10733.435800000001	0.19000000000050932	trials	port_entry
10748.9559	20.002133333333404	trials	shock_stimulus_presentation
10753.485833333334	0.5399666666671692	trials	port_entry
10768.7559	0.3000000000010914	trials	shock_relay
10786.495933333334	0.27000000000043656	trials	port_entry
10795.585966666667	0.029966666666950914	trials	port_entry
10797.105933333334	0.030000000000654836	trials	port_entry
10797.156	0.09996666666665988	trials	port_entry
10797.275933333334	0.11003333333246701	trials	port_entry
10797.495966666667	0.020000000000436557	trials	port_entry
10798.325966666667	0.020000000000436557	trials	port_entry
10798.535966666668	0.019999999998617568	trials	port_entry
10802.126	0.21000000000094587	trials	port_entry
10803.715966666667	0.1299666666673147	trials	port_entry
10803.875966666668	0.05996666666578676	trials	port_entry
10804.886033333334	0.030000000000654836	trials	port_entry
10804.935966666668	0.04006666666646197	trials	port_entry
10805.336033333335	0.11003333333246701	trials	port_entry
10807.436000000002	0.3099999999994907	trials	port_entry
10809.356033333333	0.040000000000873115	trials	port_entry
10809.656	0.020000000000436557	trials	port_entry
10809.775966666668	0.13999999999941792	trials	port_entry
10809.945966666668	0.06006666666689853	trials	port_entry
10810.576033333335	0.019999999998617568	trials	port_entry
10811.116	0.10003333333406772	trials	port_entry
10838.956166666667	20.000033333333704	trials	neutral_stimulus_presentation
10860.626166666667	0.28000000000065484	trials	port_entry
10891.936266666668	0.1000000000003638	trials	port_entry
10915.446333333333	0.18000000000029104	trials	port_entry
10918.956366666667	20.002766666666503	trials	shock_stimulus_presentation
10938.716366666667	0.22003333333304909	trials	port_entry
10938.7564	0.3000000000010914	trials	shock_relay
10949.436366666667	0.18006666666769888	trials	port_entry
10950.816433333333	0.06000000000130967	trials	port_entry
10951.256366666668	0.04006666666646197	trials	port_entry
10951.386400000001	0.050033333332976326	trials	port_entry
11008.956666666667	20.0	trials	reward_stimulus_presentation
11009.956633333333	0.8000000000010914	trials	reward_delivery
11084.746866666668	0.23999999999978172	trials	port_entry
11085.076866666668	3.0799999999999272	trials	port_entry
11093.476900000001	0.7399333333323739	trials	port_entry
11435.303933333334	0.2783999999992375	trials	phototagging
11435.8621	0.2273333333341725	trials	phototagging
11437.140366666668	0.10009999999965657	trials	phototagging
11438.1411	0.10006666666595265	trials	phototagging
11439.141800000001	0.10009999999965657	trials	phototagging
11440.142533333334	0.10006666666777164	trials	phototagging
11441.143233333334	0.10006666666595265	trials	phototagging
11442.143966666668	0.10006666666595265	trials	phototagging
11443.144666666667	0.10006666666777164	trials	phototagging
11444.145366666668	0.10006666666595265	trials	phototagging
11445.1461	0.10006666666777164	trials	phototagging
11446.1468	0.10006666666777164	trials	phototagging
11447.147533333335	0.10006666666595265	trials	phototagging
11448.148233333333	0.10006666666777164	trials	phototagging
11459.1561	0.005000000001018634	trials	phototagging
11459.1661	0.005000000001018634	trials	phototagging
11459.1761	0.005000000001018634	trials	phototagging
11459.1861	0.004999999999199645	trials	phototagging
11459.196100000001	0.005033333332903567	trials	phototagging
11459.206133333335	0.004999999999199645	trials	phototagging
11459.216133333333	0.005000000001018634	trials	phototagging
11459.226133333334	0.005000000001018634	trials	phototagging
11459.236133333334	0.005033333332903567	trials	phototagging
11459.246133333334	0.005000000001018634	trials	phototagging
11459.256166666668	0.004999999999199645	trials	phototagging
11459.266166666668	0.004999999999199645	trials	phototagging
11459.276166666668	0.004999999999199645	trials	phototagging
11459.286166666667	0.005033333334722556	trials	phototagging
11459.2962	0.004999999999199645	trials	phototagging
11459.3062	0.004999999999199645	trials	phototagging
11459.316200000001	0.004999999999199645	trials	phototagging
11459.326200000001	0.004999999999199645	trials	phototagging
11459.336233333333	0.005000000001018634	trials	phototagging
11459.346233333334	0.005000000001018634	trials	phototagging
11459.356233333334	0.005000000001018634	trials	phototagging
11459.366233333334	0.004999999999199645	trials	phototagging
11459.376233333334	0.004999999999199645	trials	phototagging
11459.386266666668	0.004999999999199645	trials	phototagging
11459.396266666667	0.005000000001018634	trials	phototagging
11459.406266666667	0.005000000001018634	trials	phototagging
11459.416266666667	0.005000000001018634	trials	phototagging
11459.426266666667	0.005000000001018634	trials	phototagging
11459.436266666668	0.005033333332903567	trials	phototagging
11459.446300000001	0.004999999999199645	trials	phototagging
11469.463433333334	0.0100333333339222	trials	phototagging
11469.5635	0.0100333333339222	trials	phototagging
11469.663600000002	0.00999999999839929	trials	phototagging
11469.763666666668	0.010000000000218279	trials	phototagging
11469.863733333334	0.010000000000218279	trials	phototagging
11469.963800000001	0.010000000000218279	trials	phototagging
11470.063866666667	0.010000000000218279	trials	phototagging
11470.163933333333	0.0100333333339222	trials	phototagging
11470.264000000001	0.0100333333339222	trials	phototagging
11470.364066666667	0.0100333333339222	trials	phototagging
11470.464166666667	0.010000000000218279	trials	phototagging
11470.564233333334	0.010000000000218279	trials	phototagging
11470.6643	0.010000000000218279	trials	phototagging
11470.764366666668	0.010000000000218279	trials	phototagging
11470.864433333334	0.010000000000218279	trials	phototagging
11470.964533333334	0.009966666666514357	trials	phototagging
11471.064600000002	0.00999999999839929	trials	phototagging
11471.164666666667	0.010000000000218279	trials	phototagging
11471.264733333333	0.010000000000218279	trials	phototagging
11471.364800000001	0.010000000000218279	trials	phototagging
11471.464866666667	0.010000000000218279	trials	phototagging
11471.564933333335	0.00999999999839929	trials	phototagging
11471.665	0.0100333333339222	trials	phototagging
11471.7651	0.010000000000218279	trials	phototagging
11471.865166666668	0.00999999999839929	trials	phototagging
11471.965233333334	0.010000000000218279	trials	phototagging
11472.0653	0.010000000000218279	trials	phototagging
11472.165366666668	0.010000000000218279	trials	phototagging
11472.265433333334	0.010000000000218279	trials	phototagging
11472.3655	0.010000000000218279	trials	phototagging
11482.472733333334	0.005000000001018634	trials	phototagging
11483.473433333334	0.004999999999199645	trials	phototagging
11484.474166666667	0.004966666667314712	trials	phototagging
11485.474866666667	0.004999999999199645	trials	phototagging
11486.475566666668	0.005033333332903567	trials	phototagging
11487.4763	0.005000000001018634	trials	phototagging
11488.477	0.004999999999199645	trials	phototagging
11489.477733333335	0.004999999999199645	trials	phototagging
11490.478433333334	0.005000000001018634	trials	phototagging
11491.479133333334	0.005033333332903567	trials	phototagging
11492.479866666667	0.005000000001018634	trials	phototagging
11493.480566666667	0.005000000001018634	trials	phototagging
11494.481300000001	0.004999999999199645	trials	phototagging
11495.482	0.005000000001018634	trials	phototagging
11496.482733333334	0.004999999999199645	trials	phototagging
11497.483433333335	0.004999999999199645	trials	phototagging
11498.484166666667	0.005000000001018634	trials	phototagging
11499.484866666668	0.004999999999199645	trials	phototagging
11500.485566666668	0.005033333332903567	trials	phototagging
11501.4863	0.005000000001018634	trials	phototagging
11502.487000000001	0.004999999999199645	trials	phototagging
11503.487733333333	0.005000000001018634	trials	phototagging
11504.488433333334	0.005000000001018634	trials	phototagging
11505.489133333334	0.005033333332903567	trials	phototagging
11506.489866666667	0.005000000001018634	trials	phototagging
11507.490566666667	0.005000000001018634	trials	phototagging
11508.491300000002	0.004999999999199645	trials	phototagging
11509.492	0.005000000001018634	trials	phototagging
11510.4927	0.005033333332903567	trials	phototagging
11511.493433333335	0.004999999999199645	trials	phototagging
11522.5013	0.005000000001018634	trials	phototagging
11523.502	0.005000000001018634	trials	phototagging
11524.502733333335	0.004999999999199645	trials	phototagging
11525.503433333333	0.005000000001018634	trials	phototagging
11526.504166666668	0.004999999999199645	trials	phototagging
11527.504866666668	0.004999999999199645	trials	phototagging
11528.505566666667	0.005000000001018634	trials	phototagging
11529.506300000001	0.004999999999199645	trials	phototagging
11530.507000000001	0.004999999999199645	trials	phototagging
11531.5077	0.005033333334722556	trials	phototagging
11532.508433333334	0.004999999999199645	trials	phototagging
11533.509133333335	0.005033333332903567	trials	phototagging
11534.509866666667	0.005000000001018634	trials	phototagging
11535.510566666668	0.004999999999199645	trials	phototagging
11536.5113	0.005000000001018634	trials	phototagging
11537.512	0.005000000001018634	trials	phototagging
11538.512733333335	0.004999999999199645	trials	phototagging
11539.513433333334	0.005000000001018634	trials	phototagging
11540.514166666668	0.004999999999199645	trials	phototagging
11541.514866666668	0.004999999999199645	trials	phototagging
11542.515566666667	0.005033333334722556	trials	phototagging
11543.516300000001	0.004999999999199645	trials	phototagging
11544.517000000002	0.004999999999199645	trials	phototagging
11545.517733333334	0.004999999999199645	trials	phototagging
11546.518433333335	0.004999999999199645	trials	phototagging
11547.519133333333	0.005033333334722556	trials	phototagging
11548.519866666667	0.004999999999199645	trials	phototagging
11549.520566666668	0.004999999999199645	trials	phototagging
11550.5213	0.005000000001018634	trials	phototagging
11551.522	0.004999999999199645	trials	phototagging
11562.529866666668	0.010000000000218279	trials	phototagging
11562.629933333334	0.010000000000218279	trials	phototagging
11562.730000000001	0.010000000000218279	trials	phototagging
11562.830100000001	0.010000000000218279	trials	phototagging
11562.930166666667	0.010000000000218279	trials	phototagging
11563.030233333335	0.010000000000218279	trials	phototagging
11563.1303	0.010000000000218279	trials	phototagging
11563.230366666667	0.010000000000218279	trials	phototagging
11563.330433333334	0.010000000000218279	trials	phototagging
11563.4305	0.010000000000218279	trials	phototagging
11563.530566666668	0.010033333332103211	trials	phototagging
11563.630666666668	0.010000000000218279	trials	phototagging
11563.730733333334	0.010000000000218279	trials	phototagging
11563.830800000002	0.00999999999839929	trials	phototagging
11563.930866666667	0.010000000000218279	trials	phototagging
11564.030933333333	0.010000000000218279	trials	phototagging
11564.131000000001	0.010033333332103211	trials	phototagging
11564.231066666667	0.0100333333339222	trials	phototagging
11564.331166666667	0.010000000000218279	trials	phototagging
11564.431233333335	0.010000000000218279	trials	phototagging
11564.5313	0.010000000000218279	trials	phototagging
11564.631366666668	0.00999999999839929	trials	phototagging
11564.731433333334	0.010000000000218279	trials	phototagging
11564.8315	0.0100333333339222	trials	phototagging
11564.931566666668	0.010033333332103211	trials	phototagging
11565.031666666668	0.010000000000218279	trials	phototagging
11565.131733333334	0.010000000000218279	trials	phototagging
11565.231800000001	0.010000000000218279	trials	phototagging
11565.331866666667	0.010000000000218279	trials	phototagging
11565.431933333333	0.010000000000218279	trials	phototagging
11575.539166666667	0.004999999999199645	trials	phototagging
11576.539866666668	0.004999999999199645	trials	phototagging
11577.5406	0.005000000001018634	trials	phototagging
11578.5413	0.004999999999199645	trials	phototagging
11579.542000000001	0.005033333332903567	trials	phototagging
11580.542733333334	0.005000000001018634	trials	phototagging
11581.543433333334	0.005033333332903567	trials	phototagging
11582.544166666667	0.005000000001018634	trials	phototagging
11583.544866666667	0.005000000001018634	trials	phototagging
11584.545600000001	0.004999999999199645	trials	phototagging
11585.5463	0.005000000001018634	trials	phototagging
11586.547	0.005033333332903567	trials	phototagging
11587.547733333335	0.004999999999199645	trials	phototagging
11588.548433333333	0.005000000001018634	trials	phototagging
11589.549166666668	0.004999999999199645	trials	phototagging
11590.549866666668	0.004999999999199645	trials	phototagging
11591.550566666667	0.005033333334722556	trials	phototagging
11592.551300000001	0.004999999999199645	trials	phototagging
11593.552000000001	0.005033333332903567	trials	phototagging
11594.552733333334	0.005000000001018634	trials	phototagging
11595.553433333334	0.005033333332903567	trials	phototagging
11596.554166666667	0.005000000001018634	trials	phototagging
11597.554866666667	0.005000000001018634	trials	phototagging
11598.555600000002	0.004999999999199645	trials	phototagging
11599.5563	0.005000000001018634	trials	phototagging
11600.557033333334	0.004999999999199645	trials	phototagging
11601.557733333335	0.004999999999199645	trials	phototagging
11602.558466666667	0.005000000001018634	trials	phototagging
11603.559166666668	0.004999999999199645	trials	phototagging
11604.559866666668	0.004999999999199645	trials	phototagging
11615.567733333333	0.005000000001018634	trials	phototagging
11615.577733333334	0.005000000001018634	trials	phototagging
11615.587733333334	0.005033333332903567	trials	phototagging
11615.597766666668	0.004999999999199645	trials	phototagging
11615.607766666668	0.004999999999199645	trials	phototagging
11615.617766666668	0.004999999999199645	trials	phototagging
11615.627766666668	0.004999999999199645	trials	phototagging
11615.6378	0.005000000001018634	trials	phototagging
11615.6478	0.005000000001018634	trials	phototagging
11615.6578	0.004999999999199645	trials	phototagging
11615.667800000001	0.004999999999199645	trials	phototagging
11615.677833333335	0.004999999999199645	trials	phototagging
11615.687833333333	0.005000000001018634	trials	phototagging
11615.697833333334	0.005000000001018634	trials	phototagging
11615.707833333334	0.005000000001018634	trials	phototagging
11615.717866666668	0.004999999999199645	trials	phototagging
11615.727833333334	0.005033333332903567	trials	phototagging
11615.737866666668	0.004999999999199645	trials	phototagging
11615.747866666667	0.005000000001018634	trials	phototagging
11615.757866666667	0.005000000001018634	trials	phototagging
11615.767866666667	0.005033333332903567	trials	phototagging
11615.777900000001	0.004999999999199645	trials	phototagging
11615.787900000001	0.004999999999199645	trials	phototagging
11615.797900000001	0.004999999999199645	trials	phototagging
11615.807900000002	0.005033333332903567	trials	phototagging
11615.817933333334	0.005000000001018634	trials	phototagging
11615.827933333334	0.005000000001018634	trials	phototagging
11615.837933333334	0.004999999999199645	trials	phototagging
11615.847933333334	0.004999999999199645	trials	phototagging
11615.857933333335	0.004999999999199645	trials	phototagging
11625.875100000001	0.010000000000218279	trials	phototagging
11625.975166666667	0.010000000000218279	trials	phototagging
11626.075233333335	0.00999999999839929	trials	phototagging
11626.175333333334	0.010000000000218279	trials	phototagging
11626.2754	0.010000000000218279	trials	phototagging
11626.375466666668	0.00999999999839929	trials	phototagging
11626.475533333334	0.010000000000218279	trials	phototagging
11626.5756	0.010000000000218279	trials	phototagging
11626.675666666668	0.010000000000218279	trials	phototagging
11626.775733333334	0.0100333333339222	trials	phototagging
11626.875833333334	0.010000000000218279	trials	phototagging
11626.975900000001	0.010000000000218279	trials	phototagging
11627.075966666667	0.010000000000218279	trials	phototagging
11627.176033333335	0.00999999999839929	trials	phototagging
11627.276100000001	0.010000000000218279	trials	phototagging
11627.376166666667	0.010000000000218279	trials	phototagging
11627.476233333335	0.010000000000218279	trials	phototagging
11627.5763	0.0100333333339222	trials	phototagging
11627.6764	0.010000000000218279	trials	phototagging
11627.776466666668	0.010000000000218279	trials	phototagging
11627.876533333334	0.010000000000218279	trials	phototagging
11627.9766	0.010000000000218279	trials	phototagging
11628.076666666668	0.010000000000218279	trials	phototagging
11628.176733333334	0.0100333333339222	trials	phototagging
11628.276800000001	0.010033333332103211	trials	phototagging
11628.376900000001	0.010000000000218279	trials	phototagging
11628.476966666667	0.010000000000218279	trials	phototagging
11628.577033333335	0.00999999999839929	trials	phototagging
11628.6771	0.010000000000218279	trials	phototagging
11628.777166666667	0.010000000000218279	trials	phototagging
11638.8844	0.10006666666595265	trials	phototagging
11639.885100000001	0.10006666666595265	trials	phototagging
11640.8858	0.10010000000147556	trials	phototagging
11641.886533333334	0.10006666666595265	trials	phototagging
11642.887233333335	0.10009999999965657	trials	phototagging
11643.887966666667	0.10006666666777164	trials	phototagging
11644.888666666668	0.10009999999965657	trials	phototagging
11645.8894	0.10006666666777164	trials	phototagging
11646.8901	0.10006666666777164	trials	phototagging
11647.890833333335	0.10006666666595265	trials	phototagging
11648.891533333333	0.10006666666777164	trials	phototagging
11649.892266666668	0.10003333333224873	trials	phototagging
11660.9001	0.004999999999199645	trials	phototagging
11660.910100000001	0.005033333332903567	trials	phototagging
11660.920133333335	0.004999999999199645	trials	phototagging
11660.930133333333	0.005000000001018634	trials	phototagging
11660.940133333334	0.005000000001018634	trials	phototagging
11660.950133333334	0.005000000001018634	trials	phototagging
11660.960133333334	0.005033333332903567	trials	phototagging
11660.970166666668	0.004999999999199645	trials	phototagging
11660.980166666668	0.004999999999199645	trials	phototagging
11660.990166666668	0.004999999999199645	trials	phototagging
11661.000166666667	0.005033333334722556	trials	phototagging
11661.0102	0.005000000001018634	trials	phototagging
11661.0202	0.004999999999199645	trials	phototagging
11661.030200000001	0.004999999999199645	trials	phototagging
11661.040200000001	0.005033333332903567	trials	phototagging
11661.050233333333	0.005000000001018634	trials	phototagging
11661.060233333334	0.005000000001018634	trials	phototagging
11661.070233333334	0.005000000001018634	trials	phototagging
11661.080233333334	0.004999999999199645	trials	phototagging
11661.090233333334	0.005033333332903567	trials	phototagging
11661.100266666668	0.004999999999199645	trials	phototagging
11661.110266666667	0.005000000001018634	trials	phototagging
11661.120266666667	0.005000000001018634	trials	phototagging
11661.130266666667	0.005000000001018634	trials	phototagging
11661.140266666667	0.005000000001018634	trials	phototagging
11661.150300000001	0.004999999999199645	trials	phototagging
11661.160300000001	0.004999999999199645	trials	phototagging
11661.170300000002	0.004999999999199645	trials	phototagging
11661.1803	0.005000000001018634	trials	phototagging
11661.1903	0.005033333334722556	trials	phototagging
11671.207466666667	0.10006666666777164	trials	phototagging
11672.208200000001	0.10006666666595265	trials	phototagging
11673.208900000001	0.10006666666595265	trials	phototagging
11674.209633333334	0.10006666666777164	trials	phototagging
11675.210333333334	0.10006666666595265	trials	phototagging
11676.211033333335	0.10006666666595265	trials	phototagging
11677.211766666667	0.10006666666777164	trials	phototagging
11678.212466666668	0.10006666666595265	trials	phototagging
11679.213166666668	0.10009999999965657	trials	phototagging
11680.2139	0.10006666666595265	trials	phototagging
11681.214600000001	0.10009999999965657	trials	phototagging
11682.215333333334	0.10006666666777164	trials	phototagging
11693.2232	0.010000000000218279	trials	phototagging
11693.323266666668	0.010000000000218279	trials	phototagging
11693.423333333334	0.010000000000218279	trials	phototagging
11693.5234	0.0100333333339222	trials	phototagging
11693.623466666668	0.010033333332103211	trials	phototagging
11693.723533333334	0.0100333333339222	trials	phototagging
11693.823633333333	0.010000000000218279	trials	phototagging
11693.923700000001	0.010000000000218279	trials	phototagging
11694.023766666667	0.010000000000218279	trials	phototagging
11694.123833333335	0.00999999999839929	trials	phototagging
11694.2239	0.0100333333339222	trials	phototagging
11694.323966666667	0.0100333333339222	trials	phototagging
11694.424033333335	0.010033333332103211	trials	phototagging
11694.5241	0.0100333333339222	trials	phototagging
11694.6242	0.010000000000218279	trials	phototagging
11694.724266666668	0.010000000000218279	trials	phototagging
11694.824333333334	0.010000000000218279	trials	phototagging
11694.924400000002	0.010033333332103211	trials	phototagging
11695.024466666668	0.0100333333339222	trials	phototagging
11695.124533333334	0.0100333333339222	trials	phototagging
11695.224633333333	0.010000000000218279	trials	phototagging
11695.324700000001	0.010000000000218279	trials	phototagging
11695.424766666667	0.010000000000218279	trials	phototagging
11695.524833333335	0.010000000000218279	trials	phototagging
11695.6249	0.010000000000218279	trials	phototagging
11695.724966666667	0.0100333333339222	trials	phototagging
11695.825066666668	0.010000000000218279	trials	phototagging
11695.925133333334	0.010000000000218279	trials	phototagging
11696.0252	0.010000000000218279	trials	phototagging
11696.125266666668	0.010000000000218279	trials	phototagging
11706.232466666668	0.005033333332903567	trials	phototagging
11707.2332	0.005000000001018634	trials	phototagging
11708.233900000001	0.005033333332903567	trials	phototagging
11709.234633333333	0.005000000001018634	trials	phototagging
11710.235333333334	0.005000000001018634	trials	phototagging
11711.236066666668	0.004999999999199645	trials	phototagging
11712.236766666667	0.005000000001018634	trials	phototagging
11713.237500000001	0.004999999999199645	trials	phototagging
11714.238200000002	0.004999999999199645	trials	phototagging
11715.238933333334	0.005000000001018634	trials	phototagging
11716.239633333334	0.004999999999199645	trials	phototagging
11717.240333333335	0.004999999999199645	trials	phototagging
11718.241066666667	0.004999999999199645	trials	phototagging
11719.241766666668	0.004999999999199645	trials	phototagging
11720.2425	0.005000000001018634	trials	phototagging
11721.2432	0.004999999999199645	trials	phototagging
11722.243900000001	0.005033333332903567	trials	phototagging
11723.244633333334	0.005000000001018634	trials	phototagging
11724.245333333334	0.005033333332903567	trials	phototagging
11725.246066666667	0.005000000001018634	trials	phototagging
11726.246766666667	0.005033333332903567	trials	phototagging
11727.247500000001	0.004999999999199645	trials	phototagging
11728.2482	0.005000000001018634	trials	phototagging
11729.248933333334	0.004999999999199645	trials	phototagging
11730.249633333335	0.004999999999199645	trials	phototagging
11731.250333333333	0.005033333334722556	trials	phototagging
11732.251066666668	0.004999999999199645	trials	phototagging
11733.251766666668	0.004999999999199645	trials	phototagging
11734.2525	0.005000000001018634	trials	phototagging
11735.253200000001	0.004999999999199645	trials	phototagging
11746.261066666668	0.004999999999199645	trials	phototagging
11747.2618	0.005000000001018634	trials	phototagging
11748.2625	0.004999999999199645	trials	phototagging
11749.263200000001	0.004999999999199645	trials	phototagging
11750.263933333334	0.005000000001018634	trials	phototagging
11751.264633333334	0.004999999999199645	trials	phototagging
11752.265366666668	0.004999999999199645	trials	phototagging
11753.266066666667	0.005000000001018634	trials	phototagging
11754.266800000001	0.004999999999199645	trials	phototagging
11755.2675	0.005000000001018634	trials	phototagging
11756.2682	0.005033333332903567	trials	phototagging
11757.268933333335	0.004999999999199645	trials	phototagging
11758.269633333333	0.005033333334722556	trials	phototagging
11759.270366666668	0.004999999999199645	trials	phototagging
11760.271066666668	0.005033333332903567	trials	phototagging
11761.2718	0.005000000001018634	trials	phototagging
11762.272500000001	0.004999999999199645	trials	phototagging
11763.273233333333	0.005000000001018634	trials	phototagging
11764.273933333334	0.005000000001018634	trials	phototagging
11765.274633333334	0.005033333332903567	trials	phototagging
11766.275366666667	0.005000000001018634	trials	phototagging
11767.276066666667	0.005000000001018634	trials	phototagging
11768.276800000001	0.004999999999199645	trials	phototagging
11769.2775	0.005000000001018634	trials	phototagging
11770.278233333334	0.004999999999199645	trials	phototagging
11771.278933333335	0.004999999999199645	trials	phototagging
11772.279666666667	0.005000000001018634	trials	phototagging
11773.280366666668	0.004999999999199645	trials	phototagging
11774.281066666668	0.005033333332903567	trials	phototagging
11775.2818	0.005000000001018634	trials	phototagging
11786.289666666667	0.010000000000218279	trials	phototagging
11786.389733333333	0.010000000000218279	trials	phototagging
11786.489800000001	0.010000000000218279	trials	phototagging
11786.589866666667	0.0100333333339222	trials	phototagging
11786.689933333335	0.010033333332103211	trials	phototagging
11786.79	0.0100333333339222	trials	phototagging
11786.8901	0.010000000000218279	trials	phototagging
11786.990166666668	0.00999999999839929	trials	phototagging
11787.090233333334	0.010000000000218279	trials	phototagging
11787.1903	0.010000000000218279	trials	phototagging
11787.290366666668	0.010000000000218279	trials	phototagging
11787.390433333334	0.010000000000218279	trials	phototagging
11787.490533333334	0.010000000000218279	trials	phototagging
11787.590600000001	0.010000000000218279	trials	phototagging
11787.690666666667	0.010000000000218279	trials	phototagging
11787.790733333333	0.010000000000218279	trials	phototagging
11787.890800000001	0.010000000000218279	trials	phototagging
11787.990866666667	0.010000000000218279	trials	phototagging
11788.090933333335	0.010000000000218279	trials	phototagging
11788.191033333334	0.010000000000218279	trials	phototagging
11788.2911	0.010000000000218279	trials	phototagging
11788.391166666668	0.010000000000218279	trials	phototagging
11788.491233333334	0.010000000000218279	trials	phototagging
11788.5913	0.010000000000218279	trials	phototagging
11788.691366666668	0.010000000000218279	trials	phototagging
11788.791433333334	0.0100333333339222	trials	phototagging
11788.891500000002	0.010033333332103211	trials	phototagging
11788.991600000001	0.010000000000218279	trials	phototagging
11789.091666666667	0.010000000000218279	trials	phototagging
11789.191733333335	0.00999999999839929	trials	phototagging
12116.6766	0.10006666666595265	trials	phototagging
12117.677300000001	0.10009999999965657	trials	phototagging
12118.678033333334	0.10006666666777164	trials	phototagging
12119.678733333334	0.10006666666595265	trials	phototagging
12120.679466666668	0.10006666666595265	trials	phototagging
12121.680166666667	0.10006666666777164	trials	phototagging
12122.680900000001	0.10006666666595265	trials	phototagging
12123.6816	0.10006666666777164	trials	phototagging
12124.6823	0.10009999999965657	trials	phototagging
12125.683033333335	0.10006666666595265	trials	phototagging
12126.683733333333	0.10006666666777164	trials	phototagging
12127.684466666668	0.10006666666595265	trials	phototagging
12138.6923	0.005000000001018634	trials	phototagging
12138.7023	0.004999999999199645	trials	phototagging
12138.712300000001	0.005033333332903567	trials	phototagging
12138.722333333335	0.004999999999199645	trials	phototagging
12138.732333333333	0.005000000001018634	trials	phototagging
12138.742333333334	0.005000000001018634	trials	phototagging
12138.752333333334	0.005000000001018634	trials	phototagging
12138.762333333334	0.004999999999199645	trials	phototagging
12138.772333333334	0.005033333332903567	trials	phototagging
12138.782366666668	0.004999999999199645	trials	phototagging
12138.792366666667	0.005000000001018634	trials	phototagging
12138.802366666667	0.005000000001018634	trials	phototagging
12138.812366666667	0.005033333332903567	trials	phototagging
12138.822400000001	0.004999999999199645	trials	phototagging
12138.832400000001	0.004999999999199645	trials	phototagging
12138.842400000001	0.004999999999199645	trials	phototagging
12138.852400000002	0.005033333332903567	trials	phototagging
12138.862433333334	0.005000000001018634	trials	phototagging
12138.872433333334	0.005000000001018634	trials	phototagging
12138.882433333334	0.004999999999199645	trials	phototagging
12138.892433333334	0.004999999999199645	trials	phototagging
12138.902433333335	0.004999999999199645	trials	phototagging
12138.912466666667	0.005000000001018634	trials	phototagging
12138.922466666667	0.005000000001018634	trials	phototagging
12138.932466666667	0.005000000001018634	trials	phototagging
12138.942466666667	0.005000000001018634	trials	phototagging
12138.952500000001	0.004999999999199645	trials	phototagging
12138.962500000001	0.004999999999199645	trials	phototagging
12138.972500000002	0.004999999999199645	trials	phototagging
12138.9825	0.005000000001018634	trials	phototagging
12148.999666666667	0.009966666668333346	trials	phototagging
12149.099733333334	0.010000000000218279	trials	phototagging
12149.1998	0.010000000000218279	trials	phototagging
12149.299866666668	0.010000000000218279	trials	phototagging
12149.399933333334	0.010000000000218279	trials	phototagging
12149.5	0.010000000000218279	trials	phototagging
12149.600066666668	0.010000000000218279	trials	phototagging
12149.700133333334	0.010000000000218279	trials	phototagging
12149.800233333333	0.010000000000218279	trials	phototagging
12149.900300000001	0.010000000000218279	trials	phototagging
12150.000366666667	0.010000000000218279	trials	phototagging
12150.100433333335	0.00999999999839929	trials	phototagging
12150.2005	0.010000000000218279	trials	phototagging
12150.300566666667	0.010000000000218279	trials	phototagging
12150.400633333335	0.010033333332103211	trials	phototagging
12150.5007	0.0100333333339222	trials	phototagging
12150.6008	0.010000000000218279	trials	phototagging
12150.700866666668	0.010000000000218279	trials	phototagging
12150.800933333334	0.010000000000218279	trials	phototagging
12150.901000000002	0.00999999999839929	trials	phototagging
12151.001066666668	0.0100333333339222	trials	phototagging
12151.101133333334	0.0100333333339222	trials	phototagging
12151.201200000001	0.010033333332103211	trials	phototagging
12151.301266666667	0.0100333333339222	trials	phototagging
12151.401366666667	0.010000000000218279	trials	phototagging
12151.501433333335	0.010000000000218279	trials	phototagging
12151.6015	0.010000000000218279	trials	phototagging
12151.701566666667	0.010000000000218279	trials	phototagging
12151.801633333334	0.0100333333339222	trials	phototagging
12151.9017	0.0100333333339222	trials	phototagging
12162.008933333334	0.004999999999199645	trials	phototagging
12163.009633333335	0.004999999999199645	trials	phototagging
12164.010333333334	0.005033333334722556	trials	phototagging
12165.011066666668	0.004999999999199645	trials	phototagging
12166.011766666668	0.004999999999199645	trials	phototagging
12167.0125	0.004999999999199645	trials	phototagging
12168.013200000001	0.004999999999199645	trials	phototagging
12169.0139	0.005033333334722556	trials	phototagging
12170.014633333334	0.004999999999199645	trials	phototagging
12171.015333333335	0.004999999999199645	trials	phototagging
12172.016066666667	0.005000000001018634	trials	phototagging
12173.016766666668	0.004999999999199645	trials	phototagging
12174.0175	0.005000000001018634	trials	phototagging
12175.0182	0.005000000001018634	trials	phototagging
12176.018900000001	0.005033333332903567	trials	phototagging
12177.019633333333	0.005000000001018634	trials	phototagging
12178.020333333334	0.005000000001018634	trials	phototagging
12179.021066666668	0.004999999999199645	trials	phototagging
12180.021766666667	0.005000000001018634	trials	phototagging
12181.022500000001	0.004999999999199645	trials	phototagging
12182.023200000001	0.004999999999199645	trials	phototagging
12183.0239	0.005000000001018634	trials	phototagging
12184.024633333334	0.004999999999199645	trials	phototagging
12185.025333333335	0.004999999999199645	trials	phototagging
12186.026066666667	0.005000000001018634	trials	phototagging
12187.026766666668	0.004999999999199645	trials	phototagging
12188.027466666668	0.004999999999199645	trials	phototagging
12189.0282	0.005000000001018634	trials	phototagging
12190.028900000001	0.004999999999199645	trials	phototagging
12191.029633333334	0.005000000001018634	trials	phototagging
12202.037466666667	0.005000000001018634	trials	phototagging
12203.038166666667	0.005000000001018634	trials	phototagging
12204.038900000001	0.004999999999199645	trials	phototagging
12205.0396	0.005000000001018634	trials	phototagging
12206.0403	0.005033333332903567	trials	phototagging
12207.041033333335	0.004999999999199645	trials	phototagging
12208.041733333333	0.005000000001018634	trials	phototagging
12209.042466666668	0.004999999999199645	trials	phototagging
12210.043166666668	0.004999999999199645	trials	phototagging
12211.0439	0.005000000001018634	trials	phototagging
12212.044600000001	0.004999999999199645	trials	phototagging
12213.045300000002	0.004999999999199645	trials	phototagging
12214.046033333334	0.005000000001018634	trials	phototagging
12215.046733333334	0.004999999999199645	trials	phototagging
12216.047466666667	0.005000000001018634	trials	phototagging
12217.048166666667	0.004999999999199645	trials	phototagging
12218.048866666668	0.005033333332903567	trials	phototagging
12219.0496	0.005000000001018634	trials	phototagging
12220.0503	0.004999999999199645	trials	phototagging
12221.051033333335	0.004999999999199645	trials	phototagging
12222.051733333334	0.005000000001018634	trials	phototagging
12223.052466666668	0.004999999999199645	trials	phototagging
12224.053166666667	0.005000000001018634	trials	phototagging
12225.053866666667	0.005033333332903567	trials	phototagging
12226.054600000001	0.004999999999199645	trials	phototagging
12227.0553	0.005000000001018634	trials	phototagging
12228.056033333334	0.004999999999199645	trials	phototagging
12229.056733333335	0.004999999999199645	trials	phototagging
12230.057466666667	0.005000000001018634	trials	phototagging
12231.058166666668	0.004999999999199645	trials	phototagging
12242.066	0.0100333333339222	trials	phototagging
12242.166066666667	0.0100333333339222	trials	phototagging
12242.266166666668	0.010000000000218279	trials	phototagging
12242.366233333334	0.010000000000218279	trials	phototagging
12242.4663	0.010000000000218279	trials	phototagging
12242.566366666668	0.010000000000218279	trials	phototagging
12242.666433333334	0.0100333333339222	trials	phototagging
12242.766500000002	0.010033333332103211	trials	phototagging
12242.866600000001	0.010000000000218279	trials	phototagging
12242.966633333333	0.0100333333339222	trials	phototagging
12243.066733333335	0.00999999999839929	trials	phototagging
12243.1668	0.010000000000218279	trials	phototagging
12243.266866666667	0.010000000000218279	trials	phototagging
12243.366933333335	0.010000000000218279	trials	phototagging
12243.467	0.0100333333339222	trials	phototagging
12243.567066666668	0.010033333332103211	trials	phototagging
12243.667166666668	0.010000000000218279	trials	phototagging
12243.767233333334	0.010000000000218279	trials	phototagging
12243.8673	0.010000000000218279	trials	phototagging
12243.967366666668	0.010000000000218279	trials	phototagging
12244.067433333334	0.010000000000218279	trials	phototagging
12244.167500000001	0.010000000000218279	trials	phototagging
12244.267600000001	0.010000000000218279	trials	phototagging
12244.367666666667	0.010000000000218279	trials	phototagging
12244.467733333335	0.010000000000218279	trials	phototagging
12244.5678	0.010000000000218279	trials	phototagging
12244.667866666667	0.010000000000218279	trials	phototagging
12244.767933333334	0.010000000000218279	trials	phototagging
12244.868	0.0100333333339222	trials	phototagging
12244.9681	0.010000000000218279	trials	phototagging
12255.0753	0.005000000001018634	trials	phototagging
12256.076000000001	0.004999999999199645	trials	phototagging
12257.076733333333	0.005000000001018634	trials	phototagging
12258.077433333334	0.005000000001018634	trials	phototagging
12259.078133333334	0.005033333332903567	trials	phototagging
12260.078866666667	0.005000000001018634	trials	phototagging
12261.079566666667	0.005000000001018634	trials	phototagging
12262.080300000001	0.004999999999199645	trials	phototagging
12263.081	0.005000000001018634	trials	phototagging
12264.0817	0.005033333332903567	trials	phototagging
12265.082433333335	0.004999999999199645	trials	phototagging
12266.083133333334	0.005000000001018634	trials	phototagging
12267.083866666668	0.004999999999199645	trials	phototagging
12268.084566666668	0.004999999999199645	trials	phototagging
12269.085266666667	0.005033333334722556	trials	phototagging
12270.086000000001	0.004999999999199645	trials	phototagging
12271.086700000002	0.004999999999199645	trials	phototagging
12272.087433333334	0.004999999999199645	trials	phototagging
12273.088133333335	0.004999999999199645	trials	phototagging
12274.088866666667	0.005000000001018634	trials	phototagging
12275.089566666667	0.004999999999199645	trials	phototagging
12276.090266666668	0.005033333332903567	trials	phototagging
12277.091	0.005000000001018634	trials	phototagging
12278.0917	0.004999999999199645	trials	phototagging
12279.092433333333	0.005000000001018634	trials	phototagging
12280.093133333334	0.005000000001018634	trials	phototagging
12281.093866666668	0.004999999999199645	trials	phototagging
12282.094566666667	0.005000000001018634	trials	phototagging
12283.095266666667	0.005000000001018634	trials	phototagging
12284.096000000001	0.004999999999199645	trials	phototagging
12295.103833333334	0.004999999999199645	trials	phototagging
12295.113833333335	0.005033333332903567	trials	phototagging
12295.123866666667	0.005000000001018634	trials	phototagging
12295.133866666667	0.005000000001018634	trials	phototagging
12295.143866666667	0.005000000001018634	trials	phototagging
12295.153866666667	0.005033333332903567	trials	phototagging
12295.163900000001	0.004999999999199645	trials	phototagging
12295.173900000002	0.004999999999199645	trials	phototagging
12295.1839	0.005000000001018634	trials	phototagging
12295.1939	0.005000000001018634	trials	phototagging
12295.2039	0.005033333332903567	trials	phototagging
12295.213933333334	0.004999999999199645	trials	phototagging
12295.223933333335	0.004999999999199645	trials	phototagging
12295.233933333335	0.004999999999199645	trials	phototagging
12295.243933333335	0.004999999999199645	trials	phototagging
12295.253933333333	0.005033333334722556	trials	phototagging
12295.263966666667	0.005000000001018634	trials	phototagging
12295.273966666668	0.004999999999199645	trials	phototagging
12295.283966666668	0.004999999999199645	trials	phototagging
12295.293966666668	0.004999999999199645	trials	phototagging
12295.303966666668	0.005033333332903567	trials	phototagging
12295.314	0.005000000001018634	trials	phototagging
12295.324	0.005000000001018634	trials	phototagging
12295.334	0.004999999999199645	trials	phototagging
12295.344000000001	0.005033333332903567	trials	phototagging
12295.354033333335	0.004999999999199645	trials	phototagging
12295.364033333333	0.005000000001018634	trials	phototagging
12295.374033333334	0.005000000001018634	trials	phototagging
12295.384033333334	0.005000000001018634	trials	phototagging
12295.394033333334	0.005000000001018634	trials	phototagging
12305.4112	0.010000000000218279	trials	phototagging
12305.511266666668	0.00999999999839929	trials	phototagging
12305.611333333334	0.010000000000218279	trials	phototagging
12305.7114	0.010000000000218279	trials	phototagging
12305.811466666668	0.010033333332103211	trials	phototagging
12305.911533333334	0.0100333333339222	trials	phototagging
12306.011633333334	0.010000000000218279	trials	phototagging
12306.111700000001	0.010000000000218279	trials	phototagging
12306.211766666667	0.010000000000218279	trials	phototagging
12306.311833333335	0.010033333332103211	trials	phototagging
12306.411900000001	0.010000000000218279	trials	phototagging
12306.511966666667	0.010000000000218279	trials	phototagging
12306.612066666667	0.010000000000218279	trials	phototagging
12306.712133333334	0.010000000000218279	trials	phototagging
12306.8122	0.010000000000218279	trials	phototagging
12306.912266666668	0.010000000000218279	trials	phototagging
12307.012333333334	0.010000000000218279	trials	phototagging
12307.1124	0.010000000000218279	trials	phototagging
12307.212466666668	0.010000000000218279	trials	phototagging
12307.312566666667	0.010000000000218279	trials	phototagging
12307.412633333333	0.010000000000218279	trials	phototagging
12307.512700000001	0.010000000000218279	trials	phototagging
12307.612766666667	0.010000000000218279	trials	phototagging
12307.712833333335	0.00999999999839929	trials	phototagging
12307.8129	0.010000000000218279	trials	phototagging
12307.912966666667	0.0100333333339222	trials	phototagging
12308.013033333335	0.010033333332103211	trials	phototagging
12308.1131	0.0100333333339222	trials	phototagging
12308.2132	0.010000000000218279	trials	phototagging
12308.313266666668	0.010000000000218279	trials	phototagging
12318.420466666668	0.10006666666595265	trials	phototagging
12319.4212	0.10006666666595265	trials	phototagging
12320.421900000001	0.10006666666595265	trials	phototagging
12321.422633333334	0.10006666666777164	trials	phototagging
12322.423333333334	0.10006666666595265	trials	phototagging
12323.424033333335	0.10006666666595265	trials	phototagging
12324.424766666667	0.10006666666777164	trials	phototagging
12325.425466666667	0.10006666666595265	trials	phototagging
12326.426166666668	0.10006666666595265	trials	phototagging
12327.4269	0.10006666666777164	trials	phototagging
12328.4276	0.10006666666595265	trials	phototagging
12329.428333333333	0.10006666666777164	trials	phototagging
12340.436166666668	0.004999999999199645	trials	phototagging
12340.446166666667	0.005000000001018634	trials	phototagging
12340.4562	0.005000000001018634	trials	phototagging
12340.4662	0.004999999999199645	trials	phototagging
12340.476200000001	0.004999999999199645	trials	phototagging
12340.486200000001	0.004999999999199645	trials	phototagging
12340.496233333333	0.005000000001018634	trials	phototagging
12340.506233333334	0.005000000001018634	trials	phototagging
12340.516233333334	0.005000000001018634	trials	phototagging
12340.526233333334	0.005000000001018634	trials	phototagging
12340.536233333334	0.005033333332903567	trials	phototagging
12340.546266666668	0.004999999999199645	trials	phototagging
12340.556266666668	0.004999999999199645	trials	phototagging
12340.566266666667	0.005000000001018634	trials	phototagging
12340.576266666667	0.005000000001018634	trials	phototagging
12340.586266666667	0.005000000001018634	trials	phototagging
12340.596300000001	0.004999999999199645	trials	phototagging
12340.606300000001	0.004999999999199645	trials	phototagging
12340.616300000002	0.004999999999199645	trials	phototagging
12340.6263	0.005000000001018634	trials	phototagging
12340.6363	0.005000000001018634	trials	phototagging
12340.646333333334	0.004999999999199645	trials	phototagging
12340.656333333334	0.004999999999199645	trials	phototagging
12340.666333333334	0.004999999999199645	trials	phototagging
12340.676333333335	0.004999999999199645	trials	phototagging
12340.686366666667	0.005000000001018634	trials	phototagging
12340.696366666667	0.005000000001018634	trials	phototagging
12340.706366666667	0.005000000001018634	trials	phototagging
12340.716366666667	0.004999999999199645	trials	phototagging
12340.726400000001	0.004999999999199645	trials	phototagging
12350.743533333334	0.10006666666595265	trials	phototagging
12351.744233333335	0.10006666666595265	trials	phototagging
12352.744933333333	0.10010000000147556	trials	phototagging
12353.745666666668	0.10006666666595265	trials	phototagging
12354.746366666668	0.10006666666595265	trials	phototagging
12355.7471	0.10006666666777164	trials	phototagging
12356.747800000001	0.10006666666595265	trials	phototagging
12357.748533333333	0.10006666666777164	trials	phototagging
12358.749233333334	0.10006666666777164	trials	phototagging
12359.749933333334	0.10006666666595265	trials	phototagging
12360.750666666667	0.10006666666777164	trials	phototagging
12361.751366666667	0.10006666666595265	trials	phototagging
12372.759233333334	0.010000000000218279	trials	phototagging
12372.8593	0.010000000000218279	trials	phototagging
12372.959366666668	0.010000000000218279	trials	phototagging
12373.059433333334	0.010000000000218279	trials	phototagging
12373.159500000002	0.010033333332103211	trials	phototagging
12373.259566666668	0.0100333333339222	trials	phototagging
12373.359666666667	0.010000000000218279	trials	phototagging
12373.459733333335	0.00999999999839929	trials	phototagging
12373.5598	0.010000000000218279	trials	phototagging
12373.659866666667	0.010000000000218279	trials	phototagging
12373.759933333335	0.010000000000218279	trials	phototagging
12373.86	0.0100333333339222	trials	phototagging
12373.960066666668	0.010033333332103211	trials	phototagging
12374.060133333334	0.0100333333339222	trials	phototagging
12374.160233333334	0.010000000000218279	trials	phototagging
12374.2603	0.010000000000218279	trials	phototagging
12374.360366666668	0.010000000000218279	trials	phototagging
12374.460433333334	0.010000000000218279	trials	phototagging
12374.560500000001	0.010000000000218279	trials	phototagging
12374.660566666667	0.0100333333339222	trials	phototagging
12374.760666666667	0.010000000000218279	trials	phototagging
12374.860733333335	0.010000000000218279	trials	phototagging
12374.9608	0.010000000000218279	trials	phototagging
12375.060866666667	0.010000000000218279	trials	phototagging
12375.160933333334	0.010000000000218279	trials	phototagging
12375.261	0.010000000000218279	trials	phototagging
12375.361066666668	0.010033333332103211	trials	phototagging
12375.461166666668	0.010000000000218279	trials	phototagging
12375.561233333334	0.010000000000218279	trials	phototagging
12375.661300000002	0.00999999999839929	trials	phototagging
12385.7685	0.005000000001018634	trials	phototagging
12386.7692	0.005000000001018634	trials	phototagging
12387.769933333335	0.004999999999199645	trials	phototagging
12388.770633333334	0.005000000001018634	trials	phototagging
12389.771366666668	0.004999999999199645	trials	phototagging
12390.772066666668	0.004999999999199645	trials	phototagging
12391.772766666667	0.005033333334722556	trials	phototagging
12392.773500000001	0.004999999999199645	trials	phototagging
12393.774200000002	0.004999999999199645	trials	phototagging
12394.774933333334	0.004999999999199645	trials	phototagging
12395.775633333335	0.004999999999199645	trials	phototagging
12396.776366666667	0.005000000001018634	trials	phototagging
12397.777066666667	0.004999999999199645	trials	phototagging
12398.777766666668	0.005033333332903567	trials	phototagging
12399.7785	0.005000000001018634	trials	phototagging
12400.7792	0.004999999999199645	trials	phototagging
12401.779933333333	0.005000000001018634	trials	phototagging
12402.780633333334	0.005000000001018634	trials	phototagging
12403.781366666668	0.004999999999199645	trials	phototagging
12404.782066666667	0.005000000001018634	trials	phototagging
12405.782766666667	0.005033333332903567	trials	phototagging
12406.783500000001	0.004999999999199645	trials	phototagging
12407.7842	0.005000000001018634	trials	phototagging
12408.784933333334	0.004999999999199645	trials	phototagging
12409.785633333335	0.004999999999199645	trials	phototagging
12410.786333333333	0.005033333334722556	trials	phototagging
12411.787066666668	0.004999999999199645	trials	phototagging
12412.787766666668	0.004999999999199645	trials	phototagging
12413.7885	0.005000000001018634	trials	phototagging
12414.789200000001	0.004999999999199645	trials	phototagging
12425.797066666668	0.004999999999199645	trials	phototagging
12426.797766666667	0.005000000001018634	trials	phototagging
12427.7985	0.004999999999199645	trials	phototagging
12428.799200000001	0.004999999999199645	trials	phototagging
12429.7999	0.005033333334722556	trials	phototagging
12430.800633333334	0.004999999999199645	trials	phototagging
12431.801333333335	0.004999999999199645	trials	phototagging
12432.802066666667	0.005000000001018634	trials	phototagging
12433.802766666668	0.004999999999199645	trials	phototagging
12434.803466666668	0.005033333332903567	trials	phototagging
12435.8042	0.005000000001018634	trials	phototagging
12436.804900000001	0.004999999999199645	trials	phototagging
12437.805633333333	0.005000000001018634	trials	phototagging
12438.806333333334	0.005000000001018634	trials	phototagging
12439.807033333334	0.005033333332903567	trials	phototagging
12440.807766666667	0.005000000001018634	trials	phototagging
12441.808466666667	0.005000000001018634	trials	phototagging
12442.809200000002	0.004999999999199645	trials	phototagging
12443.8099	0.005000000001018634	trials	phototagging
12444.8106	0.005033333332903567	trials	phototagging
12445.811333333335	0.004999999999199645	trials	phototagging
12446.812033333334	0.005000000001018634	trials	phototagging
12447.812766666668	0.004999999999199645	trials	phototagging
12448.813466666668	0.004999999999199645	trials	phototagging
12449.814166666667	0.005033333332903567	trials	phototagging
12450.814900000001	0.004999999999199645	trials	phototagging
12451.8156	0.005000000001018634	trials	phototagging
12452.816333333334	0.004999999999199645	trials	phototagging
12453.817033333335	0.004999999999199645	trials	phototagging
12454.817766666667	0.005000000001018634	trials	phototagging
12465.8256	0.010000000000218279	trials	phototagging
12465.925666666668	0.010033333332103211	trials	phototagging
12466.025766666668	0.010000000000218279	trials	phototagging
12466.125833333334	0.010000000000218279	trials	phototagging
12466.225900000001	0.010000000000218279	trials	phototagging
12466.325966666667	0.010000000000218279	trials	phototagging
12466.426033333335	0.010033333332103211	trials	phototagging
12466.526100000001	0.010000000000218279	trials	phototagging
12466.626166666667	0.0100333333339222	trials	phototagging
12466.726266666667	0.010000000000218279	trials	phototagging
12466.826333333334	0.010000000000218279	trials	phototagging
12466.9264	0.010000000000218279	trials	phototagging
12467.026466666668	0.010000000000218279	trials	phototagging
12467.126533333334	0.010000000000218279	trials	phototagging
12467.2266	0.0100333333339222	trials	phototagging
12467.326666666668	0.010000000000218279	trials	phototagging
12467.426766666667	0.010000000000218279	trials	phototagging
12467.526833333333	0.010000000000218279	trials	phototagging
12467.626900000001	0.010000000000218279	trials	phototagging
12467.726966666667	0.010000000000218279	trials	phototagging
12467.827033333335	0.00999999999839929	trials	phototagging
12467.9271	0.010000000000218279	trials	phototagging
12468.027166666667	0.0100333333339222	trials	phototagging
12468.127233333335	0.010033333332103211	trials	phototagging
12468.2273	0.0100333333339222	trials	phototagging
12468.3274	0.010000000000218279	trials	phototagging
12468.427466666668	0.010000000000218279	trials	phototagging
12468.527533333334	0.010000000000218279	trials	phototagging
12468.627600000002	0.010033333332103211	trials	phototagging
12468.727666666668	0.0100333333339222	trials	phototagging
