onset	duration	nwb_table	trial_type
2.059400000000096	0.27866666666704987	trials	phototagging
2.618033333334097	0.22753333333275805	trials	phototagging
3.941966666667213	0.1001333333333605	trials	phototagging
4.943500000001222	0.10016666666524543	trials	phototagging
5.945033333333413	0.10016666666706442	trials	phototagging
6.946600000001126	0.1001333333333605	trials	phototagging
7.948133333333317	0.10016666666706442	trials	phototagging
8.949666666667326	0.1001333333333605	trials	phototagging
9.951200000001336	0.10016666666524543	trials	phototagging
10.952733333333526	0.10016666666706442	trials	phototagging
11.954266666667536	0.10016666666706442	trials	phototagging
12.95583333333343	0.1001333333333605	trials	phototagging
13.95736666666744	0.10016666666706442	trials	phototagging
14.95889999999963	0.10016666666706442	trials	phototagging
25.97586666666757	0.004999999999199645	trials	phototagging
25.98586666666779	0.004999999999199645	trials	phototagging
25.995866666668007	0.005033333332903567	trials	phototagging
26.00590000000011	0.005000000001018634	trials	phototagging
26.01590000000033	0.005033333332903567	trials	phototagging
26.02593333333425	0.004999999999199645	trials	phototagging
26.03593333333447	0.004999999999199645	trials	phototagging
26.045966666666573	0.005000000001018634	trials	phototagging
26.05596666666679	0.005000000001018634	trials	phototagging
26.066000000000713	0.004999999999199645	trials	phototagging
26.07600000000093	0.004999999999199645	trials	phototagging
26.08600000000115	0.005033333332903567	trials	phototagging
26.096033333333253	0.005000000001018634	trials	phototagging
26.10603333333347	0.005033333332903567	trials	phototagging
26.116066666667393	0.004999999999199645	trials	phototagging
26.12606666666761	0.004999999999199645	trials	phototagging
26.136099999999715	0.005000000001018634	trials	phototagging
26.146099999999933	0.005033333334722556	trials	phototagging
26.156133333333855	0.004999999999199645	trials	phototagging
26.166133333334074	0.004999999999199645	trials	phototagging
26.176166666667996	0.004999999999199645	trials	phototagging
26.186166666666395	0.005000000001018634	trials	phototagging
26.196200000000317	0.005000000001018634	trials	phototagging
26.206200000000536	0.004999999999199645	trials	phototagging
26.216200000000754	0.005033333332903567	trials	phototagging
26.226233333334676	0.004999999999199645	trials	phototagging
26.236233333333075	0.005033333334722556	trials	phototagging
26.246266666666997	0.004999999999199645	trials	phototagging
26.256266666667216	0.005033333332903567	trials	phototagging
26.266300000001138	0.004999999999199645	trials	phototagging
36.291699999999764	0.0100333333339222	trials	phototagging
36.39186666666683	0.0100333333339222	trials	phototagging
36.49203333333389	0.010000000000218279	trials	phototagging
36.592166666667254	0.0100333333339222	trials	phototagging
36.69233333333432	0.010000000000218279	trials	phototagging
36.79249999999956	0.010000000000218279	trials	phototagging
36.892633333332924	0.0100333333339222	trials	phototagging
36.99279999999999	0.010000000000218279	trials	phototagging
37.09293333333335	0.0100333333339222	trials	phototagging
37.19310000000041	0.0100333333339222	trials	phototagging
37.29326666666748	0.010000000000218279	trials	phototagging
37.39340000000084	0.010033333332103211	trials	phototagging
37.4935666666679	0.010033333332103211	trials	phototagging
37.59373333333315	0.010000000000218279	trials	phototagging
37.69386666666651	0.0100333333339222	trials	phototagging
37.79403333333357	0.010000000000218279	trials	phototagging
37.89420000000064	0.010000000000218279	trials	phototagging
37.994333333334	0.010000000000218279	trials	phototagging
38.09450000000106	0.010000000000218279	trials	phototagging
38.19463333333442	0.010033333332103211	trials	phototagging
38.29479999999967	0.010000000000218279	trials	phototagging
38.39493333333303	0.0100333333339222	trials	phototagging
38.49510000000009	0.0100333333339222	trials	phototagging
38.59526666666716	0.010000000000218279	trials	phototagging
38.69540000000052	0.0100333333339222	trials	phototagging
38.79556666666758	0.010000000000218279	trials	phototagging
38.89573333333465	0.00999999999839929	trials	phototagging
38.99586666666801	0.010033333332103211	trials	phototagging
39.09603333333325	0.010000000000218279	trials	phototagging
39.19616666666661	0.0100333333339222	trials	phototagging
49.311733333333905	0.004999999999199645	trials	phototagging
50.313266666667914	0.005033333332903567	trials	phototagging
51.31483333333381	0.004999999999199645	trials	phototagging
52.31636666666782	0.004999999999199645	trials	phototagging
53.31790000000001	0.005000000001018634	trials	phototagging
54.31943333333402	0.004999999999199645	trials	phototagging
55.32099999999991	0.005000000001018634	trials	phototagging
56.32253333333392	0.004999999999199645	trials	phototagging
57.32406666666793	0.004999999999199645	trials	phototagging
58.32560000000012	0.005033333332903567	trials	phototagging
59.327166666667836	0.004999999999199645	trials	phototagging
60.328700000000026	0.005000000001018634	trials	phototagging
61.330233333334036	0.004999999999199645	trials	phototagging
62.331766666666226	0.005000000001018634	trials	phototagging
63.333300000000236	0.005033333332903567	trials	phototagging
64.33483333333425	0.005033333332903567	trials	phototagging
65.33640000000014	0.005000000001018634	trials	phototagging
66.33793333333415	0.004999999999199645	trials	phototagging
67.33946666666634	0.005000000001018634	trials	phototagging
68.34100000000035	0.005033333332903567	trials	phototagging
69.34253333333436	0.005033333332903567	trials	phototagging
70.34410000000025	0.005000000001018634	trials	phototagging
71.34563333333426	0.004999999999199645	trials	phototagging
72.34716666666645	0.005000000001018634	trials	phototagging
73.34873333333417	0.004999999999199645	trials	phototagging
74.35026666666636	0.005000000001018634	trials	phototagging
75.35180000000037	0.004999999999199645	trials	phototagging
76.35333333333438	0.004999999999199645	trials	phototagging
77.35486666666657	0.005033333334722556	trials	phototagging
78.35643333333428	0.004999999999199645	trials	phototagging
89.3733666666667	0.005000000001018634	trials	phototagging
90.37490000000071	0.004999999999199645	trials	phototagging
91.3764333333329	0.005033333334722556	trials	phototagging
92.37796666666691	0.005033333332903567	trials	phototagging
93.37953333333462	0.004999999999199645	trials	phototagging
94.38106666666681	0.005000000001018634	trials	phototagging
95.38260000000082	0.004999999999199645	trials	phototagging
96.38416666666672	0.005000000001018634	trials	phototagging
97.38570000000072	0.004999999999199645	trials	phototagging
98.38723333333292	0.005000000001018634	trials	phototagging
99.38876666666692	0.005000000001018634	trials	phototagging
100.39030000000093	0.004999999999199645	trials	phototagging
101.39186666666683	0.005000000001018634	trials	phototagging
102.39340000000084	0.004999999999199645	trials	phototagging
103.39493333333303	0.005000000001018634	trials	phototagging
104.39646666666704	0.004999999999199645	trials	phototagging
105.39800000000105	0.005033333332903567	trials	phototagging
106.39956666666694	0.005000000001018634	trials	phototagging
107.40110000000095	0.004999999999199645	trials	phototagging
108.40263333333314	0.005000000001018634	trials	phototagging
109.40416666666715	0.005033333332903567	trials	phototagging
110.40570000000116	0.005033333332903567	trials	phototagging
111.40726666666706	0.004999999999199645	trials	phototagging
112.40880000000107	0.004999999999199645	trials	phototagging
113.41033333333326	0.005000000001018634	trials	phototagging
114.41186666666727	0.005033333332903567	trials	phototagging
115.41343333333316	0.005000000001018634	trials	phototagging
116.41496666666717	0.004999999999199645	trials	phototagging
117.41650000000118	0.004999999999199645	trials	phototagging
118.41803333333337	0.005033333332903567	trials	phototagging
120.40793333333386	0.16996666666636884	trials	port_entry
120.65793333333386	0.8999999999996362	trials	port_entry
129.4350000000013	0.00999999999839929	trials	phototagging
129.53513333333467	0.010033333332103211	trials	phototagging
129.63529999999992	0.010000000000218279	trials	phototagging
129.73543333333328	0.0100333333339222	trials	phototagging
129.83560000000034	0.0100333333339222	trials	phototagging
129.9357666666674	0.010000000000218279	trials	phototagging
130.03593333333447	0.00999999999839929	trials	phototagging
130.13606666666783	0.00999999999839929	trials	phototagging
130.23623333333308	0.010000000000218279	trials	phototagging
130.33636666666644	0.0100333333339222	trials	phototagging
130.4365333333335	0.010000000000218279	trials	phototagging
130.53666666666686	0.0100333333339222	trials	phototagging
130.63683333333393	0.0100333333339222	trials	phototagging
130.737000000001	0.010000000000218279	trials	phototagging
130.83713333333435	0.010033333332103211	trials	phototagging
130.9372999999996	0.0100333333339222	trials	phototagging
131.03746666666666	0.010000000000218279	trials	phototagging
131.13760000000002	0.0100333333339222	trials	phototagging
131.23776666666708	0.010000000000218279	trials	phototagging
131.33793333333415	0.010000000000218279	trials	phototagging
131.4380666666675	0.010033333332103211	trials	phototagging
131.53823333333457	0.00999999999839929	trials	phototagging
131.63836666666793	0.010033333332103211	trials	phototagging
131.73853333333318	0.010000000000218279	trials	phototagging
131.83870000000024	0.010000000000218279	trials	phototagging
131.9388333333336	0.010000000000218279	trials	phototagging
132.03900000000067	0.010000000000218279	trials	phototagging
132.13913333333403	0.0100333333339222	trials	phototagging
132.2393000000011	0.010000000000218279	trials	phototagging
132.33946666666634	0.010000000000218279	trials	phototagging
142.45503333333363	0.005000000001018634	trials	phototagging
143.45656666666764	0.004999999999199645	trials	phototagging
144.45809999999983	0.005000000001018634	trials	phototagging
145.45963333333384	0.004999999999199645	trials	phototagging
146.46116666666785	0.005033333332903567	trials	phototagging
147.46273333333374	0.004999999999199645	trials	phototagging
148.46426666666775	0.004999999999199645	trials	phototagging
149.46579999999994	0.005000000001018634	trials	phototagging
150.46733333333395	0.005033333332903567	trials	phototagging
151.46889999999985	0.005000000001018634	trials	phototagging
152.47043333333386	0.004999999999199645	trials	phototagging
153.47196666666787	0.004999999999199645	trials	phototagging
154.47350000000006	0.005000000001018634	trials	phototagging
155.47503333333407	0.005033333332903567	trials	phototagging
156.47659999999996	0.005000000001018634	trials	phototagging
157.47813333333397	0.004999999999199645	trials	phototagging
158.47966666666798	0.004999999999199645	trials	phototagging
159.48120000000017	0.005000000001018634	trials	phototagging
160.48273333333418	0.005033333332903567	trials	phototagging
161.48430000000008	0.005000000001018634	trials	phototagging
162.48583333333409	0.004999999999199645	trials	phototagging
163.48736666666628	0.005000000001018634	trials	phototagging
164.48890000000029	0.005033333332903567	trials	phototagging
165.490466666668	0.004999999999199645	trials	phototagging
166.4920000000002	0.005000000001018634	trials	phototagging
167.4935333333342	0.004999999999199645	trials	phototagging
168.4950666666664	0.005033333334722556	trials	phototagging
169.4966333333341	0.004999999999199645	trials	phototagging
170.4981666666663	0.005000000001018634	trials	phototagging
171.4997000000003	0.005000000001018634	trials	phototagging
182.51666666666642	0.005000000001018634	trials	phototagging
182.52666666666664	0.005000000001018634	trials	phototagging
182.53666666666686	0.005000000001018634	trials	phototagging
182.54670000000078	0.004999999999199645	trials	phototagging
182.556700000001	0.005033333332903567	trials	phototagging
182.5667333333331	0.005000000001018634	trials	phototagging
182.57673333333332	0.005000000001018634	trials	phototagging
182.58676666666724	0.004999999999199645	trials	phototagging
182.59676666666746	0.004999999999199645	trials	phototagging
182.60679999999957	0.005000000001018634	trials	phototagging
182.61679999999978	0.005000000001018634	trials	phototagging
182.6268333333337	0.004999999999199645	trials	phototagging
182.63683333333393	0.004999999999199645	trials	phototagging
182.64683333333414	0.005033333332903567	trials	phototagging
182.65686666666625	0.005000000001018634	trials	phototagging
182.66690000000017	0.005000000001018634	trials	phototagging
182.6769000000004	0.004999999999199645	trials	phototagging
182.6869000000006	0.004999999999199645	trials	phototagging
182.69693333333453	0.004999999999199645	trials	phototagging
182.70693333333293	0.005033333334722556	trials	phototagging
182.71696666666685	0.005000000001018634	trials	phototagging
182.72696666666707	0.004999999999199645	trials	phototagging
182.737000000001	0.004999999999199645	trials	phototagging
182.7470000000012	0.004999999999199645	trials	phototagging
182.7570333333333	0.005000000001018634	trials	phototagging
182.76703333333353	0.005000000001018634	trials	phototagging
182.77706666666745	0.004999999999199645	trials	phototagging
182.78706666666767	0.004999999999199645	trials	phototagging
182.7970666666679	0.005033333332903567	trials	phototagging
182.8071	0.005000000001018634	trials	phototagging
192.83253333333414	0.010000000000218279	trials	phototagging
192.9326666666675	0.010033333332103211	trials	phototagging
193.03283333333457	0.00999999999839929	trials	phototagging
193.1329999999998	0.010000000000218279	trials	phototagging
193.23313333333317	0.0100333333339222	trials	phototagging
193.33330000000024	0.010000000000218279	trials	phototagging
193.4334333333336	0.0100333333339222	trials	phototagging
193.53360000000066	0.010000000000218279	trials	phototagging
193.63376666666773	0.010000000000218279	trials	phototagging
193.73390000000109	0.010033333332103211	trials	phototagging
193.83406666666633	0.010000000000218279	trials	phototagging
193.9342333333334	0.010000000000218279	trials	phototagging
194.03436666666676	0.0100333333339222	trials	phototagging
194.13453333333382	0.010000000000218279	trials	phototagging
194.23466666666718	0.0100333333339222	trials	phototagging
194.33483333333425	0.010033333332103211	trials	phototagging
194.4350000000013	0.00999999999839929	trials	phototagging
194.53513333333467	0.010033333332103211	trials	phototagging
194.63529999999992	0.010000000000218279	trials	phototagging
194.73546666666698	0.010000000000218279	trials	phototagging
194.83560000000034	0.010000000000218279	trials	phototagging
194.9357666666674	0.010000000000218279	trials	phototagging
195.03590000000077	0.010033333332103211	trials	phototagging
195.13606666666783	0.010033333332103211	trials	phototagging
195.23623333333308	0.010000000000218279	trials	phototagging
195.33636666666644	0.0100333333339222	trials	phototagging
195.4365333333335	0.010000000000218279	trials	phototagging
195.53670000000056	0.010000000000218279	trials	phototagging
195.63683333333393	0.010000000000218279	trials	phototagging
195.737000000001	0.010000000000218279	trials	phototagging
205.85256666666646	0.1001333333333605	trials	phototagging
206.85410000000047	0.1001333333333605	trials	phototagging
207.85563333333448	0.10016666666524543	trials	phototagging
208.85716666666667	0.10016666666706442	trials	phototagging
209.85870000000068	0.10016666666706442	trials	phototagging
210.86026666666658	0.1001333333333605	trials	phototagging
211.86180000000058	0.10016666666706442	trials	phototagging
212.8633333333346	0.10016666666524543	trials	phototagging
213.86486666666679	0.10016666666706442	trials	phototagging
214.8664333333345	0.1001333333333605	trials	phototagging
215.8679666666667	0.10016666666706442	trials	phototagging
216.8695000000007	0.10016666666706442	trials	phototagging
227.88646666666682	0.005000000001018634	trials	phototagging
227.89646666666704	0.004999999999199645	trials	phototagging
227.90650000000096	0.004999999999199645	trials	phototagging
227.91650000000118	0.004999999999199645	trials	phototagging
227.92653333333328	0.005000000001018634	trials	phototagging
227.9365333333335	0.005000000001018634	trials	phototagging
227.94653333333372	0.005033333332903567	trials	phototagging
227.95656666666764	0.004999999999199645	trials	phototagging
227.96656666666786	0.005033333332903567	trials	phototagging
227.97659999999996	0.005000000001018634	trials	phototagging
227.98660000000018	0.005033333332903567	trials	phototagging
227.9966333333341	0.004999999999199645	trials	phototagging
228.00663333333432	0.004999999999199645	trials	phototagging
228.01666666666642	0.005000000001018634	trials	phototagging
228.02666666666664	0.005000000001018634	trials	phototagging
228.03670000000056	0.004999999999199645	trials	phototagging
228.04670000000078	0.004999999999199645	trials	phototagging
228.0567333333329	0.005000000001018634	trials	phototagging
228.0667333333331	0.005000000001018634	trials	phototagging
228.07676666666703	0.004999999999199645	trials	phototagging
228.08676666666724	0.004999999999199645	trials	phototagging
228.09676666666746	0.005033333332903567	trials	phototagging
228.10679999999957	0.005000000001018634	trials	phototagging
228.11679999999978	0.005000000001018634	trials	phototagging
228.1268333333337	0.004999999999199645	trials	phototagging
228.13683333333393	0.004999999999199645	trials	phototagging
228.14686666666785	0.004999999999199645	trials	phototagging
228.15686666666625	0.005000000001018634	trials	phototagging
228.16690000000017	0.005000000001018634	trials	phototagging
228.1769000000004	0.004999999999199645	trials	phototagging
232.7980333333344	0.3499999999985448	trials	port_entry
233.2480333333333	1.5599333333339018	trials	port_entry
237.69803333333402	0.3099999999994907	trials	port_entry
238.068033333333	0.21000000000094587	trials	port_entry
238.20233333333454	0.10016666666524543	trials	phototagging
238.34803333333366	0.17000000000007276	trials	port_entry
238.53803333333417	0.5799999999999272	trials	port_entry
239.19796666666662	0.970066666666753	trials	port_entry
239.20386666666673	0.10016666666706442	trials	phototagging
240.20540000000074	0.10016666666706442	trials	phototagging
240.20796666666683	0.569999999999709	trials	port_entry
240.8079666666672	0.08006666666733508	trials	port_entry
240.90793333333386	0.15010000000074797	trials	port_entry
241.20693333333293	0.10016666666706442	trials	phototagging
241.39803333333293	0.020000000000436557	trials	port_entry
242.20850000000064	0.1001333333333605	trials	phototagging
243.21003333333465	0.10016666666524543	trials	phototagging
244.21156666666684	0.10016666666706442	trials	phototagging
245.21310000000085	0.10016666666706442	trials	phototagging
246.21466666666674	0.1001333333333605	trials	phototagging
247.21620000000075	0.10016666666706442	trials	phototagging
248.21773333333294	0.10016666666706442	trials	phototagging
249.21926666666695	0.10016666666706442	trials	phototagging
260.2362333333331	0.0100333333339222	trials	phototagging
260.33640000000014	0.010000000000218279	trials	phototagging
260.4365333333335	0.0100333333339222	trials	phototagging
260.53670000000056	0.0100333333339222	trials	phototagging
260.63686666666763	0.010000000000218279	trials	phototagging
260.737000000001	0.010033333332103211	trials	phototagging
260.83716666666623	0.010000000000218279	trials	phototagging
260.9373333333333	0.010000000000218279	trials	phototagging
261.03746666666666	0.010000000000218279	trials	phototagging
261.1376333333337	0.010000000000218279	trials	phototagging
261.2378000000008	0.010000000000218279	trials	phototagging
261.33793333333415	0.010033333332103211	trials	phototagging
261.4381000000012	0.00999999999839929	trials	phototagging
261.5382333333346	0.010033333332103211	trials	phototagging
261.6383999999998	0.010000000000218279	trials	phototagging
261.7385666666669	0.010000000000218279	trials	phototagging
261.83870000000024	0.010000000000218279	trials	phototagging
261.9388666666673	0.010000000000218279	trials	phototagging
262.03900000000067	0.0100333333339222	trials	phototagging
262.13916666666773	0.010000000000218279	trials	phototagging
262.239333333333	0.010000000000218279	trials	phototagging
262.33946666666634	0.0100333333339222	trials	phototagging
262.4396333333334	0.010000000000218279	trials	phototagging
262.53980000000047	0.010000000000218279	trials	phototagging
262.63993333333383	0.0100333333339222	trials	phototagging
262.7401000000009	0.010000000000218279	trials	phototagging
262.84023333333425	0.010033333332103211	trials	phototagging
262.9404000000013	0.00999999999839929	trials	phototagging
263.04053333333286	0.0100333333339222	trials	phototagging
263.1406999999999	0.0100333333339222	trials	phototagging
263.58803333333344	0.5800333333336312	trials	port_entry
273.2562666666672	0.005033333332903567	trials	phototagging
274.2578000000012	0.005033333332903567	trials	phototagging
275.2593666666671	0.004999999999199645	trials	phototagging
276.26090000000113	0.004999999999199645	trials	phototagging
277.2624333333333	0.005000000001018634	trials	phototagging
278.26400000000103	0.004999999999199645	trials	phototagging
278.5380666666679	0.08999999999832653	trials	port_entry
279.2655333333332	0.005000000001018634	trials	phototagging
280.26706666666723	0.004999999999199645	trials	phototagging
281.26860000000124	0.004999999999199645	trials	phototagging
282.27013333333343	0.005033333332903567	trials	phototagging
283.27170000000115	0.004999999999199645	trials	phototagging
284.27323333333334	0.005000000001018634	trials	phototagging
285.27476666666735	0.005033333332903567	trials	phototagging
286.27629999999954	0.005033333334722556	trials	phototagging
287.27786666666725	0.004999999999199645	trials	phototagging
288.27940000000126	0.004999999999199645	trials	phototagging
289.28093333333345	0.005000000001018634	trials	phototagging
290.28246666666746	0.005033333332903567	trials	phototagging
291.28403333333335	0.005000000001018634	trials	phototagging
292.28556666666736	0.004999999999199645	trials	phototagging
293.28709999999955	0.005033333334722556	trials	phototagging
294.28866666666727	0.004999999999199645	trials	phototagging
295.2902000000013	0.004999999999199645	trials	phototagging
296.29173333333347	0.005000000001018634	trials	phototagging
297.2932666666675	0.004999999999199645	trials	phototagging
298.29479999999967	0.005033333334722556	trials	phototagging
299.2963666666674	0.004999999999199645	trials	phototagging
300.2978999999996	0.005000000001018634	trials	phototagging
300.5481	4.1200000000008	trials	reward_stimulus_presentation
301.2994333333336	0.005000000001018634	trials	phototagging
301.5481	0.7999333333336835	trials	reward_delivery
302.3009666666676	0.005033333332903567	trials	phototagging
304.26810000000114	0.27999999999883585	trials	port_entry
304.65810000000056	3.0200000000004366	trials	port_entry
308.22810000000027	0.2000000000007276	trials	port_entry
308.4981000000007	0.9399666666668054	trials	port_entry
313.3179333333337	0.005033333332903567	trials	phototagging
314.3194999999996	0.005000000001018634	trials	phototagging
315.3210333333336	0.005000000001018634	trials	phototagging
316.3225666666676	0.004999999999199645	trials	phototagging
317.3240999999998	0.005000000001018634	trials	phototagging
318.32566666666753	0.004999999999199645	trials	phototagging
319.3271999999997	0.005000000001018634	trials	phototagging
320.32873333333373	0.004999999999199645	trials	phototagging
321.33026666666774	0.005033333332903567	trials	phototagging
321.71806666666635	0.08996666666826059	trials	port_entry
321.9981000000007	0.17000000000007276	trials	port_entry
322.33183333333363	0.005000000001018634	trials	phototagging
323.33336666666764	0.004999999999199645	trials	phototagging
324.33489999999983	0.005000000001018634	trials	phototagging
325.33643333333384	0.004999999999199645	trials	phototagging
326.33796666666785	0.005033333332903567	trials	phototagging
327.33953333333375	0.004999999999199645	trials	phototagging
328.34106666666776	0.004999999999199645	trials	phototagging
329.34259999999995	0.005033333334722556	trials	phototagging
330.34416666666766	0.004999999999199645	trials	phototagging
331.34569999999985	0.005000000001018634	trials	phototagging
332.34723333333386	0.004999999999199645	trials	phototagging
333.34876666666787	0.004999999999199645	trials	phototagging
334.35033333333377	0.004999999999199645	trials	phototagging
335.3518666666678	0.004999999999199645	trials	phototagging
336.35339999999997	0.005000000001018634	trials	phototagging
337.354933333334	0.005033333332903567	trials	phototagging
338.35649999999987	0.005000000001018634	trials	phototagging
339.3580333333339	0.004999999999199645	trials	phototagging
340.3595666666679	0.004999999999199645	trials	phototagging
341.3611000000001	0.005033333332903567	trials	phototagging
342.3626333333341	0.005033333332903567	trials	phototagging
353.3796333333339	0.010000000000218279	trials	phototagging
353.4797666666673	0.0100333333339222	trials	phototagging
353.57993333333434	0.010000000000218279	trials	phototagging
353.6800666666677	0.010033333332103211	trials	phototagging
353.78023333333294	0.010000000000218279	trials	phototagging
353.8804	0.010000000000218279	trials	phototagging
353.98053333333337	0.0100333333339222	trials	phototagging
354.08070000000043	0.010000000000218279	trials	phototagging
354.1808666666675	0.010000000000218279	trials	phototagging
354.28100000000086	0.010033333332103211	trials	phototagging
354.3811666666679	0.00999999999839929	trials	phototagging
354.4813000000013	0.010033333332103211	trials	phototagging
354.58146666666653	0.0100333333339222	trials	phototagging
354.6816333333336	0.010000000000218279	trials	phototagging
354.78176666666695	0.0100333333339222	trials	phototagging
354.881933333334	0.010000000000218279	trials	phototagging
354.9820666666674	0.0100333333339222	trials	phototagging
355.08223333333444	0.010033333332103211	trials	phototagging
355.1823999999997	0.010000000000218279	trials	phototagging
355.28253333333305	0.0100333333339222	trials	phototagging
355.3827000000001	0.0100333333339222	trials	phototagging
355.4828666666672	0.010000000000218279	trials	phototagging
355.58300000000054	0.0100333333339222	trials	phototagging
355.6831666666676	0.010000000000218279	trials	phototagging
355.78333333333467	0.00999999999839929	trials	phototagging
355.8834666666662	0.010000000000218279	trials	phototagging
355.9836333333333	0.010000000000218279	trials	phototagging
356.08376666666663	0.0100333333339222	trials	phototagging
356.1839333333337	0.010000000000218279	trials	phototagging
356.28410000000076	0.010000000000218279	trials	phototagging
390.5481333333337	6.96996666666746	trials	reward_stimulus_presentation
391.5481333333337	0.7999999999992724	trials	reward_delivery
397.1180999999997	0.12003333333450428	trials	port_entry
397.3680999999997	0.11006666666798992	trials	port_entry
397.6180999999997	0.050000000001091394	trials	port_entry
397.7281666666677	1.0599999999994907	trials	port_entry
398.83816666666644	0.15999999999985448	trials	port_entry
399.1981333333333	10.609933333333174	trials	port_entry
433.9881999999998	0.040000000000873115	trials	port_entry
434.20820000000094	0.23999999999978172	trials	port_entry
447.8281999999999	0.2299666666676785	trials	port_entry
448.20820000000094	7.930000000000291	trials	port_entry
459.53816666666717	3.220066666666753	trials	port_entry
462.84813333333295	0.40006666666704405	trials	port_entry
463.2882333333346	0.06996666666600504	trials	port_entry
463.46820000000116	0.0799333333325194	trials	port_entry
463.58820000000014	0.5300333333343588	trials	port_entry
480.548233333333	3.790000000000873	trials	reward_stimulus_presentation
481.548233333333	0.8000000000010914	trials	reward_delivery
483.9382333333342	9.889999999999418	trials	port_entry
497.09826666666777	0.11996666666527744	trials	port_entry
497.298233333333	1.2300333333332674	trials	port_entry
539.1382666666668	0.03003333333435876	trials	port_entry
539.6282666666666	0.050000000001091394	trials	port_entry
556.2383000000009	3.0599666666657868	trials	port_entry
559.398266666667	0.09003333333384944	trials	port_entry
559.7682999999997	0.06996666666782403	trials	port_entry
560.0382666666665	0.7300333333332674	trials	port_entry
561.3683000000001	0.040000000000873115	trials	port_entry
570.5483000000004	20.000033333333704	trials	neutral_stimulus_presentation
597.5283333333336	0.10996666666687815	trials	port_entry
597.7183000000005	5.560033333333195	trials	port_entry
603.8383000000013	0.13003333333290357	trials	port_entry
604.1083333333336	0.019933333333028713	trials	port_entry
604.3983333333344	0.27999999999883585	trials	port_entry
619.7983333333341	0.13003333333290357	trials	port_entry
620.1383333333342	0.11003333333246701	trials	port_entry
620.3183333333345	1.4500333333326125	trials	port_entry
628.5983333333334	2.3100000000013097	trials	port_entry
631.2483666666667	0.040000000000873115	trials	port_entry
631.5083333333332	0.43000000000029104	trials	port_entry
632.6983333333337	0.03996666666716919	trials	port_entry
633.3483333333334	0.22000000000116415	trials	port_entry
642.3283666666666	1.9200000000000728	trials	port_entry
655.5483999999997	2.9699666666674602	trials	reward_stimulus_presentation
656.5483666666678	0.7999999999992724	trials	reward_delivery
658.1183666666675	7.279999999998836	trials	port_entry
665.678366666667	0.7800000000006548	trials	port_entry
676.1183666666675	3.9699666666656412	trials	port_entry
680.1083666666673	4.800033333332976	trials	port_entry
685.4883333333346	2.220066666664934	trials	port_entry
687.8284000000003	0.17000000000007276	trials	port_entry
688.0184000000008	0.06993333333230112	trials	port_entry
688.1383999999998	0.06999999999970896	trials	port_entry
688.3483666666671	0.5900333333338494	trials	port_entry
710.1584000000003	1.970033333333049	trials	port_entry
736.838466666668	0.139966666665714	trials	port_entry
737.0284666666666	1.9099666666679695	trials	port_entry
745.5484666666671	20.0017666666663	trials	shock_stimulus_presentation
765.3484666666664	0.29996666666738747	trials	shock_relay
781.5985000000001	5.460000000000946	trials	port_entry
787.2185000000009	0.09000000000014552	trials	port_entry
787.3284999999996	0.07999999999992724	trials	port_entry
787.8685000000005	0.020000000000436557	trials	port_entry
787.9785000000011	0.36999999999898137	trials	port_entry
790.5985000000001	0.040000000000873115	trials	port_entry
790.7185000000009	0.029999999998835847	trials	port_entry
790.8785000000007	0.049999999999272404	trials	port_entry
790.9785000000011	0.039999999999054126	trials	port_entry
791.0385000000006	0.43000000000029104	trials	port_entry
792.2985000000008	0.020000000000436557	trials	port_entry
792.7185000000009	0.07999999999992724	trials	port_entry
803.058500000001	2.7300333333332674	trials	port_entry
840.5485666666664	1.610000000000582	trials	reward_stimulus_presentation
841.5485333333345	0.8000333333329763	trials	reward_delivery
841.7584999999999	12.690066666667917	trials	port_entry
854.788566666668	0.05999999999949068	trials	port_entry
863.3185666666668	2.710000000000946	trials	port_entry
870.828566666667	2.0200000000004366	trials	port_entry
873.0485333333345	0.35003333333224873	trials	port_entry
873.5685666666668	0.4899999999997817	trials	port_entry
874.7485666666671	0.020000000000436557	trials	port_entry
882.7986000000001	2.5900000000001455	trials	port_entry
885.4585999999999	0.19000000000050932	trials	port_entry
898.5686000000005	0.18000000000029104	trials	port_entry
898.8286000000007	2.2599333333328104	trials	port_entry
901.3186000000005	0.11000000000058208	trials	port_entry
903.1386000000002	0.030000000000654836	trials	port_entry
920.9086333333344	0.09000000000014552	trials	port_entry
921.0286333333333	2.2000000000007276	trials	port_entry
924.2885999999999	0.02003333333414048	trials	port_entry
930.5486333333338	20.0	trials	neutral_stimulus_presentation
944.3386666666665	3.2699666666667326	trials	port_entry
947.6486333333341	0.6000000000003638	trials	port_entry
949.9186666666665	0.07000000000152795	trials	port_entry
950.1486666666679	1.0799999999999272	trials	port_entry
951.308633333334	0.15003333333334012	trials	port_entry
951.5086333333329	0.10003333333406772	trials	port_entry
951.6386333333339	0.04003333333275805	trials	port_entry
951.778666666667	0.3500000000003638	trials	port_entry
952.1586333333344	0.029933333333246992	trials	port_entry
952.3186333333342	0.02003333333232149	trials	port_entry
964.5786666666663	0.8700000000008004	trials	port_entry
972.1186333333335	1.3900333333331218	trials	port_entry
985.9086666666662	0.9500000000007276	trials	port_entry
1010.5486666666675	4.419933333332665	trials	reward_stimulus_presentation
1011.5487000000012	0.7999999999992724	trials	reward_delivery
1014.5685666666668	0.18003333333399496	trials	port_entry
1014.8385666666672	0.17003333333377668	trials	port_entry
1015.0285999999996	0.3299666666680423	trials	port_entry
1015.3786	6.989999999999782	trials	port_entry
1025.2687000000005	0.17000000000007276	trials	port_entry
1025.5487000000012	1.359999999998763	trials	port_entry
1032.258733333334	2.039999999999054	trials	port_entry
1046.8687333333346	1.63993333333201	trials	port_entry
1058.8487333333342	1.9499999999989086	trials	port_entry
1075.0887666666677	2.2299999999995634	trials	port_entry
1078.2187333333331	0.3500333333340677	trials	port_entry
1080.8387666666677	0.039999999999054126	trials	port_entry
1097.8487666666679	2.0500333333329763	trials	port_entry
1099.9587666666666	0.12000000000080036	trials	port_entry
1100.388766666667	0.1600333333335584	trials	port_entry
1100.5488000000005	20.001033333333908	trials	shock_stimulus_presentation
1102.5987666666679	0.04003333333275805	trials	port_entry
1120.3487666666679	0.2999999999992724	trials	shock_relay
1124.5488000000005	2.390033333333122	trials	port_entry
1127.0588000000007	0.029966666666950914	trials	port_entry
1127.4687666666669	0.31999999999970896	trials	port_entry
1140.908800000001	1.1400333333331218	trials	port_entry
1158.3588333333337	0.22999999999956344	trials	port_entry
1159.118833333334	0.8699666666670964	trials	port_entry
1200.548866666668	8.449999999998909	trials	reward_stimulus_presentation
1201.5488000000005	0.8000333333329763	trials	reward_delivery
1208.5988666666672	0.4899999999997817	trials	port_entry
1209.1088666666674	7.329999999999927	trials	port_entry
1219.6589000000004	2.789966666667169	trials	port_entry
1234.5388999999996	0.13000000000101863	trials	port_entry
1257.4689333333336	4.190000000000509	trials	port_entry
1274.618966666667	2.790000000000873	trials	port_entry
1290.5489333333335	19.999966666666296	trials	neutral_stimulus_presentation
1291.9189333333343	1.7800333333325398	trials	port_entry
1305.1889666666666	2.040000000000873	trials	port_entry
1340.889000000001	1.6300333333329036	trials	port_entry
1342.6290000000008	0.3599999999987631	trials	port_entry
1345.0990333333339	0.019966666666732635	trials	port_entry
1345.1890000000003	0.12003333333268529	trials	port_entry
1345.3690333333343	0.039999999999054126	trials	port_entry
1345.7690000000002	0.050033333332976326	trials	port_entry
1351.689033333334	0.4499999999989086	trials	port_entry
1352.2890333333344	0.6899999999986903	trials	port_entry
1353.889033333333	0.020000000000436557	trials	port_entry
1359.8690333333343	0.07999999999992724	trials	port_entry
1360.1590333333334	1.2800000000006548	trials	port_entry
1361.4590333333344	0.8699999999989814	trials	port_entry
1363.5690333333332	0.1500000000014552	trials	port_entry
1372.609033333334	0.020000000000436557	trials	port_entry
1374.3690333333343	0.029999999998835847	trials	port_entry
1374.5690333333332	0.569999999999709	trials	port_entry
1375.1590333333334	0.050000000001091394	trials	port_entry
1375.229033333333	0.2900000000008731	trials	port_entry
1375.5690333333332	0.4600000000009459	trials	port_entry
1376.1190333333343	0.07999999999992724	trials	port_entry
1376.269033333334	0.2999999999992724	trials	port_entry
1376.729033333333	0.27000000000043656	trials	port_entry
1377.3490333333339	0.25	trials	port_entry
1377.6190333333343	0.10999999999876309	trials	port_entry
1377.769033333334	0.019966666666732635	trials	port_entry
1378.139033333333	0.020000000000436557	trials	port_entry
1380.5490666666665	4.200000000000728	trials	reward_stimulus_presentation
1381.5490333333346	0.7999999999992724	trials	reward_delivery
1384.3490666666676	8.82986666666693	trials	port_entry
1408.319066666667	0.050000000001091394	trials	port_entry
1408.4190666666673	1.8799333333336108	trials	port_entry
1410.319066666667	0.030000000000654836	trials	port_entry
1410.3790666666664	0.020000000000436557	trials	port_entry
1428.8691	0.13000000000101863	trials	port_entry
1429.0691000000006	1.75	trials	port_entry
1443.0390333333344	1.7800666666662437	trials	port_entry
1445.0591000000004	0.17000000000007276	trials	port_entry
1445.309033333333	0.44006666666791716	trials	port_entry
1445.9691000000003	0.09000000000014552	trials	port_entry
1446.3890666666666	0.03003333333435876	trials	port_entry
1463.6491000000005	2.860000000000582	trials	port_entry
1470.5491333333339	20.00136666666731	trials	shock_stimulus_presentation
1490.3490333333339	0.3000333333329763	trials	shock_relay
1495.5691000000006	2.2399999999997817	trials	port_entry
1497.8590999999997	0.21006666666653473	trials	port_entry
1498.2791666666672	0.7299333333339746	trials	port_entry
1499.2291000000005	3.2300666666669713	trials	port_entry
1502.4891000000007	1.2600666666658071	trials	port_entry
1503.9491666666672	0.21999999999934516	trials	port_entry
1505.259133333333	0.6000000000003638	trials	port_entry
1507.939166666667	0.1899666666668054	trials	port_entry
1508.1791666666668	0.18000000000029104	trials	port_entry
1508.4091333333345	0.09000000000014552	trials	port_entry
1508.5191333333332	0.38000000000101863	trials	port_entry
1508.9591333333337	4.690033333334213	trials	port_entry
1515.9691666666677	0.10003333333224873	trials	port_entry
1516.0891666666666	0.07003333333341288	trials	port_entry
1519.7991666666676	0.22003333333304909	trials	port_entry
1532.3091999999997	0.2000000000007276	trials	port_entry
1532.7392	0.1499999999996362	trials	port_entry
1532.9292000000005	0.37999999999919964	trials	port_entry
1535.2092000000011	0.7699999999986176	trials	port_entry
1536.0092000000004	5.489999999999782	trials	port_entry
1553.3291666666664	0.050033333334795316	trials	port_entry
1553.5892000000003	0.8999999999996362	trials	port_entry
1555.5492333333332	20.0	trials	neutral_stimulus_presentation
1564.539200000001	0.14003333333312185	trials	port_entry
1564.7191999999995	0.8500333333340677	trials	port_entry
1565.7692000000006	0.02003333333232149	trials	port_entry
1566.4092333333338	0.020000000000436557	trials	port_entry
1573.589233333334	0.06999999999970896	trials	port_entry
1574.9292333333342	0.020000000000436557	trials	port_entry
1575.3492333333343	0.029999999998835847	trials	port_entry
1599.5992333333343	0.13999999999941792	trials	port_entry
1599.789233333333	2.5500333333347953	trials	port_entry
1602.3792666666668	0.42000000000007276	trials	port_entry
1602.9092666666675	2.209966666665423	trials	port_entry
1605.2092666666667	0.11000000000058208	trials	port_entry
1605.3992666666672	0.019966666666732635	trials	port_entry
1605.459233333333	0.3700333333345043	trials	port_entry
1605.8692666666666	0.11000000000058208	trials	port_entry
1606.0292666666664	2.150000000001455	trials	port_entry
1608.2292666666672	1.4998666666670033	trials	port_entry
1609.8291666666664	0.030000000000654836	trials	port_entry
1609.9392000000007	0.029999999998835847	trials	port_entry
1636.929266666668	1.9800333333332674	trials	port_entry
1645.5492666666669	20.001033333333908	trials	shock_stimulus_presentation
1649.149300000001	0.09000000000014552	trials	port_entry
1649.3492999999999	2.3000000000010914	trials	port_entry
1661.7493000000013	0.13999999999941792	trials	port_entry
1662.0193	0.930033333333995	trials	port_entry
1665.3492999999999	0.3000000000010914	trials	shock_relay
1683.7693	0.03996666666716919	trials	port_entry
1683.9593000000004	1.7100333333328308	trials	port_entry
1685.6893	1.3400333333338494	trials	port_entry
1712.9793333333346	0.09999999999854481	trials	port_entry
1713.1293333333342	0.6399999999994179	trials	port_entry
1713.9393333333337	0.030000000000654836	trials	port_entry
1740.5494333333336	20.0012999999999	trials	shock_stimulus_presentation
1760.349400000001	0.2999999999992724	trials	shock_relay
1775.9694	0.6499999999996362	trials	port_entry
1776.7894333333334	0.019933333333028713	trials	port_entry
1777.0894000000008	0.02003333333232149	trials	port_entry
1797.1694333333344	0.06993333333230112	trials	port_entry
1797.6994333333332	0.2600000000002183	trials	port_entry
1810.2994333333336	0.09003333333384944	trials	port_entry
1810.7294333333339	0.8200333333334129	trials	port_entry
1826.7294666666676	0.22999999999956344	trials	port_entry
1830.5494666666673	20.000033333333704	trials	neutral_stimulus_presentation
1841.5194666666666	0.19000000000050932	trials	port_entry
1841.8294999999998	0.029966666666950914	trials	port_entry
1841.9094999999998	0.050000000001091394	trials	port_entry
1842.3294999999998	0.9700000000011642	trials	port_entry
1846.079466666668	0.02003333333232149	trials	port_entry
1847.1794666666665	0.07003333333341288	trials	port_entry
1847.3194999999996	0.030000000000654836	trials	port_entry
1850.2794666666668	0.030000000000654836	trials	port_entry
1851.3994666666676	0.02003333333232149	trials	port_entry
1852.469500000001	0.37999999999919964	trials	port_entry
1853.6095000000005	0.07999999999992724	trials	port_entry
1910.549500000001	1.5700666666652978	trials	reward_stimulus_presentation
1911.5494666666673	0.7999999999992724	trials	reward_delivery
1911.719533333333	0.029933333333246992	trials	port_entry
1911.929533333334	6.670033333333777	trials	port_entry
1919.6595666666672	2.3299999999999272	trials	port_entry
1924.739566666667	1.8999999999996362	trials	port_entry
1963.9896000000008	0.029999999998835847	trials	port_entry
1964.1996	6.460000000000946	trials	port_entry
1971.6195333333344	0.03003333333253977	trials	port_entry
2000.549633333334	20.000033333333704	trials	neutral_stimulus_presentation
2002.0196333333333	0.09993333333295595	trials	port_entry
2002.2296333333343	1.6599999999998545	trials	port_entry
2026.1496666666662	2.3699666666670964	trials	port_entry
2028.5796666666665	0.38000000000101863	trials	port_entry
2062.279700000001	0.11999999999898137	trials	port_entry
2062.539700000001	0.8299999999999272	trials	port_entry
2074.609700000001	0.8699999999989814	trials	port_entry
2100.5497333333333	20.0	trials	neutral_stimulus_presentation
2103.0297333333347	0.7499333333325922	trials	port_entry
2138.359666666667	0.650100000000748	trials	port_entry
2190.5498000000007	20.000866666667207	trials	shock_stimulus_presentation
2204.119833333334	0.12999999999919964	trials	port_entry
2204.3898333333345	0.08999999999832653	trials	port_entry
2204.5598333333346	0.049999999999272404	trials	port_entry
2204.729833333333	0.1000000000003638	trials	port_entry
2204.939833333334	0.020000000000436557	trials	port_entry
2210.3497333333344	0.2999999999992724	trials	shock_relay
2212.0497333333333	5.740033333333486	trials	port_entry
2225.869833333334	1.0900333333338494	trials	port_entry
2228.059766666667	0.030000000000654836	trials	port_entry
2228.3998666666666	0.25996666666651436	trials	port_entry
2229.0498333333344	0.019999999998617568	trials	port_entry
2280.5499	1.4700000000011642	trials	reward_stimulus_presentation
2281.5499	0.8000000000010914	trials	reward_delivery
2281.619833333334	10.540100000000166	trials	port_entry
2294.3899	0.18000000000029104	trials	port_entry
2294.589866666667	1.9900333333334856	trials	port_entry
2296.6599000000006	1.3798999999999069	trials	port_entry
2334.269933333333	0.1000000000003638	trials	port_entry
2334.4999333333344	5.559999999999491	trials	port_entry
2340.359966666667	0.17996666666658712	trials	port_entry
2340.5899333333346	0.09999999999854481	trials	port_entry
2340.7199666666675	0.029999999998835847	trials	port_entry
2340.819933333334	0.10003333333224873	trials	port_entry
2340.979933333334	0.06999999999970896	trials	port_entry
2358.5899333333346	2.9800333333332674	trials	port_entry
2362.24	2.0599666666676058	trials	port_entry
2364.3199999999997	0.26996666666673264	trials	port_entry
2364.659966666668	0.4200333333319577	trials	port_entry
2368.7099666666672	0.050033333332976326	trials	port_entry
2368.779966666667	0.22003333333304909	trials	port_entry
2369.289966666667	0.020000000000436557	trials	port_entry
2369.409966666668	0.4599999999991269	trials	port_entry
2370.1799666666666	0.02003333333414048	trials	port_entry
2370.5499666666674	0.03003333333253977	trials	reward_stimulus_presentation
2371.5499666666674	0.7999999999992724	trials	reward_delivery
2375.869966666667	0.05999999999949068	trials	port_entry
2376.2299666666677	0.13999999999941792	trials	port_entry
2376.3899666666675	9.120033333332685	trials	port_entry
2386.74	0.050000000001091394	trials	port_entry
2386.8999999999996	0.1000000000003638	trials	port_entry
2387.0699999999997	1.3099666666676058	trials	port_entry
2388.4599666666672	0.28003333333253977	trials	port_entry
2388.8899666666675	0.6899666666668054	trials	port_entry
2404.8900000000012	2.639999999999418	trials	port_entry
2418.6200333333345	3.2599666666665144	trials	port_entry
2454.9200666666675	3.7700333333323215	trials	port_entry
2455.5500666666667	20.000033333333704	trials	neutral_stimulus_presentation
2488.3401000000013	0.17999999999847205	trials	port_entry
2488.6901	2.4500000000007276	trials	port_entry
2491.500100000001	0.019999999998617568	trials	port_entry
2499.4501333333337	0.19000000000050932	trials	port_entry
2499.7301333333344	1.5	trials	port_entry
2545.550166666668	3.7999999999992724	trials	reward_stimulus_presentation
2546.550166666668	0.7999999999992724	trials	reward_delivery
2548.9501666666674	1.2899999999990541	trials	port_entry
2550.2901666666676	6.6599999999998545	trials	port_entry
2558.590166666667	2.110033333334286	trials	port_entry
2619.9602333333332	4.460000000000946	trials	port_entry
2625.070233333334	2.2299999999995634	trials	port_entry
2636.4402333333346	1.9499666666652047	trials	port_entry
2640.550266666667	2.9400000000005093	trials	reward_stimulus_presentation
2641.550166666668	0.8000999999985652	trials	reward_delivery
2643.090266666668	0.06999999999970896	trials	port_entry
2643.2402666666676	0.15999999999985448	trials	port_entry
2643.4402666666665	0.08993333333455666	trials	port_entry
2643.5602666666673	7.6299999999992	trials	port_entry
2653.410233333334	1.3300333333336312	trials	port_entry
2656.010266666666	0.1400000000012369	trials	port_entry
2656.170266666668	1.2999999999992724	trials	port_entry
2676.5203	2.389966666667533	trials	port_entry
2704.8403	1.6099666666668782	trials	port_entry
2706.5202666666664	0.06000000000130967	trials	port_entry
2706.7103000000006	0.19000000000050932	trials	port_entry
2707.060300000001	0.23003333333326736	trials	port_entry
2718.7703666666675	0.029966666666950914	trials	port_entry
2718.860333333334	1.5399999999990541	trials	port_entry
2730.5503333333345	20.000899999999092	trials	shock_stimulus_presentation
2734.8502666666664	1.220066666666753	trials	port_entry
2750.3503333333338	0.3000333333329763	trials	shock_relay
2791.5404	0.07999999999992724	trials	port_entry
2791.6404	1.7999666666673875	trials	port_entry
2795.8903666666665	0.020000000000436557	trials	port_entry
2796.250366666667	0.020000000000436557	trials	port_entry
2796.3303333333333	0.050000000001091394	trials	port_entry
2796.7603666666673	0.07999999999992724	trials	port_entry
2796.870366666668	0.049999999999272404	trials	port_entry
2810.5504	20.0	trials	neutral_stimulus_presentation
2830.500400000001	0.09000000000014552	trials	port_entry
2830.7803999999996	1.4800333333332674	trials	port_entry
2832.3603999999996	1.3000333333347953	trials	port_entry
2868.070466666668	2.3699666666652774	trials	port_entry
2899.1204	3.2101333333339426	trials	port_entry
2900.5504666666675	20.000033333333704	trials	neutral_stimulus_presentation
2912.2405	1.8700000000008004	trials	port_entry
2923.8605333333344	1.6099666666668782	trials	port_entry
2941.970533333333	0.110033333334286	trials	port_entry
2942.1005000000005	0.9300666666658799	trials	port_entry
2960.470566666667	0.10996666666687815	trials	port_entry
2960.640566666667	0.6499999999996362	trials	port_entry
2972.3305666666674	0.9599999999991269	trials	port_entry
2987.2006	0.15999999999985448	trials	port_entry
3000.550633333334	20.000833333333503	trials	shock_stimulus_presentation
3020.3506333333335	0.3000000000010914	trials	shock_relay
3061.350666666667	0.1000000000003638	trials	port_entry
3061.7706666666672	0.020000000000436557	trials	port_entry
3090.5507	20.0	trials	neutral_stimulus_presentation
3180.550800000001	2.1899666666668054	trials	reward_stimulus_presentation
3181.550800000001	0.7999666666655685	trials	reward_delivery
3182.3408	0.15999999999985448	trials	port_entry
3182.6507666666676	0.1000000000003638	trials	port_entry
3182.8507666666665	7.370033333334504	trials	port_entry
3205.9807666666675	7.220033333333049	trials	port_entry
3226.6708333333336	1.5100000000002183	trials	port_entry
3228.230800000001	0.5100333333321032	trials	port_entry
3241.680833333334	1.7800000000006548	trials	port_entry
3253.2508333333335	0.05999999999949068	trials	port_entry
3253.4608333333344	2.5100000000002183	trials	port_entry
3255.9908333333333	0.1000000000003638	trials	port_entry
3256.1208333333343	0.26999999999861757	trials	port_entry
3256.4708333333347	1.0099999999983993	trials	port_entry
3270.5508666666665	20.0007999999998	trials	shock_stimulus_presentation
3290.3508666666676	0.2999999999992724	trials	shock_relay
3303.7409000000007	2.319999999999709	trials	port_entry
3319.4709000000003	2.0599999999994907	trials	port_entry
3335.9909000000007	1.6599999999998545	trials	port_entry
3355.550933333334	3.530000000000655	trials	reward_stimulus_presentation
3356.550933333334	0.7999999999992724	trials	reward_delivery
3358.680933333333	0.3500000000003638	trials	port_entry
3359.050933333334	5.610033333332467	trials	port_entry
3364.9609333333337	1.319999999999709	trials	port_entry
3375.5209333333332	2.25	trials	port_entry
3392.860966666667	0.1600333333335584	trials	port_entry
3393.0409666666674	1.389999999999418	trials	port_entry
3430.001	3.360000000000582	trials	port_entry
3442.361000000001	2.9899999999997817	trials	port_entry
3445.5510000000013	0.3999999999996362	trials	reward_stimulus_presentation
3445.5510000000013	0.12999999999919964	trials	port_entry
3446.5510000000013	0.7999999999992724	trials	reward_delivery
3446.6010000000006	0.049999999999272404	trials	port_entry
3446.7810333333346	9.769966666666733	trials	port_entry
3456.6910000000007	1.1999999999989086	trials	port_entry
3458.261033333334	0.04996666666556848	trials	port_entry
3458.421033333334	0.1999999999989086	trials	port_entry
3458.8909999999996	0.06000000000130967	trials	port_entry
3459.2210333333333	2.0100000000002183	trials	port_entry
3474.5310333333346	2.0200333333323215	trials	port_entry
3515.1910666666663	2.280000000000655	trials	port_entry
3517.5311	0.09000000000014552	trials	port_entry
3535.931066666668	1.4500333333326125	trials	port_entry
3540.5511333333343	4.949999999998909	trials	reward_stimulus_presentation
3541.5511333333343	0.7999999999992724	trials	reward_delivery
3545.1011333333336	0.21999999999934516	trials	port_entry
3545.4311333333335	0.4600000000009459	trials	port_entry
3545.911133333333	3.8800000000010186	trials	port_entry
3550.5211333333336	1.1300000000010186	trials	port_entry
3564.571133333333	0.9900333333334856	trials	port_entry
3588.261166666667	1.680000000000291	trials	port_entry
3590.9111666666668	0.040000000000873115	trials	port_entry
3591.2011666666676	0.17000000000007276	trials	port_entry
3592.4812	0.07996666666622332	trials	port_entry
3592.631166666668	2.219999999999345	trials	port_entry
3603.861200000001	1.3699666666652774	trials	port_entry
3630.5512333333336	20.001099999999497	trials	shock_stimulus_presentation
3650.3511333333336	0.30010000000038417	trials	shock_relay
3657.9612333333334	1.75	trials	port_entry
3659.811233333334	0.1000000000003638	trials	port_entry
3660.071233333334	0.030000000000654836	trials	port_entry
3660.191233333333	0.020000000000436557	trials	port_entry
3680.0712666666677	1.5199999999986176	trials	port_entry
3710.5512	3.040100000000166	trials	reward_stimulus_presentation
3711.5512666666673	0.8000333333329763	trials	reward_delivery
3713.1913000000004	0.2600000000002183	trials	port_entry
3713.541300000001	0.18000000000029104	trials	port_entry
3713.771200000001	5.150099999998929	trials	port_entry
3719.1713	1.0799999999999272	trials	port_entry
3730.891300000001	1.3799999999991996	trials	port_entry
3732.381300000001	0.18999999999869033	trials	port_entry
3732.601333333334	0.07996666666622332	trials	port_entry
3732.7313000000013	0.6700333333319577	trials	port_entry
3733.5213000000003	0.020000000000436557	trials	port_entry
3735.081266666668	0.019999999998617568	trials	port_entry
3736.111333333334	0.20996666666542296	trials	port_entry
3736.4213333333337	0.6000000000003638	trials	port_entry
3737.1612999999998	0.28003333333435876	trials	port_entry
3737.5013	0.030000000000654836	trials	port_entry
3739.511333333334	0.03996666666716919	trials	port_entry
3739.7513333333336	0.040000000000873115	trials	port_entry
3761.611333333334	1.930000000000291	trials	port_entry
3776.811366666667	1.3999333333340473	trials	port_entry
3778.6113000000005	0.020066666666025412	trials	port_entry
3778.7413333333334	0.03003333333435876	trials	port_entry
3779.811333333333	0.03003333333435876	trials	port_entry
3782.0913666666675	0.019966666666732635	trials	port_entry
3784.071366666667	0.5100000000002183	trials	port_entry
3791.111366666668	0.06999999999970896	trials	port_entry
3791.201366666666	0.1000000000003638	trials	port_entry
3791.9313666666676	0.049999999999272404	trials	port_entry
3793.1813666666676	0.1000000000003638	trials	port_entry
3794.061366666667	0.030000000000654836	trials	port_entry
3794.381266666667	0.07009999999900174	trials	port_entry
3794.5413666666664	0.2400000000016007	trials	port_entry
3795.5213666666677	0.3999999999996362	trials	port_entry
3795.941366666668	0.17996666666658712	trials	port_entry
3796.191366666668	0.11999999999898137	trials	port_entry
3800.5013666666673	0.020000000000436557	trials	port_entry
3800.5514000000003	20.0	trials	neutral_stimulus_presentation
3800.561366666667	0.029933333333246992	trials	port_entry
3813.2214000000004	4.75	trials	port_entry
3820.661400000001	0.039999999999054126	trials	port_entry
3820.9314000000013	1.0899999999983265	trials	port_entry
3822.1013999999996	0.019966666666732635	trials	port_entry
3822.3114000000005	0.25993333333281043	trials	port_entry
3822.8114000000005	0.14003333333312185	trials	port_entry
3879.191466666667	0.6899666666668054	trials	port_entry
3900.5514999999996	20.00106666666761	trials	shock_stimulus_presentation
3913.8214666666663	1.0900333333338494	trials	port_entry
3920.3515000000007	0.2999666666655685	trials	shock_relay
3983.391566666667	2.3799999999991996	trials	port_entry
3985.841533333334	1.8999999999996362	trials	port_entry
3990.5514666666677	20.000033333331885	trials	neutral_stimulus_presentation
4017.0316000000003	0.10996666666687815	trials	port_entry
4017.211566666667	1.1200000000008004	trials	port_entry
4018.4115666666676	0.17000000000007276	trials	port_entry
4018.6115666666665	0.02003333333414048	trials	port_entry
4018.761566666668	0.20999999999912689	trials	port_entry
4019.0815666666676	0.2600333333321032	trials	port_entry
4020.061566666667	0.029966666666950914	trials	port_entry
4033.8016000000007	0.019966666666732635	trials	port_entry
4048.9716000000008	1.6799333333328832	trials	port_entry
4054.0015666666677	0.02003333333232149	trials	port_entry
4054.0515333333333	0.0700666666671168	trials	port_entry
4054.561600000001	0.05999999999949068	trials	port_entry
4054.6415333333334	0.030099999999947613	trials	port_entry
4054.9316	0.20996666666724195	trials	port_entry
4055.1816	2.0900000000001455	trials	port_entry
4057.3016000000007	0.18000000000029104	trials	port_entry
4058.3515666666663	0.09996666666665988	trials	port_entry
4080.5516000000007	1.6000333333322487	trials	reward_stimulus_presentation
4081.5516000000007	0.7999999999992724	trials	reward_delivery
4081.7515999999996	9.550033333334795	trials	port_entry
4095.2816666666677	1.5	trials	port_entry
4113.6217	1.6000000000003638	trials	port_entry
4126.771700000001	1.8299999999999272	trials	port_entry
4135.511700000001	1.0799999999999272	trials	port_entry
4146.941700000001	1.3400333333320305	trials	port_entry
4152.641733333334	1.7700000000004366	trials	port_entry
4170.551733333334	2.7399999999997817	trials	reward_stimulus_presentation
4171.551733333334	0.7999999999992724	trials	reward_delivery
4172.891733333334	6.040033333332758	trials	port_entry
4179.1517	1.0900666666675534	trials	port_entry
4181.731766666668	1.1700000000000728	trials	port_entry
4182.931766666667	0.04996666666738747	trials	port_entry
4183.041766666667	0.31999999999970896	trials	port_entry
4183.671766666666	0.020000000000436557	trials	port_entry
4194.781766666667	1.1200000000008004	trials	port_entry
4229.381800000001	0.029999999998835847	trials	port_entry
4233.5918	0.020000000000436557	trials	port_entry
4233.631800000001	0.26996666666673264	trials	port_entry
4234.131800000001	0.12999999999919964	trials	port_entry
4246.271833333334	1.3699666666670964	trials	port_entry
4255.551833333333	1.4400000000005093	trials	reward_stimulus_presentation
4256.551833333333	0.8000000000010914	trials	reward_delivery
4256.591833333334	6.5900000000001455	trials	port_entry
4265.421833333334	1.0799999999999272	trials	port_entry
4271.631833333333	1.1700000000000728	trials	port_entry
4273.171833333334	0.020000000000436557	trials	port_entry
4274.3718333333345	0.019999999998617568	trials	port_entry
4295.481866666667	1.2199999999993452	trials	port_entry
4296.771866666668	0.09999999999854481	trials	port_entry
4297.221866666667	0.050000000001091394	trials	port_entry
4326.961800000001	1.7199666666656412	trials	port_entry
4345.1319	2.430000000000291	trials	port_entry
4345.5519	20.001633333333302	trials	shock_stimulus_presentation
4365.351933333333	0.3000000000010914	trials	shock_relay
4413.451966666667	1.8800333333329036	trials	port_entry
4422.042000000001	1.0	trials	port_entry
4425.651966666666	0.19003333333421324	trials	port_entry
4426.242	0.13000000000101863	trials	port_entry
4426.402	0.19000000000050932	trials	port_entry
4433.2119999999995	0.11000000000058208	trials	port_entry
4433.372000000001	1.109999999998763	trials	port_entry
4434.682000000001	0.020000000000436557	trials	port_entry
4434.9220000000005	0.9899999999997817	trials	port_entry
4440.552	1.3800000000010186	trials	reward_stimulus_presentation
4441.532000000001	6.990033333333486	trials	port_entry
4441.552	0.8000000000010914	trials	reward_delivery
4449.062	1.319999999999709	trials	port_entry
4468.792000000001	1.4100333333317394	trials	port_entry
4525.732100000001	0.019966666666732635	trials	port_entry
4530.552066666667	1.8900333333331218	trials	reward_stimulus_presentation
4531.552066666667	0.7999999999992724	trials	reward_delivery
4532.042100000001	6.539966666667169	trials	port_entry
4540.102066666666	1.8200333333334129	trials	port_entry
4551.1921	2.319999999999709	trials	port_entry
4563.372066666667	0.9500666666663165	trials	port_entry
4574.532066666667	0.790066666666462	trials	port_entry
4591.592133333334	0.030000000000654836	trials	port_entry
4591.782133333334	0.27999999999883585	trials	port_entry
4592.202166666668	0.16996666666636884	trials	port_entry
4596.582133333333	0.02003333333414048	trials	port_entry
4596.722133333335	0.029999999998835847	trials	port_entry
4596.802166666666	0.2000000000007276	trials	port_entry
4597.0221666666675	0.639966666665714	trials	port_entry
4598.162166666667	0.019966666666732635	trials	port_entry
4610.552166666666	1.5100000000002183	trials	reward_stimulus_presentation
4611.552166666666	0.8000000000010914	trials	reward_delivery
4611.662166666667	6.8400000000001455	trials	port_entry
4619.6422	0.889966666667533	trials	port_entry
4632.492200000001	1.2699333333330287	trials	port_entry
4641.592200000001	1.0499999999992724	trials	port_entry
4649.562233333334	0.8799999999991996	trials	port_entry
4650.592200000001	0.11003333333246701	trials	port_entry
4650.852233333333	0.040000000000873115	trials	port_entry
4700.5522666666675	10.5	trials	reward_stimulus_presentation
4701.5522666666675	0.7999999999992724	trials	reward_delivery
4710.652266666668	0.17999999999847205	trials	port_entry
4711.342266666667	0.029966666666950914	trials	port_entry
4711.392266666668	0.09000000000014552	trials	port_entry
4711.612266666667	0.06999999999970896	trials	port_entry
4712.092266666667	0.020000000000436557	trials	port_entry
4712.332266666666	3.3700333333345043	trials	port_entry
4718.9923	1.0200000000004366	trials	port_entry
4729.222300000001	0.8799999999991996	trials	port_entry
4740.722300000001	1.1199999999989814	trials	port_entry
4743.942300000001	0.020000000000436557	trials	port_entry
4744.612300000001	0.15996666666615056	trials	port_entry
4746.862300000001	0.02003333333232149	trials	port_entry
4747.362300000001	0.08003333333363116	trials	port_entry
4747.692300000001	0.03996666666716919	trials	port_entry
4753.672333333334	0.020000000000436557	trials	port_entry
4753.712300000001	0.060033333333194605	trials	port_entry
4753.892333333333	0.019966666666732635	trials	port_entry
4753.942333333334	0.09000000000014552	trials	port_entry
4755.442333333334	0.029999999998835847	trials	port_entry
4755.982333333333	0.020000000000436557	trials	port_entry
4757.172333333334	0.049999999999272404	trials	port_entry
4757.592333333334	0.05999999999949068	trials	port_entry
4757.692333333334	0.11999999999898137	trials	port_entry
4757.932333333334	0.22999999999956344	trials	port_entry
4758.2023333333345	0.05999999999949068	trials	port_entry
4758.3223333333335	0.030000000000654836	trials	port_entry
4758.382333333333	0.020000000000436557	trials	port_entry
4758.722333333333	0.06999999999970896	trials	port_entry
4760.602333333334	0.029999999998835847	trials	port_entry
4760.882333333333	0.06000000000130967	trials	port_entry
4761.022266666667	0.11006666666617093	trials	port_entry
4761.192333333334	0.019999999998617568	trials	port_entry
4761.3223333333335	0.030000000000654836	trials	port_entry
4761.672333333334	0.2899999999990541	trials	port_entry
4762.152333333333	0.020000000000436557	trials	port_entry
4762.872333333335	0.07999999999992724	trials	port_entry
4771.172333333334	1.1000000000003638	trials	port_entry
4797.012366666668	0.11999999999898137	trials	port_entry
4797.212366666667	0.7700000000004366	trials	port_entry
4800.552366666667	20.001333333333605	trials	shock_stimulus_presentation
4810.762366666668	0.11999999999898137	trials	port_entry
4810.952366666666	0.9899999999997817	trials	port_entry
4820.352366666668	0.3000333333329763	trials	shock_relay
4820.902366666667	0.060033333333194605	trials	port_entry
4821.642400000001	2.139999999999418	trials	port_entry
4830.412400000001	1.2600000000002183	trials	port_entry
4831.8423999999995	0.12000000000080036	trials	port_entry
4832.2724	0.020099999999729334	trials	port_entry
4842.3724	1.3700000000008004	trials	port_entry
4843.812400000001	0.2999999999992724	trials	port_entry
4845.1324	0.020000000000436557	trials	port_entry
4847.2124	0.020000000000436557	trials	port_entry
4851.3423999999995	0.23003333333508635	trials	port_entry
4853.562433333334	0.019966666666732635	trials	port_entry
4853.932433333333	0.020000000000436557	trials	port_entry
4865.912433333333	0.07999999999992724	trials	port_entry
4870.012433333333	0.020000000000436557	trials	port_entry
4890.552466666668	5.829999999999927	trials	reward_stimulus_presentation
4891.552433333334	0.8000333333329763	trials	reward_delivery
4895.982466666666	3.7400000000016007	trials	port_entry
4910.732466666666	0.9500000000007276	trials	port_entry
4920.242433333333	1.040033333334577	trials	port_entry
4972.362533333333	1.9800000000013824	trials	port_entry
4975.252533333334	0.12999999999919964	trials	port_entry
4980.5525333333335	20.000033333333704	trials	neutral_stimulus_presentation
5008.492566666668	1.1899999999986903	trials	port_entry
5009.802566666667	0.43000000000029104	trials	port_entry
5010.342500000001	0.14006666666682577	trials	port_entry
5017.332566666668	1.2699999999986176	trials	port_entry
5018.8025333333335	0.1300666666666075	trials	port_entry
5019.002533333334	0.07003333333341288	trials	port_entry
5025.052633333335	0.01989999999932479	trials	port_entry
5028.822566666668	0.6000000000003638	trials	port_entry
5029.4526000000005	0.019966666666732635	trials	port_entry
5029.972600000001	0.019966666666732635	trials	port_entry
5030.752566666668	0.02003333333232149	trials	port_entry
5031.312566666667	0.020000000000436557	trials	port_entry
5031.472566666667	0.02003333333232149	trials	port_entry
5069.412633333333	3.110000000000582	trials	port_entry
5070.552633333335	20.0012999999999	trials	shock_stimulus_presentation
5079.132600000001	0.04996666666556848	trials	port_entry
5079.202633333334	0.020000000000436557	trials	port_entry
5079.302633333335	0.029999999998835847	trials	port_entry
5079.432633333334	0.020000000000436557	trials	port_entry
5079.502566666668	0.03006666666624369	trials	port_entry
5080.0026333333335	0.09000000000014552	trials	port_entry
5081.892633333333	0.16996666666818783	trials	port_entry
5090.3526	0.3000333333329763	trials	shock_relay
5102.592633333334	1.3500333333340677	trials	port_entry
5119.642633333333	0.03003333333435876	trials	port_entry
5119.692666666668	0.049999999999272404	trials	port_entry
5155.552733333334	4.689966666666805	trials	reward_stimulus_presentation
5156.5526666666665	0.8000333333347953	trials	reward_delivery
5159.842700000001	0.26999999999861757	trials	port_entry
5160.132733333334	0.5200000000004366	trials	port_entry
5160.682700000001	0.09999999999854481	trials	port_entry
5160.8027	0.17003333333377668	trials	port_entry
5161.0627	0.049999999999272404	trials	port_entry
5161.1427	0.4099999999998545	trials	port_entry
5161.592666666667	0.10006666666595265	trials	port_entry
5161.742700000001	2.4200000000000728	trials	port_entry
5170.7127	1.180033333333995	trials	port_entry
5245.552800000001	20.000033333331885	trials	neutral_stimulus_presentation
5314.4229	0.11996666666709643	trials	port_entry
5314.592866666668	0.18999999999869033	trials	port_entry
5314.802866666667	0.21000000000094587	trials	port_entry
5315.132866666667	4.080033333333631	trials	port_entry
5325.4229	1.0400000000008731	trials	port_entry
5328.6929	0.040000000000873115	trials	port_entry
5329.1729	0.5200000000004366	trials	port_entry
5330.5229	0.020000000000436557	trials	port_entry
5340.552833333333	20.0	trials	neutral_stimulus_presentation
5345.082900000001	0.07999999999992724	trials	port_entry
5345.192866666666	1.1500000000014552	trials	port_entry
5346.4629	0.11000000000058208	trials	port_entry
5355.2729	1.2000333333344315	trials	port_entry
5381.802933333334	0.03993333333346527	trials	port_entry
5382.012933333333	1.2000000000007276	trials	port_entry
5383.402933333335	0.42999999999847205	trials	port_entry
5383.852933333334	0.020000000000436557	trials	port_entry
5404.272966666667	0.039999999999054126	trials	port_entry
5405.042966666668	0.019999999998617568	trials	port_entry
5405.312966666666	0.020000000000436557	trials	port_entry
5409.712966666668	0.17000000000007276	trials	port_entry
5410.462966666668	1.4599999999991269	trials	port_entry
5430.553	2.4500000000007276	trials	reward_stimulus_presentation
5431.552966666668	0.8000333333329763	trials	reward_delivery
5432.603000000001	0.07999999999992724	trials	port_entry
5432.842966666667	5.5200333333341405	trials	port_entry
5441.553	1.9500000000007276	trials	port_entry
5443.563	0.1000000000003638	trials	port_entry
5443.843000000001	0.19000000000050932	trials	port_entry
5444.173000000001	0.6399999999994179	trials	port_entry
5510.553066666667	20.000866666667207	trials	shock_stimulus_presentation
5513.603066666667	0.1499999999996362	trials	port_entry
5513.773066666667	2.6300000000010186	trials	port_entry
5521.9330666666665	0.040000000000873115	trials	port_entry
5522.543066666667	0.05999999999949068	trials	port_entry
5522.733066666668	0.17000000000007276	trials	port_entry
5522.923066666666	0.02003333333414048	trials	port_entry
5523.193066666667	0.15003333333334012	trials	port_entry
5523.543066666667	0.020000000000436557	trials	port_entry
5524.593066666666	0.020000000000436557	trials	port_entry
5524.633066666667	0.1000000000003638	trials	port_entry
5524.833033333334	0.02003333333232149	trials	port_entry
5524.893066666667	0.050033333332976326	trials	port_entry
5525.033066666667	0.02003333333414048	trials	port_entry
5530.353066666667	0.3000000000010914	trials	shock_relay
5540.9030999999995	0.09000000000014552	trials	port_entry
5541.242966666667	0.870133333333797	trials	port_entry
5542.1731	0.22999999999956344	trials	port_entry
5542.513066666666	0.1000000000003638	trials	port_entry
5542.9231	0.13000000000101863	trials	port_entry
5544.2531	0.020000000000436557	trials	port_entry
5547.133066666667	0.03003333333253977	trials	port_entry
5547.283100000001	0.039999999999054126	trials	port_entry
5549.463100000001	0.020000000000436557	trials	port_entry
5552.3431	0.050000000001091394	trials	port_entry
5556.0131	0.020000000000436557	trials	port_entry
5556.223100000001	0.12999999999919964	trials	port_entry
5559.723100000001	0.02003333333232149	trials	port_entry
5560.033100000001	0.03003333333253977	trials	port_entry
5560.103133333334	0.8799999999991996	trials	port_entry
5561.1131000000005	0.020000000000436557	trials	port_entry
5561.233100000001	0.039999999999054126	trials	port_entry
5561.2931333333345	0.8899999999994179	trials	port_entry
5562.203100000001	0.3999999999996362	trials	port_entry
5563.033100000001	0.6200333333326853	trials	port_entry
5570.213100000001	0.020000000000436557	trials	port_entry
5570.373133333334	0.029966666665131925	trials	port_entry
5570.5831333333335	0.21999999999934516	trials	port_entry
5570.903066666668	0.19003333333239425	trials	port_entry
5571.7731	0.12003333333268529	trials	port_entry
5571.9131	0.13000000000101863	trials	port_entry
5573.7431	0.030000000000654836	trials	port_entry
5573.953100000001	0.5900333333338494	trials	port_entry
5574.643100000001	0.060033333333194605	trials	port_entry
5574.723100000001	0.4499999999989086	trials	port_entry
5575.963100000001	0.029999999998835847	trials	port_entry
5576.0131	0.020000000000436557	trials	port_entry
5577.6631333333335	0.019966666666732635	trials	port_entry
5577.7631	0.09000000000014552	trials	port_entry
5578.2431	0.07000000000152795	trials	port_entry
5578.3531	0.110033333334286	trials	port_entry
5579.0131	0.27000000000043656	trials	port_entry
5579.723066666667	0.12006666666638921	trials	port_entry
5579.9331	0.020000000000436557	trials	port_entry
5581.643100000001	0.02003333333232149	trials	port_entry
5581.6831	0.030000000000654836	trials	port_entry
5582.0031	0.02003333333414048	trials	port_entry
5582.3531	0.09003333333384944	trials	port_entry
5582.533133333334	0.42000000000007276	trials	port_entry
5583.123133333334	0.029999999998835847	trials	port_entry
5584.8331333333335	0.1000000000003638	trials	port_entry
5585.133100000001	0.10999999999876309	trials	port_entry
5585.503133333334	0.029966666666950914	trials	port_entry
5585.6031	0.030000000000654836	trials	port_entry
5585.8531	0.13999999999941792	trials	port_entry
5589.123100000001	0.15999999999985448	trials	port_entry
5589.803100000001	0.06006666666689853	trials	port_entry
5589.883100000001	0.2500333333337039	trials	port_entry
5590.243133333333	0.020000000000436557	trials	port_entry
5590.7931333333345	0.039999999999054126	trials	port_entry
5591.743166666667	0.07996666666622332	trials	port_entry
5591.853133333334	0.050033333332976326	trials	port_entry
5593.573133333333	0.030000000000654836	trials	port_entry
5593.683133333334	0.039999999999054126	trials	port_entry
5593.993133333333	0.050000000001091394	trials	port_entry
5594.073133333333	0.06000000000130967	trials	port_entry
5594.303166666667	0.029966666666950914	trials	port_entry
5594.823133333333	0.22999999999956344	trials	port_entry
5595.193133333334	0.020000000000436557	trials	port_entry
5597.773133333334	0.029999999998835847	trials	port_entry
5598.103166666668	0.05996666666578676	trials	port_entry
5598.343133333334	0.37000000000080036	trials	port_entry
5600.553166666667	0.7399999999997817	trials	reward_stimulus_presentation
5600.893133333333	0.030000000000654836	trials	port_entry
5600.943166666668	0.019966666666732635	trials	port_entry
5601.553133333333	0.8000000000010914	trials	reward_delivery
5602.3331333333335	5.460000000000946	trials	port_entry
5608.773133333334	0.020000000000436557	trials	port_entry
5608.813133333333	0.030000000000654836	trials	port_entry
5609.243133333333	0.02003333333414048	trials	port_entry
5613.393133333333	0.12000000000080036	trials	port_entry
5613.573133333333	0.030000000000654836	trials	port_entry
5614.433133333334	0.020000000000436557	trials	port_entry
5616.453133333334	0.019999999998617568	trials	port_entry
5616.873133333334	0.2700333333323215	trials	port_entry
5617.313133333333	0.04003333333457704	trials	port_entry
5617.653166666667	0.13000000000101863	trials	port_entry
5619.943166666668	0.03003333333253977	trials	port_entry
5622.843133333334	0.02003333333414048	trials	port_entry
5632.1032	0.07996666666804231	trials	port_entry
5632.343200000001	0.06996666666600504	trials	port_entry
5632.753166666667	3.760033333333922	trials	port_entry
5642.2232	1.4299666666665871	trials	port_entry
5645.533166666668	0.13999999999941792	trials	port_entry
5645.733166666667	0.1499999999996362	trials	port_entry
5649.6232	1.2199666666674602	trials	port_entry
5670.783233333334	1.1200000000008004	trials	port_entry
5676.073200000001	0.14003333333312185	trials	port_entry
5676.243166666667	1.290033333332758	trials	port_entry
5700.553233333334	20.000033333333704	trials	neutral_stimulus_presentation
5713.523233333333	0.110033333334286	trials	port_entry
5713.703266666667	1.3799666666673147	trials	port_entry
5728.333200000001	0.2700666666660254	trials	port_entry
5728.633266666668	0.6899999999986903	trials	port_entry
5736.4833	2.0100000000002183	trials	port_entry
5790.553333333333	19.99993333333441	trials	neutral_stimulus_presentation
5799.273366666666	2.720000000001164	trials	port_entry
5840.4534	1.389999999999418	trials	port_entry
5880.553433333333	20.00113333333502	trials	shock_stimulus_presentation
5900.353366666668	0.2999999999992724	trials	shock_relay
5970.553533333334	20.0	trials	neutral_stimulus_presentation
5983.973533333336	1.6699999999982538	trials	port_entry
5985.883533333335	0.6299666666636767	trials	port_entry
5986.853533333333	0.020000000000436557	trials	port_entry
6035.583566666666	0.1500000000014552	trials	port_entry
6035.823566666668	1.069999999999709	trials	port_entry
6037.033600000001	0.5200000000004366	trials	port_entry
6037.823566666668	0.029999999998835847	trials	port_entry
6055.553633333335	2.2699666666667326	trials	reward_stimulus_presentation
6056.553600000001	0.7999999999992724	trials	reward_delivery
6057.4236	4.669966666668188	trials	port_entry
6063.3336	0.049999999999272404	trials	port_entry
6063.783600000001	0.03993333333346527	trials	port_entry
6073.383599999999	0.05996666666760575	trials	port_entry
6073.4936	0.2600333333357412	trials	port_entry
6081.433666666666	0.13996666666935198	trials	port_entry
6081.653633333333	3.319999999999709	trials	port_entry
6119.933666666666	0.06999999999970896	trials	port_entry
6120.0536666666685	1.7599999999983993	trials	port_entry
6125.533633333334	0.9500333333344315	trials	port_entry
6126.743666666667	0.020000000000436557	trials	port_entry
6128.663666666665	0.020000000000436557	trials	port_entry
6145.553700000002	20.000999999996566	trials	shock_stimulus_presentation
6165.3537000000015	0.2999666666655685	trials	shock_relay
6196.173733333335	1.8099999999976717	trials	port_entry
6198.043733333334	0.13009999999849242	trials	port_entry
6198.793733333334	0.020000000000436557	trials	port_entry
6205.663733333333	1.6900333333360322	trials	port_entry
6207.843733333333	0.2400000000016007	trials	port_entry
6208.193766666665	0.029966666668769903	trials	port_entry
6240.5538	2.2299666666658595	trials	reward_stimulus_presentation
6241.5538	0.7999333333355025	trials	reward_delivery
6242.383766666668	5.730033333333267	trials	port_entry
6249.423766666669	1.2199999999975262	trials	port_entry
6255.543766666668	1.2200000000011642	trials	port_entry
6287.783799999999	1.9900333333353046	trials	port_entry
6290.903833333336	0.12996666666367673	trials	port_entry
6296.613800000001	0.029999999998835847	trials	port_entry
6296.723766666668	0.08003333333181217	trials	port_entry
6296.993833333332	0.3000000000029104	trials	port_entry
6297.633800000001	0.1600333333335584	trials	port_entry
6305.8138666666655	0.07000000000334694	trials	port_entry
6330.553866666667	20.000033333333704	trials	neutral_stimulus_presentation
6372.813933333333	2.430000000000291	trials	port_entry
6377.383933333333	0.11000000000058208	trials	port_entry
6377.533933333334	0.06999999999970896	trials	port_entry
6388.043899999999	2.6300333333347226	trials	port_entry
6391.493933333333	0.10000000000218279	trials	port_entry
6396.723933333333	0.3100000000013097	trials	port_entry
6397.393933333335	0.9500000000007276	trials	port_entry
6410.553966666668	1.9199999999982538	trials	reward_stimulus_presentation
6411.553966666668	0.7999999999992724	trials	reward_delivery
6412.073966666669	5.5099333333309914	trials	port_entry
6419.323966666669	0.049999999999272404	trials	port_entry
6419.7239666666665	0.029999999998835847	trials	port_entry
6419.863966666666	1.9099999999998545	trials	port_entry
6432.493966666667	1.389999999999418	trials	port_entry
6433.993966666667	0.18000000000029104	trials	port_entry
6434.213900000001	0.1300666666647885	trials	port_entry
6439.183999999999	1.2400000000016007	trials	port_entry
6440.564	0.22000000000116415	trials	port_entry
6440.833966666667	0.029966666665131925	trials	port_entry
6482.014000000001	0.019933333333028713	trials	port_entry
6482.073999999999	0.26996666666673264	trials	port_entry
6482.394033333332	0.1599000000023807	trials	port_entry
6483.533933333334	0.0200666666678444	trials	port_entry
6484.5439333333325	0.15010000000256696	trials	port_entry
6489.773999999999	0.2500333333337039	trials	port_entry
6491.543966666666	0.06000000000130967	trials	port_entry
6491.824033333332	0.14003333333312185	trials	port_entry
6492.043966666666	0.2700333333341405	trials	port_entry
6492.374000000002	0.1499999999978172	trials	port_entry
6492.5439333333325	0.1900000000023283	trials	port_entry
6492.753933333335	0.6899999999986903	trials	port_entry
6493.593999999999	1.569933333335939	trials	port_entry
6500.554000000002	1.0900000000001455	trials	reward_stimulus_presentation
6501.243966666667	5.990033333335305	trials	port_entry
6501.554000000002	0.7999999999992724	trials	reward_delivery
6520.7140666666655	1.9600000000027649	trials	port_entry
6535.914066666666	2.1199333333352115	trials	port_entry
6540.4841	0.8499666666684789	trials	port_entry
6565.4141	1.5499999999992724	trials	port_entry
6567.0241000000005	0.1500000000014552	trials	port_entry
6567.194099999999	0.07000000000334694	trials	port_entry
6567.284099999999	0.21000000000276486	trials	port_entry
6567.804099999999	0.9500000000007276	trials	port_entry
6573.4341	1.4200333333319577	trials	port_entry
6574.944099999999	0.10000000000218279	trials	port_entry
6575.2541	0.36999999999898137	trials	port_entry
6575.694099999999	0.2400000000016007	trials	port_entry
6576.034099999999	0.06000000000130967	trials	port_entry
6576.334100000002	0.01999999999679858	trials	port_entry
6576.384133333335	0.019966666666732635	trials	port_entry
6600.554099999999	20.000800000001618	trials	shock_stimulus_presentation
6620.354133333332	0.3000000000029104	trials	shock_relay
6634.434166666668	1.430000000000291	trials	port_entry
6656.224100000001	0.22009999999863794	trials	port_entry
6657.904199999999	1.3399666666664416	trials	port_entry
6683.774200000002	0.059999999997671694	trials	port_entry
6690.5542000000005	19.999966666666296	trials	neutral_stimulus_presentation
6716.774233333335	0.17999999999665306	trials	port_entry
6739.444266666667	0.11999999999898137	trials	port_entry
6739.634233333332	2.390033333333122	trials	port_entry
6758.974266666666	0.13999999999941792	trials	port_entry
6759.274266666665	0.9800000000032014	trials	port_entry
6762.7243	0.019966666666732635	trials	port_entry
6765.984266666668	0.34003333333384944	trials	port_entry
6767.854266666667	0.03003333333253977	trials	port_entry
6768.0443	0.019966666666732635	trials	port_entry
6768.204299999999	0.019966666666732635	trials	port_entry
6768.274266666665	0.040000000000873115	trials	port_entry
6768.394266666668	0.31999999999970896	trials	port_entry
6780.554300000002	2.4799999999995634	trials	reward_stimulus_presentation
6781.554300000002	0.7999999999992724	trials	reward_delivery
6782.6343	4.479999999999563	trials	port_entry
6800.034300000001	2.9500000000007276	trials	port_entry
6803.044333333333	1.2699666666667326	trials	port_entry
6811.824300000002	0.0200333333305025	trials	port_entry
6819.624333333335	1.1299999999973807	trials	port_entry
6826.794333333333	1.4200000000018917	trials	port_entry
6859.714399999999	0.7300000000032014	trials	port_entry
6870.554399999999	1.75	trials	reward_stimulus_presentation
6871.554399999999	0.7999000000017986	trials	reward_delivery
6871.904400000001	6.200000000000728	trials	port_entry
6879.464399999999	1.0	trials	port_entry
6898.154433333335	1.6499999999978172	trials	port_entry
6906.474433333335	0.9199999999982538	trials	port_entry
6920.044433333334	0.020000000000436557	trials	port_entry
6928.894466666667	0.29993333333550254	trials	port_entry
6929.414466666667	1.0200000000004366	trials	port_entry
6955.554399999999	20.001100000001315	trials	shock_stimulus_presentation
6975.354400000002	0.30006666666668025	trials	shock_relay
6978.274500000001	0.11999999999898137	trials	port_entry
6994.454533333335	1.3399333333327377	trials	port_entry
7026.0345333333335	1.1700000000018917	trials	port_entry
7045.364566666669	7.049999999999272	trials	port_entry
7045.554566666668	0.20999999999912689	trials	reward_stimulus_presentation
7046.554533333334	0.7999999999992724	trials	reward_delivery
7055.224566666666	2.069999999999709	trials	port_entry
7078.524599999999	0.2000000000007276	trials	port_entry
7078.754600000002	1.9399999999986903	trials	port_entry
7081.464633333335	0.07996666666440433	trials	port_entry
7081.614599999999	0.18000000000029104	trials	port_entry
7120.504633333332	1.390000000003056	trials	port_entry
7131.144633333335	1.4199999999982538	trials	port_entry
7137.094633333332	0.7199333333337563	trials	port_entry
7140.554666666669	0.9899666666642588	trials	reward_stimulus_presentation
7141.144633333335	6.460033333332831	trials	port_entry
7141.554633333335	0.7999999999992724	trials	reward_delivery
7158.424633333334	1.9499333333333198	trials	port_entry
7167.3246666666655	1.0800000000017462	trials	port_entry
7169.794666666667	0.03989999999976135	trials	port_entry
7170.464666666669	0.01999999999679858	trials	port_entry
7172.854600000001	0.09006666666755336	trials	port_entry
7173.014666666668	0.029933333331428003	trials	port_entry
7175.074600000002	0.04003333333093906	trials	port_entry
7177.394633333335	0.04993333333186456	trials	port_entry
7198.8647	0.11999999999898137	trials	port_entry
7199.244666666667	0.27999999999883585	trials	port_entry
7199.574600000002	0.37010000000009313	trials	port_entry
7200.284700000002	0.17999999999665306	trials	port_entry
7200.5947	0.1500000000014552	trials	port_entry
7200.944666666668	0.020000000000436557	trials	port_entry
7216.674633333334	1.5500666666666802	trials	port_entry
7220.1147	0.1500000000014552	trials	port_entry
7220.304633333335	0.10006666666595265	trials	port_entry
7220.454633333333	0.5000666666674078	trials	port_entry
7230.5547333333325	20.001033333333908	trials	shock_stimulus_presentation
7232.324699999999	1.2900000000008731	trials	port_entry
7250.354666666668	0.30010000000038417	trials	shock_relay
7255.964699999999	0.06000000000130967	trials	port_entry
7299.2948000000015	0.04996666666556848	trials	port_entry
7299.6047666666655	0.9600000000027649	trials	port_entry
7310.5548	2.0800000000017462	trials	reward_stimulus_presentation
7311.554766666666	0.7999999999992724	trials	reward_delivery
7312.2347666666665	4.620033333332685	trials	port_entry
7322.904700000001	0.8900666666668258	trials	port_entry
7333.694833333333	1.819966666666005	trials	port_entry
7335.684800000001	0.22000000000116415	trials	port_entry
7349.4848	1.0	trials	port_entry
7351.724800000002	1.0399999999972351	trials	port_entry
7361.404800000002	0.9199666666645498	trials	port_entry
7362.534833333333	0.22996666666585952	trials	port_entry
7362.784799999999	0.020000000000436557	trials	port_entry
7362.844800000001	0.22999999999956344	trials	port_entry
7385.094866666668	0.15999999999985448	trials	port_entry
7400.554866666667	20.000033333333704	trials	neutral_stimulus_presentation
7404.444866666667	0.1700333333319577	trials	port_entry
7404.664833333334	0.10003333333224873	trials	port_entry
7447.4549333333325	1.4099999999998545	trials	port_entry
7459.544933333333	0.13999999999941792	trials	port_entry
7459.854933333334	0.13000000000101863	trials	port_entry
7460.034933333334	0.020000000000436557	trials	port_entry
7460.094933333336	0.3999999999978172	trials	port_entry
7460.5849333333335	1.4200000000018917	trials	port_entry
7462.024900000002	0.25	trials	port_entry
7483.044966666666	0.2000000000007276	trials	port_entry
7483.344933333336	0.2100333333328308	trials	port_entry
7483.624933333334	0.02003333333414048	trials	port_entry
7483.684933333332	0.020000000000436557	trials	port_entry
7499.564966666667	6.0900000000001455	trials	port_entry
7500.555000000002	5.599966666664841	trials	reward_stimulus_presentation
7501.554966666668	0.7999999999992724	trials	reward_delivery
7505.7549666666655	0.4500000000007276	trials	port_entry
7506.284933333334	1.4600333333328308	trials	port_entry
7563.315033333334	0.13999999999941792	trials	port_entry
7563.525033333333	2.100000000002183	trials	port_entry
7586.885033333334	1.3499999999985448	trials	port_entry
7588.3750333333355	0.01999999999679858	trials	port_entry
7588.415033333333	0.020000000000436557	trials	port_entry
7590.554966666668	2.0500666666666802	trials	reward_stimulus_presentation
7591.555033333332	0.7999333333355025	trials	reward_delivery
7592.205033333334	0.2700333333341405	trials	port_entry
7592.585066666668	5.0	trials	port_entry
7597.645066666666	0.3500000000021828	trials	port_entry
7598.835066666668	0.019966666666732635	trials	port_entry
7612.655066666668	2.1899999999986903	trials	port_entry
7624.835066666668	1.0999999999985448	trials	port_entry
7644.405100000002	0.059999999997671694	trials	port_entry
7644.8951	1.1700000000018917	trials	port_entry
7680.555133333333	19.999933333332592	trials	neutral_stimulus_presentation
7726.475166666669	0.08999999999650754	trials	port_entry
7766.145200000001	0.09999999999854481	trials	port_entry
7766.4252	1.16990000000078	trials	port_entry
7770.555200000001	20.001000000000204	trials	shock_stimulus_presentation
7790.3552	0.2999999999992724	trials	shock_relay
7855.555300000002	2.6499666666641133	trials	reward_stimulus_presentation
7856.555266666668	0.7999999999992724	trials	reward_delivery
7857.805266666668	0.16999999999825377	trials	port_entry
7858.225266666666	3.2000333333344315	trials	port_entry
7878.325300000002	3.140033333333122	trials	port_entry
7889.025333333333	1.3099666666676058	trials	port_entry
7893.325300000002	0.07999999999810825	trials	port_entry
7893.505333333333	0.4000000000014552	trials	port_entry
7894.055300000002	0.04003333333093906	trials	port_entry
7894.1353	0.020000000000436557	trials	port_entry
7895.025333333333	0.029966666668769903	trials	port_entry
7901.915299999999	0.14003333333675982	trials	port_entry
7902.075233333335	0.8800666666647885	trials	port_entry
7902.995266666667	0.09003333333384944	trials	port_entry
7903.1253000000015	0.029999999998835847	trials	port_entry
7903.195300000001	0.020000000000436557	trials	port_entry
7903.3153	0.09999999999854481	trials	port_entry
7905.385333333334	0.1299666666673147	trials	port_entry
7905.705333333333	0.019966666666732635	trials	port_entry
7905.925266666667	0.39003333333312185	trials	port_entry
7906.465333333335	0.019966666666732635	trials	port_entry
7911.1553	0.020000000000436557	trials	port_entry
7911.585333333334	0.019966666666732635	trials	port_entry
7911.715300000002	0.020000000000436557	trials	port_entry
7912.1253000000015	0.1600333333335584	trials	port_entry
7914.145333333332	0.019966666666732635	trials	port_entry
7914.255299999999	0.030000000002473826	trials	port_entry
7918.855300000001	0.2000000000007276	trials	port_entry
7919.115266666666	0.030000000002473826	trials	port_entry
7919.4753	0.24996666666629608	trials	port_entry
7935.265333333335	0.12999999999738066	trials	port_entry
7935.495333333334	0.8699999999989814	trials	port_entry
7945.555366666666	20.001600000003236	trials	shock_stimulus_presentation
7957.635333333334	1.3100000000013097	trials	port_entry
7965.3553666666685	0.2999666666655685	trials	shock_relay
8002.355433333332	1.140000000003056	trials	port_entry
8040.555466666667	20.0	trials	reward_stimulus_presentation
8041.555433333333	0.7999999999992724	trials	reward_delivery
8105.525500000002	0.3999999999978172	trials	port_entry
8105.975499999999	0.27000000000043656	trials	port_entry
8106.2654999999995	0.6700000000018917	trials	port_entry
8106.985500000001	2.110000000000582	trials	port_entry
8123.0755333333345	1.1300000000010186	trials	port_entry
8130.555533333334	20.0	trials	neutral_stimulus_presentation
8163.405566666666	1.2200000000011642	trials	port_entry
8164.855466666666	1.0501000000003842	trials	port_entry
8166.045566666666	0.17000000000189175	trials	port_entry
8180.425566666667	1.1500000000014552	trials	port_entry
8192.255500000001	0.2900999999983469	trials	port_entry
8192.7056	0.22999999999956344	trials	port_entry
8193.125600000001	1.3499999999985448	trials	port_entry
8208.505600000002	0.2599999999983993	trials	port_entry
8209.775466666668	0.049999999999272404	trials	port_entry
8210.095466666668	6.86013333333176	trials	port_entry
8210.555466666667	7.010033333332103	trials	reward_stimulus_presentation
8211.555533333334	0.7999999999992724	trials	reward_delivery
8217.165500000001	0.020000000000436557	trials	port_entry
8218.6455	0.09999999999854481	trials	port_entry
8218.8355	1.1101000000016938	trials	port_entry
8277.955666666667	3.5600000000013097	trials	port_entry
8282.885666666667	0.11999999999898137	trials	port_entry
8283.075666666666	0.8700000000026193	trials	port_entry
8284.155666666667	0.029999999998835847	trials	port_entry
8300.2357	6.819999999999709	trials	port_entry
8300.555633333335	0.0800666666655161	trials	reward_stimulus_presentation
8301.555633333335	0.7999666666655685	trials	reward_delivery
8312.2957	1.5999666666648409	trials	port_entry
8322.3257	2.680000000000291	trials	port_entry
8326.125699999999	1.5500333333366143	trials	port_entry
8327.765700000002	0.16999999999825377	trials	port_entry
8328.065700000001	0.13003333333108458	trials	port_entry
8328.4357	0.33000000000174623	trials	port_entry
8328.785700000002	0.6099333333331742	trials	port_entry
8329.4956	1.2001000000018394	trials	port_entry
8330.745700000001	0.059999999997671694	trials	port_entry
8330.8257	0.47000000000116415	trials	port_entry
8331.395733333333	1.139966666669352	trials	port_entry
8332.945700000002	0.07999999999810825	trials	port_entry
8333.125699999999	3.4200333333355957	trials	port_entry
8336.6457	2.000033333333704	trials	port_entry
8338.7257	0.050033333332976326	trials	port_entry
8338.945700000002	0.01999999999679858	trials	port_entry
8339.115733333334	0.029966666665131925	trials	port_entry
8339.445700000002	0.39003333333312185	trials	port_entry
8339.925666666668	1.2800666666662437	trials	port_entry
8381.945766666666	1.1200000000026193	trials	port_entry
8383.085766666669	0.049999999999272404	trials	port_entry
8383.235766666667	0.040000000000873115	trials	port_entry
8385.335766666669	0.04993333333186456	trials	port_entry
8386.535766666666	0.030000000002473826	trials	port_entry
8386.585700000001	0.24006666666537058	trials	port_entry
8389.905733333335	0.019966666666732635	trials	port_entry
8398.615766666668	1.0499999999992724	trials	port_entry
8400.555766666666	20.000033333333704	trials	neutral_stimulus_presentation
8427.325766666667	1.6599999999998545	trials	port_entry
8446.025733333334	2.5901000000012573	trials	port_entry
8477.215833333334	1.3000666666666802	trials	port_entry
8487.225866666666	0.6900000000023283	trials	port_entry
8490.555866666667	3.5199333333330287	trials	reward_stimulus_presentation
8491.555866666667	0.7999999999992724	trials	reward_delivery
8493.675866666666	0.39993333333404735	trials	port_entry
8494.425866666666	0.3400000000001455	trials	port_entry
8494.7858	4.430033333333995	trials	port_entry
8514.895866666668	1.0899333333327377	trials	port_entry
8516.215833333334	0.14006666666682577	trials	port_entry
8516.525899999999	2.6200000000026193	trials	port_entry
8534.025899999999	0.7300000000032014	trials	port_entry
8534.825866666668	0.2100333333328308	trials	port_entry
8535.1059	1.6700333333319577	trials	port_entry
8553.325933333335	1.0799999999981083	trials	port_entry
8580.555966666669	20.000899999999092	trials	shock_stimulus_presentation
8598.925966666668	0.25	trials	port_entry
8599.365966666666	0.10000000000218279	trials	port_entry
8599.655966666667	0.11000000000058208	trials	port_entry
8600.145966666669	0.029999999998835847	trials	port_entry
8600.305966666669	0.039999999997235136	trials	port_entry
8600.355966666668	0.30010000000038417	trials	shock_relay
8600.365966666666	0.020000000000436557	trials	port_entry
8620.145999999999	0.3100000000013097	trials	port_entry
8620.666	0.220066666668572	trials	port_entry
8620.906	0.36999999999898137	trials	port_entry
8621.666	0.020000000000436557	trials	port_entry
8622.656	0.029999999998835847	trials	port_entry
8634.206	1.319999999999709	trials	port_entry
8670.556066666666	2.02996666666877	trials	reward_stimulus_presentation
8671.556033333332	0.8000000000029104	trials	reward_delivery
8672.186033333333	4.330000000001746	trials	port_entry
8678.716033333332	1.1200000000026193	trials	port_entry
8684.356066666665	0.8500000000021828	trials	port_entry
8709.476100000002	1.1199666666652774	trials	port_entry
8719.976100000002	0.9199999999982538	trials	port_entry
8742.0561	1.3400000000001455	trials	port_entry
8743.476133333335	0.27986666666402016	trials	port_entry
8755.5561	20.000033333333704	trials	reward_stimulus_presentation
8756.5561	0.8000333333329763	trials	reward_delivery
8777.276133333335	0.1499999999978172	trials	port_entry
8777.746133333332	0.2800000000024738	trials	port_entry
8778.046133333335	4.279999999998836	trials	port_entry
8788.456133333335	0.930033333330357	trials	port_entry
8794.016166666666	1.0600000000013097	trials	port_entry
8795.136133333335	0.1600333333335584	trials	port_entry
8795.326133333334	0.02003333333414048	trials	port_entry
8795.456133333335	0.7500333333337039	trials	port_entry
8796.266166666666	0.030000000002473826	trials	port_entry
8798.076166666668	0.15999999999985448	trials	port_entry
8799.786166666667	0.029999999998835847	trials	port_entry
8800.336166666666	0.07003333333341288	trials	port_entry
8800.426166666666	0.020000000000436557	trials	port_entry
8800.496166666666	0.7199666666674602	trials	port_entry
8813.116166666669	1.8699999999989814	trials	port_entry
8816.976166666665	0.2400000000016007	trials	port_entry
8824.136166666665	0.930000000000291	trials	port_entry
8825.086166666666	0.08000000000174623	trials	port_entry
8825.426166666666	0.030000000002473826	trials	port_entry
8838.8062	1.1599999999998545	trials	port_entry
8840.0162	0.029999999998835847	trials	port_entry
8840.1062	0.33000000000174623	trials	port_entry
8840.526200000002	0.01999999999679858	trials	port_entry
8845.5562	20.000833333331684	trials	shock_stimulus_presentation
8847.3062	1.2799999999988358	trials	port_entry
8848.686200000002	0.3099999999976717	trials	port_entry
8849.0862	0.7200000000011642	trials	port_entry
8849.8762	0.04993333333186456	trials	port_entry
8865.3562	0.2999999999992724	trials	shock_relay
8870.636199999999	0.4500333333344315	trials	port_entry
8940.556300000002	1.9899999999979627	trials	reward_stimulus_presentation
8941.556266666668	0.8000333333329763	trials	reward_delivery
8942.146300000002	5.44999999999709	trials	port_entry
8948.296233333333	0.9900666666690086	trials	port_entry
8955.266300000001	0.8799666666673147	trials	port_entry
8968.236299999999	1.1500000000014552	trials	port_entry
8987.676300000001	0.09003333333384944	trials	port_entry
8988.046266666666	0.06999999999970896	trials	port_entry
8989.286333333335	1.3099666666639678	trials	port_entry
9006.156333333334	1.9800333333332674	trials	port_entry
9030.386366666668	1.2200000000011642	trials	port_entry
9030.556366666666	20.001500000002125	trials	shock_stimulus_presentation
9050.356366666669	0.2999999999992724	trials	shock_relay
9050.557866666668	0.2085333333343442	trials	port_entry
9050.946366666669	0.1099999999969441	trials	port_entry
9051.076366666666	0.22003333333486808	trials	port_entry
9051.836366666668	0.029999999998835847	trials	port_entry
9051.906366666668	0.02003333333414048	trials	port_entry
9052.576366666666	0.049999999999272404	trials	port_entry
9059.076366666666	0.06000000000130967	trials	port_entry
9103.316433333335	0.15996666666615056	trials	port_entry
9103.586433333332	1.360033333334286	trials	port_entry
9110.556466666667	1.0600000000013097	trials	reward_stimulus_presentation
9111.216466666667	0.18999999999869033	trials	port_entry
9111.426400000002	4.220066666664934	trials	port_entry
9111.556466666667	0.7999999999992724	trials	reward_delivery
9117.796466666668	0.15999999999985448	trials	port_entry
9117.996466666666	2.220000000001164	trials	port_entry
9121.576466666667	0.020000000000436557	trials	port_entry
9139.666466666667	0.110033333334286	trials	port_entry
9139.796466666668	0.039999999997235136	trials	port_entry
9139.906466666665	0.060033333335013594	trials	port_entry
9144.8965	0.040000000000873115	trials	port_entry
9146.2165	0.569999999999709	trials	port_entry
9148.2165	0.019966666666732635	trials	port_entry
9148.436500000002	0.029999999998835847	trials	port_entry
9148.6765	0.049999999999272404	trials	port_entry
9149.1265	0.06999999999970896	trials	port_entry
9151.956500000002	0.1099999999969441	trials	port_entry
9152.0865	1.2798333333339542	trials	port_entry
9160.956500000002	2.599999999998545	trials	port_entry
9171.7665	0.38000000000101863	trials	port_entry
9200.556533333334	20.000033333333704	trials	neutral_stimulus_presentation
9221.356566666667	1.0799999999981083	trials	port_entry
9234.056566666668	1.6199999999989814	trials	port_entry
9243.636566666666	0.030000000002473826	trials	port_entry
9243.686566666665	0.05000000000291038	trials	port_entry
9243.776566666666	0.04003333333457704	trials	port_entry
9244.356533333334	0.04996666666556848	trials	port_entry
9251.2266	0.2400000000016007	trials	port_entry
9251.966600000002	0.020000000000436557	trials	port_entry
9256.2066	0.06999999999970896	trials	port_entry
9256.556600000002	0.020000000000436557	trials	port_entry
9256.6766	0.020000000000436557	trials	port_entry
9257.346599999999	0.11000000000058208	trials	port_entry
9259.686599999999	0.020000000000436557	trials	port_entry
9259.916599999999	0.10000000000218279	trials	port_entry
9260.756599999999	0.27000000000043656	trials	port_entry
9261.096599999999	0.020000000000436557	trials	port_entry
9264.4066	0.020000000000436557	trials	port_entry
9265.966600000002	0.020000000000436557	trials	port_entry
9266.146600000002	0.01999999999679858	trials	port_entry
9266.396600000002	0.01999999999679858	trials	port_entry
9266.486600000002	0.01999999999679858	trials	port_entry
9266.576600000002	0.3599666666632402	trials	port_entry
9268.216600000002	0.049999999999272404	trials	port_entry
9268.686599999999	0.040000000000873115	trials	port_entry
9272.1166	0.030000000002473826	trials	port_entry
9272.606600000001	0.09000000000014552	trials	port_entry
9272.7266	0.22000000000116415	trials	port_entry
9273.466600000002	0.029933333331428003	trials	port_entry
9273.696600000001	0.25	trials	port_entry
9273.966600000002	0.020000000000436557	trials	port_entry
9274.1366	0.020000000000436557	trials	port_entry
9274.186533333335	0.020066666664206423	trials	port_entry
9274.916599999999	0.040000000000873115	trials	port_entry
9275.606600000001	0.020000000000436557	trials	port_entry
9277.2466	0.020000000000436557	trials	port_entry
9300.556633333335	5.750033333330066	trials	reward_stimulus_presentation
9301.556633333335	0.7999999999992724	trials	reward_delivery
9305.906633333334	0.2900000000008731	trials	port_entry
9306.526633333333	0.06000000000130967	trials	port_entry
9306.606633333335	4.209933333331719	trials	port_entry
9313.866633333333	0.8699999999989814	trials	port_entry
9315.826633333332	0.1500000000014552	trials	port_entry
9316.076633333332	0.030000000002473826	trials	port_entry
9316.186633333333	0.040000000000873115	trials	port_entry
9316.656633333334	0.2400000000016007	trials	port_entry
9316.916633333332	0.020000000000436557	trials	port_entry
9317.126533333334	0.09013333333132323	trials	port_entry
9317.286633333335	1.0999999999985448	trials	port_entry
9322.696666666669	0.029966666665131925	trials	port_entry
9322.766633333335	0.04003333333093906	trials	port_entry
9322.846633333333	1.3000333333329763	trials	port_entry
9334.066666666668	1.0600000000013097	trials	port_entry
9352.586666666668	0.020000000000436557	trials	port_entry
9388.4567	1.4500000000007276	trials	port_entry
9390.556733333333	0.819999999999709	trials	reward_stimulus_presentation
9390.976700000001	4.78003333333254	trials	port_entry
9391.5567	0.8000000000029104	trials	reward_delivery
9395.7967	1.8500333333322487	trials	port_entry
9405.066733333335	1.4599999999991269	trials	port_entry
9406.596733333334	0.040000000000873115	trials	port_entry
9433.906633333334	0.09999999999854481	trials	port_entry
9434.296633333333	0.1700333333319577	trials	port_entry
9434.496633333334	0.9001333333326329	trials	port_entry
9480.556766666667	3.970033333334868	trials	reward_stimulus_presentation
9481.556733333333	0.8000333333329763	trials	reward_delivery
9484.126766666666	0.07003333333341288	trials	port_entry
9484.656799999999	0.12000000000261934	trials	port_entry
9484.816799999999	0.040000000000873115	trials	port_entry
9484.876766666666	0.20003333333443152	trials	port_entry
9485.096800000001	0.18993333333128248	trials	port_entry
9485.346800000001	0.09999999999854481	trials	port_entry
9485.466766666666	3.83003333333545	trials	port_entry
9492.2168	0.930000000000291	trials	port_entry
9508.856833333333	0.04996666666556848	trials	port_entry
9508.9868	0.020000000000436557	trials	port_entry
9509.206800000002	0.029999999998835847	trials	port_entry
9538.776866666669	1.1699999999982538	trials	port_entry
9547.136866666666	0.09996666666847887	trials	port_entry
9547.316833333332	0.930000000000291	trials	port_entry
9551.786833333334	0.06000000000130967	trials	port_entry
9570.556900000001	1.7899666666671692	trials	reward_stimulus_presentation
9571.556900000001	0.7999666666655685	trials	reward_delivery
9571.946866666667	5.220000000001164	trials	port_entry
9579.326900000002	0.049999999999272404	trials	port_entry
9579.636866666666	0.02003333333414048	trials	port_entry
9579.796866666666	0.2800000000024738	trials	port_entry
9580.736833333334	0.02003333333414048	trials	port_entry
9580.776899999999	0.05000000000291038	trials	port_entry
9581.756866666668	0.0200333333305025	trials	port_entry
9582.8169	0.040000000000873115	trials	port_entry
9583.686866666669	0.01999999999679858	trials	port_entry
9589.5169	0.5	trials	port_entry
9590.0469	1.2399666666678968	trials	port_entry
9619.806900000001	0.03003333333253977	trials	port_entry
9619.866933333333	1.180000000000291	trials	port_entry
9626.486900000002	1.2599999999983993	trials	port_entry
9627.9069	0.3600000000005821	trials	port_entry
9628.4269	1.7800333333325398	trials	port_entry
9630.306900000001	0.12003333333268529	trials	port_entry
9630.446933333335	0.029999999998835847	trials	port_entry
9630.9469	0.9100666666672623	trials	port_entry
9631.876933333335	1.6499999999978172	trials	port_entry
9642.476966666667	0.1699333333344839	trials	port_entry
9642.686966666666	1.0900000000001455	trials	port_entry
9643.796933333333	0.29003333333457704	trials	port_entry
9644.216966666669	1.7199999999975262	trials	port_entry
9646.076966666666	1.180000000000291	trials	port_entry
9652.346966666666	0.019966666666732635	trials	port_entry
9652.396966666665	0.020000000000436557	trials	port_entry
9655.556999999999	20.00170000000071	trials	shock_stimulus_presentation
9675.357000000002	0.2999999999992724	trials	shock_relay
9723.717033333332	0.17000000000189175	trials	port_entry
9723.927033333335	1.2199999999975262	trials	port_entry
9729.777033333334	0.08000000000174623	trials	port_entry
9730.017033333335	1.0499999999992724	trials	port_entry
9745.556999999999	2.5200666666678444	trials	reward_stimulus_presentation
9746.556966666669	0.8000999999967462	trials	reward_delivery
9747.677066666669	4.489999999997963	trials	port_entry
9754.257066666667	0.7700000000004366	trials	port_entry
9791.517066666665	1.1600000000034925	trials	port_entry
9792.817066666668	0.7999999999992724	trials	port_entry
9813.817100000002	0.03993333333346527	trials	port_entry
9815.3471	0.020000000000436557	trials	port_entry
9815.447000000002	0.030133333330013556	trials	port_entry
9840.557133333334	20.000033333333704	trials	neutral_stimulus_presentation
9863.877166666667	1.2799999999988358	trials	port_entry
9865.207166666669	0.1499999999978172	trials	port_entry
9865.527166666669	0.3099999999976717	trials	port_entry
9865.967166666667	1.9399999999986903	trials	port_entry
9869.107166666667	0.13000000000101863	trials	port_entry
9869.307166666667	0.020000000000436557	trials	port_entry
9869.527166666669	0.48999999999796273	trials	port_entry
9870.117166666669	1.2399999999979627	trials	port_entry
9872.917166666668	0.09000000000014552	trials	port_entry
9873.217166666667	0.20999999999912689	trials	port_entry
9873.717166666667	0.029999999998835847	trials	port_entry
9873.817133333332	0.3500333333358867	trials	port_entry
9874.377166666667	0.19003333333239425	trials	port_entry
9883.1072	0.040000000000873115	trials	port_entry
9883.457166666669	1.0200333333305025	trials	port_entry
9884.5872	0.26000000000203727	trials	port_entry
9885.3372	0.049999999999272404	trials	port_entry
9914.9272	0.8400333333338494	trials	port_entry
9930.557233333335	20.001633333333302	trials	shock_stimulus_presentation
9950.357233333334	0.2999999999992724	trials	shock_relay
9963.967266666668	0.09000000000014552	trials	port_entry
10010.557300000002	2.679999999996653	trials	reward_stimulus_presentation
10011.557300000002	0.8000333333329763	trials	reward_delivery
10012.837300000001	3.640033333333122	trials	port_entry
10094.137366666668	2.2800333333325398	trials	port_entry
10097.087366666668	0.7800333333325398	trials	port_entry
10100.557333333332	12.500066666667408	trials	reward_stimulus_presentation
10101.557333333332	0.8000000000029104	trials	reward_delivery
10112.657400000002	0.019966666666732635	trials	port_entry
10112.907333333334	0.16999999999825377	trials	port_entry
10113.117400000001	2.039966666667169	trials	port_entry
10115.507333333333	0.9200666666656616	trials	port_entry
10122.227400000002	0.02989999999772408	trials	port_entry
10122.277366666667	0.790033333334577	trials	port_entry
10151.7874	1.1499666666677513	trials	port_entry
10169.597466666668	0.06993333333230112	trials	port_entry
10177.047433333335	0.14003333333312185	trials	port_entry
10188.607433333333	1.3300333333354502	trials	port_entry
10190.037433333333	0.08003333333545015	trials	port_entry
10190.457466666669	0.5399999999972351	trials	port_entry
10191.127433333333	1.1699666666681878	trials	port_entry
10193.067466666665	0.09000000000014552	trials	port_entry
10193.527466666668	0.11000000000058208	trials	port_entry
10193.697466666667	0.1500000000014552	trials	port_entry
10193.927466666666	0.040000000000873115	trials	port_entry
10194.007466666668	0.11000000000058208	trials	port_entry
10194.237466666667	0.049999999999272404	trials	port_entry
10194.367466666668	0.029999999998835847	trials	port_entry
10194.517466666666	0.08000000000174623	trials	port_entry
10194.637433333335	0.3800333333310846	trials	port_entry
10200.557466666667	4.060033333335014	trials	reward_stimulus_presentation
10201.557466666667	0.7999999999992724	trials	reward_delivery
10204.2175	0.27999999999883585	trials	port_entry
10204.557466666667	0.2100333333328308	trials	port_entry
10204.8075	0.25	trials	port_entry
10205.0875	0.4400000000023283	trials	port_entry
10205.577500000001	2.4500000000007276	trials	port_entry
10243.207533333332	0.6000000000021828	trials	port_entry
10243.847533333335	1.1299999999973807	trials	port_entry
10245.187533333336	0.6199999999989814	trials	port_entry
10248.617533333332	1.110000000000582	trials	port_entry
10249.857533333334	0.08000000000174623	trials	port_entry
10258.897533333335	0.930033333333995	trials	port_entry
10290.557600000002	20.0009666666665	trials	shock_stimulus_presentation
10309.717600000002	0.819999999999709	trials	port_entry
10310.357600000001	0.2999999999992724	trials	shock_relay
10332.467600000002	0.03003333333253977	trials	port_entry
10332.517633333335	0.039999999997235136	trials	port_entry
10332.577599999999	0.2000000000007276	trials	port_entry
10342.277633333333	0.040000000000873115	trials	port_entry
10342.347633333333	0.13000000000101863	trials	port_entry
10343.337633333334	0.09000000000014552	trials	port_entry
10346.227633333334	0.09999999999854481	trials	port_entry
10351.217633333335	0.15999999999985448	trials	port_entry
10351.397633333332	0.07000000000334694	trials	port_entry
10351.487633333332	0.019966666666732635	trials	port_entry
10354.077633333332	0.04996666666920646	trials	port_entry
10354.337633333334	0.020000000000436557	trials	port_entry
10354.407633333334	0.020000000000436557	trials	port_entry
10354.497633333334	0.049999999999272404	trials	port_entry
10354.6176	0.22003333333486808	trials	port_entry
10354.857633333335	0.18000000000029104	trials	port_entry
10355.057633333332	0.16000000000349246	trials	port_entry
10355.507566666665	0.2700666666678444	trials	port_entry
10363.297633333334	0.029966666665131925	trials	port_entry
10363.447633333335	0.020000000000436557	trials	port_entry
10364.037633333335	0.01999999999679858	trials	port_entry
10369.427666666668	0.019966666666732635	trials	port_entry
10378.627666666665	0.020000000000436557	trials	port_entry
10378.967666666666	0.020000000000436557	trials	port_entry
10379.067666666668	0.040000000000873115	trials	port_entry
10379.507599999999	0.34006666666755336	trials	port_entry
10380.557666666666	2.720000000001164	trials	reward_stimulus_presentation
10381.557666666666	0.8000000000029104	trials	reward_delivery
10382.877666666665	4.620000000002619	trials	port_entry
10391.287666666669	1.3799999999973807	trials	port_entry
10432.9177	0.08000000000174623	trials	port_entry
10433.177666666668	2.680033333330357	trials	port_entry
10465.527733333334	1.1599999999998545	trials	port_entry
10470.557733333333	20.000033333333704	trials	neutral_stimulus_presentation
10470.787733333333	0.26000000000203727	trials	port_entry
10499.607766666666	1.1700000000018917	trials	port_entry
10519.3778	1.0	trials	port_entry
10555.557833333334	3.599999999998545	trials	reward_stimulus_presentation
10556.5578	0.8000333333329763	trials	reward_delivery
10558.757833333335	4.289999999997235	trials	port_entry
10583.127833333334	0.16999999999825377	trials	port_entry
10583.727833333332	0.06000000000130967	trials	port_entry
10583.857833333333	0.049999999999272404	trials	port_entry
10583.927833333333	0.09000000000014552	trials	port_entry
10584.037866666667	0.40996666666615056	trials	port_entry
10584.577833333335	2.3800333333310846	trials	port_entry
10600.297833333332	0.8300000000017462	trials	port_entry
10601.257833333335	0.16999999999825377	trials	port_entry
10601.557866666668	0.07999999999810825	trials	port_entry
10602.097833333335	0.10003333333224873	trials	port_entry
10604.177833333333	0.060033333335013594	trials	port_entry
10604.507833333335	0.04003333333093906	trials	port_entry
10617.977866666666	0.02003333333414048	trials	port_entry
10618.057866666668	0.09000000000014552	trials	port_entry
10618.227866666666	0.030000000002473826	trials	port_entry
10620.297866666666	0.02003333333414048	trials	port_entry
10624.037900000001	0.019966666666732635	trials	port_entry
10624.087866666667	0.09000000000014552	trials	port_entry
10624.967866666668	0.19003333333239425	trials	port_entry
10625.3679	0.020000000000436557	trials	port_entry
10645.557900000002	20.000033333333704	trials	neutral_stimulus_presentation
10653.307900000002	1.3999999999978172	trials	port_entry
10712.247933333334	0.18000000000029104	trials	port_entry
10712.467933333335	0.9399999999986903	trials	port_entry
10733.177966666668	1.0499999999992724	trials	port_entry
10740.557999999999	20.00153333333583	trials	shock_stimulus_presentation
10760.358000000002	0.2999999999992724	trials	shock_relay
10767.458033333334	1.3699666666652774	trials	port_entry
10822.008066666667	0.11999999999898137	trials	port_entry
10823.878066666666	0.17000000000189175	trials	port_entry
10824.108066666666	2.540000000000873	trials	port_entry
10830.5581	20.0	trials	neutral_stimulus_presentation
10852.818100000002	1.0899999999965075	trials	port_entry
10872.258133333335	0.049999999999272404	trials	port_entry
10910.558133333334	20.00119999999879	trials	shock_stimulus_presentation
10930.358166666667	0.2999999999992724	trials	shock_relay
10941.7882	0.13999999999941792	trials	port_entry
10941.9582	0.040000000000873115	trials	port_entry
10956.1582	5.229999999999563	trials	port_entry
10986.858233333334	1.2700000000004366	trials	port_entry
10988.278233333333	0.040000000000873115	trials	port_entry
10988.508233333332	0.06000000000130967	trials	port_entry
10988.608233333334	0.06996666666600504	trials	port_entry
10988.958233333333	0.040000000000873115	trials	port_entry
10989.158233333334	0.36999999999898137	trials	port_entry
10989.608233333334	0.9500000000007276	trials	port_entry
10990.578233333335	0.039999999997235136	trials	port_entry
10990.658233333334	0.040000000000873115	trials	port_entry
10990.948233333334	0.11000000000058208	trials	port_entry
11000.558233333335	16.990033333331667	trials	reward_stimulus_presentation
11001.558233333335	0.7999999999992724	trials	reward_delivery
11017.148266666669	0.019966666663094657	trials	port_entry
11017.198266666668	0.20999999999912689	trials	port_entry
11017.758266666666	0.18000000000029104	trials	port_entry
11017.988266666665	0.16000000000349246	trials	port_entry
11018.168233333332	0.04003333333457704	trials	port_entry
11018.268233333334	0.20003333333443152	trials	port_entry
11018.498166666666	2.3101000000024214	trials	port_entry
11034.678266666668	0.2000000000007276	trials	port_entry
11034.958266666667	0.9699333333337563	trials	port_entry
11036.108266666668	0.11000000000058208	trials	port_entry
11036.868266666666	0.03996666666716919	trials	port_entry
11036.968266666669	0.059999999997671694	trials	port_entry
11037.158266666667	0.020000000000436557	trials	port_entry
11047.428300000001	1.099933333331137	trials	port_entry
11199.741100000001	0.1001333333333605	trials	phototagging
11200.742633333333	0.10016666666706442	trials	phototagging
11201.744166666665	0.10016666666706442	trials	phototagging
11202.745733333335	0.1001333333333605	trials	phototagging
11203.747266666667	0.10016666666706442	trials	phototagging
11204.748833333333	0.1001333333333605	trials	phototagging
11205.750366666665	0.10016666666706442	trials	phototagging
11206.751933333335	0.1001333333333605	trials	phototagging
11207.753466666667	0.10016666666706442	trials	phototagging
11208.755	0.10016666666706442	trials	phototagging
11209.756566666669	0.10016666666342644	trials	phototagging
11210.758100000001	0.10016666666706442	trials	phototagging
11221.775133333334	0.005000000001018634	trials	phototagging
11221.785133333333	0.005000000001018634	trials	phototagging
11221.795166666669	0.004999999997380655	trials	phototagging
11221.805166666667	0.005000000001018634	trials	phototagging
11221.815166666665	0.005033333334722556	trials	phototagging
11221.825200000001	0.005000000001018634	trials	phototagging
11221.8352	0.005033333334722556	trials	phototagging
11221.845233333335	0.004999999997380655	trials	phototagging
11221.855233333334	0.005033333334722556	trials	phototagging
11221.865266666666	0.005000000001018634	trials	phototagging
11221.875266666668	0.005000000001018634	trials	phototagging
11221.8853	0.005000000001018634	trials	phototagging
11221.895300000002	0.005033333331084577	trials	phototagging
11221.905333333334	0.005000000001018634	trials	phototagging
11221.915333333332	0.005000000001018634	trials	phototagging
11221.925366666668	0.004999999997380655	trials	phototagging
11221.935366666667	0.005000000001018634	trials	phototagging
11221.945399999999	0.005000000001018634	trials	phototagging
11221.9554	0.005000000001018634	trials	phototagging
11221.9654	0.005033333334722556	trials	phototagging
11221.975433333335	0.004999999997380655	trials	phototagging
11221.985433333333	0.005033333334722556	trials	phototagging
11221.995466666665	0.005000000001018634	trials	phototagging
11222.005466666667	0.005000000001018634	trials	phototagging
11222.0155	0.005000000001018634	trials	phototagging
11222.025500000002	0.004999999997380655	trials	phototagging
11222.035533333334	0.005000000001018634	trials	phototagging
11222.045533333332	0.005000000001018634	trials	phototagging
11222.055533333334	0.005033333334722556	trials	phototagging
11222.065566666666	0.005000000001018634	trials	phototagging
11232.091066666666	0.010000000002037268	trials	phototagging
11232.1912	0.01003333333574119	trials	phototagging
11232.291366666666	0.010000000002037268	trials	phototagging
11232.3915	0.01003333333574119	trials	phototagging
11232.491666666667	0.010033333332103211	trials	phototagging
11232.591833333334	0.00999999999839929	trials	phototagging
11232.692000000001	0.00999999999839929	trials	phototagging
11232.792133333334	0.010033333332103211	trials	phototagging
11232.892300000001	0.00999999999839929	trials	phototagging
11232.992433333335	0.010033333332103211	trials	phototagging
11233.092600000002	0.00999999999839929	trials	phototagging
11233.192766666669	0.00999999999839929	trials	phototagging
11233.292900000002	0.010033333332103211	trials	phototagging
11233.393066666666	0.010000000002037268	trials	phototagging
11233.493199999999	0.01003333333574119	trials	phototagging
11233.593366666666	0.01003333333574119	trials	phototagging
11233.693533333333	0.010000000002037268	trials	phototagging
11233.7937	0.010000000002037268	trials	phototagging
11233.893833333334	0.010000000002037268	trials	phototagging
11233.994	0.00999999999839929	trials	phototagging
11234.094166666668	0.00999999999839929	trials	phototagging
11234.194300000001	0.010033333332103211	trials	phototagging
11234.294466666668	0.00999999999839929	trials	phototagging
11234.394600000001	0.010033333332103211	trials	phototagging
11234.494766666669	0.00999999999839929	trials	phototagging
11234.594933333336	0.00999999999839929	trials	phototagging
11234.695066666665	0.01003333333574119	trials	phototagging
11234.795233333332	0.010000000002037268	trials	phototagging
11234.895366666666	0.01003333333574119	trials	phototagging
11234.995533333333	0.01003333333574119	trials	phototagging
11245.111166666667	0.005000000001018634	trials	phototagging
11246.1127	0.005033333334722556	trials	phototagging
11247.114266666666	0.005000000001018634	trials	phototagging
11248.115800000001	0.005033333331084577	trials	phototagging
11249.117366666667	0.005000000001018634	trials	phototagging
11250.1189	0.005000000001018634	trials	phototagging
11251.120466666665	0.005000000001018634	trials	phototagging
11252.122000000001	0.005000000001018634	trials	phototagging
11253.123533333333	0.005033333334722556	trials	phototagging
11254.1251	0.005000000001018634	trials	phototagging
11255.126633333335	0.004999999997380655	trials	phototagging
11256.128200000001	0.005000000001018634	trials	phototagging
11257.129733333333	0.005000000001018634	trials	phototagging
11258.131266666665	0.005033333334722556	trials	phototagging
11259.132833333335	0.004999999997380655	trials	phototagging
11260.134366666667	0.005000000001018634	trials	phototagging
11261.135933333333	0.005000000001018634	trials	phototagging
11262.137466666669	0.004999999997380655	trials	phototagging
11263.139000000001	0.005033333331084577	trials	phototagging
11264.140566666667	0.005000000001018634	trials	phototagging
11265.1421	0.005000000001018634	trials	phototagging
11266.143666666669	0.004999999997380655	trials	phototagging
11267.1452	0.005000000001018634	trials	phototagging
11268.146733333333	0.005033333334722556	trials	phototagging
11269.148299999999	0.005000000001018634	trials	phototagging
11270.149833333335	0.004999999997380655	trials	phototagging
11271.1514	0.005000000001018634	trials	phototagging
11272.152933333333	0.005000000001018634	trials	phototagging
11273.154466666669	0.005033333331084577	trials	phototagging
11274.156033333335	0.005000000001018634	trials	phototagging
11285.173066666668	0.004999999997380655	trials	phototagging
11286.1746	0.005000000001018634	trials	phototagging
11287.176133333332	0.005033333334722556	trials	phototagging
11288.177700000002	0.004999999997380655	trials	phototagging
11289.179233333334	0.005000000001018634	trials	phototagging
11290.1808	0.005000000001018634	trials	phototagging
11291.182333333332	0.005000000001018634	trials	phototagging
11292.183866666668	0.005033333331084577	trials	phototagging
11293.185433333334	0.005000000001018634	trials	phototagging
11294.186966666666	0.005000000001018634	trials	phototagging
11295.188533333332	0.005000000001018634	trials	phototagging
11296.190066666668	0.004999999997380655	trials	phototagging
11297.1916	0.005033333334722556	trials	phototagging
11298.193166666666	0.005000000001018634	trials	phototagging
11299.194700000002	0.004999999997380655	trials	phototagging
11300.196266666668	0.005000000001018634	trials	phototagging
11301.1978	0.005000000001018634	trials	phototagging
11302.199333333332	0.005033333334722556	trials	phototagging
11303.200900000002	0.004999999997380655	trials	phototagging
11304.202433333334	0.005000000001018634	trials	phototagging
11305.204	0.005000000001018634	trials	phototagging
11306.205533333336	0.004999999997380655	trials	phototagging
11307.207066666668	0.005033333331084577	trials	phototagging
11308.208633333334	0.005000000001018634	trials	phototagging
11309.210166666666	0.005033333334722556	trials	phototagging
11310.211733333335	0.004999999997380655	trials	phototagging
11311.213266666668	0.005033333331084577	trials	phototagging
11312.214833333333	0.005000000001018634	trials	phototagging
11313.216366666666	0.005000000001018634	trials	phototagging
11314.217900000001	0.005033333331084577	trials	phototagging
11325.234933333335	0.00999999999839929	trials	phototagging
11325.335100000002	0.00999999999839929	trials	phototagging
11325.435233333335	0.010033333332103211	trials	phototagging
11325.535399999999	0.010000000002037268	trials	phototagging
11325.635533333332	0.01003333333574119	trials	phototagging
11325.7357	0.01003333333574119	trials	phototagging
11325.835866666666	0.010000000002037268	trials	phototagging
11325.936033333333	0.010000000002037268	trials	phototagging
11326.036166666667	0.010033333332103211	trials	phototagging
11326.136333333334	0.00999999999839929	trials	phototagging
11326.236466666667	0.010033333332103211	trials	phototagging
11326.336633333334	0.00999999999839929	trials	phototagging
11326.436800000001	0.00999999999839929	trials	phototagging
11326.536933333335	0.010033333332103211	trials	phototagging
11326.637100000002	0.00999999999839929	trials	phototagging
11326.737233333335	0.010033333332103211	trials	phototagging
11326.837400000002	0.010033333332103211	trials	phototagging
11326.937566666666	0.010000000002037268	trials	phototagging
11327.037699999999	0.01003333333574119	trials	phototagging
11327.137866666666	0.01003333333574119	trials	phototagging
11327.238033333333	0.010000000002037268	trials	phototagging
11327.338166666666	0.01003333333574119	trials	phototagging
11327.438333333334	0.010033333332103211	trials	phototagging
11327.5385	0.00999999999839929	trials	phototagging
11327.638666666668	0.00999999999839929	trials	phototagging
11327.738800000001	0.010033333332103211	trials	phototagging
11327.838966666668	0.00999999999839929	trials	phototagging
11327.939100000001	0.010033333332103211	trials	phototagging
11328.039266666668	0.00999999999839929	trials	phototagging
11328.139433333336	0.00999999999839929	trials	phototagging
11338.255066666667	0.005000000001018634	trials	phototagging
11339.256599999999	0.005000000001018634	trials	phototagging
11340.258133333335	0.004999999997380655	trials	phototagging
11341.2597	0.005000000001018634	trials	phototagging
11342.261233333333	0.005000000001018634	trials	phototagging
11343.262766666669	0.005033333331084577	trials	phototagging
11344.264333333334	0.005000000001018634	trials	phototagging
11345.265866666667	0.005000000001018634	trials	phototagging
11346.267433333333	0.005000000001018634	trials	phototagging
11347.268966666668	0.004999999997380655	trials	phototagging
11348.2705	0.005033333334722556	trials	phototagging
11349.272066666666	0.005000000001018634	trials	phototagging
11350.273599999999	0.005033333334722556	trials	phototagging
11351.275166666668	0.004999999997380655	trials	phototagging
11352.2767	0.005000000001018634	trials	phototagging
11353.278266666666	0.005000000001018634	trials	phototagging
11354.279800000002	0.004999999997380655	trials	phototagging
11355.281333333334	0.005033333331084577	trials	phototagging
11356.2829	0.005000000001018634	trials	phototagging
11357.284433333332	0.005000000001018634	trials	phototagging
11358.286000000002	0.004999999997380655	trials	phototagging
11359.287533333334	0.005000000001018634	trials	phototagging
11360.2891	0.005000000001018634	trials	phototagging
11361.290633333332	0.005000000001018634	trials	phototagging
11362.292166666668	0.005033333331084577	trials	phototagging
11363.293733333334	0.005000000001018634	trials	phototagging
11364.295266666666	0.005033333334722556	trials	phototagging
11365.296833333332	0.005000000001018634	trials	phototagging
11366.298366666668	0.005000000001018634	trials	phototagging
11367.2999	0.005033333334722556	trials	phototagging
11378.316933333334	0.005000000001018634	trials	phototagging
11378.326966666666	0.005000000001018634	trials	phototagging
11378.336966666668	0.005000000001018634	trials	phototagging
11378.347	0.005000000001018634	trials	phototagging
11378.357000000002	0.004999999997380655	trials	phototagging
11378.367	0.005033333334722556	trials	phototagging
11378.377033333332	0.005000000001018634	trials	phototagging
11378.387033333334	0.005033333331084577	trials	phototagging
11378.397066666666	0.005000000001018634	trials	phototagging
11378.407066666668	0.004999999997380655	trials	phototagging
11378.4171	0.005000000001018634	trials	phototagging
11378.427099999999	0.005000000001018634	trials	phototagging
11378.437133333335	0.004999999997380655	trials	phototagging
11378.447133333333	0.005000000001018634	trials	phototagging
11378.457166666669	0.004999999997380655	trials	phototagging
11378.467166666667	0.005000000001018634	trials	phototagging
11378.4772	0.005000000001018634	trials	phototagging
11378.487200000001	0.004999999997380655	trials	phototagging
11378.4972	0.005033333334722556	trials	phototagging
11378.507233333336	0.004999999997380655	trials	phototagging
11378.517233333334	0.005033333334722556	trials	phototagging
11378.527266666666	0.005000000001018634	trials	phototagging
11378.537266666668	0.004999999997380655	trials	phototagging
11378.5473	0.005000000001018634	trials	phototagging
11378.557300000002	0.004999999997380655	trials	phototagging
11378.567333333334	0.005000000001018634	trials	phototagging
11378.577333333333	0.005000000001018634	trials	phototagging
11378.587366666668	0.004999999997380655	trials	phototagging
11378.597366666667	0.005000000001018634	trials	phototagging
11378.607366666669	0.005033333331084577	trials	phototagging
11388.632866666669	0.010033333332103211	trials	phototagging
11388.733033333332	0.010000000002037268	trials	phototagging
11388.833166666665	0.01003333333574119	trials	phototagging
11388.933333333332	0.01003333333574119	trials	phototagging
11389.0335	0.010000000002037268	trials	phototagging
11389.133633333333	0.01003333333574119	trials	phototagging
11389.2338	0.010000000002037268	trials	phototagging
11389.333966666667	0.00999999999839929	trials	phototagging
11389.4341	0.010033333332103211	trials	phototagging
11389.534266666667	0.00999999999839929	trials	phototagging
11389.634433333335	0.00999999999839929	trials	phototagging
11389.734566666668	0.010033333332103211	trials	phototagging
11389.834733333335	0.00999999999839929	trials	phototagging
11389.934900000002	0.00999999999839929	trials	phototagging
11390.035033333335	0.00999999999839929	trials	phototagging
11390.135199999999	0.010000000002037268	trials	phototagging
11390.235333333332	0.01003333333574119	trials	phototagging
11390.3355	0.01003333333574119	trials	phototagging
11390.435666666666	0.010000000002037268	trials	phototagging
11390.5358	0.01003333333574119	trials	phototagging
11390.635966666667	0.010000000002037268	trials	phototagging
11390.736133333334	0.00999999999839929	trials	phototagging
11390.836266666667	0.010033333332103211	trials	phototagging
11390.936433333334	0.00999999999839929	trials	phototagging
11391.036566666668	0.010033333332103211	trials	phototagging
11391.136733333335	0.010033333332103211	trials	phototagging
11391.236900000002	0.00999999999839929	trials	phototagging
11391.337066666669	0.00999999999839929	trials	phototagging
11391.437200000002	0.00999999999839929	trials	phototagging
11391.537366666666	0.010000000002037268	trials	phototagging
11401.653	0.1001333333333605	trials	phototagging
11402.654533333332	0.1001333333333605	trials	phototagging
11403.656066666668	0.10016666666706442	trials	phototagging
11404.657633333334	0.1001333333333605	trials	phototagging
11405.659166666666	0.10016666666706442	trials	phototagging
11406.660733333332	0.1001333333333605	trials	phototagging
11407.662266666668	0.1001333333333605	trials	phototagging
11408.6638	0.10016666666706442	trials	phototagging
11409.665366666666	0.1001333333333605	trials	phototagging
11410.666900000002	0.10016666666342644	trials	phototagging
11411.668433333334	0.10016666666706442	trials	phototagging
11412.67	0.10016666666706442	trials	phototagging
11423.687033333334	0.005000000001018634	trials	phototagging
11423.697033333332	0.005000000001018634	trials	phototagging
11423.707033333334	0.005033333334722556	trials	phototagging
11423.717066666666	0.005000000001018634	trials	phototagging
11423.727066666668	0.005033333331084577	trials	phototagging
11423.7371	0.005000000001018634	trials	phototagging
11423.747099999999	0.005000000001018634	trials	phototagging
11423.757133333334	0.005000000001018634	trials	phototagging
11423.767133333333	0.005000000001018634	trials	phototagging
11423.777166666669	0.004999999997380655	trials	phototagging
11423.787166666667	0.005000000001018634	trials	phototagging
11423.797166666665	0.005033333334722556	trials	phototagging
11423.807200000001	0.005000000001018634	trials	phototagging
11423.817233333333	0.005000000001018634	trials	phototagging
11423.827233333335	0.004999999997380655	trials	phototagging
11423.837233333334	0.005033333334722556	trials	phototagging
11423.847266666666	0.005000000001018634	trials	phototagging
11423.857266666668	0.005033333331084577	trials	phototagging
11423.8673	0.005000000001018634	trials	phototagging
11423.877300000002	0.005033333331084577	trials	phototagging
11423.887333333334	0.005000000001018634	trials	phototagging
11423.897333333332	0.005000000001018634	trials	phototagging
11423.907366666668	0.004999999997380655	trials	phototagging
11423.917366666667	0.005033333334722556	trials	phototagging
11423.927399999999	0.005000000001018634	trials	phototagging
11423.9374	0.005000000001018634	trials	phototagging
11423.9474	0.005033333334722556	trials	phototagging
11423.957433333335	0.004999999997380655	trials	phototagging
11423.967466666667	0.005000000001018634	trials	phototagging
11423.977466666665	0.005000000001018634	trials	phototagging
11434.002966666669	0.1001333333333605	trials	phototagging
11435.004500000001	0.10016666666706442	trials	phototagging
11436.006066666667	0.1001333333333605	trials	phototagging
11437.007599999999	0.1001333333333605	trials	phototagging
11438.009133333335	0.10016666666706442	trials	phototagging
11439.0107	0.1001333333333605	trials	phototagging
11440.012233333333	0.10016666666706442	trials	phototagging
11441.013766666669	0.10016666666342644	trials	phototagging
11442.015333333335	0.10016666666706442	trials	phototagging
11443.016866666667	0.10016666666706442	trials	phototagging
11444.018433333333	0.1001333333333605	trials	phototagging
11445.019966666669	0.10016666666342644	trials	phototagging
11456.037000000002	0.00999999999839929	trials	phototagging
11456.137133333335	0.010033333332103211	trials	phototagging
11456.237299999999	0.010000000002037268	trials	phototagging
11456.337466666666	0.010000000002037268	trials	phototagging
11456.4376	0.01003333333574119	trials	phototagging
11456.537766666666	0.01003333333574119	trials	phototagging
11456.637933333333	0.010000000002037268	trials	phototagging
11456.738066666667	0.010033333332103211	trials	phototagging
11456.838233333334	0.00999999999839929	trials	phototagging
11456.938400000001	0.00999999999839929	trials	phototagging
11457.038533333334	0.00999999999839929	trials	phototagging
11457.138700000001	0.00999999999839929	trials	phototagging
11457.238833333335	0.010033333332103211	trials	phototagging
11457.339000000002	0.010033333332103211	trials	phototagging
11457.439166666669	0.00999999999839929	trials	phototagging
11457.539300000002	0.010033333332103211	trials	phototagging
11457.639466666666	0.010000000002037268	trials	phototagging
11457.739633333333	0.010000000002037268	trials	phototagging
11457.839766666666	0.01003333333574119	trials	phototagging
11457.939933333333	0.010000000002037268	trials	phototagging
11458.040066666666	0.01003333333574119	trials	phototagging
11458.140233333334	0.010033333332103211	trials	phototagging
11458.2404	0.00999999999839929	trials	phototagging
11458.340566666668	0.00999999999839929	trials	phototagging
11458.440700000001	0.010033333332103211	trials	phototagging
11458.540866666668	0.00999999999839929	trials	phototagging
11458.641000000001	0.010033333332103211	trials	phototagging
11458.741166666669	0.00999999999839929	trials	phototagging
11458.841333333336	0.00999999999839929	trials	phototagging
11458.941466666665	0.01003333333574119	trials	phototagging
11469.0571	0.005000000001018634	trials	phototagging
11470.058633333332	0.005033333334722556	trials	phototagging
11471.060200000002	0.004999999997380655	trials	phototagging
11472.061733333334	0.005033333334722556	trials	phototagging
11473.0633	0.005000000001018634	trials	phototagging
11474.064833333332	0.005033333334722556	trials	phototagging
11475.066400000002	0.004999999997380655	trials	phototagging
11476.067933333334	0.005000000001018634	trials	phototagging
11477.0695	0.005000000001018634	trials	phototagging
11478.071033333335	0.004999999997380655	trials	phototagging
11479.072566666668	0.005033333331084577	trials	phototagging
11480.074133333334	0.005000000001018634	trials	phototagging
11481.075666666666	0.005033333334722556	trials	phototagging
11482.077200000002	0.005033333331084577	trials	phototagging
11483.078766666667	0.005000000001018634	trials	phototagging
11484.080333333333	0.005000000001018634	trials	phototagging
11485.081866666666	0.005000000001018634	trials	phototagging
11486.083400000001	0.005033333331084577	trials	phototagging
11487.084966666667	0.005000000001018634	trials	phototagging
11488.0865	0.005000000001018634	trials	phototagging
11489.088033333335	0.005033333331084577	trials	phototagging
11490.089600000001	0.005000000001018634	trials	phototagging
11491.091133333333	0.005033333334722556	trials	phototagging
11492.0927	0.005000000001018634	trials	phototagging
11493.094233333335	0.005033333331084577	trials	phototagging
11494.095800000001	0.005000000001018634	trials	phototagging
11495.097333333333	0.005000000001018634	trials	phototagging
11496.098899999999	0.005000000001018634	trials	phototagging
11497.100433333335	0.004999999997380655	trials	phototagging
11498.101966666667	0.005033333334722556	trials	phototagging
11509.119	0.005000000001018634	trials	phototagging
11510.120533333333	0.005000000001018634	trials	phototagging
11511.122099999999	0.005000000001018634	trials	phototagging
11512.123633333335	0.005000000001018634	trials	phototagging
11513.1252	0.005000000001018634	trials	phototagging
11514.126733333333	0.005000000001018634	trials	phototagging
11515.128266666668	0.005033333331084577	trials	phototagging
11516.129833333334	0.005000000001018634	trials	phototagging
11517.131366666667	0.005033333334722556	trials	phototagging
11518.132933333332	0.005000000001018634	trials	phototagging
11519.134466666668	0.004999999997380655	trials	phototagging
11520.136033333334	0.005000000001018634	trials	phototagging
11521.137566666666	0.005000000001018634	trials	phototagging
11522.139133333332	0.005000000001018634	trials	phototagging
11523.140666666668	0.004999999997380655	trials	phototagging
11524.1422	0.005033333334722556	trials	phototagging
11525.143766666666	0.005000000001018634	trials	phototagging
11526.145300000002	0.005033333331084577	trials	phototagging
11527.146866666668	0.005000000001018634	trials	phototagging
11528.1484	0.005000000001018634	trials	phototagging
11529.149966666666	0.005000000001018634	trials	phototagging
11530.151500000002	0.004999999997380655	trials	phototagging
11531.153033333334	0.005000000001018634	trials	phototagging
11532.1546	0.005000000001018634	trials	phototagging
11533.156133333332	0.005000000001018634	trials	phototagging
11534.157700000002	0.004999999997380655	trials	phototagging
11535.159233333334	0.005000000001018634	trials	phototagging
11536.160766666666	0.005000000001018634	trials	phototagging
11537.162333333335	0.004999999997380655	trials	phototagging
11538.163866666668	0.005000000001018634	trials	phototagging
11549.180900000001	0.00999999999839929	trials	phototagging
11549.281066666668	0.00999999999839929	trials	phototagging
11549.381200000002	0.010033333332103211	trials	phototagging
11549.481366666669	0.00999999999839929	trials	phototagging
11549.581500000002	0.010033333332103211	trials	phototagging
11549.681666666665	0.01003333333574119	trials	phototagging
11549.781833333333	0.010000000002037268	trials	phototagging
11549.882	0.010000000002037268	trials	phototagging
11549.982133333333	0.010000000002037268	trials	phototagging
11550.0823	0.010000000002037268	trials	phototagging
11550.182433333333	0.010033333332103211	trials	phototagging
11550.2826	0.010033333332103211	trials	phototagging
11550.382766666668	0.00999999999839929	trials	phototagging
11550.4829	0.010033333332103211	trials	phototagging
11550.583066666668	0.00999999999839929	trials	phototagging
11550.683233333335	0.00999999999839929	trials	phototagging
11550.783366666668	0.010033333332103211	trials	phototagging
11550.883533333335	0.00999999999839929	trials	phototagging
11550.983666666669	0.010033333332103211	trials	phototagging
11551.083833333332	0.01003333333574119	trials	phototagging
11551.184	0.010000000002037268	trials	phototagging
11551.284166666666	0.010000000002037268	trials	phototagging
11551.3843	0.010000000002037268	trials	phototagging
11551.484466666667	0.010000000002037268	trials	phototagging
11551.5846	0.010033333332103211	trials	phototagging
11551.684766666667	0.00999999999839929	trials	phototagging
11551.7849	0.010033333332103211	trials	phototagging
11551.885066666668	0.010033333332103211	trials	phototagging
11551.985233333335	0.00999999999839929	trials	phototagging
11552.085400000002	0.00999999999839929	trials	phototagging
