onset	duration	nwb_table	trial_type
104.85903333333408	3.5199999999967986	trials	port_entry
111.10903333333408	0.7599999999983993	trials	port_entry
151.2590999999993	1.250033333333704	trials	port_entry
166.22919999999795	0.17000000000189175	trials	port_entry
188.26926666666623	0.1299333333336108	trials	port_entry
188.52923333333092	4.370033333336323	trials	port_entry
215.97936666666646	0.31999999999970896	trials	port_entry
226.3293999999987	0.029999999998835847	trials	port_entry
226.60936666666385	0.7700000000004366	trials	port_entry
244.09936666666545	0.36010000000169384	trials	port_entry
279.4295666666658	0.1500000000014552	trials	port_entry
279.61956666666447	1.610000000000582	trials	port_entry
285.6496333333307	1.099933333334775	trials	reward_stimulus_presentation
286.34956666666403	16.62000000000262	trials	port_entry
286.64960000000065	1.0	trials	reward_delivery
310.34969999999885	8.619933333335212	trials	port_entry
322.5696666666663	3.9500666666644975	trials	port_entry
326.7497000000003	1.3400333333302115	trials	port_entry
328.5696666666663	0.8200333333334129	trials	port_entry
332.6297333333314	0.09000000000014552	trials	port_entry
332.8097333333317	5.0	trials	port_entry
337.90973333333386	0.04003333333093906	trials	port_entry
337.9997999999978	0.7600000000020373	trials	port_entry
340.70976666666684	0.32999999999810825	trials	port_entry
341.0797666666658	0.09999999999854481	trials	port_entry
341.3097666666654	9.080000000001746	trials	port_entry
361.1197666666667	1.6599999999998545	trials	port_entry
368.5198666666656	3.709999999999127	trials	port_entry
373.1298666666662	21.43000000000029	trials	port_entry
375.64986666666664	20.000099999997474	trials	reward_stimulus_presentation
376.64990000000034	1.0	trials	reward_delivery
397.71996666666746	0.059999999997671694	trials	port_entry
397.8299666666644	2.4900000000016007	trials	port_entry
400.33996666666644	0.7799999999988358	trials	port_entry
401.4299666666666	1.5999999999985448	trials	port_entry
406.76996666666673	2.4699666666638223	trials	port_entry
409.40996666666615	0.08003333333181217	trials	port_entry
409.53989999999976	0.020066666664206423	trials	port_entry
432.41006666666726	3.7299999999995634	trials	port_entry
438.2600666666658	1.6000333333322487	trials	port_entry
453.5600666666651	2.680066666667699	trials	port_entry
457.93013333333147	2.9800333333332674	trials	port_entry
461.05016666666415	2.0600000000013097	trials	port_entry
465.4501666666656	20.56006666666508	trials	port_entry
465.65020000000004	0.19996666666702367	trials	reward_stimulus_presentation
466.65016666666634	1.0	trials	reward_delivery
486.0302333333311	8.479966666669497	trials	port_entry
496.190233333331	2.5200333333341405	trials	port_entry
499.0302333333311	0.4500333333344315	trials	port_entry
519.4503333333341	9.37999999999738	trials	port_entry
528.8502999999982	0.02003333333414048	trials	port_entry
530.0003666666671	1.5799999999981083	trials	port_entry
531.7303666666667	3.2299999999995634	trials	port_entry
535.0603666666648	0.22000000000116415	trials	port_entry
535.3203666666668	0.06999999999970896	trials	port_entry
535.5003666666671	1.5800333333318122	trials	port_entry
539.1903999999995	6.420033333331958	trials	port_entry
547.6304333333319	1.9900333333353046	trials	port_entry
555.650466666666	2.209933333331719	trials	reward_stimulus_presentation
556.6503999999986	1.0001000000011118	trials	reward_delivery
557.4604666666673	19.230066666663333	trials	port_entry
578.3905333333314	3.0499999999992724	trials	port_entry
581.510533333334	0.4699999999975262	trials	port_entry
593.5105666666641	6.239966666667897	trials	port_entry
603.3305999999975	1.7900000000008731	trials	port_entry
605.6605999999992	3.4400333333323942	trials	port_entry
610.2106333333322	1.2999999999992724	trials	port_entry
611.6305666666667	2.860033333330648	trials	port_entry
615.8806000000004	0.5200666666642064	trials	port_entry
616.4305999999997	1.0100333333321032	trials	port_entry
619.1306666666642	0.21000000000276486	trials	port_entry
619.6406666666662	0.47000000000116415	trials	port_entry
629.7606666666652	6.150033333335159	trials	port_entry
636.7706999999973	0.9000000000014552	trials	port_entry
640.6507666666657	1.279966666665132	trials	reward_stimulus_presentation
641.530733333333	14.740033333331667	trials	port_entry
641.650733333332	1.0	trials	reward_delivery
682.2008666666661	10.700033333334432	trials	port_entry
692.9408999999978	5.850000000002183	trials	port_entry
700.8008999999984	0.7999999999992724	trials	port_entry
701.7409000000007	0.059999999997671694	trials	port_entry
708.7609333333312	2.7700333333341405	trials	port_entry
713.8409666666666	1.860000000000582	trials	port_entry
730.6510666666654	20.002633333333506	trials	shock_stimulus_presentation
750.4510666666647	0.2999999999992724	trials	shock_relay
765.4211333333333	6.209999999999127	trials	port_entry
773.361133333332	1.2299999999995634	trials	port_entry
789.6211999999978	2.7800333333361777	trials	port_entry
794.7512333333325	0.6199999999989814	trials	port_entry
821.1912666666649	30.100099999999657	trials	port_entry
825.6513666666651	20.000033333333704	trials	reward_stimulus_presentation
826.6513333333314	1.0	trials	reward_delivery
853.171433333333	5.839966666666442	trials	port_entry
862.1014333333333	3.709999999999127	trials	port_entry
868.1914666666671	4.439966666664986	trials	port_entry
875.9814666666643	0.020000000000436557	trials	port_entry
876.9214666666667	13.24006666666537	trials	port_entry
891.3815333333332	6.25	trials	port_entry
900.2915666666668	5.180000000000291	trials	port_entry
915.6516666666648	20.00233333333381	trials	shock_stimulus_presentation
916.2716333333337	3.2999999999992724	trials	port_entry
923.061633333331	1.9799666666694975	trials	port_entry
926.0416000000005	0.049999999999272404	trials	port_entry
926.141599999999	0.0800666666655161	trials	port_entry
926.641599999999	0.029999999998835847	trials	port_entry
927.2016666666641	0.030000000002473826	trials	port_entry
927.2716666666674	0.8699999999989814	trials	port_entry
935.4516666666641	0.3000000000029104	trials	shock_relay
936.871666666666	1.9399999999986903	trials	port_entry
995.651866666667	2.569999999999709	trials	reward_stimulus_presentation
996.6519000000008	0.9999666666662961	trials	reward_delivery
997.8218666666653	7.090033333333849	trials	port_entry
1005.0318999999981	1.0200000000004366	trials	port_entry
1010.8318999999974	96.96033333333617	trials	port_entry
1085.6522000000004	20.001966666666704	trials	shock_stimulus_presentation
1105.4522333333334	0.2999666666655685	trials	shock_relay
1108.9321999999993	0.06999999999970896	trials	port_entry
1109.2121999999981	0.3600000000005821	trials	port_entry
1109.9621999999981	0.04003333333457704	trials	port_entry
1110.0321999999978	0.44003333333603223	trials	port_entry
1123.3022999999994	160.320499999998	trials	port_entry
1185.6525333333338	19.999966666666296	trials	reward_stimulus_presentation
1186.6525000000001	1.0	trials	reward_delivery
1275.6527999999998	8.409999999999854	trials	reward_stimulus_presentation
1283.6627999999982	2.1199999999989814	trials	port_entry
1285.9727999999996	0.040000000000873115	trials	port_entry
1286.2428	28.98006666666697	trials	port_entry
1316.5429000000004	0.20999999999912689	trials	port_entry
1316.9228999999978	2.860000000000582	trials	port_entry
1319.8128999999972	10.160066666667262	trials	port_entry
1330.1129666666639	21.0	trials	port_entry
1351.1829333333335	35.660166666664736	trials	port_entry
1365.6530999999995	20.000033333333704	trials	reward_stimulus_presentation
1366.6530999999995	1.0	trials	reward_delivery
1392.4531666666662	4.409966666666151	trials	port_entry
1396.9231	0.020099999997910345	trials	port_entry
1398.1831666666658	1.6500333333315211	trials	port_entry
1421.9132333333328	2.8400000000001455	trials	port_entry
1425.7032333333336	4.190066666666098	trials	port_entry
1434.6232999999993	2.1899666666649864	trials	port_entry
1438.7232999999978	0.040000000000873115	trials	port_entry
1438.8432666666668	0.020000000000436557	trials	port_entry
1438.933266666667	0.03003333333253977	trials	port_entry
1438.9832666666662	0.10003333333224873	trials	port_entry
1439.3932999999997	0.019966666666732635	trials	port_entry
1439.4632999999994	0.029933333331428003	trials	port_entry
1439.6632666666665	0.09000000000014552	trials	port_entry
1439.813299999998	0.09000000000014552	trials	port_entry
1440.0532333333322	0.060033333335013594	trials	port_entry
1440.1833000000006	0.019966666666732635	trials	port_entry
1440.6132666666672	1.2700333333305025	trials	port_entry
1455.653433333333	20.0022666666664	trials	shock_stimulus_presentation
1475.4534333333322	0.2999999999992724	trials	shock_relay
1476.623433333334	3.7699999999967986	trials	port_entry
1483.563399999999	1.7400666666653706	trials	port_entry
1486.2134333333306	0.6700333333355957	trials	port_entry
1486.9734666666664	0.32999999999810825	trials	port_entry
1540.653699999999	20.002599999999802	trials	shock_stimulus_presentation
1560.4536999999982	0.2999999999992724	trials	shock_relay
1630.653966666665	20.001899999999296	trials	shock_stimulus_presentation
1639.8839333333308	10.86006666666799	trials	port_entry
1650.453999999998	0.2999999999992724	trials	shock_relay
1713.6041666666642	2.1300333333347226	trials	port_entry
1725.6542666666646	20.00233333333381	trials	shock_stimulus_presentation
1745.4542999999976	0.3000000000029104	trials	shock_relay
1787.804433333331	6.860000000000582	trials	port_entry
1799.3744666666644	0.8700000000026193	trials	port_entry
1802.184433333332	1.7999999999992724	trials	port_entry
1815.6545666666643	5.7999666666692065	trials	reward_stimulus_presentation
1816.6545333333306	1.0	trials	reward_delivery
1821.054533333332	0.09993333333477494	trials	port_entry
1821.214533333332	7.330000000001746	trials	port_entry
1830.5045666666665	1.4199999999982538	trials	port_entry
1833.5645666666642	1.4700000000011642	trials	port_entry
1842.0046000000002	2.5900000000001455	trials	port_entry
1845.194599999999	0.019966666666732635	trials	port_entry
1847.5246000000006	0.3099999999976717	trials	port_entry
1860.4246666666659	3.6699999999982538	trials	port_entry
1866.4846666666672	1.8999999999978172	trials	port_entry
1869.0446666666649	0.10000000000218279	trials	port_entry
1871.0046999999977	0.12000000000261934	trials	port_entry
1887.6847333333317	4.430000000000291	trials	port_entry
1892.1947666666674	0.05996666666396777	trials	port_entry
1895.6548000000003	1.7700000000004366	trials	reward_stimulus_presentation
1896.6548000000003	1.000033333333704	trials	reward_delivery
1897.0247999999992	0.18999999999869033	trials	port_entry
1897.2547999999988	6.949966666667024	trials	port_entry
1905.0347333333339	1.3701000000000931	trials	port_entry
1955.5649999999987	3.389999999999418	trials	port_entry
1959.5149999999994	1.2900000000008731	trials	port_entry
1964.1449666666667	1.3400333333338494	trials	port_entry
1985.6551333333337	20.002199999998993	trials	shock_stimulus_presentation
1987.735099999998	1.8700000000026193	trials	port_entry
2005.4551666666666	0.2999999999992724	trials	shock_relay
2042.1352333333307	0.09000000000014552	trials	port_entry
2043.5452000000005	0.20006666666449746	trials	port_entry
2044.1052666666656	5.560033333335014	trials	port_entry
2050.265299999999	0.5299999999988358	trials	port_entry
2053.7252999999982	0.020000000000436557	trials	port_entry
2053.7752999999975	0.2299666666694975	trials	port_entry
2054.365266666664	1.1500000000014552	trials	port_entry
2055.5752666666667	2.6700333333319577	trials	port_entry
2058.265333333333	0.20996666666542296	trials	port_entry
2058.685333333331	0.10000000000218279	trials	port_entry
2060.355333333333	0.019966666666732635	trials	port_entry
2060.4853000000003	1.2100333333328308	trials	port_entry
2079.815366666666	1.4799999999995634	trials	port_entry
2085.6554333333333	1.6599666666661506	trials	reward_stimulus_presentation
2086.6553999999996	1.0	trials	reward_delivery
2086.9153666666643	5.040066666668281	trials	port_entry
2092.2054333333326	8.819999999999709	trials	port_entry
2102.6453999999976	3.3400666666675534	trials	port_entry
2112.2854666666644	1.9099999999998545	trials	port_entry
2127.795533333334	1.5999666666648409	trials	port_entry
2129.4755000000005	0.5399999999972351	trials	port_entry
2151.2155999999995	1.180000000000291	trials	port_entry
2157.8456333333306	1.25	trials	port_entry
2175.6556666666656	20.00203333333411	trials	shock_stimulus_presentation
2186.2356999999975	4.480000000003201	trials	port_entry
2195.455766666666	0.2999999999992724	trials	shock_relay
2196.2157333333307	1.3500000000021828	trials	port_entry
2265.6560333333327	1.5799333333343384	trials	reward_stimulus_presentation
2266.6559666666653	1.000033333333704	trials	reward_delivery
2266.8359666666656	6.440066666666098	trials	port_entry
2273.5959999999977	0.040000000000873115	trials	port_entry
2273.685999999998	1.5800000000017462	trials	port_entry
2277.1060333333335	0.599933333331137	trials	port_entry
2279.105966666666	2.080066666665516	trials	port_entry
2313.526133333333	0.1499999999978172	trials	port_entry
2313.746133333334	2.6899999999986903	trials	port_entry
2316.4761333333336	0.029999999998835847	trials	port_entry
2316.656133333334	0.07003333333341288	trials	port_entry
2316.786166666665	1.6700000000018917	trials	port_entry
2318.5561333333317	0.029999999998835847	trials	port_entry
2319.9361333333327	0.040000000000873115	trials	port_entry
2320.3861333333334	0.9100333333335584	trials	port_entry
2325.8461666666662	0.029999999998835847	trials	port_entry
2326.1461666666655	1.7000000000007276	trials	port_entry
2355.6563333333324	1.6499333333340473	trials	reward_stimulus_presentation
2356.6562999999987	0.9998999999988882	trials	reward_delivery
2356.906266666665	5.720033333334868	trials	port_entry
2363.0962999999974	0.8299333333343384	trials	port_entry
2368.1463000000003	9.830033333331812	trials	port_entry
2397.5563999999977	0.2399666666678968	trials	port_entry
2397.8564000000006	2.599999999998545	trials	port_entry
2400.6363999999994	1.139999999999418	trials	port_entry
2401.8163999999997	0.2999999999992724	trials	port_entry
2408.9764333333333	0.06999999999970896	trials	port_entry
2409.1164333333327	3.4500000000007276	trials	port_entry
2418.6164666666664	0.9699999999975262	trials	port_entry
2440.6564999999973	20.00203333333411	trials	shock_stimulus_presentation
2441.9864666666654	1.1600666666672623	trials	port_entry
2446.5765666666666	0.07999999999810825	trials	port_entry
2446.7665666666653	0.31999999999970896	trials	port_entry
2460.4566333333314	0.29996666666920646	trials	shock_relay
2470.6965666666656	1.6300666666684265	trials	port_entry
2490.6566999999995	1.2700000000004366	trials	port_entry
2530.376833333332	8.209999999999127	trials	port_entry
2530.6568666666644	0.1199333333352115	trials	reward_stimulus_presentation
2531.6568333333307	1.000033333333704	trials	reward_delivery
2538.7068333333336	0.020000000000436557	trials	port_entry
2538.9568333333336	0.029999999998835847	trials	port_entry
2539.006833333333	0.5799666666644043	trials	port_entry
2546.9268999999986	1.0799666666680423	trials	port_entry
2617.1670999999988	2.0600333333350136	trials	port_entry
2619.277133333333	0.15996666666615056	trials	port_entry
2625.657199999998	1.419933333334484	trials	reward_stimulus_presentation
2626.657166666664	1.0	trials	reward_delivery
2626.677066666667	6.400099999998929	trials	port_entry
2647.157133333334	3.5500666666666802	trials	port_entry
2668.227266666665	3.210033333332831	trials	port_entry
2671.6273	0.36999999999898137	trials	port_entry
2672.027266666664	0.19996666666702367	trials	port_entry
2714.5974333333324	2.3100000000013097	trials	port_entry
2715.6574666666675	20.001933333333	trials	shock_stimulus_presentation
2720.6274333333313	0.5300333333361777	trials	port_entry
2735.4574666666667	0.2999666666655685	trials	shock_relay
2737.0774666666657	1.9100333333335584	trials	port_entry
2755.4275666666654	1.360000000000582	trials	port_entry
2795.657666666666	1.1700333333319577	trials	reward_stimulus_presentation
2796.4277	6.479999999999563	trials	port_entry
2796.6576999999997	1.0	trials	reward_delivery
2819.7077666666664	1.139999999999418	trials	port_entry
2828.5077999999994	1.2599999999983993	trials	port_entry
2874.8479333333307	1.9200000000018917	trials	port_entry
2882.657933333332	1.3100333333350136	trials	port_entry
2885.658033333333	20.00249999999869	trials	shock_stimulus_presentation
2886.7479999999996	2.3099999999976717	trials	port_entry
2905.458066666666	0.2999666666655685	trials	shock_relay
2906.0080333333317	0.75	trials	port_entry
2909.398033333331	1.389966666669352	trials	port_entry
2985.6582666666654	20.00203333333411	trials	shock_stimulus_presentation
2987.008266666664	1.4400666666697362	trials	port_entry
2988.5083333333314	0.030000000002473826	trials	port_entry
2991.4383333333317	1.4500000000007276	trials	port_entry
2993.4683333333305	0.1500000000014552	trials	port_entry
2993.9783333333326	0.36999999999898137	trials	port_entry
3005.458366666666	0.2999999999992724	trials	shock_relay
3006.4183333333312	0.19003333333603223	trials	port_entry
3006.6883666666654	3.0600000000013097	trials	port_entry
3009.9783666666663	0.019933333333028713	trials	port_entry
3010.028333333332	1.2700333333341405	trials	port_entry
3011.3583666666673	0.07999999999810825	trials	port_entry
3011.4883666666647	0.3100333333350136	trials	port_entry
3011.8183666666664	0.2200333333312301	trials	port_entry
3012.078366666665	1.9799999999995634	trials	port_entry
3075.6586333333325	1.680000000000291	trials	reward_stimulus_presentation
3076.658599999999	1.000033333333704	trials	reward_delivery
3076.938533333334	0.0800666666655161	trials	port_entry
3077.0786000000007	13.940033333332394	trials	port_entry
3093.3686666666654	1.7099999999991269	trials	port_entry
3095.728666666666	5.139999999999418	trials	port_entry
3100.958599999998	0.3100666666687175	trials	port_entry
3107.0687	1.5399666666671692	trials	port_entry
3129.3587666666645	2.540000000000873	trials	port_entry
3143.4987999999976	1.5100000000020373	trials	port_entry
3152.988833333333	1.0499999999992724	trials	port_entry
3165.6589333333322	8.559966666667606	trials	reward_stimulus_presentation
3166.6588999999985	1.0	trials	reward_delivery
3173.8188999999984	6.320033333333413	trials	port_entry
3189.2989333333317	0.18000000000029104	trials	port_entry
3189.508933333331	0.7800333333361777	trials	port_entry
3246.2091333333337	2.1199999999989814	trials	port_entry
3255.6591999999982	20.001933333333	trials	shock_stimulus_presentation
3256.4991666666647	1.2200000000011642	trials	port_entry
3275.4591999999975	0.3000333333366143	trials	shock_relay
3294.2392333333337	0.8899999999994179	trials	port_entry
3307.239333333331	0.27000000000043656	trials	port_entry
3314.439333333332	0.09000000000014552	trials	port_entry
3314.5493333333325	0.1700333333319577	trials	port_entry
3327.6594000000005	0.4200333333319577	trials	port_entry
3340.6594333333305	1.180033333333995	trials	reward_stimulus_presentation
3341.439433333333	3.1200333333326853	trials	port_entry
3341.6594333333305	1.0	trials	reward_delivery
3354.5293999999994	0.39003333333312185	trials	port_entry
3398.1896333333316	4.4500333333344315	trials	port_entry
3413.559699999998	3.5900000000001455	trials	port_entry
3422.219699999998	0.33000000000174623	trials	port_entry
3429.999733333334	0.29003333333093906	trials	port_entry
3430.6597999999976	0.9499333333333198	trials	reward_stimulus_presentation
3431.209766666667	6.969999999997526	trials	port_entry
3431.659766666664	1.0	trials	reward_delivery
3443.409733333334	0.8900333333331218	trials	port_entry
3483.929899999999	3.040000000000873	trials	port_entry
3499.7199333333338	2.5499999999992724	trials	port_entry
3514.6299333333336	1.5000999999974738	trials	port_entry
3525.430033333334	20.310099999998783	trials	port_entry
3525.6600666666673	0.169899999997142	trials	reward_stimulus_presentation
3526.6600333333336	1.0	trials	reward_delivery
3545.9801333333307	1.360000000000582	trials	port_entry
3551.2900999999983	2.1200333333326853	trials	port_entry
3553.910133333331	2.780000000002474	trials	port_entry
3561.510166666667	0.9799999999995634	trials	port_entry
3564.9401	1.6600666666672623	trials	port_entry
3566.690166666667	0.039999999997235136	trials	port_entry
3572.3901000000005	1.7500666666637699	trials	port_entry
3576.1501666666663	0.9400333333323942	trials	port_entry
3577.1901999999973	0.020000000000436557	trials	port_entry
3577.3002333333316	0.040000000000873115	trials	port_entry
3579.7101999999977	3.210000000002765	trials	port_entry
3582.9401999999973	0.030000000002473826	trials	port_entry
3583.0401999999995	0.040000000000873115	trials	port_entry
3586.570233333332	0.20999999999912689	trials	port_entry
3586.8002333333316	0.19993333333331975	trials	port_entry
3587.0502333333316	0.09000000000014552	trials	port_entry
3587.2101999999977	0.050033333332976326	trials	port_entry
3587.3902333333317	2.1700333333355957	trials	port_entry
3592.240266666664	0.4800000000032014	trials	port_entry
3594.850233333331	4.930066666667699	trials	port_entry
3600.3202999999994	1.0499999999992724	trials	port_entry
3601.6902999999984	0.6900000000023283	trials	port_entry
3605.5002999999997	0.8899999999994179	trials	port_entry
3613.6802666666663	4.470066666664934	trials	port_entry
3615.660366666667	20.002199999998993	trials	shock_stimulus_presentation
3619.510333333332	0.860033333334286	trials	port_entry
3630.8003666666664	3.1600666666672623	trials	port_entry
3635.4603666666662	0.2999666666655685	trials	shock_relay
3636.2803999999996	0.35003333333224873	trials	port_entry
3636.6903999999995	0.06999999999970896	trials	port_entry
3636.8403999999973	0.04993333333550254	trials	port_entry
3637.0404333333317	0.02990000000136206	trials	port_entry
3637.470433333332	1.180000000000291	trials	port_entry
3640.750433333331	1.8300000000017462	trials	port_entry
3678.720566666667	5.459999999999127	trials	port_entry
3690.800566666665	0.22000000000116415	trials	port_entry
3691.0405666666666	4.879966666667315	trials	port_entry
3695.660633333333	0.7899666666671692	trials	reward_stimulus_presentation
3696.0505999999987	8.430033333333995	trials	port_entry
3696.6605999999992	1.0	trials	reward_delivery
3705.6006333333316	1.4498999999996158	trials	port_entry
3727.120633333332	1.3500666666659527	trials	port_entry
3736.0707	1.22003333333123	trials	port_entry
3739.020733333331	1.069999999999709	trials	port_entry
3752.400733333332	1.470033333334868	trials	port_entry
3754.4707666666654	0.04993333333186456	trials	port_entry
3754.6007666666665	0.08993333333273767	trials	port_entry
3754.740766666666	0.6500000000014552	trials	port_entry
3757.290766666665	0.9100333333335584	trials	port_entry
3760.2507666666643	0.8800000000010186	trials	port_entry
3761.7307999999975	1.4099666666697885	trials	port_entry
3767.0308000000005	2.7000333333307935	trials	port_entry
3769.8608333333323	1.930000000000291	trials	port_entry
3773.0508666666647	0.25996666666833335	trials	port_entry
3774.600833333334	0.5300333333325398	trials	port_entry
3784.6308666666664	0.9199999999982538	trials	port_entry
3785.6609333333327	20.00186666666559	trials	shock_stimulus_presentation
3786.3808666666664	3.5600333333313756	trials	port_entry
3790.8408999999992	0.7099999999991269	trials	port_entry
3804.7809333333316	0.18003333333399496	trials	port_entry
3805.010966666665	0.7199000000000524	trials	port_entry
3805.4609666666656	0.2999999999992724	trials	shock_relay
3805.9109666666664	0.10996666666687815	trials	port_entry
3828.051033333333	1.7599666666646954	trials	port_entry
3829.8309999999983	0.06000000000130967	trials	port_entry
3885.6611999999986	20.002233333332697	trials	shock_stimulus_presentation
3905.4612666666653	0.2999999999992724	trials	shock_relay
3975.6615666666657	19.999966666666296	trials	reward_stimulus_presentation
3976.6614999999983	0.9999666666662961	trials	reward_delivery
4065.6618333333317	20.000033333333704	trials	reward_stimulus_presentation
4155.662099999998	20.000033333333704	trials	reward_stimulus_presentation
4214.312233333334	0.16003333332992042	trials	port_entry
4214.492266666664	5.780033333336178	trials	port_entry
4222.182233333333	1.0701000000008207	trials	port_entry
4228.352299999999	2.3398999999990338	trials	port_entry
4240.662399999997	1.7899666666671692	trials	reward_stimulus_presentation
4241.662366666667	1.0	trials	reward_delivery
4242.052366666667	16.31006666666508	trials	port_entry
4259.892433333331	6.070000000003347	trials	port_entry
4267.932399999998	2.080066666669154	trials	port_entry
4270.172466666667	0.18999999999869033	trials	port_entry
4276.692466666667	2.4799999999995634	trials	port_entry
4280.722466666666	1.680000000000291	trials	port_entry
4282.662433333331	0.6900333333360322	trials	port_entry
4283.8325	0.75	trials	port_entry
4330.662666666667	20.001899999999296	trials	shock_stimulus_presentation
4336.502666666667	0.039999999997235136	trials	port_entry
4336.722666666665	2.280000000002474	trials	port_entry
4342.582666666665	0.6399999999994179	trials	port_entry
4350.462733333334	0.2999999999992724	trials	shock_relay
4351.272733333331	0.26000000000203727	trials	port_entry
4351.562633333331	0.6400333333331218	trials	port_entry
4352.2327333333305	0.019933333336666692	trials	port_entry
4352.272666666664	1.250033333333704	trials	port_entry
4353.7127	0.04996666666556848	trials	port_entry
4353.7827	3.0499999999992724	trials	port_entry
4356.862699999998	0.03996666666716919	trials	port_entry
4357.102733333333	0.019966666666732635	trials	port_entry
4357.762733333333	0.20999999999912689	trials	port_entry
4358.472733333332	0.9000000000014552	trials	port_entry
4361.042733333332	0.07990000000063446	trials	port_entry
4361.172766666667	0.019966666666732635	trials	port_entry
4361.252733333331	3.0099333333346294	trials	port_entry
4364.2827	0.019966666666732635	trials	port_entry
4364.3727	0.2600333333321032	trials	port_entry
4367.012733333333	0.059999999997671694	trials	port_entry
4367.802766666664	3.4400000000023283	trials	port_entry
4371.282733333333	2.3700333333326853	trials	port_entry
4377.452799999999	2.360000000000582	trials	port_entry
4395.6428333333315	1.9600333333328308	trials	port_entry
4398.772766666665	1.470033333334868	trials	port_entry
4401.032833333331	2.3000333333329763	trials	port_entry
4405.1829	1.1299666666673147	trials	port_entry
4407.3228666666655	1.1599999999998545	trials	port_entry
4408.832866666664	0.019966666666732635	trials	port_entry
4425.6630000000005	1.9099333333324466	trials	reward_stimulus_presentation
4426.662966666667	1.0	trials	reward_delivery
4427.1729333333315	6.970066666668572	trials	port_entry
4437.373	8.2599999999984	trials	port_entry
4445.963033333333	8.510033333332103	trials	port_entry
4456.922999999999	1.1300333333347226	trials	port_entry
4461.083066666666	0.3499999999985448	trials	port_entry
4461.643066666667	0.0200333333305025	trials	port_entry
4474.423133333334	1.9499666666670237	trials	port_entry
4476.553099999997	0.3900333333367598	trials	port_entry
4476.9931	0.4399999999986903	trials	port_entry
4480.143133333331	0.030000000002473826	trials	port_entry
4481.913133333332	0.11000000000058208	trials	port_entry
4488.743133333333	0.11999999999898137	trials	port_entry
4488.913099999998	1.1101000000016938	trials	port_entry
4492.533166666664	0.22003333333486808	trials	port_entry
4494.223133333333	0.020000000000436557	trials	port_entry
4503.403200000001	1.3999999999978172	trials	port_entry
4509.7232	0.039999999997235136	trials	port_entry
4509.9532	0.15003333333152113	trials	port_entry
4512.563233333331	0.029966666668769903	trials	port_entry
4513.333233333331	0.08000000000174623	trials	port_entry
4515.6632666666665	0.40996666666615056	trials	reward_stimulus_presentation
4515.673233333331	0.029966666668769903	trials	port_entry
4516.663199999999	1.0000666666674078	trials	reward_delivery
4541.433300000001	7.400033333331521	trials	port_entry
4550.253333333334	0.6399999999994179	trials	port_entry
4582.223466666666	5.840033333333849	trials	port_entry
4588.973466666666	0.3099999999976717	trials	port_entry
4589.4334666666655	0.06000000000130967	trials	port_entry
4589.633466666666	0.13999999999941792	trials	port_entry
4589.833433333333	0.09999999999854481	trials	port_entry
4591.1535	0.3499666666648409	trials	port_entry
4595.663533333332	1.459966666665423	trials	reward_stimulus_presentation
4596.663499999999	1.0	trials	reward_delivery
4596.7235	6.810033333331376	trials	port_entry
4621.883599999997	2.640000000003056	trials	port_entry
4625.383599999997	0.4900000000016007	trials	port_entry
4625.9735999999975	0.42000000000189175	trials	port_entry
4659.903699999999	0.110033333334286	trials	port_entry
4660.0537	1.2600333333321032	trials	port_entry
4685.663833333332	1.3399666666664416	trials	reward_stimulus_presentation
4686.603800000001	6.990033333331667	trials	port_entry
4686.663833333332	0.9999666666662961	trials	reward_delivery
4722.6538999999975	2.0800000000017462	trials	port_entry
4725.3339333333315	1.2299999999995634	trials	port_entry
4727.633933333331	0.3900000000030559	trials	port_entry
4733.043933333331	1.470033333334868	trials	port_entry
4737.7639666666655	0.2999666666655685	trials	port_entry
4750.853999999999	0.7799999999988358	trials	port_entry
4785.664166666666	20.002533333332394	trials	shock_stimulus_presentation
4789.424133333334	0.15999999999985448	trials	port_entry
4789.654133333333	3.360000000000582	trials	port_entry
4805.4641999999985	0.2999999999992724	trials	shock_relay
4833.1942666666655	1.4500000000007276	trials	port_entry
4836.164266666667	1.0399999999972351	trials	port_entry
4841.614266666667	4.28003333333254	trials	port_entry
4845.954299999998	3.3400000000001455	trials	port_entry
4850.044299999998	2.4200000000018917	trials	port_entry
4862.544366666665	1.180000000000291	trials	port_entry
4875.6644333333315	1.2299666666658595	trials	reward_stimulus_presentation
4876.4944	10.410033333333558	trials	port_entry
4876.664399999998	1.0	trials	reward_delivery
4887.0344333333305	3.08003333333545	trials	port_entry
4965.664766666665	20.002199999998993	trials	shock_stimulus_presentation
4972.644700000001	7.390033333333122	trials	port_entry
4985.4647333333305	0.3000333333366143	trials	shock_relay
5055.664999999997	20.002566666669736	trials	shock_stimulus_presentation
5075.465033333334	0.2999999999992724	trials	shock_relay
5080.145066666664	5.520000000000437	trials	port_entry
5086.165066666665	1.3499666666684789	trials	port_entry
5090.295066666666	0.8800000000010186	trials	port_entry
5091.235099999998	0.21996666666746023	trials	port_entry
5091.655066666666	18.910100000000966	trials	port_entry
5110.625166666665	0.6700000000018917	trials	port_entry
5111.315166666667	0.07999999999810825	trials	port_entry
5111.415166666666	4.849999999998545	trials	port_entry
5116.695166666665	0.47000000000116415	trials	port_entry
5117.245166666664	0.11000000000058208	trials	port_entry
5117.805166666665	0.2999999999992724	trials	port_entry
5119.845166666666	0.7399666666678968	trials	port_entry
5120.605133333331	0.34006666666755336	trials	port_entry
5121.645133333332	1.4300666666676989	trials	port_entry
5123.1152	2.2599999999983993	trials	port_entry
5125.395199999999	4.210033333332831	trials	port_entry
5129.825166666666	1.6200666666663892	trials	port_entry
5131.645233333333	0.680000000000291	trials	port_entry
5137.205233333334	0.5400333333309391	trials	port_entry
5137.765266666665	0.5800000000017462	trials	port_entry
5140.665300000001	1.1599666666661506	trials	reward_stimulus_presentation
5141.425266666665	31.670099999999366	trials	port_entry
5141.665266666667	1.0	trials	reward_delivery
5173.795366666665	5.900033333335159	trials	port_entry
5179.745366666666	0.07999999999810825	trials	port_entry
5181.325366666664	4.7000333333344315	trials	port_entry
5186.1554	4.969999999997526	trials	port_entry
5208.935466666666	2.599999999998545	trials	port_entry
5211.585499999997	0.6200000000026193	trials	port_entry
5212.835533333331	2.3099666666676058	trials	port_entry
5215.245499999997	0.12000000000261934	trials	port_entry
5215.505499999999	1.069999999999709	trials	port_entry
5216.745499999997	0.03996666666716919	trials	port_entry
5217.645433333331	0.46006666666653473	trials	port_entry
5218.125499999998	0.030000000002473826	trials	port_entry
5218.175499999998	0.42000000000189175	trials	port_entry
5218.735499999999	2.430000000000291	trials	port_entry
5222.3655	0.7799999999988358	trials	port_entry
5223.245499999997	0.1600333333335584	trials	port_entry
5223.445433333331	0.060033333335013594	trials	port_entry
5230.6656	1.3299666666644043	trials	reward_stimulus_presentation
5231.595566666667	8.979999999999563	trials	port_entry
5231.665566666667	1.0	trials	reward_delivery
5240.665566666667	1.2600333333321032	trials	port_entry
5243.565599999998	2.2000000000007276	trials	port_entry
5246.525599999997	0.8400000000001455	trials	port_entry
5277.805700000001	1.7800333333325398	trials	port_entry
5280.725699999999	1.3599333333331742	trials	port_entry
5300.7058	1.7099999999991269	trials	port_entry
5307.075799999999	1.3800000000010186	trials	port_entry
5319.335800000001	0.5100333333321032	trials	port_entry
5325.665866666666	20.002566666666098	trials	shock_stimulus_presentation
5326.505833333333	1.2599999999983993	trials	port_entry
5345.465833333332	0.30010000000038417	trials	shock_relay
5415.6662	1.5599333333339018	trials	reward_stimulus_presentation
5416.666133333332	1.000033333333704	trials	reward_delivery
5416.826099999998	21.270133333335252	trials	port_entry
5439.656233333331	1.5499999999992724	trials	port_entry
5447.1762666666655	1.779966666665132	trials	port_entry
5495.666466666666	20.00216666666529	trials	shock_stimulus_presentation
5496.5963999999985	2.0900000000001455	trials	port_entry
5499.866399999999	0.9399999999986903	trials	port_entry
5515.466499999999	0.2999999999992724	trials	shock_relay
5585.666766666665	1.7299333333321556	trials	reward_stimulus_presentation
5586.666733333332	0.9999333333325922	trials	reward_delivery
5586.9967	13.02003333333414	trials	port_entry
5601.026733333332	1.3699999999989814	trials	port_entry
5602.7067333333325	4.790033333334577	trials	port_entry
5608.8867666666665	2.710033333332831	trials	port_entry
5641.406866666664	5.000033333333704	trials	port_entry
5650.606899999999	2.790033333334577	trials	port_entry
5653.586899999998	0.20003333333443152	trials	port_entry
5653.8069	0.2600333333321032	trials	port_entry
5654.366899999997	1.930033333333995	trials	port_entry
5685.667066666665	1.3499666666684789	trials	reward_stimulus_presentation
5686.617033333332	5.240033333335305	trials	port_entry
5686.667033333331	1.0	trials	reward_delivery
5693.697033333334	0.4899333333305549	trials	port_entry
5739.597166666666	1.1700333333319577	trials	port_entry
5741.057199999999	0.06000000000130967	trials	port_entry
5759.257266666667	0.48999999999796273	trials	port_entry
5775.667366666665	20.00220000000263	trials	shock_stimulus_presentation
5783.387333333332	0.3899999999994179	trials	port_entry
5789.9373333333315	0.03003333333253977	trials	port_entry
5790.017366666667	0.35993333333317423	trials	port_entry
5795.467399999998	0.3000000000029104	trials	shock_relay
5795.627399999998	0.020000000000436557	trials	port_entry
5796.3673666666655	2.010066666665807	trials	port_entry
5800.627433333331	1.3400000000001455	trials	port_entry
5802.297433333333	0.4099999999998545	trials	port_entry
5802.757399999999	0.050033333332976326	trials	port_entry
5802.877433333331	0.4099999999998545	trials	port_entry
5803.857433333331	2.069966666669643	trials	port_entry
5806.287399999997	0.9400000000023283	trials	port_entry
5821.917466666666	2.860033333334286	trials	port_entry
5865.3776333333335	1.749966666666296	trials	port_entry
5865.667666666664	20.00250000000233	trials	shock_stimulus_presentation
5867.417600000001	8.49006666666537	trials	port_entry
5876.117666666665	9.569999999999709	trials	port_entry
5885.467666666667	0.29993333333186456	trials	shock_relay
5885.897666666664	0.5799666666680423	trials	port_entry
5886.537666666667	0.050033333332976326	trials	port_entry
5886.867699999999	4.729999999999563	trials	port_entry
5891.827699999998	0.5400000000008731	trials	port_entry
5892.387699999999	0.049999999999272404	trials	port_entry
5892.737666666664	0.07996666666804231	trials	port_entry
5893.077699999998	0.6100000000005821	trials	port_entry
5955.667966666664	1.8399666666664416	trials	reward_stimulus_presentation
5956.667933333334	1.0	trials	reward_delivery
5957.107899999999	26.880099999998492	trials	port_entry
5984.048299999999	3.9596999999994296	trials	port_entry
5988.0479333333315	0.3700666666663892	trials	port_entry
5988.897999999997	7.560033333335014	trials	port_entry
5997.008033333332	2.110000000000582	trials	port_entry
5999.198	0.6600333333335584	trials	port_entry
6000.298033333333	0.040000000000873115	trials	port_entry
6000.358033333334	0.07999999999810825	trials	port_entry
6000.458033333332	5.670033333331958	trials	port_entry
6031.168166666666	8.520000000000437	trials	port_entry
6039.918166666666	90.53029999999853	trials	port_entry
6040.668233333334	20.000033333330066	trials	reward_stimulus_presentation
6041.668166666666	1.0	trials	reward_delivery
6130.6685333333335	20.002466666664986	trials	shock_stimulus_presentation
6131.088433333331	22.370100000000093	trials	port_entry
6150.468533333333	0.29993333333186456	trials	shock_relay
6154.138566666665	0.09000000000014552	trials	port_entry
6154.498566666665	0.22999999999956344	trials	port_entry
6154.768566666666	2.639999999999418	trials	port_entry
6159.288566666666	0.5600000000013097	trials	port_entry
6160.528566666664	0.020000000000436557	trials	port_entry
6162.028566666664	0.6000333333358867	trials	port_entry
6162.748566666665	2.2400000000016007	trials	port_entry
6165.008566666667	0.2599999999983993	trials	port_entry
6165.298533333331	0.46996666666746023	trials	port_entry
6166.558533333333	2.0701000000008207	trials	port_entry
6169.0586	0.6000333333322487	trials	port_entry
6174.268533333332	0.3700666666663892	trials	port_entry
6225.6687999999995	1.9500000000007276	trials	reward_stimulus_presentation
6226.668766666666	1.000033333333704	trials	reward_delivery
6227.218799999999	11.709933333335357	trials	port_entry
6238.978733333333	5.600099999999657	trials	port_entry
6244.658833333331	18.11006666666799	trials	port_entry
6262.868899999998	0.8500000000021828	trials	port_entry
6264.258866666667	11.640066666666826	trials	port_entry
6276.108933333333	1.5800333333318122	trials	port_entry
6298.158966666666	3.7501000000011118	trials	port_entry
6304.949033333331	0.030000000002473826	trials	port_entry
6307.7490333333335	1.6699666666645498	trials	port_entry
6314.429033333334	0.18000000000029104	trials	port_entry
6315.149066666665	0.25	trials	port_entry
6315.669099999999	20.002199999998993	trials	shock_stimulus_presentation
6316.139066666667	1.290033333330939	trials	port_entry
6319.359066666664	0.42000000000189175	trials	port_entry
6320.579099999999	0.7099999999991269	trials	port_entry
6321.839099999997	0.020000000000436557	trials	port_entry
6321.949099999998	0.040000000000873115	trials	port_entry
6322.959033333333	0.04003333333457704	trials	port_entry
6335.469133333332	0.2999999999992724	trials	shock_relay
6395.669399999999	1.6899333333349205	trials	reward_stimulus_presentation
6396.669366666665	1.0	trials	reward_delivery
6396.959333333332	6.5	trials	port_entry
6403.479333333333	0.06000000000130967	trials	port_entry
6404.449366666664	1.4000000000014552	trials	port_entry
6405.869366666666	0.09993333333477494	trials	port_entry
6409.7094	5.649966666664113	trials	port_entry
6424.259399999999	0.3700666666663892	trials	port_entry
6427.449433333331	0.04996666666920646	trials	port_entry
6428.549433333334	0.9899999999979627	trials	port_entry
6430.179433333331	0.10000000000218279	trials	port_entry
6430.999433333331	3.000033333333704	trials	port_entry
6435.209466666667	0.6299666666636767	trials	port_entry
6436.109466666665	0.06999999999970896	trials	port_entry
6436.4694666666655	0.2900000000008731	trials	port_entry
6436.789466666665	0.4099999999998545	trials	port_entry
6454.519533333332	0.8499999999985448	trials	port_entry
6455.539533333333	0.16999999999825377	trials	port_entry
6456.189533333334	0.5399999999972351	trials	port_entry
6485.669633333331	1.3299666666680423	trials	reward_stimulus_presentation
6486.599599999998	11.980066666666971	trials	port_entry
6486.669633333331	1.0	trials	reward_delivery
6516.859733333331	3.4099666666697885	trials	port_entry
6553.739833333333	0.06999999999970896	trials	port_entry
6553.969833333333	2.0099999999983993	trials	port_entry
6559.1798666666655	0.4099999999998545	trials	port_entry
6564.939833333334	1.7300666666669713	trials	port_entry
6585.669999999998	20.002166666668927	trials	shock_stimulus_presentation
6589.259933333331	0.06999999999970896	trials	port_entry
6589.379933333334	1.2899999999972351	trials	port_entry
6605.470033333331	0.2999999999992724	trials	shock_relay
6632.0301	4.1599999999998545	trials	port_entry
6638.090066666664	0.9500666666681354	trials	port_entry
6657.340166666665	0.4900000000016007	trials	port_entry
6675.670299999998	3.8999666666677513	trials	reward_stimulus_presentation
6676.6702333333305	1.0	trials	reward_delivery
6679.170266666664	8.960033333336469	trials	port_entry
6690.070299999999	1.569966666666005	trials	port_entry
6718.0704000000005	4.929966666666587	trials	port_entry
6765.670566666664	3.559933333333902	trials	reward_stimulus_presentation
6766.670566666664	0.9999666666699341	trials	reward_delivery
6768.830533333334	9.500033333333704	trials	port_entry
6779.5305666666645	2.000033333333704	trials	port_entry
6782.940566666664	1.2299999999995634	trials	port_entry
6788.150599999997	1.1000000000021828	trials	port_entry
6795.600599999998	1.3700333333326853	trials	port_entry
6803.930666666667	1.7899999999972351	trials	port_entry
6828.290733333331	4.800033333332976	trials	port_entry
6842.990733333336	0.10006666666595265	trials	port_entry
6843.130733333335	1.000033333330066	trials	port_entry
6846.050833333331	0.09999999999854481	trials	port_entry
6847.980800000001	0.01999999999679858	trials	port_entry
6850.8507999999965	2.9400000000023283	trials	port_entry
6854.220799999999	0.41999999999825377	trials	port_entry
6855.670866666664	0.9099666666661506	trials	reward_stimulus_presentation
6856.180833333336	7.109999999993306	trials	port_entry
6856.670833333334	0.9999666666626581	trials	reward_delivery
6865.100866666664	0.019966666666732635	trials	port_entry
6865.170833333334	0.360033333330648	trials	port_entry
6870.040866666666	0.4000000000014552	trials	port_entry
6874.620866666668	0.14999999999417923	trials	port_entry
6874.900866666667	0.4500333333344315	trials	port_entry
6878.580899999997	0.020000000004074536	trials	port_entry
6895.840966666667	2.599933333331137	trials	port_entry
6922.191066666663	1.6599333333360846	trials	port_entry
6935.571099999997	0.279933333331428	trials	port_entry
6940.671166666663	20.00243333333492	trials	shock_stimulus_presentation
6956.891133333334	0.43000000000029104	trials	port_entry
6958.021166666669	0.16999999999825377	trials	port_entry
6958.281133333334	0.8500333333286108	trials	port_entry
6960.471166666666	0.2999666666655685	trials	shock_relay
6968.041199999996	11.630033333334723	trials	port_entry
6980.271233333329	1.2000000000043656	trials	port_entry
6981.581233333334	10.519999999996799	trials	port_entry
6993.341299999996	21.060033333335014	trials	port_entry
7014.4213333333355	7.650033333331521	trials	port_entry
7024.401333333331	1.7800333333361777	trials	port_entry
7030.671433333333	1.1898999999975786	trials	reward_stimulus_presentation
7031.461366666666	0.059999999997671694	trials	port_entry
7031.671399999996	1.0	trials	reward_delivery
7031.741366666665	6.900066666668863	trials	port_entry
7041.661433333331	1.680000000000291	trials	port_entry
7057.911466666668	4.390033333329484	trials	port_entry
7065.951466666669	0.8000333333329763	trials	port_entry
7082.951566666667	0.9700000000011642	trials	port_entry
7125.671733333333	2.02996666666877	trials	reward_stimulus_presentation
7126.671700000003	1.0	trials	reward_delivery
7127.3017	4.150033333331521	trials	port_entry
7168.121799999997	1.7800333333361777	trials	port_entry
7185.511933333331	0.7499666666699341	trials	port_entry
7196.341899999996	0.22003333333850605	trials	port_entry
7215.672066666662	20.002333333337447	trials	shock_stimulus_presentation
7232.022066666668	0.6999999999970896	trials	port_entry
7235.471999999998	0.2999666666655685	trials	shock_relay
7255.642133333331	1.6999666666670237	trials	port_entry
7282.6622000000025	0.6499666666641133	trials	port_entry
7290.762233333331	0.12000000000261934	trials	port_entry
7295.672300000002	1.1999666666670237	trials	reward_stimulus_presentation
7296.4722	8.430099999997765	trials	port_entry
7296.672199999997	1.0000666666674078	trials	reward_delivery
7352.602466666667	3.639999999999418	trials	port_entry
7359.162466666665	0.6200000000026193	trials	port_entry
7376.452533333333	1.1200000000026193	trials	port_entry
7385.672600000002	20.00209999999788	trials	shock_stimulus_presentation
7405.472633333335	0.3000333333329763	trials	shock_relay
7418.422666666669	2.2000333333271556	trials	port_entry
7422.252700000001	0.75	trials	port_entry
7485.6729333333315	1.3599666666705161	trials	reward_stimulus_presentation
7486.6329000000005	7.7700333333341405	trials	port_entry
7486.672900000001	0.9999333333325922	trials	reward_delivery
7497.9429333333355	0.819999999999709	trials	port_entry
7529.943033333333	2.680000000000291	trials	port_entry
7570.053133333331	1.9100333333335584	trials	port_entry
7573.7531666666655	2.209999999999127	trials	port_entry
7575.673200000001	0.7999666666655685	trials	reward_stimulus_presentation
7576.073166666665	15.190066666669736	trials	port_entry
7576.673200000001	0.9999666666626581	trials	reward_delivery
7591.533233333332	1.1600000000034925	trials	port_entry
7627.643366666667	2.389999999999418	trials	port_entry
7631.783333333329	1.2600000000020373	trials	port_entry
7651.913433333331	3.709999999999127	trials	port_entry
7665.673533333331	1.6299333333372488	trials	reward_stimulus_presentation
7666.673466666663	0.9999333333325922	trials	reward_delivery
7666.903466666667	6.780033333328902	trials	port_entry
7714.93363333333	2.7400000000052387	trials	port_entry
7754.723766666666	3.2299666666658595	trials	port_entry
7755.6738000000005	20.00243333333492	trials	shock_stimulus_presentation
7758.103766666663	0.1500000000014552	trials	port_entry
7768.2438	5.310033333335014	trials	port_entry
7773.703833333329	1.959966666669061	trials	port_entry
7775.4738333333335	0.2999999999956344	trials	shock_relay
7776.273833333329	0.3000000000029104	trials	port_entry
7784.933833333333	1.7799999999988358	trials	port_entry
7786.943833333335	0.3899999999994179	trials	port_entry
7787.403866666664	1.930033333337633	trials	port_entry
7811.3839666666645	0.25996666666469537	trials	port_entry
7840.674066666663	1.209966666669061	trials	reward_stimulus_presentation
7841.48403333333	6.090033333333849	trials	port_entry
7841.674033333333	1.0	trials	reward_delivery
7847.934066666665	1.889966666669352	trials	port_entry
7877.144166666669	4.609999999993306	trials	port_entry
7894.874233333332	3.5799333333343384	trials	port_entry
7902.644199999999	0.8100333333350136	trials	port_entry
7913.714266666666	1.3499999999985448	trials	port_entry
7930.6744	20.002066666667815	trials	shock_stimulus_presentation
7935.584366666666	1.7600000000020373	trials	port_entry
7950.474433333333	0.3000000000029104	trials	shock_relay
7951.154433333333	0.1599999999962165	trials	port_entry
7951.484433333335	1.9799666666658595	trials	port_entry
7953.834399999996	1.1000000000058208	trials	port_entry
8025.6747	1.3598999999958323	trials	reward_stimulus_presentation
8026.634666666669	5.939999999995052	trials	port_entry
8026.674666666662	1.0	trials	reward_delivery
8035.3546333333325	0.029999999998835847	trials	port_entry
8035.444566666669	1.5201333333316143	trials	port_entry
8058.854766666667	0.08999999999650754	trials	port_entry
8104.654866666668	1.7800333333289018	trials	port_entry
8115.674966666669	20.002633333329868	trials	shock_stimulus_presentation
8135.475000000002	0.2999999999956344	trials	shock_relay
8140.204999999998	1.250033333337342	trials	port_entry
8195.675233333332	1.5799333333343384	trials	reward_stimulus_presentation
8196.675200000001	1.0	trials	reward_delivery
8196.855200000002	5.210033333329193	trials	port_entry
8254.535366666667	4.300033333332976	trials	port_entry
8260.395433333335	0.930000000000291	trials	port_entry
8278.925433333334	1.8300333333318122	trials	port_entry
8285.675500000001	1.2999999999956344	trials	reward_stimulus_presentation
8286.575533333333	6.940000000002328	trials	port_entry
8286.675466666664	1.000033333337342	trials	reward_delivery
8294.9555	0.5199999999967986	trials	port_entry
8319.115600000001	1.7899666666635312	trials	port_entry
8335.835666666662	1.5400000000008731	trials	port_entry
8359.005699999998	0.8700000000026193	trials	port_entry
8376.235766666668	0.5399999999935972	trials	port_entry
8385.675866666668	3.0799333333270624	trials	reward_stimulus_presentation
8386.675766666664	1.0000666666674078	trials	reward_delivery
8388.355800000001	5.190033333332394	trials	port_entry
8421.995933333335	2.9099999999962165	trials	port_entry
8441.545999999998	0.5400000000008731	trials	port_entry
8460.156066666666	1.4499999999970896	trials	port_entry
8475.67613333333	1.0699333333323011	trials	reward_stimulus_presentation
8476.346099999999	5.900000000001455	trials	port_entry
8476.6761	1.0	trials	reward_delivery
8511.976233333331	2.5900000000037835	trials	port_entry
8538.386300000002	3.599999999998545	trials	port_entry
8545.41633333333	0.6500000000014552	trials	port_entry
8551.576333333334	0.1499666666641133	trials	port_entry
8551.946366666667	0.5399666666635312	trials	port_entry
8552.576333333334	0.029999999998835847	trials	port_entry
8558.9264	1.2299666666658595	trials	port_entry
8564.526366666669	0.01999999999679858	trials	port_entry
8565.6764	20.00233333333017	trials	shock_stimulus_presentation
8565.816333333332	0.5100333333321032	trials	port_entry
8571.436433333332	0.05000000000291038	trials	port_entry
8582.346433333336	0.4099999999962165	trials	port_entry
8585.4765	0.2999999999956344	trials	shock_relay
8585.856466666668	0.13999999999941792	trials	port_entry
8586.086466666664	0.13999999999941792	trials	port_entry
8586.406466666664	0.11000000000058208	trials	port_entry
8586.646466666669	0.09999999999854481	trials	port_entry
8587.146466666669	2.8500333333286108	trials	port_entry
8590.0765	0.20999999999912689	trials	port_entry
8601.746533333335	1.4799999999959255	trials	port_entry
8603.306533333332	0.06999999999970896	trials	port_entry
8611.636499999997	0.5900333333338494	trials	port_entry
8631.48663333333	1.2099999999991269	trials	port_entry
8633.316633333332	0.7299333333357936	trials	port_entry
8655.6767	1.22003333333123	trials	reward_stimulus_presentation
8656.4967	7.6599999999962165	trials	port_entry
8656.6767	1.0	trials	reward_delivery
8664.496666666662	0.9500666666717734	trials	port_entry
8710.936866666667	4.019999999996799	trials	port_entry
8733.786966666663	0.9900000000052387	trials	port_entry
8740.677	1.8699333333352115	trials	reward_stimulus_presentation
8741.676966666662	1.0	trials	reward_delivery
8742.146933333333	5.590066666663915	trials	port_entry
8760.24703333333	0.540033333338215	trials	port_entry
8787.967133333335	1.5300333333289018	trials	port_entry
8821.117233333334	2.010033333332103	trials	port_entry
8823.417266666667	0.6299666666673147	trials	port_entry
8824.147266666663	0.06999999999970896	trials	port_entry
8824.287200000002	0.21003333332919283	trials	port_entry
8825.867266666664	1.0899666666664416	trials	port_entry
8830.677266666662	20.002233333339973	trials	shock_stimulus_presentation
8831.777266666668	0.889966666662076	trials	port_entry
8850.477333333332	0.3000333333329763	trials	shock_relay
8908.717533333333	2.569999999999709	trials	port_entry
8911.3475	1.1900333333323942	trials	port_entry
8925.677566666669	1.2799999999988358	trials	reward_stimulus_presentation
8926.557566666666	6.509966666664695	trials	port_entry
8926.677566666669	1.0	trials	reward_delivery
8933.697533333336	1.5599999999976717	trials	port_entry
8935.277566666668	0.06996666666236706	trials	port_entry
8951.957666666665	7.910033333333558	trials	port_entry
8960.027700000002	0.3099999999976717	trials	port_entry
8961.317699999996	1.5599666666676058	trials	port_entry
8964.097666666665	0.819999999999709	trials	port_entry
8964.947666666663	0.31000000000494765	trials	port_entry
8966.497633333329	0.40006666666886304	trials	port_entry
8966.937699999999	0.4599999999991269	trials	port_entry
8977.717666666667	3.33009999999922	trials	port_entry
8993.15773333333	0.7300333333332674	trials	port_entry
9009.057833333329	1.720033333338506	trials	port_entry
9015.677933333329	20.001866666672868	trials	shock_stimulus_presentation
9031.107833333332	1.6300666666647885	trials	port_entry
9035.477900000002	0.3000333333329763	trials	shock_relay
9036.357899999999	0.09999999999854481	trials	port_entry
9084.408	39.610200000002806	trials	port_entry
9095.678100000001	20.000099999997474	trials	reward_stimulus_presentation
9096.678166666668	0.9999333333325922	trials	reward_delivery
9124.038199999999	28.060133333332487	trials	port_entry
9155.76833333333	0.7699666666667326	trials	port_entry
9157.708333333332	1.1400333333367598	trials	port_entry
9158.898366666665	0.0899666666664416	trials	port_entry
9159.108333333334	0.22000000000116415	trials	port_entry
9159.418333333331	1.1699666666681878	trials	port_entry
9160.668366666669	3.069999999999709	trials	port_entry
9164.148366666665	0.3299333333343384	trials	port_entry
9185.678466666668	20.002533333332394	trials	shock_stimulus_presentation
9205.478500000001	0.2999999999956344	trials	shock_relay
9285.678766666668	1.5899999999965075	trials	reward_stimulus_presentation
9286.678766666668	1.0	trials	reward_delivery
9286.868733333333	6.040033333330939	trials	port_entry
9292.988766666665	1.250033333330066	trials	port_entry
9296.498799999998	1.7499333333325922	trials	port_entry
9305.448833333332	4.720000000001164	trials	port_entry
9315.678833333335	1.8000333333329763	trials	port_entry
9340.998933333332	2.9100000000034925	trials	port_entry
9346.148933333334	2.790033333330939	trials	port_entry
9373.779033333329	11.34003333333385	trials	port_entry
9375.679066666667	12.259999999994761	trials	reward_stimulus_presentation
9376.67903333333	1.0	trials	reward_delivery
9387.539066666668	2.0499999999956344	trials	port_entry
9393.669133333333	3.0800000000017462	trials	port_entry
9399.589133333331	0.1500000000014552	trials	port_entry
9399.75913333333	0.9600000000064028	trials	port_entry
9418.509166666667	2.0199999999967986	trials	port_entry
9420.549199999998	0.09996666666847887	trials	port_entry
9441.019266666666	4.059999999997672	trials	port_entry
9445.239266666667	1.0899999999965075	trials	port_entry
9455.989299999997	0.7900000000008731	trials	port_entry
9465.67933333333	1.8400000000037835	trials	reward_stimulus_presentation
9466.67933333333	1.0	trials	reward_delivery
9467.119333333332	11.210033333336469	trials	port_entry
9478.56933333333	3.870066666670027	trials	port_entry
9489.829399999999	2.8799999999973807	trials	port_entry
9515.949499999999	2.4499999999970896	trials	port_entry
9535.569566666669	1.5499666666655685	trials	port_entry
9555.679666666667	3.8699666666652774	trials	reward_stimulus_presentation
9556.679566666662	1.0000666666674078	trials	reward_delivery
9559.14963333333	6.620033333332685	trials	port_entry
9567.829699999998	1.1999666666670237	trials	port_entry
9574.919700000002	0.7300333333332674	trials	port_entry
9593.579733333336	1.8299999999944703	trials	port_entry
9615.27983333333	0.20999999999912689	trials	port_entry
9615.52983333333	0.9800000000032014	trials	port_entry
9623.339833333335	0.31999999999970896	trials	port_entry
9626.509900000001	0.9899333333305549	trials	port_entry
9629.139899999998	0.3400000000037835	trials	port_entry
9629.639899999998	1.1200000000026193	trials	port_entry
9640.6799	20.00226666667004	trials	shock_stimulus_presentation
9648.449933333333	0.23999999999796273	trials	port_entry
9654.509900000001	8.320099999997183	trials	port_entry
9660.48	0.3000000000029104	trials	shock_relay
9662.850000000002	0.059999999997671694	trials	port_entry
9664.399966666668	13.620066666662751	trials	port_entry
9678.98003333333	6.119966666672553	trials	port_entry
9685.119966666669	5.41009999999369	trials	port_entry
9690.55	3.4501000000018394	trials	port_entry
9695.440099999996	3.169966666668188	trials	port_entry
9699.030066666663	0.030000000006111804	trials	port_entry
9701.900066666665	0.019966666666732635	trials	port_entry
9702.010099999996	0.06999999999970896	trials	port_entry
9702.150100000003	0.6400333333294839	trials	port_entry
9704.870133333334	0.01999999999679858	trials	port_entry
9722.400166666663	1.1600333333335584	trials	port_entry
9723.700199999996	6.67000000000553	trials	port_entry
9730.410200000002	0.3099666666603298	trials	port_entry
9730.680233333329	0.1300000000046566	trials	reward_stimulus_presentation
9730.800166666664	24.90009999999893	trials	port_entry
9731.680233333329	1.0	trials	reward_delivery
9756.010266666668	3.85996666666324	trials	port_entry
9788.0004	10.619999999995343	trials	port_entry
9801.92043333333	0.8400000000037835	trials	port_entry
9808.550466666664	1.7300000000032014	trials	port_entry
9825.680499999999	1.360033333330648	trials	reward_stimulus_presentation
9826.640533333335	25.500066666667408	trials	port_entry
9826.680533333336	0.9999666666626581	trials	reward_delivery
9857.500599999996	1.8300000000017462	trials	port_entry
9872.330666666665	2.400000000001455	trials	port_entry
9875.100666666669	0.5299999999988358	trials	port_entry
9876.38063333333	2.9200666666656616	trials	port_entry
9884.790700000001	1.4700000000011642	trials	port_entry
9893.39073333333	3.260033333332103	trials	port_entry
9896.670766666666	0.01999999999679858	trials	port_entry
9898.000766666668	8.650066666661587	trials	port_entry
9912.320799999998	1.319999999999709	trials	port_entry
9915.680866666666	20.002233333332697	trials	shock_stimulus_presentation
9916.160800000001	3.3999666666641133	trials	port_entry
9935.480899999999	0.3000000000029104	trials	shock_relay
9941.010899999997	3.139999999999418	trials	port_entry
9995.681099999998	1.4099666666661506	trials	reward_stimulus_presentation
9996.681099999998	1.0	trials	reward_delivery
9996.691066666663	8.700033333334432	trials	port_entry
10006.191199999997	1.2499000000025262	trials	port_entry
10010.021066666664	0.5599999999976717	trials	port_entry
10010.6511	0.01999999999679858	trials	port_entry
10010.691066666663	0.040000000000873115	trials	port_entry
10011.601099999996	0.06999999999970896	trials	port_entry
10012.6511	0.1599999999962165	trials	port_entry
10013.171099999996	0.030000000006111804	trials	port_entry
10013.221099999999	0.02003333333414048	trials	port_entry
10081.93133333333	1.9500000000043656	trials	port_entry
10083.981333333333	0.08999999999650754	trials	port_entry
10085.681433333335	1.3699333333279355	trials	reward_stimulus_presentation
10086.651366666669	7.209999999999127	trials	port_entry
10086.681366666668	1.0	trials	reward_delivery
10118.811466666662	2.900033333338797	trials	port_entry
10127.071533333332	1.5999666666684789	trials	port_entry
10135.511499999997	1.9800000000032014	trials	port_entry
10140.481533333335	1.2199333333337563	trials	port_entry
10141.811566666667	0.040000000000873115	trials	port_entry
10141.911533333336	1.3699999999953434	trials	port_entry
10150.601566666668	0.37999999999738066	trials	port_entry
10166.011633333332	5.2700333333341405	trials	port_entry
10183.531699999996	1.9699333333337563	trials	port_entry
10185.681666666667	0.7700666666642064	trials	reward_stimulus_presentation
10186.051666666663	15.780033333336178	trials	port_entry
10186.681733333335	0.9999333333325922	trials	reward_delivery
10204.161766666668	1.0	trials	port_entry
10242.381866666667	3.930000000000291	trials	port_entry
10248.071899999999	1.6699999999982538	trials	port_entry
10258.841866666666	0.430033333330357	trials	port_entry
10275.681999999997	20.002566666669736	trials	shock_stimulus_presentation
10287.141999999996	8.580033333339088	trials	port_entry
10295.48203333333	0.3000000000029104	trials	shock_relay
10295.80203333333	6.160033333333558	trials	port_entry
10360.052266666662	115.65036666666856	trials	port_entry
10365.682299999997	20.000066666667408	trials	reward_stimulus_presentation
10366.682266666667	1.0	trials	reward_delivery
10455.682633333334	20.002199999995355	trials	shock_stimulus_presentation
10475.48263333333	0.3000000000029104	trials	shock_relay
10475.862633333334	1.6299999999973807	trials	port_entry
10477.52263333333	4.30000000000291	trials	port_entry
10481.902633333335	1.7100333333291928	trials	port_entry
10540.682866666666	1.7699999999967986	trials	reward_stimulus_presentation
10541.682866666666	1.0	trials	reward_delivery
10542.052866666669	12.169999999998254	trials	port_entry
10589.702999999998	0.13003333333472256	trials	port_entry
10589.853	4.180033333330357	trials	port_entry
10595.132966666668	2.11006666666799	trials	port_entry
10598.983033333334	0.12003333333268529	trials	port_entry
10599.312999999998	0.12999999999738066	trials	port_entry
10608.903066666662	16.810066666672355	trials	port_entry
10625.813133333333	119.87256666666508	trials	port_entry
10630.683199999996	20.0	trials	reward_stimulus_presentation
10631.683166666666	1.0	trials	reward_delivery
10725.683499999996	20.00220000000263	trials	shock_stimulus_presentation
10745.483466666668	0.30006666666304227	trials	shock_relay
10746.073500000002	89.66029999999591	trials	port_entry
10815.683800000003	20.002499999995052	trials	shock_stimulus_presentation
10835.483799999998	0.3000000000029104	trials	shock_relay
10835.8538	0.05993333333026385	trials	port_entry
10836.153799999996	0.7300000000032014	trials	port_entry
10836.933800000003	4.529966666661494	trials	port_entry
10841.533733333334	0.04003333333093906	trials	port_entry
10841.613733333335	0.01999999999679858	trials	port_entry
10841.693766666667	1.0300666666662437	trials	port_entry
10846.143833333332	0.4400000000023283	trials	port_entry
10846.81383333333	1.4599999999991269	trials	port_entry
10848.383766666662	0.05000000000291038	trials	port_entry
10848.45376666667	4.83009999999922	trials	port_entry
10853.333866666664	0.05000000000291038	trials	port_entry
10853.433833333333	1.2700333333341405	trials	port_entry
10854.953866666667	0.01999999999679858	trials	port_entry
10855.533866666668	0.11999999999534339	trials	port_entry
10857.913866666666	81.53029999999853	trials	port_entry
10895.684066666665	20.002800000002026	trials	shock_stimulus_presentation
10915.484066666668	0.2999999999956344	trials	shock_relay
10942.894166666669	0.029966666661493946	trials	port_entry
10985.684366666665	1.7599666666646954	trials	reward_stimulus_presentation
10986.684333333335	0.9999666666626581	trials	reward_delivery
10987.044333333335	3.9099666666661506	trials	port_entry
10992.954300000001	1.3299999999944703	trials	port_entry
11009.094366666668	2.030033333328902	trials	port_entry
11014.934400000002	0.08999999999650754	trials	port_entry
11016.4944	0.019933333329390734	trials	port_entry
11016.624399999997	0.029999999998835847	trials	port_entry
11016.694399999997	0.020000000004074536	trials	port_entry
11042.984500000002	2.38993333333201	trials	port_entry
11061.564566666664	1.4599999999991269	trials	port_entry
11088.702999999998	0.2784333333329414	trials	phototagging
11089.261166666667	0.22736666666605743	trials	phototagging
11092.902733333332	0.10006666666595265	trials	phototagging
11093.90343333333	0.10010000000329455	trials	phototagging
11094.9042	0.10006666666595265	trials	phototagging
11095.904899999998	0.10010000000329455	trials	phototagging
11096.905633333332	0.10006666666595265	trials	phototagging
11097.906366666666	0.10006666666595265	trials	phototagging
11098.9071	0.10006666666595265	trials	phototagging
11099.907833333335	0.10006666666595265	trials	phototagging
11100.908566666669	0.10006666666595265	trials	phototagging
11101.909299999996	0.10003333333588671	trials	phototagging
11102.91	0.1000999999960186	trials	phototagging
11103.910733333334	0.10006666666595265	trials	phototagging
11114.918766666666	0.004999999997380655	trials	phototagging
11114.928766666668	0.004999999997380655	trials	phototagging
11114.938766666663	0.005000000004656613	trials	phototagging
11114.948766666665	0.005033333334722556	trials	phototagging
11114.958799999997	0.005000000004656613	trials	phototagging
11114.968799999999	0.004999999997380655	trials	phototagging
11114.9788	0.004999999997380655	trials	phototagging
11114.988799999996	0.005000000004656613	trials	phototagging
11114.998833333335	0.004999999997380655	trials	phototagging
11115.00883333333	0.005000000004656613	trials	phototagging
11115.018833333332	0.004999999997380655	trials	phototagging
11115.028833333334	0.004999999997380655	trials	phototagging
11115.038833333336	0.004999999997380655	trials	phototagging
11115.04883333333	0.005033333334722556	trials	phototagging
11115.058866666663	0.005000000004656613	trials	phototagging
11115.068866666665	0.004999999997380655	trials	phototagging
11115.078866666667	0.004999999997380655	trials	phototagging
11115.088866666669	0.004999999997380655	trials	phototagging
11115.0989	0.004999999997380655	trials	phototagging
11115.108899999996	0.005000000004656613	trials	phototagging
11115.118899999998	0.005000000004656613	trials	phototagging
11115.1289	0.004999999997380655	trials	phototagging
11115.138933333332	0.004999999997380655	trials	phototagging
11115.148933333334	0.004999999997380655	trials	phototagging
11115.158933333336	0.004999999997380655	trials	phototagging
11115.16893333333	0.005000000004656613	trials	phototagging
11115.178933333333	0.004999999997380655	trials	phototagging
11115.188933333335	0.0050333333274465986	trials	phototagging
11115.198966666667	0.004999999997380655	trials	phototagging
11115.208966666669	0.004999999997380655	trials	phototagging
11125.226266666668	0.00999999999476131	trials	phototagging
11125.326333333334	0.00999999999476131	trials	phototagging
11125.4264	0.010033333332103211	trials	phototagging
11125.526499999996	0.010000000002037268	trials	phototagging
11125.626566666662	0.010000000002037268	trials	phototagging
11125.726633333335	0.00999999999476131	trials	phototagging
11125.826700000001	0.00999999999476131	trials	phototagging
11125.926766666667	0.00999999999476131	trials	phototagging
11126.026866666663	0.010000000002037268	trials	phototagging
11126.12693333333	0.010000000002037268	trials	phototagging
11126.227000000003	0.00999999999476131	trials	phototagging
11126.327066666669	0.00999999999476131	trials	phototagging
11126.427133333334	0.00999999999476131	trials	phototagging
11126.5272	0.010033333332103211	trials	phototagging
11126.627266666666	0.010033333332103211	trials	phototagging
11126.727366666662	0.010000000002037268	trials	phototagging
11126.827433333336	0.00999999999476131	trials	phototagging
11126.927500000002	0.010033333332103211	trials	phototagging
11127.027566666668	0.010033333332103211	trials	phototagging
11127.127666666664	0.010000000002037268	trials	phototagging
11127.22773333333	0.010000000002037268	trials	phototagging
11127.327799999995	0.010000000002037268	trials	phototagging
11127.427866666669	0.00999999999476131	trials	phototagging
11127.527933333335	0.010033333332103211	trials	phototagging
11127.628	0.010033333332103211	trials	phototagging
11127.728099999997	0.010000000002037268	trials	phototagging
11127.828166666663	0.010000000002037268	trials	phototagging
11127.928233333336	0.00999999999476131	trials	phototagging
11128.028300000002	0.00999999999476131	trials	phototagging
11128.128366666668	0.010033333332103211	trials	phototagging
11138.235733333331	0.005000000004656613	trials	phototagging
11139.236466666665	0.004999999997380655	trials	phototagging
11140.2372	0.004999999997380655	trials	phototagging
11141.237933333334	0.004999999997380655	trials	phototagging
11142.238666666668	0.004999999997380655	trials	phototagging
11143.239400000002	0.004999999997380655	trials	phototagging
11144.24013333333	0.005000000004656613	trials	phototagging
11145.240866666663	0.005000000004656613	trials	phototagging
11146.241566666667	0.004999999997380655	trials	phototagging
11147.242300000002	0.0050333333274465986	trials	phototagging
11148.243033333336	0.004999999997380655	trials	phototagging
11149.243766666663	0.005000000004656613	trials	phototagging
11150.244499999997	0.005000000004656613	trials	phototagging
11151.245233333331	0.005000000004656613	trials	phototagging
11152.245966666665	0.004999999997380655	trials	phototagging
11153.2467	0.004999999997380655	trials	phototagging
11154.247399999997	0.005033333334722556	trials	phototagging
11155.24813333333	0.005033333334722556	trials	phototagging
11156.248866666665	0.004999999997380655	trials	phototagging
11157.2496	0.004999999997380655	trials	phototagging
11158.250333333333	0.004999999997380655	trials	phototagging
11159.251066666668	0.004999999997380655	trials	phototagging
11160.251800000002	0.004999999997380655	trials	phototagging
11161.252533333329	0.005000000004656613	trials	phototagging
11162.253233333333	0.004999999997380655	trials	phototagging
11163.253966666667	0.005033333334722556	trials	phototagging
11164.254700000001	0.004999999997380655	trials	phototagging
11165.255433333336	0.004999999997380655	trials	phototagging
11166.256166666662	0.005000000004656613	trials	phototagging
11167.256899999997	0.005000000004656613	trials	phototagging
11178.264899999998	0.005033333334722556	trials	phototagging
11179.265633333333	0.005033333334722556	trials	phototagging
11180.266366666667	0.004999999997380655	trials	phototagging
11181.267100000001	0.004999999997380655	trials	phototagging
11182.267833333335	0.004999999997380655	trials	phototagging
11183.268566666662	0.005000000004656613	trials	phototagging
11184.269299999996	0.005000000004656613	trials	phototagging
11185.27003333333	0.005000000004656613	trials	phototagging
11186.270766666665	0.004999999997380655	trials	phototagging
11187.271499999999	0.004999999997380655	trials	phototagging
11188.272199999996	0.005033333334722556	trials	phototagging
11189.27293333333	0.005033333334722556	trials	phototagging
11190.273666666664	0.005000000004656613	trials	phototagging
11191.274399999998	0.004999999997380655	trials	phototagging
11192.275133333333	0.004999999997380655	trials	phototagging
11193.275866666667	0.004999999997380655	trials	phototagging
11194.276600000001	0.004999999997380655	trials	phototagging
11195.277333333335	0.004999999997380655	trials	phototagging
11196.278033333332	0.004999999997380655	trials	phototagging
11197.278766666666	0.004999999997380655	trials	phototagging
11198.2795	0.004999999997380655	trials	phototagging
11199.280233333335	0.004999999997380655	trials	phototagging
11200.280966666669	0.004999999997380655	trials	phototagging
11201.281699999996	0.005000000004656613	trials	phototagging
11202.28243333333	0.005000000004656613	trials	phototagging
11203.283166666664	0.005000000004656613	trials	phototagging
11204.283899999999	0.004999999997380655	trials	phototagging
11205.284633333333	0.004999999997380655	trials	phototagging
11206.28533333333	0.005000000004656613	trials	phototagging
11207.286066666664	0.005033333334722556	trials	phototagging
11218.294099999996	0.010000000002037268	trials	phototagging
11218.394166666669	0.010033333332103211	trials	phototagging
11218.494233333335	0.010033333332103211	trials	phototagging
11218.59433333333	0.010000000002037268	trials	phototagging
11218.694399999997	0.010000000002037268	trials	phototagging
11218.794466666663	0.010000000002037268	trials	phototagging
11218.894533333336	0.00999999999476131	trials	phototagging
11218.994600000002	0.010033333332103211	trials	phototagging
11219.094666666668	0.010033333332103211	trials	phototagging
11219.194766666664	0.010000000002037268	trials	phototagging
11219.29483333333	0.010000000002037268	trials	phototagging
11219.394899999996	0.010000000002037268	trials	phototagging
11219.494966666669	0.00999999999476131	trials	phototagging
11219.595033333335	0.010033333332103211	trials	phototagging
11219.69513333333	0.010000000002037268	trials	phototagging
11219.795199999997	0.010000000002037268	trials	phototagging
11219.895266666663	0.010000000002037268	trials	phototagging
11219.995333333329	0.010000000002037268	trials	phototagging
11220.095433333332	0.009966666664695367	trials	phototagging
11220.195499999998	0.010000000002037268	trials	phototagging
11220.295566666664	0.010000000002037268	trials	phototagging
11220.39563333333	0.010000000002037268	trials	phototagging
11220.495699999996	0.010000000002037268	trials	phototagging
11220.595766666669	0.010033333332103211	trials	phototagging
11220.695866666665	0.010000000002037268	trials	phototagging
11220.795933333331	0.010000000002037268	trials	phototagging
11220.895999999997	0.010000000002037268	trials	phototagging
11220.996066666663	0.010000000002037268	trials	phototagging
11221.096133333329	0.010000000002037268	trials	phototagging
11221.196233333332	0.010000000002037268	trials	phototagging
11231.303599999996	0.005000000004656613	trials	phototagging
11232.3043	0.005033333334722556	trials	phototagging
11233.305033333334	0.005033333334722556	trials	phototagging
11234.305766666668	0.004999999997380655	trials	phototagging
11235.306500000002	0.004999999997380655	trials	phototagging
11236.30723333333	0.005000000004656613	trials	phototagging
11237.307966666664	0.005000000004656613	trials	phototagging
11238.308699999998	0.005000000004656613	trials	phototagging
11239.309433333332	0.004999999997380655	trials	phototagging
11240.310166666666	0.004999999997380655	trials	phototagging
11241.3109	0.004966666667314712	trials	phototagging
11242.311599999997	0.005000000004656613	trials	phototagging
11243.312333333331	0.005033333334722556	trials	phototagging
11244.313066666666	0.004999999997380655	trials	phototagging
11245.3138	0.004999999997380655	trials	phototagging
11246.314533333334	0.004999999997380655	trials	phototagging
11247.315266666668	0.004999999997380655	trials	phototagging
11248.316000000003	0.004999999997380655	trials	phototagging
11249.3167	0.005033333334722556	trials	phototagging
11250.317433333334	0.005033333334722556	trials	phototagging
11251.318166666668	0.004999999997380655	trials	phototagging
11252.318900000002	0.004999999997380655	trials	phototagging
11253.319633333329	0.005000000004656613	trials	phototagging
11254.320366666663	0.005000000004656613	trials	phototagging
11255.321099999997	0.005000000004656613	trials	phototagging
11256.321833333332	0.004999999997380655	trials	phototagging
11257.322566666666	0.004999999997380655	trials	phototagging
11258.3233	0.004999999997380655	trials	phototagging
11259.323999999997	0.005033333334722556	trials	phototagging
11260.324733333331	0.005000000004656613	trials	phototagging
11271.332766666663	0.005000000004656613	trials	phototagging
11271.342766666665	0.005033333334722556	trials	phototagging
11271.352799999997	0.005000000004656613	trials	phototagging
11271.362799999999	0.004999999997380655	trials	phototagging
11271.372800000001	0.004999999997380655	trials	phototagging
11271.382799999996	0.005000000004656613	trials	phototagging
11271.392799999998	0.005033333334722556	trials	phototagging
11271.40283333333	0.005000000004656613	trials	phototagging
11271.412833333332	0.004999999997380655	trials	phototagging
11271.422833333334	0.004999999997380655	trials	phototagging
11271.432833333329	0.005000000004656613	trials	phototagging
11271.44283333333	0.005033333334722556	trials	phototagging
11271.452866666663	0.005000000004656613	trials	phototagging
11271.462866666665	0.004999999997380655	trials	phototagging
11271.472866666667	0.004999999997380655	trials	phototagging
11271.482866666669	0.0050333333274465986	trials	phototagging
11271.492900000001	0.004999999997380655	trials	phototagging
11271.502899999996	0.005000000004656613	trials	phototagging
11271.512899999998	0.005000000004656613	trials	phototagging
11271.5229	0.005033333334722556	trials	phototagging
11271.532933333332	0.004999999997380655	trials	phototagging
11271.542933333334	0.004999999997380655	trials	phototagging
11271.552933333329	0.005000000004656613	trials	phototagging
11271.56293333333	0.005033333334722556	trials	phototagging
11271.572966666663	0.005000000004656613	trials	phototagging
11271.582966666665	0.004999999997380655	trials	phototagging
11271.592966666667	0.004999999997380655	trials	phototagging
11271.602966666669	0.004999999997380655	trials	phototagging
11271.612966666664	0.005000000004656613	trials	phototagging
11271.622999999996	0.005000000004656613	trials	phototagging
11281.640299999995	0.010000000002037268	trials	phototagging
11281.740366666669	0.00999999999476131	trials	phototagging
11281.840433333335	0.00999999999476131	trials	phototagging
11281.9405	0.00999999999476131	trials	phototagging
11282.040599999997	0.010000000002037268	trials	phototagging
11282.140666666663	0.010000000002037268	trials	phototagging
11282.240733333336	0.00999999999476131	trials	phototagging
11282.340800000002	0.00999999999476131	trials	phototagging
11282.440866666668	0.00999999999476131	trials	phototagging
11282.540933333334	0.010033333332103211	trials	phototagging
11282.64103333333	0.010000000002037268	trials	phototagging
11282.741099999996	0.010000000002037268	trials	phototagging
11282.841166666669	0.00999999999476131	trials	phototagging
11282.941233333335	0.010033333332103211	trials	phototagging
11283.0413	0.010033333332103211	trials	phototagging
11283.141366666667	0.010033333332103211	trials	phototagging
11283.241466666663	0.010000000002037268	trials	phototagging
11283.341533333329	0.010000000002037268	trials	phototagging
11283.441600000002	0.00999999999476131	trials	phototagging
11283.541666666668	0.010033333332103211	trials	phototagging
11283.641733333334	0.010033333332103211	trials	phototagging
11283.74183333333	0.010000000002037268	trials	phototagging
11283.841899999996	0.010000000002037268	trials	phototagging
11283.941966666669	0.00999999999476131	trials	phototagging
11284.042033333335	0.00999999999476131	trials	phototagging
11284.142100000001	0.010033333332103211	trials	phototagging
11284.242199999997	0.010000000002037268	trials	phototagging
11284.342266666663	0.010000000002037268	trials	phototagging
11284.442333333329	0.010000000002037268	trials	phototagging
11284.542400000002	0.010033333332103211	trials	phototagging
11294.649766666666	0.10010000000329455	trials	phototagging
11295.6505	0.1000999999960186	trials	phototagging
11296.651233333334	0.10006666666595265	trials	phototagging
11297.651966666668	0.10006666666595265	trials	phototagging
11298.652700000002	0.10006666666595265	trials	phototagging
11299.65343333333	0.10006666667322861	trials	phototagging
11300.654166666664	0.10006666666595265	trials	phototagging
11301.654899999998	0.10006666666595265	trials	phototagging
11302.655600000002	0.1000999999960186	trials	phototagging
11303.656333333329	0.10006666667322861	trials	phototagging
11304.657066666663	0.10006666666595265	trials	phototagging
11305.657799999997	0.10006666666595265	trials	phototagging
11316.665833333329	0.005000000004656613	trials	phototagging
11316.675833333331	0.005000000004656613	trials	phototagging
11316.685833333333	0.004999999997380655	trials	phototagging
11316.695833333335	0.0050333333274465986	trials	phototagging
11316.705866666667	0.004999999997380655	trials	phototagging
11316.71586666667	0.004999999997380655	trials	phototagging
11316.725866666664	0.005000000004656613	trials	phototagging
11316.735866666666	0.005033333334722556	trials	phototagging
11316.745899999998	0.004999999997380655	trials	phototagging
11316.7559	0.004999999997380655	trials	phototagging
11316.765900000002	0.004999999997380655	trials	phototagging
11316.775899999997	0.005033333334722556	trials	phototagging
11316.785933333329	0.005000000004656613	trials	phototagging
11316.795933333331	0.005000000004656613	trials	phototagging
11316.805933333333	0.004999999997380655	trials	phototagging
11316.815933333335	0.004999999997380655	trials	phototagging
11316.825966666667	0.004999999997380655	trials	phototagging
11316.83596666667	0.004999999997380655	trials	phototagging
11316.845966666664	0.005000000004656613	trials	phototagging
11316.855966666666	0.004999999997380655	trials	phototagging
11316.865966666668	0.0050333333274465986	trials	phototagging
11316.876	0.004999999997380655	trials	phototagging
11316.886000000002	0.004999999997380655	trials	phototagging
11316.895999999997	0.005000000004656613	trials	phototagging
11316.905999999999	0.004999999997380655	trials	phototagging
11316.916000000001	0.004999999997380655	trials	phototagging
11316.926033333333	0.004999999997380655	trials	phototagging
11316.936033333335	0.004999999997380655	trials	phototagging
11316.94603333333	0.005000000004656613	trials	phototagging
11316.956033333332	0.004999999997380655	trials	phototagging
11326.973333333332	0.10010000000329455	trials	phototagging
11327.974066666666	0.10010000000329455	trials	phototagging
11328.9748	0.10006666666595265	trials	phototagging
11329.975533333334	0.10006666666595265	trials	phototagging
11330.976266666668	0.10006666666595265	trials	phototagging
11331.977000000003	0.10006666666595265	trials	phototagging
11332.97773333333	0.10006666666595265	trials	phototagging
11333.978466666664	0.10006666666595265	trials	phototagging
11334.979199999998	0.10006666666595265	trials	phototagging
11335.979933333332	0.10006666666595265	trials	phototagging
11336.980633333329	0.10010000000329455	trials	phototagging
11337.981366666663	0.10006666666595265	trials	phototagging
11348.989400000002	0.00999999999476131	trials	phototagging
11349.089466666668	0.010033333332103211	trials	phototagging
11349.189566666664	0.010000000002037268	trials	phototagging
11349.28963333333	0.010000000002037268	trials	phototagging
11349.389699999996	0.010000000002037268	trials	phototagging
11349.489766666662	0.010000000002037268	trials	phototagging
11349.589833333335	0.00999999999476131	trials	phototagging
11349.689933333331	0.010000000002037268	trials	phototagging
11349.789999999997	0.010000000002037268	trials	phototagging
11349.890066666663	0.010000000002037268	trials	phototagging
11349.99013333333	0.010000000002037268	trials	phototagging
11350.090200000002	0.00999999999476131	trials	phototagging
11350.190299999998	0.010000000002037268	trials	phototagging
11350.290366666664	0.010000000002037268	trials	phototagging
11350.39043333333	0.010000000002037268	trials	phototagging
11350.490499999996	0.010000000002037268	trials	phototagging
11350.590566666662	0.010000000002037268	trials	phototagging
11350.690666666665	0.010000000002037268	trials	phototagging
11350.790700000001	0.010033333332103211	trials	phototagging
11350.890799999997	0.010000000002037268	trials	phototagging
11350.990866666663	0.010000000002037268	trials	phototagging
11351.09093333333	0.010000000002037268	trials	phototagging
11351.191000000003	0.010033333332103211	trials	phototagging
11351.291099999999	0.010000000002037268	trials	phototagging
11351.391166666665	0.010000000002037268	trials	phototagging
11351.49123333333	0.010000000002037268	trials	phototagging
11351.591299999996	0.010000000002037268	trials	phototagging
11351.691366666662	0.010033333339379169	trials	phototagging
11351.791433333336	0.010033333332103211	trials	phototagging
11351.891533333332	0.010000000002037268	trials	phototagging
11361.998900000002	0.004999999997380655	trials	phototagging
11362.99963333333	0.005000000004656613	trials	phototagging
11364.000366666663	0.005000000004656613	trials	phototagging
11365.001099999998	0.005000000004656613	trials	phototagging
11366.001833333332	0.004999999997380655	trials	phototagging
11367.002533333329	0.005033333334722556	trials	phototagging
11368.003266666663	0.005033333334722556	trials	phototagging
11369.003999999997	0.005000000004656613	trials	phototagging
11370.004733333331	0.004999999997380655	trials	phototagging
11371.005466666666	0.004999999997380655	trials	phototagging
11372.0062	0.004999999997380655	trials	phototagging
11373.006933333334	0.004999999997380655	trials	phototagging
11374.007666666668	0.004999999997380655	trials	phototagging
11375.008366666665	0.005033333334722556	trials	phototagging
11376.00913333333	0.005000000004656613	trials	phototagging
11377.009833333334	0.004999999997380655	trials	phototagging
11378.010566666668	0.004999999997380655	trials	phototagging
11379.011300000002	0.004999999997380655	trials	phototagging
11380.012033333329	0.005000000004656613	trials	phototagging
11381.012766666663	0.005000000004656613	trials	phototagging
11382.013499999997	0.005000000004656613	trials	phototagging
11383.014233333332	0.004999999997380655	trials	phototagging
11384.014966666666	0.004999999997380655	trials	phototagging
11385.015666666663	0.005033333334722556	trials	phototagging
11386.016399999997	0.005000000004656613	trials	phototagging
11387.017133333331	0.005000000004656613	trials	phototagging
11388.017866666665	0.004999999997380655	trials	phototagging
11389.0186	0.004999999997380655	trials	phototagging
11390.019333333334	0.004999999997380655	trials	phototagging
11391.020066666668	0.004999999997380655	trials	phototagging
11402.0281	0.004999999997380655	trials	phototagging
11403.028833333334	0.004999999997380655	trials	phototagging
11404.029566666668	0.004999999997380655	trials	phototagging
11405.030300000002	0.004999999997380655	trials	phototagging
11406.03103333333	0.005000000004656613	trials	phototagging
11407.031733333333	0.005033333334722556	trials	phototagging
11408.032466666667	0.004999999997380655	trials	phototagging
11409.033200000002	0.004999999997380655	trials	phototagging
11410.033933333336	0.004999999997380655	trials	phototagging
11411.034666666663	0.005000000004656613	trials	phototagging
11412.035399999997	0.005000000004656613	trials	phototagging
11413.036133333331	0.005000000004656613	trials	phototagging
11414.036866666665	0.004999999997380655	trials	phototagging
11415.0376	0.004999999997380655	trials	phototagging
11416.038299999997	0.005033333334722556	trials	phototagging
11417.039066666668	0.004999999997380655	trials	phototagging
11418.039766666665	0.004999999997380655	trials	phototagging
11419.0405	0.004999999997380655	trials	phototagging
11420.041233333333	0.004999999997380655	trials	phototagging
11421.041966666668	0.004999999997380655	trials	phototagging
11422.042700000002	0.004999999997380655	trials	phototagging
11423.043433333329	0.005000000004656613	trials	phototagging
11424.044166666663	0.005000000004656613	trials	phototagging
11425.044899999997	0.005000000004656613	trials	phototagging
11426.045633333331	0.004999999997380655	trials	phototagging
11427.046366666666	0.004966666667314712	trials	phototagging
11428.047066666662	0.005033333334722556	trials	phototagging
11429.047799999997	0.005033333334722556	trials	phototagging
11430.04853333333	0.005000000004656613	trials	phototagging
11431.049266666665	0.004999999997380655	trials	phototagging
11442.057299999997	0.010000000002037268	trials	phototagging
11442.157366666663	0.010000000002037268	trials	phototagging
11442.257433333336	0.00999999999476131	trials	phototagging
11442.357533333332	0.010000000002037268	trials	phototagging
11442.457599999998	0.010000000002037268	trials	phototagging
11442.557666666664	0.010000000002037268	trials	phototagging
11442.65773333333	0.010000000002037268	trials	phototagging
11442.757799999996	0.010033333339379169	trials	phototagging
11442.857866666669	0.010033333332103211	trials	phototagging
11442.957966666665	0.010000000002037268	trials	phototagging
11443.058033333331	0.010000000002037268	trials	phototagging
11443.158099999997	0.010000000002037268	trials	phototagging
11443.258166666663	0.010000000002037268	trials	phototagging
11443.358233333329	0.010033333339379169	trials	phototagging
11443.458300000002	0.010033333332103211	trials	phototagging
11443.558399999998	0.010000000002037268	trials	phototagging
11443.658466666664	0.010000000002037268	trials	phototagging
11443.75853333333	0.010000000002037268	trials	phototagging
11443.858599999996	0.010033333339379169	trials	phototagging
11443.9587	0.010000000002037268	trials	phototagging
11444.058766666665	0.010000000002037268	trials	phototagging
11444.158833333331	0.010000000002037268	trials	phototagging
11444.258899999997	0.010000000002037268	trials	phototagging
11444.358966666663	0.010033333339379169	trials	phototagging
11444.459033333329	0.010033333339379169	trials	phototagging
11444.559133333332	0.010000000002037268	trials	phototagging
11444.659199999998	0.010000000002037268	trials	phototagging
11444.759266666664	0.010000000002037268	trials	phototagging
11444.85933333333	0.010000000002037268	trials	phototagging
11444.959399999996	0.010033333339379169	trials	phototagging
11778.808733333335	0.10006666666595265	trials	phototagging
11779.809466666662	0.10006666667322861	trials	phototagging
11780.810199999996	0.10006666666595265	trials	phototagging
11781.81093333333	0.10006666666595265	trials	phototagging
11782.811666666665	0.10006666666595265	trials	phototagging
11783.812399999999	0.10006666666595265	trials	phototagging
11784.813099999996	0.10006666667322861	trials	phototagging
11785.81383333333	0.10006666666595265	trials	phototagging
11786.814566666664	0.10006666666595265	trials	phototagging
11787.815299999998	0.10006666666595265	trials	phototagging
11788.816033333333	0.10006666666595265	trials	phototagging
11789.816766666667	0.10006666666595265	trials	phototagging
11800.824799999999	0.004999999997380655	trials	phototagging
11800.8348	0.004999999997380655	trials	phototagging
11800.844800000003	0.004999999997380655	trials	phototagging
11800.854799999997	0.005000000004656613	trials	phototagging
11800.8648	0.005033333334722556	trials	phototagging
11800.874833333331	0.004999999997380655	trials	phototagging
11800.884833333334	0.004999999997380655	trials	phototagging
11800.894833333336	0.004999999997380655	trials	phototagging
11800.90483333333	0.005000000004656613	trials	phototagging
11800.914833333332	0.005033333334722556	trials	phototagging
11800.924866666664	0.005000000004656613	trials	phototagging
11800.934866666666	0.004999999997380655	trials	phototagging
11800.944866666669	0.004999999997380655	trials	phototagging
11800.954866666663	0.005000000004656613	trials	phototagging
11800.964866666665	0.004999999997380655	trials	phototagging
11800.974899999997	0.005000000004656613	trials	phototagging
11800.9849	0.004999999997380655	trials	phototagging
11800.994900000002	0.004999999997380655	trials	phototagging
11801.004899999996	0.005000000004656613	trials	phototagging
11801.014899999998	0.005033333334722556	trials	phototagging
11801.02493333333	0.005000000004656613	trials	phototagging
11801.034933333332	0.004999999997380655	trials	phototagging
11801.044933333334	0.004999999997380655	trials	phototagging
11801.05493333333	0.005033333334722556	trials	phototagging
11801.064966666669	0.004999999997380655	trials	phototagging
11801.074966666663	0.005000000004656613	trials	phototagging
11801.084966666665	0.004999999997380655	trials	phototagging
11801.094966666667	0.005033333334722556	trials	phototagging
11801.105	0.004999999997380655	trials	phototagging
11801.115000000002	0.004999999997380655	trials	phototagging
11811.132300000001	0.00999999999476131	trials	phototagging
11811.232366666667	0.010000000002037268	trials	phototagging
11811.332433333333	0.010000000002037268	trials	phototagging
11811.432499999999	0.010033333332103211	trials	phototagging
11811.532600000002	0.00999999999476131	trials	phototagging
11811.632666666668	0.00999999999476131	trials	phototagging
11811.732733333334	0.00999999999476131	trials	phototagging
11811.8328	0.010000000002037268	trials	phototagging
11811.932866666666	0.010033333332103211	trials	phototagging
11812.032966666662	0.010000000002037268	trials	phototagging
11812.133033333335	0.00999999999476131	trials	phototagging
11812.233100000001	0.00999999999476131	trials	phototagging
11812.333166666667	0.010000000002037268	trials	phototagging
11812.433233333333	0.010033333332103211	trials	phototagging
11812.5333	0.010033333332103211	trials	phototagging
11812.633400000002	0.00999999999476131	trials	phototagging
11812.733466666668	0.00999999999476131	trials	phototagging
11812.833533333334	0.00999999999476131	trials	phototagging
11812.9336	0.010000000002037268	trials	phototagging
11813.033666666666	0.010033333332103211	trials	phototagging
11813.133733333332	0.010033333332103211	trials	phototagging
11813.233833333335	0.00999999999476131	trials	phototagging
11813.333900000001	0.00999999999476131	trials	phototagging
11813.433966666667	0.00999999999476131	trials	phototagging
11813.534033333333	0.010033333332103211	trials	phototagging
11813.63413333333	0.010000000002037268	trials	phototagging
11813.734200000003	0.00999999999476131	trials	phototagging
11813.834266666669	0.00999999999476131	trials	phototagging
11813.934333333335	0.00999999999476131	trials	phototagging
11814.0344	0.010033333332103211	trials	phototagging
11824.141766666664	0.005000000004656613	trials	phototagging
11825.142499999998	0.004999999997380655	trials	phototagging
11826.143233333332	0.004999999997380655	trials	phototagging
11827.143966666667	0.004999999997380655	trials	phototagging
11828.1447	0.004999999997380655	trials	phototagging
11829.145433333335	0.004999999997380655	trials	phototagging
11830.14616666667	0.004999999997380655	trials	phototagging
11831.146866666666	0.005033333334722556	trials	phototagging
11832.1476	0.004999999997380655	trials	phototagging
11833.148333333334	0.004999999997380655	trials	phototagging
11834.149066666669	0.004999999997380655	trials	phototagging
11835.149799999996	0.005000000004656613	trials	phototagging
11836.15053333333	0.005000000004656613	trials	phototagging
11837.151266666664	0.005000000004656613	trials	phototagging
11838.151999999998	0.004999999997380655	trials	phototagging
11839.152733333332	0.004999999997380655	trials	phototagging
11840.153466666667	0.004999999997380655	trials	phototagging
11841.154166666664	0.005033333334722556	trials	phototagging
11842.154899999998	0.005033333334722556	trials	phototagging
11843.155633333332	0.004999999997380655	trials	phototagging
11844.156366666666	0.004999999997380655	trials	phototagging
11845.1571	0.004999999997380655	trials	phototagging
11846.157833333335	0.004999999997380655	trials	phototagging
11847.158566666669	0.004999999997380655	trials	phototagging
11848.159299999996	0.005000000004656613	trials	phototagging
11849.16003333333	0.005000000004656613	trials	phototagging
11850.160766666664	0.005000000004656613	trials	phototagging
11851.161466666668	0.004999999997380655	trials	phototagging
11852.162200000002	0.0050333333274465986	trials	phototagging
11853.16293333333	0.005000000004656613	trials	phototagging
11864.170966666668	0.004999999997380655	trials	phototagging
11865.171700000003	0.004999999997380655	trials	phototagging
11866.17243333333	0.005000000004656613	trials	phototagging
11867.173166666664	0.005000000004656613	trials	phototagging
11868.173866666668	0.005033333334722556	trials	phototagging
11869.174600000002	0.004999999997380655	trials	phototagging
11870.175333333329	0.005000000004656613	trials	phototagging
11871.176066666663	0.005000000004656613	trials	phototagging
11872.176799999997	0.005000000004656613	trials	phototagging
11873.177533333332	0.004999999997380655	trials	phototagging
11874.178266666666	0.004999999997380655	trials	phototagging
11875.179	0.004999999997380655	trials	phototagging
11876.179733333334	0.004999999997380655	trials	phototagging
11877.180466666669	0.004999999997380655	trials	phototagging
11878.181166666665	0.004999999997380655	trials	phototagging
11879.1819	0.005033333334722556	trials	phototagging
11880.182633333334	0.004999999997380655	trials	phototagging
11881.183366666668	0.004999999997380655	trials	phototagging
11882.184100000002	0.004999999997380655	trials	phototagging
11883.18483333333	0.005000000004656613	trials	phototagging
11884.185566666663	0.005000000004656613	trials	phototagging
11885.186299999998	0.005000000004656613	trials	phototagging
11886.187033333332	0.004999999997380655	trials	phototagging
11887.187766666666	0.004999999997380655	trials	phototagging
11888.1885	0.004999999997380655	trials	phototagging
11889.189199999997	0.005033333334722556	trials	phototagging
11890.189933333331	0.005000000004656613	trials	phototagging
11891.190666666665	0.004999999997380655	trials	phototagging
11892.1914	0.004999999997380655	trials	phototagging
11893.192133333334	0.004999999997380655	trials	phototagging
11904.200166666666	0.010000000002037268	trials	phototagging
11904.300233333332	0.010000000002037268	trials	phototagging
11904.400299999998	0.010000000002037268	trials	phototagging
11904.500366666663	0.010033333332103211	trials	phototagging
11904.600466666667	0.010000000002037268	trials	phototagging
11904.700533333333	0.010000000002037268	trials	phototagging
11904.800599999999	0.010000000002037268	trials	phototagging
11904.900666666665	0.010000000002037268	trials	phototagging
11905.00073333333	0.010033333332103211	trials	phototagging
11905.100799999997	0.010033333339379169	trials	phototagging
11905.2009	0.010000000002037268	trials	phototagging
11905.300966666666	0.010000000002037268	trials	phototagging
11905.401033333332	0.010000000002037268	trials	phototagging
11905.501099999998	0.010000000002037268	trials	phototagging
11905.601200000001	0.00999999999476131	trials	phototagging
11905.701266666667	0.010000000002037268	trials	phototagging
11905.801333333333	0.010000000002037268	trials	phototagging
11905.901399999999	0.010000000002037268	trials	phototagging
11906.001466666665	0.010033333332103211	trials	phototagging
11906.10153333333	0.010033333332103211	trials	phototagging
11906.201633333334	0.00999999999476131	trials	phototagging
11906.3017	0.010000000002037268	trials	phototagging
11906.401766666666	0.010000000002037268	trials	phototagging
11906.501833333332	0.010000000002037268	trials	phototagging
11906.601899999998	0.010033333332103211	trials	phototagging
11906.701966666664	0.010033333332103211	trials	phototagging
11906.802066666667	0.010000000002037268	trials	phototagging
11906.902133333333	0.010000000002037268	trials	phototagging
11907.002199999999	0.010000000002037268	trials	phototagging
11907.102266666665	0.010000000002037268	trials	phototagging
11917.209633333336	0.0050333333274465986	trials	phototagging
11918.210366666663	0.005000000004656613	trials	phototagging
11919.211099999997	0.005000000004656613	trials	phototagging
11920.211833333331	0.005000000004656613	trials	phototagging
11921.212566666665	0.004999999997380655	trials	phototagging
11922.2133	0.004999999997380655	trials	phototagging
11923.214033333334	0.004999999997380655	trials	phototagging
11924.214766666668	0.004999999997380655	trials	phototagging
11925.215500000002	0.004999999997380655	trials	phototagging
11926.216233333329	0.005000000004656613	trials	phototagging
11927.216966666663	0.005000000004656613	trials	phototagging
11928.217666666667	0.004999999997380655	trials	phototagging
11929.218400000002	0.004999999997380655	trials	phototagging
11930.219133333336	0.004999999997380655	trials	phototagging
11931.219866666663	0.005000000004656613	trials	phototagging
11932.220599999997	0.005000000004656613	trials	phototagging
11933.221333333331	0.005000000004656613	trials	phototagging
11934.222066666665	0.004999999997380655	trials	phototagging
11935.2228	0.004999999997380655	trials	phototagging
11936.223499999996	0.005033333334722556	trials	phototagging
11937.224266666668	0.004999999997380655	trials	phototagging
11938.224966666665	0.004999999997380655	trials	phototagging
11939.225699999999	0.005033333334722556	trials	phototagging
11940.226433333333	0.004999999997380655	trials	phototagging
11941.227166666667	0.004999999997380655	trials	phototagging
11942.227900000002	0.004999999997380655	trials	phototagging
11943.228633333336	0.004999999997380655	trials	phototagging
11944.229366666663	0.005000000004656613	trials	phototagging
11945.230099999997	0.005000000004656613	trials	phototagging
11946.230833333331	0.005000000004656613	trials	phototagging
11957.238833333333	0.005033333334722556	trials	phototagging
11957.248866666665	0.004999999997380655	trials	phototagging
11957.258866666667	0.004999999997380655	trials	phototagging
11957.268866666669	0.004999999997380655	trials	phototagging
11957.278866666664	0.005033333334722556	trials	phototagging
11957.288899999996	0.005000000004656613	trials	phototagging
11957.298899999998	0.005000000004656613	trials	phototagging
11957.3089	0.004999999997380655	trials	phototagging
11957.318900000002	0.004999999997380655	trials	phototagging
11957.328933333334	0.004999999997380655	trials	phototagging
11957.338933333329	0.005000000004656613	trials	phototagging
11957.348933333331	0.005000000004656613	trials	phototagging
11957.358933333333	0.004999999997380655	trials	phototagging
11957.368966666665	0.004999999997380655	trials	phototagging
11957.378966666667	0.004999999997380655	trials	phototagging
11957.38896666667	0.004999999997380655	trials	phototagging
11957.398966666664	0.005000000004656613	trials	phototagging
11957.408966666666	0.004999999997380655	trials	phototagging
11957.418999999998	0.004999999997380655	trials	phototagging
11957.429	0.004999999997380655	trials	phototagging
11957.439000000002	0.004999999997380655	trials	phototagging
11957.448999999997	0.005000000004656613	trials	phototagging
11957.458999999999	0.004999999997380655	trials	phototagging
11957.469033333331	0.005000000004656613	trials	phototagging
11957.479033333333	0.004999999997380655	trials	phototagging
11957.489033333335	0.004999999997380655	trials	phototagging
11957.49903333333	0.005000000004656613	trials	phototagging
11957.509033333332	0.005033333334722556	trials	phototagging
11957.519066666664	0.005000000004656613	trials	phototagging
11957.529066666666	0.004999999997380655	trials	phototagging
11967.546366666666	0.010033333332103211	trials	phototagging
11967.646466666669	0.00999999999476131	trials	phototagging
11967.746533333335	0.00999999999476131	trials	phototagging
11967.8466	0.00999999999476131	trials	phototagging
11967.946666666667	0.010000000002037268	trials	phototagging
11968.046733333333	0.010000000002037268	trials	phototagging
11968.146799999999	0.010033333332103211	trials	phototagging
11968.246900000002	0.00999999999476131	trials	phototagging
11968.346966666668	0.00999999999476131	trials	phototagging
11968.447033333334	0.010000000002037268	trials	phototagging
11968.5471	0.010000000002037268	trials	phototagging
11968.647166666666	0.010033333332103211	trials	phototagging
11968.747266666669	0.00999999999476131	trials	phototagging
11968.847333333335	0.00999999999476131	trials	phototagging
11968.947400000001	0.00999999999476131	trials	phototagging
11969.047466666667	0.010000000002037268	trials	phototagging
11969.147533333333	0.010033333332103211	trials	phototagging
11969.247633333329	0.010000000002037268	trials	phototagging
11969.347700000002	0.00999999999476131	trials	phototagging
11969.447766666668	0.00999999999476131	trials	phototagging
11969.547833333334	0.00999999999476131	trials	phototagging
11969.6479	0.010033333332103211	trials	phototagging
11969.747966666666	0.010033333332103211	trials	phototagging
11969.84806666667	0.00999999999476131	trials	phototagging
11969.948133333335	0.00999999999476131	trials	phototagging
11970.048200000001	0.00999999999476131	trials	phototagging
11970.148266666667	0.010033333332103211	trials	phototagging
11970.248333333333	0.010033333332103211	trials	phototagging
11970.348433333329	0.010000000002037268	trials	phototagging
11970.448500000002	0.00999999999476131	trials	phototagging
11980.555866666666	0.10006666666595265	trials	phototagging
11981.5566	0.10006666666595265	trials	phototagging
11982.557333333334	0.10006666666595265	trials	phototagging
11983.558066666668	0.10006666666595265	trials	phototagging
11984.558800000003	0.10006666666595265	trials	phototagging
11985.55953333333	0.10006666666595265	trials	phototagging
11986.560266666664	0.10006666666595265	trials	phototagging
11987.560999999998	0.10006666666595265	trials	phototagging
11988.561700000002	0.1000999999960186	trials	phototagging
11989.562433333329	0.10010000000329455	trials	phototagging
11990.563166666663	0.10006666666595265	trials	phototagging
11991.563899999997	0.10006666666595265	trials	phototagging
12002.571933333329	0.005000000004656613	trials	phototagging
12002.581933333331	0.005033333334722556	trials	phototagging
12002.591966666663	0.005000000004656613	trials	phototagging
12002.601966666665	0.004999999997380655	trials	phototagging
12002.611966666667	0.004999999997380655	trials	phototagging
12002.621966666662	0.005000000004656613	trials	phototagging
12002.632000000001	0.004999999997380655	trials	phototagging
12002.641999999996	0.005000000004656613	trials	phototagging
12002.651999999998	0.004999999997380655	trials	phototagging
12002.662	0.004999999997380655	trials	phototagging
12002.672000000002	0.0050333333274465986	trials	phototagging
12002.682033333334	0.004999999997380655	trials	phototagging
12002.69203333333	0.005000000004656613	trials	phototagging
12002.702033333331	0.005000000004656613	trials	phototagging
12002.712033333333	0.004999999997380655	trials	phototagging
12002.722033333335	0.004999999997380655	trials	phototagging
12002.732066666667	0.004999999997380655	trials	phototagging
12002.742066666662	0.005000000004656613	trials	phototagging
12002.752066666664	0.005000000004656613	trials	phototagging
12002.762066666666	0.004999999997380655	trials	phototagging
12002.772066666668	0.0050333333274465986	trials	phototagging
12002.7821	0.004999999997380655	trials	phototagging
12002.792100000002	0.004999999997380655	trials	phototagging
12002.802099999997	0.005000000004656613	trials	phototagging
12002.8121	0.004999999997380655	trials	phototagging
12002.822133333331	0.005000000004656613	trials	phototagging
12002.832133333333	0.004999999997380655	trials	phototagging
12002.842133333335	0.004999999997380655	trials	phototagging
12002.85213333333	0.005000000004656613	trials	phototagging
12002.862166666662	0.005000000004656613	trials	phototagging
12012.879466666669	0.10006666666595265	trials	phototagging
12013.880199999996	0.10006666667322861	trials	phototagging
12014.88093333333	0.10006666666595265	trials	phototagging
12015.881666666664	0.10006666666595265	trials	phototagging
12016.882399999999	0.10003333333588671	trials	phototagging
12017.883099999995	0.10006666667322861	trials	phototagging
12018.88383333333	0.10006666666595265	trials	phototagging
12019.884566666664	0.10006666666595265	trials	phototagging
12020.885299999998	0.10006666666595265	trials	phototagging
12021.886033333332	0.10006666666595265	trials	phototagging
12022.886766666667	0.10006666666595265	trials	phototagging
12023.8875	0.10006666666595265	trials	phototagging
12034.895533333332	0.010000000002037268	trials	phototagging
12034.995599999998	0.010000000002037268	trials	phototagging
12035.095666666664	0.010000000002037268	trials	phototagging
12035.19573333333	0.010033333332103211	trials	phototagging
12035.295833333334	0.010000000002037268	trials	phototagging
12035.3959	0.010000000002037268	trials	phototagging
12035.495966666665	0.010000000002037268	trials	phototagging
12035.596033333331	0.010000000002037268	trials	phototagging
12035.696099999997	0.010033333332103211	trials	phototagging
12035.7962	0.00999999999476131	trials	phototagging
12035.896266666667	0.010000000002037268	trials	phototagging
12035.996333333333	0.010000000002037268	trials	phototagging
12036.096399999999	0.010000000002037268	trials	phototagging
12036.196466666664	0.010000000002037268	trials	phototagging
12036.296566666668	0.00999999999476131	trials	phototagging
12036.396633333334	0.010000000002037268	trials	phototagging
12036.4967	0.010000000002037268	trials	phototagging
12036.596766666666	0.010000000002037268	trials	phototagging
12036.696833333332	0.010033333332103211	trials	phototagging
12036.796899999998	0.010033333332103211	trials	phototagging
12036.897	0.00999999999476131	trials	phototagging
12036.997066666667	0.010000000002037268	trials	phototagging
12037.097133333333	0.010000000002037268	trials	phototagging
12037.197199999999	0.010033333332103211	trials	phototagging
12037.297266666665	0.010033333332103211	trials	phototagging
12037.397366666668	0.00999999999476131	trials	phototagging
12037.497433333334	0.010000000002037268	trials	phototagging
12037.5975	0.010000000002037268	trials	phototagging
12037.697566666666	0.010033333332103211	trials	phototagging
12037.797633333332	0.010033333332103211	trials	phototagging
12047.905033333333	0.004999999997380655	trials	phototagging
12048.905766666667	0.004999999997380655	trials	phototagging
12049.906500000001	0.004999999997380655	trials	phototagging
12050.907233333335	0.004999999997380655	trials	phototagging
12051.907933333332	0.005033333334722556	trials	phototagging
12052.908666666666	0.005033333334722556	trials	phototagging
12053.9094	0.004999999997380655	trials	phototagging
12054.910133333335	0.004999999997380655	trials	phototagging
12055.910866666669	0.004999999997380655	trials	phototagging
12056.911599999996	0.005000000004656613	trials	phototagging
12057.91233333333	0.005000000004656613	trials	phototagging
12058.913066666664	0.005000000004656613	trials	phototagging
12059.913799999998	0.004999999997380655	trials	phototagging
12060.914533333333	0.004999999997380655	trials	phototagging
12061.915266666667	0.004999999997380655	trials	phototagging
12062.916000000001	0.004999999997380655	trials	phototagging
12063.916699999998	0.005000000004656613	trials	phototagging
12064.917433333332	0.004999999997380655	trials	phototagging
12065.918166666666	0.004999999997380655	trials	phototagging
12066.9189	0.004999999997380655	trials	phototagging
12067.919633333335	0.004999999997380655	trials	phototagging
12068.920366666669	0.004999999997380655	trials	phototagging
12069.921099999996	0.005000000004656613	trials	phototagging
12070.92183333333	0.005000000004656613	trials	phototagging
12071.922566666664	0.005000000004656613	trials	phototagging
12072.923299999999	0.004999999997380655	trials	phototagging
12073.924033333333	0.004999999997380655	trials	phototagging
12074.92473333333	0.005033333334722556	trials	phototagging
12075.925466666664	0.005033333334722556	trials	phototagging
12076.926199999998	0.004999999997380655	trials	phototagging
12087.93423333333	0.005033333334722556	trials	phototagging
12088.935000000001	0.004999999997380655	trials	phototagging
12089.935699999998	0.004999999997380655	trials	phototagging
12090.936433333332	0.005033333334722556	trials	phototagging
12091.937166666667	0.004999999997380655	trials	phototagging
12092.9379	0.004999999997380655	trials	phototagging
12093.938633333335	0.004999999997380655	trials	phototagging
12094.93936666667	0.004999999997380655	trials	phototagging
12095.940099999996	0.005000000004656613	trials	phototagging
12096.94083333333	0.005000000004656613	trials	phototagging
12097.941566666665	0.005000000004656613	trials	phototagging
12098.942299999999	0.004999999997380655	trials	phototagging
12099.943033333333	0.004999999997380655	trials	phototagging
12100.943766666667	0.004999999997380655	trials	phototagging
12101.944500000001	0.004999999997380655	trials	phototagging
12102.945199999998	0.004999999997380655	trials	phototagging
12103.945933333333	0.005033333334722556	trials	phototagging
12104.946666666667	0.004999999997380655	trials	phototagging
12105.947400000001	0.004999999997380655	trials	phototagging
12106.948133333335	0.004999999997380655	trials	phototagging
12107.948866666662	0.005000000004656613	trials	phototagging
12108.949599999996	0.005000000004656613	trials	phototagging
12109.95033333333	0.005000000004656613	trials	phototagging
12110.951066666665	0.004999999997380655	trials	phototagging
12111.951799999999	0.004999999997380655	trials	phototagging
12112.952533333333	0.004999999997380655	trials	phototagging
12113.95323333333	0.005033333334722556	trials	phototagging
12114.954000000002	0.004999999997380655	trials	phototagging
12115.954699999998	0.004999999997380655	trials	phototagging
12116.955433333333	0.004999999997380655	trials	phototagging
12127.963466666664	0.010000000002037268	trials	phototagging
12128.063566666668	0.00999999999476131	trials	phototagging
12128.163633333334	0.010000000002037268	trials	phototagging
12128.2637	0.010000000002037268	trials	phototagging
12128.363766666665	0.010000000002037268	trials	phototagging
12128.463833333331	0.010000000002037268	trials	phototagging
12128.563933333335	0.00999999999476131	trials	phototagging
12128.664	0.00999999999476131	trials	phototagging
12128.764066666667	0.010000000002037268	trials	phototagging
12128.864133333333	0.010000000002037268	trials	phototagging
12128.964199999999	0.010000000002037268	trials	phototagging
12129.064300000002	0.00999999999476131	trials	phototagging
12129.164366666668	0.00999999999476131	trials	phototagging
12129.264433333334	0.010000000002037268	trials	phototagging
12129.3645	0.010000000002037268	trials	phototagging
12129.464566666666	0.010033333332103211	trials	phototagging
12129.564633333332	0.010033333332103211	trials	phototagging
12129.664733333335	0.00999999999476131	trials	phototagging
12129.7648	0.00999999999476131	trials	phototagging
12129.864866666667	0.010000000002037268	trials	phototagging
12129.964933333333	0.010000000002037268	trials	phototagging
12130.065033333329	0.010000000002037268	trials	phototagging
12130.165100000002	0.00999999999476131	trials	phototagging
12130.265166666668	0.00999999999476131	trials	phototagging
12130.365233333334	0.010000000002037268	trials	phototagging
12130.4653	0.010033333332103211	trials	phototagging
12130.565366666666	0.010033333332103211	trials	phototagging
12130.665466666669	0.00999999999476131	trials	phototagging
12130.765533333335	0.00999999999476131	trials	phototagging
12130.865600000001	0.00999999999476131	trials	phototagging
