onset	duration	nwb_table	trial_type
1.7372000000000014	0.27863333333333173	trials	phototagging
2.2958333333333343	0.2275333333333336	trials	phototagging
3.575166666666668	0.10013333333333208	trials	phototagging
4.576666666666668	0.10016666666666652	trials	phototagging
5.5782000000000025	0.10016666666666652	trials	phototagging
6.579733333333337	0.10013333333333208	trials	phototagging
7.581266666666664	0.10013333333333918	trials	phototagging
8.582766666666664	0.10016666666667362	trials	phototagging
9.584299999999999	0.10016666666666652	trials	phototagging
10.585833333333333	0.10013333333333208	trials	phototagging
11.587366666666668	0.10013333333333208	trials	phototagging
12.588866666666668	0.10016666666666652	trials	phototagging
13.590400000000002	0.10016666666666652	trials	phototagging
14.591933333333337	0.10013333333333208	trials	phototagging
25.608733333333333	0.0049999999999954525	trials	phototagging
25.61873333333334	0.0049999999999954525	trials	phototagging
25.62873333333333	0.005000000000009663	trials	phototagging
25.63876666666667	0.0049999999999954525	trials	phototagging
25.648766666666674	0.0049999999999954525	trials	phototagging
25.6588	0.0049999999999954525	trials	phototagging
25.668800000000005	0.0049999999999954525	trials	phototagging
25.67883333333333	0.005000000000009663	trials	phototagging
25.688833333333335	0.0049999999999954525	trials	phototagging
25.69883333333334	0.005033333333329892	trials	phototagging
25.708866666666665	0.0049999999999954525	trials	phototagging
25.71886666666667	0.005033333333329892	trials	phototagging
25.728899999999996	0.005000000000009663	trials	phototagging
25.7389	0.0049999999999954525	trials	phototagging
25.74893333333334	0.0049999999999954525	trials	phototagging
25.75893333333333	0.005000000000009663	trials	phototagging
25.76896666666667	0.0049999999999954525	trials	phototagging
25.778966666666662	0.005000000000009663	trials	phototagging
25.788966666666667	0.005033333333329892	trials	phototagging
25.799000000000007	0.0049999999999954525	trials	phototagging
25.808999999999997	0.005033333333344103	trials	phototagging
25.819033333333337	0.0049999999999954525	trials	phototagging
25.829033333333328	0.005000000000009663	trials	phototagging
25.839066666666668	0.0049999999999954525	trials	phototagging
25.849066666666673	0.0049999999999954525	trials	phototagging
25.859099999999998	0.005000000000009663	trials	phototagging
25.869100000000003	0.0049999999999954525	trials	phototagging
25.879100000000008	0.005033333333329892	trials	phototagging
25.889133333333334	0.0049999999999954525	trials	phototagging
25.89913333333334	0.005033333333329892	trials	phototagging
35.92443333333334	0.009999999999990905	trials	phototagging
36.02456666666667	0.010033333333325345	trials	phototagging
36.12473333333334	0.009999999999990905	trials	phototagging
36.224900000000005	0.009999999999990905	trials	phototagging
36.32503333333334	0.009999999999990905	trials	phototagging
36.425200000000004	0.009999999999990905	trials	phototagging
36.525333333333336	0.010033333333325345	trials	phototagging
36.6255	0.010000000000005116	trials	phototagging
36.725633333333334	0.010033333333339556	trials	phototagging
36.8258	0.010000000000005116	trials	phototagging
36.92596666666667	0.010000000000005116	trials	phototagging
37.0261	0.010000000000005116	trials	phototagging
37.126266666666666	0.010000000000005116	trials	phototagging
37.2264	0.010033333333339556	trials	phototagging
37.326566666666665	0.010000000000005116	trials	phototagging
37.4267	0.010033333333339556	trials	phototagging
37.52686666666666	0.010000000000005116	trials	phototagging
37.62703333333333	0.010000000000005116	trials	phototagging
37.72716666666666	0.010033333333339556	trials	phototagging
37.82733333333333	0.010000000000005116	trials	phototagging
37.927466666666675	0.010033333333325345	trials	phototagging
38.02763333333334	0.009999999999990905	trials	phototagging
38.12776666666667	0.010033333333325345	trials	phototagging
38.22793333333334	0.009999999999990905	trials	phototagging
38.328100000000006	0.009999999999990905	trials	phototagging
38.42823333333334	0.010033333333325345	trials	phototagging
38.528400000000005	0.009999999999990905	trials	phototagging
38.62853333333334	0.010033333333325345	trials	phototagging
38.7287	0.009999999999990905	trials	phototagging
38.828833333333336	0.010033333333325345	trials	phototagging
48.944266666666664	0.005000000000009663	trials	phototagging
49.94576666666667	0.005033333333329892	trials	phototagging
50.9473	0.005000000000009663	trials	phototagging
51.94883333333334	0.0049999999999954525	trials	phototagging
52.95036666666667	0.0049999999999954525	trials	phototagging
53.951899999999995	0.005000000000009663	trials	phototagging
54.9534	0.0049999999999954525	trials	phototagging
55.95493333333333	0.005000000000009663	trials	phototagging
56.95646666666667	0.0049999999999954525	trials	phototagging
57.958	0.005000000000009663	trials	phototagging
58.959500000000006	0.005033333333329892	trials	phototagging
59.96103333333333	0.0049999999999954525	trials	phototagging
60.962566666666675	0.0049999999999954525	trials	phototagging
61.9641	0.0049999999999954525	trials	phototagging
62.965599999999995	0.005033333333344103	trials	phototagging
63.96713333333334	0.005033333333329892	trials	phototagging
64.96866666666666	0.005000000000009663	trials	phototagging
65.9702	0.0049999999999954525	trials	phototagging
66.97173333333333	0.0049999999999954525	trials	phototagging
67.97323333333334	0.0049999999999954525	trials	phototagging
68.97476666666667	0.0049999999999954525	trials	phototagging
69.9763	0.005000000000009663	trials	phototagging
70.97783333333334	0.0049999999999954525	trials	phototagging
71.97933333333333	0.005033333333344103	trials	phototagging
72.98086666666667	0.0049999999999954525	trials	phototagging
73.9824	0.005000000000009663	trials	phototagging
74.98393333333334	0.0049999999999954525	trials	phototagging
75.98543333333333	0.005033333333329892	trials	phototagging
76.98696666666667	0.005033333333329892	trials	phototagging
77.9885	0.0049999999999954525	trials	phototagging
89.0053	0.0049999999999954525	trials	phototagging
90.0068	0.0049999999999954525	trials	phototagging
91.00833333333333	0.0049999999999954525	trials	phototagging
92.00986666666668	0.0049999999999954525	trials	phototagging
93.01136666666667	0.005033333333329892	trials	phototagging
94.0129	0.005033333333329892	trials	phototagging
95.01443333333333	0.0049999999999954525	trials	phototagging
96.01596666666666	0.005000000000023874	trials	phototagging
97.01750000000001	0.0049999999999954525	trials	phototagging
98.019	0.005033333333329892	trials	phototagging
99.02053333333333	0.005033333333329892	trials	phototagging
100.02206666666666	0.0049999999999954525	trials	phototagging
101.02359999999999	0.005000000000023874	trials	phototagging
102.02513333333334	0.0049999999999954525	trials	phototagging
103.02666666666667	0.0049999999999954525	trials	phototagging
104.02816666666666	0.0049999999999954525	trials	phototagging
105.02969999999999	0.005000000000023874	trials	phototagging
106.03123333333335	0.0049999999999954525	trials	phototagging
107.03276666666667	0.0049999999999954525	trials	phototagging
108.03426666666667	0.0049999999999954525	trials	phototagging
109.0358	0.0049999999999954525	trials	phototagging
110.03733333333332	0.005000000000023874	trials	phototagging
111.03886666666668	0.0049999999999954525	trials	phototagging
112.04036666666667	0.005033333333329892	trials	phototagging
112.37790000000001	0.06999999999999318	trials	port_entry
112.6079	0.27000000000001023	trials	port_entry
113.0419	0.0049999999999954525	trials	phototagging
113.9879	0.030000000000001137	trials	port_entry
114.04343333333333	0.0049999999999954525	trials	phototagging
115.04496666666668	0.0049999999999954525	trials	phototagging
116.04646666666667	0.005033333333329892	trials	phototagging
117.048	0.005033333333329892	trials	phototagging
118.04953333333333	0.0049999999999954525	trials	phototagging
129.06633333333335	0.009999999999990905	trials	phototagging
129.16646666666668	0.010033333333325345	trials	phototagging
129.26663333333335	0.009999999999990905	trials	phototagging
129.3668	0.009999999999990905	trials	phototagging
129.46693333333334	0.010033333333325345	trials	phototagging
129.5671	0.009999999999990905	trials	phototagging
129.66723333333334	0.010033333333325345	trials	phototagging
129.7674	0.009999999999990905	trials	phototagging
129.86753333333334	0.010033333333325345	trials	phototagging
129.9677	0.009999999999990905	trials	phototagging
130.06786666666667	0.009999999999990905	trials	phototagging
130.168	0.010033333333325345	trials	phototagging
130.26816666666667	0.009999999999990905	trials	phototagging
130.3683	0.010033333333325345	trials	phototagging
130.46846666666667	0.009999999999990905	trials	phototagging
130.56863333333334	0.009999999999990905	trials	phototagging
130.66876666666667	0.009999999999990905	trials	phototagging
130.7689	0.010033333333325345	trials	phototagging
130.86906666666667	0.010033333333325345	trials	phototagging
130.96923333333334	0.009999999999990905	trials	phototagging
131.06936666666667	0.010033333333325345	trials	phototagging
131.16953333333333	0.009999999999990905	trials	phototagging
131.26966666666667	0.010033333333325345	trials	phototagging
131.36983333333333	0.010033333333325345	trials	phototagging
131.47	0.009999999999990905	trials	phototagging
131.57013333333333	0.009999999999990905	trials	phototagging
131.6703	0.009999999999990905	trials	phototagging
131.77043333333333	0.010033333333325345	trials	phototagging
131.8706	0.010000000000019327	trials	phototagging
131.97076666666666	0.010000000000019327	trials	phototagging
142.08616666666666	0.005000000000023874	trials	phototagging
143.0877	0.0049999999999954525	trials	phototagging
144.0892	0.005033333333329892	trials	phototagging
145.09073333333333	0.0049999999999954525	trials	phototagging
146.09226666666666	0.0049999999999954525	trials	phototagging
147.0938	0.005000000000023874	trials	phototagging
148.0953	0.005033333333329892	trials	phototagging
149.09683333333334	0.005033333333329892	trials	phototagging
150.09836666666666	0.0049999999999954525	trials	phototagging
151.0999	0.005000000000023874	trials	phototagging
152.10143333333335	0.0049999999999954525	trials	phototagging
153.10293333333334	0.005033333333329892	trials	phototagging
154.10446666666667	0.005033333333329892	trials	phototagging
155.106	0.0049999999999954525	trials	phototagging
156.10753333333332	0.005000000000023874	trials	phototagging
157.10906666666668	0.0049999999999954525	trials	phototagging
158.11056666666667	0.005033333333329892	trials	phototagging
159.1121	0.005033333333329892	trials	phototagging
160.11363333333333	0.0049999999999954525	trials	phototagging
161.11516666666668	0.0049999999999954525	trials	phototagging
162.1167	0.0049999999999954525	trials	phototagging
163.1182	0.005033333333329892	trials	phototagging
164.11973333333333	0.0049999999999954525	trials	phototagging
165.12126666666666	0.005000000000023874	trials	phototagging
166.1228	0.0049999999999954525	trials	phototagging
167.12433333333334	0.0049999999999954525	trials	phototagging
168.12583333333333	0.005033333333329892	trials	phototagging
169.12736666666666	0.0049999999999954525	trials	phototagging
170.1289	0.005000000000023874	trials	phototagging
171.13043333333334	0.0049999999999954525	trials	phototagging
182.1472	0.005033333333329892	trials	phototagging
182.15723333333332	0.005000000000023874	trials	phototagging
182.16723333333334	0.0049999999999954525	trials	phototagging
182.17726666666667	0.0049999999999954525	trials	phototagging
182.18726666666666	0.005033333333329892	trials	phototagging
182.1973	0.0049999999999954525	trials	phototagging
182.2073	0.0049999999999954525	trials	phototagging
182.21733333333333	0.0049999999999954525	trials	phototagging
182.22733333333335	0.005033333333329892	trials	phototagging
182.23736666666667	0.0049999999999954525	trials	phototagging
182.24736666666666	0.0049999999999954525	trials	phototagging
182.2574	0.005000000000023874	trials	phototagging
182.2674	0.0049999999999954525	trials	phototagging
182.27743333333333	0.0049999999999954525	trials	phototagging
182.28743333333333	0.0049999999999954525	trials	phototagging
182.29746666666668	0.0049999999999954525	trials	phototagging
182.30746666666667	0.0049999999999954525	trials	phototagging
182.31746666666666	0.005033333333329892	trials	phototagging
182.32750000000001	0.0049999999999954525	trials	phototagging
182.3375	0.005033333333329892	trials	phototagging
182.34753333333333	0.0049999999999954525	trials	phototagging
182.35753333333332	0.005000000000023874	trials	phototagging
182.36756666666668	0.0049999999999954525	trials	phototagging
182.37756666666667	0.0049999999999954525	trials	phototagging
182.3876	0.0049999999999954525	trials	phototagging
182.3976	0.0049999999999954525	trials	phototagging
182.4076	0.005033333333329892	trials	phototagging
182.41763333333333	0.0049999999999954525	trials	phototagging
182.42763333333335	0.005033333333329892	trials	phototagging
182.43766666666667	0.0049999999999954525	trials	phototagging
192.46293333333332	0.010033333333353767	trials	phototagging
192.5631	0.010000000000019327	trials	phototagging
192.66323333333332	0.010033333333353767	trials	phototagging
192.7634	0.010033333333353767	trials	phototagging
192.86356666666666	0.010000000000019327	trials	phototagging
192.9637	0.010033333333353767	trials	phototagging
193.06386666666666	0.010000000000019327	trials	phototagging
193.164	0.010033333333353767	trials	phototagging
193.26416666666665	0.010000000000019327	trials	phototagging
193.36433333333335	0.009999999999990905	trials	phototagging
193.46446666666668	0.009999999999990905	trials	phototagging
193.56463333333335	0.009999999999990905	trials	phototagging
193.66476666666668	0.010033333333325345	trials	phototagging
193.76493333333335	0.009999999999990905	trials	phototagging
193.86506666666668	0.010033333333325345	trials	phototagging
193.96523333333334	0.009999999999990905	trials	phototagging
194.06536666666668	0.010033333333325345	trials	phototagging
194.16553333333334	0.010033333333325345	trials	phototagging
194.2657	0.009999999999990905	trials	phototagging
194.36583333333334	0.010033333333325345	trials	phototagging
194.466	0.009999999999990905	trials	phototagging
194.56616666666667	0.009999999999990905	trials	phototagging
194.6663	0.009999999999990905	trials	phototagging
194.76646666666667	0.009999999999990905	trials	phototagging
194.8666	0.010033333333325345	trials	phototagging
194.96676666666667	0.009999999999990905	trials	phototagging
195.0669	0.010033333333325345	trials	phototagging
195.16706666666667	0.009999999999990905	trials	phototagging
195.26723333333334	0.009999999999990905	trials	phototagging
195.36736666666667	0.010033333333325345	trials	phototagging
205.4828	0.10013333333333208	trials	phototagging
206.4843	0.10016666666666652	trials	phototagging
207.48583333333332	0.10016666666666652	trials	phototagging
208.48736666666665	0.1001333333333605	trials	phototagging
209.48890000000003	0.10013333333330365	trials	phototagging
210.49043333333336	0.10013333333330365	trials	phototagging
211.49193333333332	0.10016666666666652	trials	phototagging
212.49346666666665	0.10016666666666652	trials	phototagging
213.49499999999998	0.1001333333333605	trials	phototagging
214.49653333333336	0.10013333333330365	trials	phototagging
215.49803333333332	0.10016666666666652	trials	phototagging
216.49960000000002	0.10013333333330365	trials	phototagging
227.51636666666664	0.005000000000052296	trials	phototagging
227.5264	0.0049999999999954525	trials	phototagging
227.5364	0.0049999999999954525	trials	phototagging
227.54643333333334	0.0049999999999954525	trials	phototagging
227.55643333333333	0.0049999999999954525	trials	phototagging
227.56643333333332	0.005033333333358314	trials	phototagging
227.57646666666668	0.0049999999999954525	trials	phototagging
227.58650000000003	0.0049999999999954525	trials	phototagging
227.59650000000002	0.0049999999999954525	trials	phototagging
227.6065	0.0049999999999954525	trials	phototagging
227.6165333333333	0.005000000000052296	trials	phototagging
227.62653333333336	0.0049999999999954525	trials	phototagging
227.63656666666665	0.0049999999999954525	trials	phototagging
227.64656666666664	0.005000000000052296	trials	phototagging
227.6566	0.0049999999999954525	trials	phototagging
227.6666	0.0049999999999954525	trials	phototagging
227.67663333333334	0.0049999999999954525	trials	phototagging
227.68663333333333	0.0049999999999954525	trials	phototagging
227.69663333333332	0.005033333333358314	trials	phototagging
227.70666666666668	0.0049999999999954525	trials	phototagging
227.71666666666667	0.005033333333358314	trials	phototagging
227.72670000000002	0.0049999999999954525	trials	phototagging
227.7367	0.005033333333301471	trials	phototagging
227.7467333333333	0.005000000000052296	trials	phototagging
227.75673333333336	0.0049999999999954525	trials	phototagging
227.76676666666665	0.0049999999999954525	trials	phototagging
227.77676666666665	0.005033333333358314	trials	phototagging
227.7868	0.0049999999999954525	trials	phototagging
227.7968	0.0049999999999954525	trials	phototagging
227.80679999999998	0.005033333333358314	trials	phototagging
237.8321	0.10016666666666652	trials	phototagging
238.83363333333332	0.1001333333333605	trials	phototagging
239.83516666666665	0.1001333333333605	trials	phototagging
240.5179666666667	0.23999999999995225	trials	port_entry
240.78796666666668	0.05000000000001137	trials	port_entry
240.83669999999998	0.1001333333333605	trials	phototagging
241.8382	0.10016666666666652	trials	phototagging
242.83973333333333	0.10016666666666652	trials	phototagging
243.84126666666666	0.1001333333333605	trials	phototagging
244.84279999999998	0.1001333333333605	trials	phototagging
245.8443	0.10016666666666652	trials	phototagging
246.84583333333333	0.10016666666666652	trials	phototagging
247.84736666666666	0.10016666666666652	trials	phototagging
248.8489	0.1001333333333605	trials	phototagging
259.86569999999995	0.010000000000104592	trials	phototagging
259.96586666666667	0.009999999999990905	trials	phototagging
260.06600000000003	0.010033333333353767	trials	phototagging
260.16616666666664	0.009999999999990905	trials	phototagging
260.2663	0.010033333333353767	trials	phototagging
260.3664666666667	0.009999999999990905	trials	phototagging
260.46659999999997	0.010033333333353767	trials	phototagging
260.5667666666667	0.009999999999990905	trials	phototagging
260.6669333333333	0.009999999999990905	trials	phototagging
260.76706666666666	0.010033333333353767	trials	phototagging
260.8672333333334	0.009999999999990905	trials	phototagging
260.96736666666663	0.010033333333353767	trials	phototagging
261.06753333333336	0.009999999999990905	trials	phototagging
261.1676666666667	0.01003333333324008	trials	phototagging
261.26783333333333	0.009999999999990905	trials	phototagging
261.36800000000005	0.009999999999990905	trials	phototagging
261.4681333333333	0.010033333333353767	trials	phototagging
261.5683	0.009999999999990905	trials	phototagging
261.6684333333334	0.01003333333324008	trials	phototagging
261.7686	0.009999999999990905	trials	phototagging
261.8687666666667	0.009999999999990905	trials	phototagging
261.96889999999996	0.009999999999990905	trials	phototagging
262.0690666666667	0.009999999999990905	trials	phototagging
262.16920000000005	0.01003333333324008	trials	phototagging
262.26936666666666	0.009999999999990905	trials	phototagging
262.3695	0.010033333333353767	trials	phototagging
262.4696666666666	0.009999999999990905	trials	phototagging
262.56983333333335	0.009999999999990905	trials	phototagging
262.6699666666667	0.01003333333324008	trials	phototagging
262.7701333333333	0.009999999999990905	trials	phototagging
272.88553333333334	0.005033333333358314	trials	phototagging
273.88706666666667	0.0049999999999954525	trials	phototagging
274.8886	0.0049999999999954525	trials	phototagging
275.8901333333333	0.0049999999999954525	trials	phototagging
276.89166666666665	0.0049999999999954525	trials	phototagging
277.8931666666666	0.005033333333358314	trials	phototagging
278.89470000000006	0.0049999999999954525	trials	phototagging
279.8962333333334	0.0049999999999954525	trials	phototagging
280.8977666666667	0.0049999999999954525	trials	phototagging
281.89930000000004	0.0049999999999954525	trials	phototagging
282.90083333333337	0.0049999999999954525	trials	phototagging
283.90233333333333	0.005033333333358314	trials	phototagging
284.90386666666666	0.0049999999999954525	trials	phototagging
285.9054	0.0049999999999954525	trials	phototagging
286.9069333333333	0.0049999999999954525	trials	phototagging
287.90846666666664	0.0049999999999954525	trials	phototagging
288.9099666666667	0.005033333333244627	trials	phototagging
289.91150000000005	0.0049999999999954525	trials	phototagging
290.9130333333334	0.0049999999999954525	trials	phototagging
291.3480333333333	0.25	trials	port_entry
291.9145666666667	0.0049999999999954525	trials	phototagging
292.91610000000003	0.0049999999999954525	trials	phototagging
293.91763333333336	0.0049999999999954525	trials	phototagging
294.9191333333333	0.005033333333358314	trials	phototagging
295.92066666666665	0.0049999999999954525	trials	phototagging
296.9222	0.0049999999999954525	trials	phototagging
297.9237333333333	0.0049999999999954525	trials	phototagging
298.92526666666663	0.0049999999999954525	trials	phototagging
299.92679999999996	0.0049999999999954525	trials	phototagging
300.92830000000004	0.0049999999999954525	trials	phototagging
301.92983333333336	0.0049999999999954525	trials	phototagging
306.0080333333333	4.030000000000086	trials	reward_stimulus_presentation
307.0080333333333	0.8000000000000682	trials	reward_delivery
309.6380333333333	0.12999999999999545	trials	port_entry
309.80803333333336	1.92999999999995	trials	port_entry
312.05803333333336	1.0499999999999545	trials	port_entry
312.94663333333335	0.0049999999999954525	trials	phototagging
313.3680333333333	0.6000000000000227	trials	port_entry
313.9481666666667	0.0049999999999954525	trials	phototagging
314.9497	0.0049999999999954525	trials	phototagging
315.95123333333333	0.0049999999999954525	trials	phototagging
316.95276666666666	0.0049999999999954525	trials	phototagging
317.9542666666666	0.005033333333358314	trials	phototagging
318.95579999999995	0.005033333333358314	trials	phototagging
319.9573333333333	0.005000000000109139	trials	phototagging
320.9588666666667	0.0049999999999954525	trials	phototagging
321.6380333333333	0.1000333333333856	trials	port_entry
321.96040000000005	0.0049999999999954525	trials	phototagging
322.9619333333334	0.0049999999999954525	trials	phototagging
323.96343333333334	0.0049999999999954525	trials	phototagging
324.96496666666667	0.0049999999999954525	trials	phototagging
325.9665	0.0049999999999954525	trials	phototagging
326.9680333333333	0.0049999999999954525	trials	phototagging
327.96956666666665	0.0049999999999954525	trials	phototagging
328.9711	0.0049999999999954525	trials	phototagging
329.97260000000006	0.005033333333244627	trials	phototagging
330.9741333333334	0.0049999999999954525	trials	phototagging
331.9756666666667	0.0049999999999954525	trials	phototagging
332.97720000000004	0.0049999999999954525	trials	phototagging
333.9380666666667	0.049999999999954525	trials	port_entry
333.97873333333337	0.0049999999999954525	trials	phototagging
334.9802666666667	0.0049999999999954525	trials	phototagging
335.98176666666666	0.005033333333358314	trials	phototagging
336.9833	0.005033333333358314	trials	phototagging
337.9848333333333	0.0049999999999954525	trials	phototagging
338.98636666666664	0.0049999999999954525	trials	phototagging
339.98789999999997	0.0049999999999954525	trials	phototagging
340.9894333333333	0.0049999999999954525	trials	phototagging
341.9909333333334	0.005033333333244627	trials	phototagging
353.0077666666666	0.010000000000104592	trials	phototagging
353.1079	0.009999999999990905	trials	phototagging
353.2080666666667	0.009999999999990905	trials	phototagging
353.30820000000006	0.01003333333324008	trials	phototagging
353.40836666666667	0.009999999999990905	trials	phototagging
353.5085	0.010033333333353767	trials	phototagging
353.60866666666664	0.009999999999990905	trials	phototagging
353.70883333333336	0.009999999999990905	trials	phototagging
353.8089666666667	0.01003333333324008	trials	phototagging
353.90913333333333	0.009999999999990905	trials	phototagging
354.0092666666667	0.010033333333353767	trials	phototagging
354.1094333333333	0.009999999999990905	trials	phototagging
354.2096	0.009999999999990905	trials	phototagging
354.3097333333334	0.009999999999990905	trials	phototagging
354.4099	0.009999999999990905	trials	phototagging
354.51003333333335	0.010033333333353767	trials	phototagging
354.61019999999996	0.009999999999990905	trials	phototagging
354.7103666666667	0.009999999999990905	trials	phototagging
354.81050000000005	0.009999999999990905	trials	phototagging
354.91066666666666	0.009999999999990905	trials	phototagging
355.0108	0.010033333333353767	trials	phototagging
355.1109666666666	0.009999999999990905	trials	phototagging
355.2111	0.010033333333353767	trials	phototagging
355.3112666666667	0.009999999999990905	trials	phototagging
355.4114333333333	0.009999999999990905	trials	phototagging
355.5115666666667	0.010033333333353767	trials	phototagging
355.6117333333333	0.009999999999990905	trials	phototagging
355.71186666666665	0.010033333333353767	trials	phototagging
355.8120333333334	0.009999999999990905	trials	phototagging
355.9121666666666	0.010033333333353767	trials	phototagging
396.0081	1.6598666666666304	trials	reward_stimulus_presentation
397.0081	0.7999999999999545	trials	reward_delivery
397.2681	1.5399999999999636	trials	port_entry
412.96810000000005	3.5499999999999545	trials	port_entry
416.55809999999997	0.06000000000005912	trials	port_entry
416.6681	0.42000000000007276	trials	port_entry
470.52813333333336	0.12999999999999545	trials	port_entry
470.74813333333327	0.21000000000003638	trials	port_entry
470.9781333333333	1.8600000000000136	trials	port_entry
486.0081666666666	1.5299999999999727	trials	reward_stimulus_presentation
487.0081666666666	0.8000000000000682	trials	reward_delivery
487.13813333333326	5.530033333333336	trials	port_entry
493.8281666666667	0.049999999999954525	trials	port_entry
535.0481666666666	2.150000000000091	trials	port_entry
546.3682	0.16999999999995907	trials	port_entry
569.0082	1.5699999999999363	trials	port_entry
576.0082	20.0	trials	neutral_stimulus_presentation
592.5382	1.1000333333333856	trials	port_entry
631.3382	0.3500333333332719	trials	port_entry
631.7682333333333	0.06999999999993634	trials	port_entry
642.7682333333333	0.2300000000000182	trials	port_entry
661.0082666666666	3.1299999999999955	trials	reward_stimulus_presentation
662.0082666666666	0.8000000000000682	trials	reward_delivery
663.7382666666666	0.39999999999997726	trials	port_entry
664.1581666666666	0.19010000000002947	trials	port_entry
664.3681666666666	3.070100000000025	trials	port_entry
668.3782333333334	0.16003333333333103	trials	port_entry
676.9581999999999	1.4300666666666757	trials	port_entry
680.4882666666666	0.12999999999999545	trials	port_entry
704.1981999999999	0.11009999999998854	trials	port_entry
751.0083	20.001533333333327	trials	shock_stimulus_presentation
770.8082666666667	0.3000333333333174	trials	shock_relay
802.3682666666666	0.09006666666664387	trials	port_entry
812.6383666666667	0.15999999999996817	trials	port_entry
846.0083999999999	5.400000000000091	trials	reward_stimulus_presentation
847.0083999999999	0.8000000000000682	trials	reward_delivery
851.0083999999999	0.12000000000000455	trials	port_entry
851.1984	0.40999999999996817	trials	port_entry
851.6283666666667	2.860033333333263	trials	port_entry
856.7683999999999	1.4099333333333561	trials	port_entry
895.2984333333333	0.12000000000000455	trials	port_entry
914.6284333333333	0.2699333333333698	trials	port_entry
915.9284333333333	0.020000000000095497	trials	port_entry
916.5684333333334	0.15003333333322644	trials	port_entry
936.0084666666667	19.999966666666637	trials	neutral_stimulus_presentation
953.2484666666667	0.07996666666667807	trials	port_entry
953.4184666666666	1.9300000000000637	trials	port_entry
959.7684333333333	1.8100333333333083	trials	port_entry
961.7884666666666	0.12000000000000455	trials	port_entry
963.7384666666667	0.01999999999998181	trials	port_entry
1016.0085	3.4899666666665325	trials	reward_stimulus_presentation
1017.0084666666665	0.8000333333334311	trials	reward_delivery
1019.0985	0.21000000000003638	trials	port_entry
1019.5885	0.05999999999994543	trials	port_entry
1019.6684666666666	0.17003333333332193	trials	port_entry
1019.8584666666667	0.48003333333326736	trials	port_entry
1020.3584999999999	3.7599666666668554	trials	port_entry
1094.9385666666667	3.4700000000000273	trials	port_entry
1098.4485666666667	0.060000000000172804	trials	port_entry
1106.0086000000001	20.00070000000005	trials	shock_stimulus_presentation
1121.5886	2.0	trials	port_entry
1125.8085	0.2999999999999545	trials	shock_relay
1138.9886000000001	1.1300333333333583	trials	port_entry
1180.8386333333335	0.7099666666665598	trials	port_entry
1200.3486333333335	0.5700333333331855	trials	port_entry
1206.0086666666668	2.6599999999998545	trials	reward_stimulus_presentation
1207.0086333333334	0.8000333333334311	trials	reward_delivery
1208.2686666666668	0.049999999999954525	trials	port_entry
1208.5086666666668	0.31999999999993634	trials	port_entry
1208.8486666666668	4.6199333333333925	trials	port_entry
1241.1985666666667	0.2999999999999545	trials	port_entry
1288.6885666666667	0.030033333333449264	trials	port_entry
1296.0086333333334	19.99996666666675	trials	neutral_stimulus_presentation
1303.0086000000001	0.08003333333340379	trials	port_entry
1315.1186333333335	1.829966666666678	trials	port_entry
1326.7086333333334	1.599999999999909	trials	port_entry
1335.8986333333335	2.3900666666665984	trials	port_entry
1338.4486000000002	0.3500333333331582	trials	port_entry
1342.6486333333335	1.0799999999999272	trials	port_entry
1386.0088333333333	3.089966666666669	trials	reward_stimulus_presentation
1387.0088	0.7999999999999545	trials	reward_delivery
1388.6988000000001	0.09999999999990905	trials	port_entry
1388.9088000000002	0.1799999999998363	trials	port_entry
1389.1088	0.08000000000015461	trials	port_entry
1389.2088	0.08999999999991815	trials	port_entry
1389.3188	0.4800000000000182	trials	port_entry
1389.8188	3.4400000000000546	trials	port_entry
1393.2788	0.49003333333348564	trials	port_entry
1437.9888666666668	1.5699999999999363	trials	port_entry
1474.6788666666669	1.5900333333331673	trials	port_entry
1476.0089	20.001133333333428	trials	shock_stimulus_presentation
1495.8089	0.2999333333334562	trials	shock_relay
1497.2089	0.19993333333331975	trials	port_entry
1500.6589000000001	2.509933333333265	trials	port_entry
1505.2688333333335	2.0600333333331946	trials	port_entry
1507.3488333333335	0.6501000000000658	trials	port_entry
1528.0688666666667	1.0300666666666984	trials	port_entry
1548.1589333333334	0.01999999999998181	trials	port_entry
1548.2489333333335	0.01999999999998181	trials	port_entry
1548.7189333333333	0.22003333333350383	trials	port_entry
1549.1889333333334	0.01999999999998181	trials	port_entry
1549.2489333333335	0.06999999999993634	trials	port_entry
1549.5089333333335	0.5899999999999181	trials	port_entry
1550.5689333333335	0.09999999999990905	trials	port_entry
1550.9289333333334	0.029999999999972715	trials	port_entry
1550.9789333333333	0.22000000000002728	trials	port_entry
1558.0189333333335	0.2600333333332401	trials	port_entry
1559.8589666666667	0.040000000000190994	trials	port_entry
1561.0089666666668	20.0	trials	neutral_stimulus_presentation
1564.3589666666667	0.16000000000008185	trials	port_entry
1588.8389666666667	0.37000000000011823	trials	port_entry
1589.2589666666668	0.05999999999994543	trials	port_entry
1589.3889666666666	0.4600000000000364	trials	port_entry
1651.0090333333335	20.001766666666526	trials	shock_stimulus_presentation
1670.8090333333334	0.2999999999999545	trials	shock_relay
1728.7790666666667	4.940033333333304	trials	port_entry
1733.7491	0.4900000000000091	trials	port_entry
1740.7190666666668	1.8500333333333856	trials	port_entry
1743.3390666666667	1.240000000000009	trials	port_entry
1746.0091333333335	20.00109999999995	trials	shock_stimulus_presentation
1765.8091333333334	0.2999999999999545	trials	shock_relay
1803.9591333333335	1.240000000000009	trials	port_entry
1823.0491666666667	1.150000000000091	trials	port_entry
1836.0092000000002	20.0	trials	neutral_stimulus_presentation
1849.1491666666668	0.5099999999999909	trials	port_entry
1862.2792000000002	0.3999999999998636	trials	port_entry
1863.1292	0.01999999999998181	trials	port_entry
1916.0092666666667	3.8700000000001182	trials	reward_stimulus_presentation
1917.0092666666667	0.7999999999999545	trials	reward_delivery
1919.4792666666667	0.11000000000012733	trials	port_entry
1919.6592333333335	3.7000333333332946	trials	port_entry
1923.3992666666668	0.599999999999909	trials	port_entry
1945.6393	2.2999999999999545	trials	port_entry
1947.9592666666667	0.030033333333449264	trials	port_entry
2006.0093333333336	20.00003333333325	trials	neutral_stimulus_presentation
2045.8493666666666	3.0699999999999363	trials	port_entry
2059.0993666666664	0.029899999999997817	trials	port_entry
2106.009433333333	20.0	trials	neutral_stimulus_presentation
2111.5194333333334	0.38999999999987267	trials	port_entry
2112.6194333333333	1.8399999999996908	trials	port_entry
2141.8894666666665	1.6100000000001273	trials	port_entry
2158.0894666666663	1.9899333333337381	trials	port_entry
2163.4794666666667	0.09999999999990905	trials	port_entry
2186.3694666666665	0.3000000000001819	trials	port_entry
2196.0094999999997	20.001733333333505	trials	shock_stimulus_presentation
2213.4795	3.820033333333413	trials	port_entry
2215.8095	0.3000000000001819	trials	shock_relay
2218.9294999999997	0.2699999999999818	trials	port_entry
2245.6295333333333	1.7799999999997453	trials	port_entry
2249.2594666666664	4.1300666666666075	trials	port_entry
2254.639533333333	0.12996666666685996	trials	port_entry
2254.789533333333	0.03999999999996362	trials	port_entry
2254.9195	0.04996666666647798	trials	port_entry
2255.159533333333	0.04003333333366754	trials	port_entry
2255.2194666666664	0.03999999999996362	trials	port_entry
2255.349533333333	0.039966666666714445	trials	port_entry
2255.409533333333	0.01999999999998181	trials	port_entry
2255.4995666666664	0.1899666666668054	trials	port_entry
2256.0694666666664	0.07006666666666206	trials	port_entry
2256.419533333333	0.03993333333346527	trials	port_entry
2256.6595666666667	0.5399333333330105	trials	port_entry
2257.439533333333	0.3999666666668418	trials	port_entry
2257.8595333333333	0.02999999999974534	trials	port_entry
2257.929533333333	0.02993333333370174	trials	port_entry
2258.189533333333	0.36000000000012733	trials	port_entry
2258.589433333333	0.030033333333449264	trials	port_entry
2264.949533333333	0.2500333333337039	trials	port_entry
2265.2194666666664	1.1901000000002568	trials	port_entry
2270.2594666666664	0.620066666666844	trials	port_entry
2286.0095666666666	5.539999999999964	trials	reward_stimulus_presentation
2287.0095666666666	0.7999999999997272	trials	reward_delivery
2291.1495333333332	0.14003333333312185	trials	port_entry
2291.559533333333	0.6200333333335948	trials	port_entry
2292.1995666666667	0.10999999999967258	trials	port_entry
2292.329533333333	4.670033333333322	trials	port_entry
2356.169633333333	3.6699666666668236	trials	port_entry
2359.8896	0.46003333333328555	trials	port_entry
2372.9296	2.299999999999727	trials	port_entry
2376.009633333333	0.8100333333331946	trials	reward_stimulus_presentation
2376.4196666666667	7.9099999999998545	trials	port_entry
2377.009633333333	0.8000000000001819	trials	reward_delivery
2389.2795666666666	2.000033333333249	trials	port_entry
2392.7796666666663	0.8800000000001091	trials	port_entry
2425.7596666666664	1.7600000000002183	trials	port_entry
2433.3296666666665	0.15000000000009095	trials	port_entry
2454.5497	0.7500333333332492	trials	port_entry
2456.9897	0.020033333333230985	trials	port_entry
2461.0097	20.00003333333325	trials	neutral_stimulus_presentation
2495.7797666666665	0.8800000000001091	trials	port_entry
2496.8297666666667	0.7399999999997817	trials	port_entry
2498.3697666666667	0.9299999999998363	trials	port_entry
2518.5697666666665	0.4100333333335584	trials	port_entry
2520.2097666666664	0.01999999999998181	trials	port_entry
2538.9098	0.17000000000007276	trials	port_entry
2539.1097666666665	0.4300333333335402	trials	port_entry
2539.5598	0.01999999999998181	trials	port_entry
2539.6097666666665	0.20003333333352202	trials	port_entry
2540.4197999999997	0.3100000000004002	trials	port_entry
2541.0697999999998	0.01999999999998181	trials	port_entry
2541.1697999999997	0.42003333333332193	trials	port_entry
2542.1297999999997	7.75	trials	port_entry
2551.0097333333333	1.540066666666462	trials	reward_stimulus_presentation
2552.0097333333333	0.8000666666666802	trials	reward_delivery
2552.1497999999997	7.2900333333336675	trials	port_entry
2601.8098333333332	3.000033333333249	trials	port_entry
2620.0798666666665	0.049966666666932724	trials	port_entry
2620.3198666666667	0.6999999999998181	trials	port_entry
2621.7498666666665	0.01999999999998181	trials	port_entry
2641.4298999999996	2.2200000000002547	trials	port_entry
2645.8199	0.01999999999998181	trials	port_entry
2646.0099	0.21000000000003638	trials	reward_stimulus_presentation
2647.0098666666663	0.8000333333334311	trials	reward_delivery
2647.5398999999998	0.2099666666667872	trials	port_entry
2648.1099	0.02999999999974534	trials	port_entry
2648.3098999999997	5.760000000000218	trials	port_entry
2736.0099666666665	20.0016999999998	trials	shock_stimulus_presentation
2750.8299666666667	0.19000000000005457	trials	port_entry
2755.8099666666667	0.29999999999972715	trials	shock_relay
2756.4899666666665	5.750033333333249	trials	port_entry
2766.98	4.549999999999727	trials	port_entry
2771.77	2.400000000000091	trials	port_entry
2776.68	2.7199999999998	trials	port_entry
2782.12	1.1599999999998545	trials	port_entry
2784.8399999999997	0.01999999999998181	trials	port_entry
2784.9499666666666	0.030033333333449264	trials	port_entry
2785.58	0.09000000000014552	trials	port_entry
2786.14	0.05999999999994543	trials	port_entry
2786.3699333333334	0.07006666666666206	trials	port_entry
2786.46	0.03999999999996362	trials	port_entry
2786.54	4.420000000000073	trials	port_entry
2791.339933333333	2.3800666666666075	trials	port_entry
2795.1299999999997	0.8700000000003456	trials	port_entry
2802.7500333333332	0.75	trials	port_entry
2804.410033333333	0.029966666666950914	trials	port_entry
2816.010033333333	20.0	trials	neutral_stimulus_presentation
2816.3800333333334	0.7300000000000182	trials	port_entry
2859.260033333333	1.4900666666667348	trials	port_entry
2861.7300666666665	1.3099999999999454	trials	port_entry
2863.1600666666664	1.8300333333336312	trials	port_entry
2906.010033333333	20.000033333333704	trials	neutral_stimulus_presentation
2912.4600666666665	1.8399333333331924	trials	port_entry
2924.3500999999997	16.860033333333377	trials	port_entry
2941.380133333333	0.16000000000030923	trials	port_entry
2984.1201666666666	2.0099999999997635	trials	port_entry
3000.7001999999998	0.9900000000002365	trials	port_entry
3001.8401999999996	0.020000000000436557	trials	port_entry
3006.0102333333334	20.001633333333302	trials	shock_stimulus_presentation
3006.5802	0.15999999999985448	trials	port_entry
3006.8401999999996	0.8600000000001273	trials	port_entry
3008.330233333333	0.029966666666950914	trials	port_entry
3010.0901999999996	0.3500000000003638	trials	port_entry
3025.8102	0.3000333333334311	trials	shock_relay
3036.200233333333	0.08000000000038199	trials	port_entry
3039.220233333333	3.7600000000002183	trials	port_entry
3043.500233333333	1.449999999999818	trials	port_entry
3045.870233333333	0.01999999999998181	trials	port_entry
3045.930233333333	0.11000000000012733	trials	port_entry
3096.0103	20.0	trials	neutral_stimulus_presentation
3126.9703	1.1400333333331218	trials	port_entry
3184.6203666666665	0.07000000000016371	trials	port_entry
3186.0103666666664	1.1600000000003092	trials	reward_stimulus_presentation
3186.7703666666666	7.960000000000036	trials	port_entry
3187.010333333333	0.8000333333334311	trials	reward_delivery
3194.7603	0.08006666666642559	trials	port_entry
3203.1603666666665	2.3299999999999272	trials	port_entry
3207.6803999999997	2.1700000000000728	trials	port_entry
3210.6304	0.25	trials	port_entry
3274.440433333333	1.25	trials	port_entry
3276.0104666666666	20.001633333333302	trials	shock_stimulus_presentation
3276.620433333333	0.09000000000014552	trials	port_entry
3279.310433333333	0.17000000000007276	trials	port_entry
3289.6804666666667	6.349999999999909	trials	port_entry
3295.810433333333	0.3000000000001819	trials	shock_relay
3296.8304666666663	4.010000000000218	trials	port_entry
3301.1304666666665	0.09000000000014552	trials	port_entry
3301.3804666666665	1.3800000000001091	trials	port_entry
3303.0104666666666	0.02999999999974534	trials	port_entry
3303.6704666666665	0.09000000000014552	trials	port_entry
3303.8904666666667	0.07999999999992724	trials	port_entry
3304.0204666666664	0.07999999999992724	trials	port_entry
3304.1204666666667	0.05999999999994543	trials	port_entry
3304.2604666666666	0.25	trials	port_entry
3304.5504666666666	0.07000000000016371	trials	port_entry
3304.6404666666667	0.06996666666645979	trials	port_entry
3304.7604666666666	0.23999999999978172	trials	port_entry
3305.2604333333334	0.10003333333315823	trials	port_entry
3305.4804666666664	0.20000000000027285	trials	port_entry
3305.7204666666667	0.11999999999989086	trials	port_entry
3305.960433333333	3.550033333333431	trials	port_entry
3309.5304666666666	0.1799999999998363	trials	port_entry
3309.7304666666664	0.3200000000001637	trials	port_entry
3310.1404666666667	0.04999999999972715	trials	port_entry
3310.2104666666664	18.110033333333377	trials	port_entry
3330.7605	1.3099999999999454	trials	port_entry
3335.7004666666667	1.2100333333332856	trials	port_entry
3337.0805	0.04999999999972715	trials	port_entry
3345.8405	0.03000000000020009	trials	port_entry
3346.3405	1.599999999999909	trials	port_entry
3348.3304666666663	7.470033333333504	trials	port_entry
3355.9004999999997	16.070000000000164	trials	port_entry
3361.0105	19.50003333333325	trials	reward_stimulus_presentation
3362.0105	0.8000000000001819	trials	reward_delivery
3380.110533333333	0.20000000000027285	trials	port_entry
3407.900533333333	0.15000000000009095	trials	port_entry
3429.1504666666665	4.370100000000093	trials	port_entry
3436.390533333333	0.07000000000016371	trials	port_entry
3436.610533333333	1.3400333333333947	trials	port_entry
3438.7205666666664	2.349999999999909	trials	port_entry
3441.2405666666664	0.13000000000010914	trials	port_entry
3441.8905666666665	6.5300000000002	trials	port_entry
3448.8305666666665	1.1300333333333583	trials	port_entry
3450.7405666666664	0.4000333333333401	trials	port_entry
3451.0106	0.12996666666640522	trials	reward_stimulus_presentation
3451.1706	10.36999999999989	trials	port_entry
3452.0105666666664	0.8000000000001819	trials	reward_delivery
3475.1906	2.2199666666665507	trials	port_entry
3477.4606	1.4299666666665871	trials	port_entry
3479.3905666666665	1.1599999999998545	trials	port_entry
3480.6105666666667	1.2500333333332492	trials	port_entry
3482.1306	7.900000000000091	trials	port_entry
3490.080633333333	0.1899666666668054	trials	port_entry
3493.6205999999997	1.300033333333431	trials	port_entry
3495.0106333333333	0.08999999999969077	trials	port_entry
3495.670633333333	0.07999999999992724	trials	port_entry
3496.0906333333332	0.2899999999999636	trials	port_entry
3496.540633333333	0.3400000000001455	trials	port_entry
3496.9506333333334	0.05999999999994543	trials	port_entry
3497.060633333333	0.07000000000016371	trials	port_entry
3497.4505999999997	0.2100333333337403	trials	port_entry
3497.6806333333334	0.13999999999987267	trials	port_entry
3497.8606	0.020033333333230985	trials	port_entry
3499.9705999999996	0.030033333333449264	trials	port_entry
3500.100633333333	0.039966666666714445	trials	port_entry
3500.5406	0.4099999999998545	trials	port_entry
3500.9705999999996	0.030033333333449264	trials	port_entry
3501.0206	0.060033333333194605	trials	port_entry
3501.2306	0.3400000000001455	trials	port_entry
3502.0606	0.36000000000012733	trials	port_entry
3502.7406	0.11999999999989086	trials	port_entry
3502.920633333333	0.03999999999996362	trials	port_entry
3502.9806	0.020033333333230985	trials	port_entry
3510.630633333333	5.450033333333522	trials	port_entry
3517.250633333333	27.18000000000029	trials	port_entry
3544.6406666666667	12.200033333333067	trials	port_entry
3546.0106666666666	12.790033333333213	trials	reward_stimulus_presentation
3547.0106333333333	0.7999999999997272	trials	reward_delivery
3558.4006999999997	0.19000000000005457	trials	port_entry
3558.6906999999997	0.9700000000002547	trials	port_entry
3628.590733333333	0.4100333333335584	trials	port_entry
3629.0207666666665	2.619999999999891	trials	port_entry
3631.6606666666667	0.020099999999729334	trials	port_entry
3631.860733333333	0.1100333333333765	trials	port_entry
3636.0107666666663	20.000933333333705	trials	shock_stimulus_presentation
3636.6807666666664	0.5900000000001455	trials	port_entry
3653.3907666666664	2.5900000000001455	trials	port_entry
3655.8107666666665	0.3000000000001819	trials	shock_relay
3657.5007666666666	3.0300000000002	trials	port_entry
3664.4007666666666	0.6599999999998545	trials	port_entry
3665.0807666666665	0.12003333333359478	trials	port_entry
3668.9508	2.449999999999818	trials	port_entry
3671.4908	3.2199999999998	trials	port_entry
3674.7308	1.4200000000000728	trials	port_entry
3676.2508	0.19000000000005457	trials	port_entry
3712.8508333333334	1.8099999999999454	trials	port_entry
3716.0108333333333	1.5	trials	reward_stimulus_presentation
3717.0108	0.8000333333329763	trials	reward_delivery
3717.110833333333	6.940000000000055	trials	port_entry
3724.1208333333334	0.02999999999974534	trials	port_entry
3725.020833333333	1.4600000000000364	trials	port_entry
3768.3408666666664	1.9600000000000364	trials	port_entry
3806.0108999999998	20.00003333333325	trials	neutral_stimulus_presentation
3807.1308999999997	1.1100000000001273	trials	port_entry
3858.470933333333	2.9100000000003092	trials	port_entry
3861.7109333333333	0.15999999999985448	trials	port_entry
3891.2709666666665	11.78003333333345	trials	port_entry
3903.0709666666667	0.3400333333333947	trials	port_entry
3904.171	5.269966666666733	trials	port_entry
3906.011	20.0009	trials	shock_stimulus_presentation
3914.6209999999996	0.17996666666704186	trials	port_entry
3917.451	0.7599999999997635	trials	port_entry
3920.201	0.04999999999972715	trials	port_entry
3920.931	0.01999999999998181	trials	port_entry
3925.8109999999997	0.3000000000001819	trials	shock_relay
3928.2509999999997	0.09000000000014552	trials	port_entry
3928.4809999999998	0.650000000000091	trials	port_entry
3930.241	3.019999999999982	trials	port_entry
3933.5609999999997	6.670000000000073	trials	port_entry
3940.310933333333	3.240066666666735	trials	port_entry
3943.6109333333334	0.08006666666642559	trials	port_entry
3944.171	1.0399666666667144	trials	port_entry
3962.9309666666663	0.5100333333334675	trials	port_entry
3986.6409666666664	5.120000000000346	trials	port_entry
3992.9109666666664	1.4800000000000182	trials	port_entry
3996.0109666666667	20.000133333332997	trials	neutral_stimulus_presentation
3996.3809666666666	1.0000333333332492	trials	port_entry
4009.2910666666667	0.6900000000000546	trials	port_entry
4012.6010666666666	0.33999999999969077	trials	port_entry
4013.0510999999997	0.4599666666667872	trials	port_entry
4044.0911333333333	0.7299666666663143	trials	port_entry
4044.9611	0.4299999999998363	trials	port_entry
4050.9211	0.11999999999989086	trials	port_entry
4051.1811000000002	0.8300333333327217	trials	port_entry
4052.3311333333336	0.3999999999996362	trials	port_entry
4053.4810999999995	0.07999999999992724	trials	port_entry
4053.5911	0.020033333333230985	trials	port_entry
4053.6711	0.03999999999996362	trials	port_entry
4054.8110999999994	3.120033333333595	trials	port_entry
4058.6211	1.0600000000004002	trials	port_entry
4061.2810999999997	6.260000000000218	trials	port_entry
4086.0111666666667	2.869966666666187	trials	reward_stimulus_presentation
4087.011133333333	0.8000333333338858	trials	reward_delivery
4088.481133333333	6.4399999999996	trials	port_entry
4152.341200000001	2.389999999999418	trials	port_entry
4176.0112	3.189933333334011	trials	reward_stimulus_presentation
4177.0112	0.8000000000001819	trials	reward_delivery
4178.801233333334	0.36986666666689416	trials	port_entry
4179.1911	4.180133333333288	trials	port_entry
4232.8113	0.09000000000014552	trials	port_entry
4261.011333333334	2.9299999999993815	trials	reward_stimulus_presentation
4262.0113	0.8000000000001819	trials	reward_delivery
4263.5413	0.13003333333381306	trials	port_entry
4263.7713	0.1700333333328672	trials	port_entry
4263.9613	0.08003333333363116	trials	port_entry
4264.0613	0.08003333333363116	trials	port_entry
4264.161300000001	3.210033333332831	trials	port_entry
4267.421333333334	0.10996666666687815	trials	port_entry
4268.971333333334	0.9499999999998181	trials	port_entry
4347.941400000001	2.2799999999997453	trials	port_entry
4350.6414	0.2899999999999636	trials	port_entry
4351.0114	20.0015333333331	trials	shock_stimulus_presentation
4370.8114000000005	0.3000000000001819	trials	shock_relay
4404.321366666667	0.050033333332976326	trials	port_entry
4442.451466666667	1.1099999999996726	trials	port_entry
4446.0115000000005	4.199966666666114	trials	reward_stimulus_presentation
4447.011466666667	0.8000000000001819	trials	reward_delivery
4449.811466666667	3.819999999999709	trials	port_entry
4522.021566666667	3.699966666666114	trials	port_entry
4526.491533333334	0.25	trials	port_entry
4536.011566666667	3.2899999999999636	trials	reward_stimulus_presentation
4537.011533333333	0.8000000000001819	trials	reward_delivery
4538.901566666667	0.299966666666478	trials	port_entry
4539.2715333333335	4.920000000000073	trials	port_entry
4554.761533333333	1.250033333333704	trials	port_entry
4591.2916000000005	1.7399333333332834	trials	port_entry
4593.3016333333335	0.6499666666668418	trials	port_entry
4616.0116333333335	4.109999999999673	trials	reward_stimulus_presentation
4617.011600000001	0.7999999999992724	trials	reward_delivery
4619.721633333334	0.3500000000003638	trials	port_entry
4620.101633333334	0.25	trials	port_entry
4620.371633333333	0.23000000000047294	trials	port_entry
4620.621633333333	0.11000000000058208	trials	port_entry
4620.751633333333	0.07000000000061846	trials	port_entry
4620.871633333333	0.07000000000061846	trials	port_entry
4620.9916	0.8300333333336312	trials	port_entry
4621.8516	1.5900000000001455	trials	port_entry
4623.6116	0.8600000000005821	trials	port_entry
4671.8217	2.0	trials	port_entry
4674.661700000001	4.329966666666223	trials	port_entry
4693.7717	0.020000000000436557	trials	port_entry
4695.041700000001	0.47999999999956344	trials	port_entry
4695.5617	2.75	trials	port_entry
4706.011733333334	3.550000000000182	trials	reward_stimulus_presentation
4707.0117	0.8000333333338858	trials	reward_delivery
4709.161733333333	0.11000000000058208	trials	port_entry
4709.3817	3.8600333333333765	trials	port_entry
4715.561733333334	1.0899666666664416	trials	port_entry
4759.251766666667	0.8499999999994543	trials	port_entry
4764.571766666667	0.0500000000001819	trials	port_entry
4765.441766666667	0.020000000000436557	trials	port_entry
4765.691766666667	0.03999999999996362	trials	port_entry
4765.851766666667	0.17000000000007276	trials	port_entry
4767.151766666667	0.07999999999992724	trials	port_entry
4767.3718	0.139966666667533	trials	port_entry
4768.071766666667	0.06999999999970896	trials	port_entry
4768.211766666667	0.3499999999994543	trials	port_entry
4768.591766666667	0.02999999999974534	trials	port_entry
4781.4318	0.11999999999989086	trials	port_entry
4785.3318	0.0500000000001819	trials	port_entry
4790.371733333333	0.06006666666689853	trials	port_entry
4791.8517	0.02999999999974534	trials	port_entry
4793.941666666667	0.02003333333414048	trials	port_entry
4794.071666666667	0.1700666666665711	trials	port_entry
4806.011833333334	20.001166666665995	trials	shock_stimulus_presentation
4825.811833333333	0.3000000000001819	trials	shock_relay
4896.0119	1.819999999999709	trials	reward_stimulus_presentation
4897.011833333334	0.7999999999992724	trials	reward_delivery
4897.4319000000005	0.31999999999970896	trials	port_entry
4897.771900000001	4.899999999999636	trials	port_entry
4902.701866666667	0.0999999999994543	trials	port_entry
4939.071933333334	0.9700000000002547	trials	port_entry
4942.501933333334	1.9899666666660778	trials	port_entry
4956.871933333334	0.6899999999995998	trials	port_entry
4969.071866666667	0.07006666666620731	trials	port_entry
4986.011866666667	20.000133333333906	trials	neutral_stimulus_presentation
5005.021966666667	0.17000000000007276	trials	port_entry
5038.772033333334	0.14996666666684177	trials	port_entry
5076.012033333333	20.0011333333332	trials	shock_stimulus_presentation
5092.792066666667	0.14000000000032742	trials	port_entry
5095.812033333334	0.30006666666668025	trials	shock_relay
5161.012166666667	4.6399666666666235	trials	reward_stimulus_presentation
5162.012133333334	0.8000000000001819	trials	reward_delivery
5165.252100000001	3.1100333333333765	trials	port_entry
5168.4021	0.0700666666671168	trials	port_entry
5168.532133333334	0.1999999999998181	trials	port_entry
5183.1321333333335	1.8700333333335948	trials	port_entry
5231.2122	2.5900000000001455	trials	port_entry
5251.012233333334	20.0	trials	neutral_stimulus_presentation
5259.522233333334	0.12999999999919964	trials	port_entry
5263.102233333334	0.7199999999993452	trials	port_entry
5274.152266666667	0.09000000000014552	trials	port_entry
5290.202266666667	1.2299999999995634	trials	port_entry
5295.412266666667	2.0999999999994543	trials	port_entry
5329.3023	0.8900000000003274	trials	port_entry
5332.1323	1.4099999999998545	trials	port_entry
5333.822300000001	0.819999999999709	trials	port_entry
5346.012333333334	20.0	trials	neutral_stimulus_presentation
5374.522333333333	0.1000000000003638	trials	port_entry
5375.022333333333	0.06000000000040018	trials	port_entry
5376.042333333334	0.019999999999527063	trials	port_entry
5376.132333333334	0.019999999999527063	trials	port_entry
5412.972400000001	0.7199666666665507	trials	port_entry
5415.9024	2.100000000000364	trials	port_entry
5418.0824	0.10999999999967258	trials	port_entry
5436.0124000000005	6.010000000000218	trials	reward_stimulus_presentation
5437.0124000000005	0.8000000000001819	trials	reward_delivery
5441.6224	0.11999999999989086	trials	port_entry
5441.8324	3.2200000000002547	trials	port_entry
5445.0824	0.5299999999997453	trials	port_entry
5445.642366666667	0.050033333332976326	trials	port_entry
5516.012466666667	20.001733333333505	trials	shock_stimulus_presentation
5535.8125	0.3000000000001819	trials	shock_relay
5606.012566666667	1.75	trials	reward_stimulus_presentation
5607.012500000001	0.7999999999992724	trials	reward_delivery
5607.362533333334	7.4299999999993815	trials	port_entry
5614.812566666667	0.049999999999272404	trials	port_entry
5667.502600000001	2.4399999999996	trials	port_entry
5669.9826	0.10999999999967258	trials	port_entry
5682.992633333333	2.180000000000291	trials	port_entry
5685.322633333333	6.729966666666769	trials	port_entry
5692.122633333333	0.8800333333338131	trials	port_entry
5695.082533333333	11.810100000000602	trials	port_entry
5706.012633333334	20.0	trials	neutral_stimulus_presentation
5709.312633333334	0.43003333333308547	trials	port_entry
5721.362666666667	0.10996666666687815	trials	port_entry
5721.612633333334	1.4199999999991633	trials	port_entry
5723.772633333334	0.13999999999941792	trials	port_entry
5752.412700000001	0.6199666666661869	trials	port_entry
5796.012733333334	20.000033333332794	trials	neutral_stimulus_presentation
5862.6428000000005	0.11999999999989086	trials	port_entry
5863.022800000001	0.22989999999936117	trials	port_entry
5863.292766666667	0.4600000000000364	trials	port_entry
5865.442766666667	0.10999999999967258	trials	port_entry
5886.012833333333	20.001033333333908	trials	shock_stimulus_presentation
5905.812800000001	0.29993333333277405	trials	shock_relay
5930.6929	0.3900000000003274	trials	port_entry
5943.262866666667	0.1999999999998181	trials	port_entry
5976.012900000001	20.000033333332794	trials	neutral_stimulus_presentation
6000.352933333334	0.6599999999998545	trials	port_entry
6061.013	1.0600000000004002	trials	reward_stimulus_presentation
6061.673000000001	7.899999999999636	trials	port_entry
6062.013	0.8000000000001819	trials	reward_delivery
6070.363	0.1499999999996362	trials	port_entry
6070.753000000001	0.019999999999527063	trials	port_entry
6070.842966666667	0.08003333333363116	trials	port_entry
6081.933	0.0600333333341041	trials	port_entry
6118.563	1.8100666666668985	trials	port_entry
6125.593033333334	0.34003333333384944	trials	port_entry
6125.953033333333	0.8900333333340313	trials	port_entry
6126.8830333333335	0.2600333333330127	trials	port_entry
6151.0131	20.0009666666665	trials	shock_stimulus_presentation
6156.7331	0.8099666666666963	trials	port_entry
6170.8131	0.3000000000001819	trials	shock_relay
6212.3331333333335	1.6199666666670964	trials	port_entry
6214.013133333334	0.04996666666647798	trials	port_entry
6216.283133333333	2.5100000000002183	trials	port_entry
6218.9131333333335	0.5399666666671692	trials	port_entry
6219.583033333333	0.7701000000006388	trials	port_entry
6221.033133333333	0.14996666666684177	trials	port_entry
6229.063133333334	0.2599999999993088	trials	port_entry
6231.803133333334	0.3700333333335948	trials	port_entry
6233.123166666667	0.11999999999989086	trials	port_entry
6233.683166666667	0.15999999999985448	trials	port_entry
6233.863133333333	0.02003333333414048	trials	port_entry
6233.933166666667	0.25	trials	port_entry
6234.763166666667	0.030000000000654836	trials	port_entry
6235.493166666667	0.019999999999527063	trials	port_entry
6235.793166666667	0.38000000000010914	trials	port_entry
6246.0132	1.1198999999996886	trials	reward_stimulus_presentation
6246.733166666667	6.800000000000182	trials	port_entry
6247.013166666667	0.8000000000001819	trials	reward_delivery
6284.283166666667	2.290066666666462	trials	port_entry
6320.783233333334	0.9899666666669873	trials	port_entry
6323.903133333333	0.030000000000654836	trials	port_entry
6336.013233333334	20.000033333332794	trials	neutral_stimulus_presentation
6343.853233333333	0.5500333333338858	trials	port_entry
6407.073333333334	0.680000000000291	trials	port_entry
6416.013366666667	5.03996666666626	trials	reward_stimulus_presentation
6417.013333333333	0.8000000000001819	trials	reward_delivery
6420.653333333334	0.17000000000007276	trials	port_entry
6420.913333333334	0.270033333333231	trials	port_entry
6421.203333333334	0.21000000000003638	trials	port_entry
6421.433333333333	0.09003333333384944	trials	port_entry
6421.543333333334	1.6200333333326853	trials	port_entry
6423.223333333333	0.07000000000061846	trials	port_entry
6423.3533333333335	0.4600333333337403	trials	port_entry
6423.863333333334	0.04003333333366754	trials	port_entry
6424.143333333333	0.270033333333231	trials	port_entry
6497.883433333333	1.699999999999818	trials	port_entry
6506.0134333333335	3.8900000000003274	trials	reward_stimulus_presentation
6507.0135	0.7999333333336835	trials	reward_delivery
6509.503433333333	3.0399999999999636	trials	port_entry
6512.583433333333	0.6100000000005821	trials	port_entry
6513.313433333334	0.0500000000001819	trials	port_entry
6535.303466666667	0.06999999999970896	trials	port_entry
6537.823433333334	0.04003333333275805	trials	port_entry
6538.343466666667	0.2098999999998341	trials	port_entry
6557.913466666667	0.1000000000003638	trials	port_entry
6558.313466666667	0.18999999999959982	trials	port_entry
6558.593466666667	0.0500000000001819	trials	port_entry
6558.743466666667	0.07999999999992724	trials	port_entry
6559.113466666667	0.020000000000436557	trials	port_entry
6561.133466666667	0.019999999999527063	trials	port_entry
6561.503466666667	0.3100000000004002	trials	port_entry
6561.873466666667	0.21000000000003638	trials	port_entry
6562.113466666667	0.48000000000047294	trials	port_entry
6563.123466666667	0.020000000000436557	trials	port_entry
6563.433466666667	0.0999999999994543	trials	port_entry
6577.8535	0.029966666666950914	trials	port_entry
6577.9435	0.6899999999995998	trials	port_entry
6578.6735	0.2900000000008731	trials	port_entry
6579.1735	0.040000000000873115	trials	port_entry
6580.123366666667	0.020000000000436557	trials	port_entry
6581.2335	0.03999999999996362	trials	port_entry
6581.293466666667	0.04003333333366754	trials	port_entry
6585.7035000000005	0.019999999999527063	trials	port_entry
6591.2734	0.07003333333341288	trials	port_entry
6594.5535	0.019933333333938208	trials	port_entry
6595.793500000001	0.08999999999923602	trials	port_entry
6595.9035	0.06993333333321061	trials	port_entry
6595.993466666667	0.17996666666658712	trials	port_entry
6596.1935	0.029933333333246992	trials	port_entry
6596.2835000000005	0.3099999999994907	trials	port_entry
6597.6835	0.13000000000010914	trials	port_entry
6606.013533333334	20.001633333333302	trials	shock_stimulus_presentation
6625.813533333334	0.3000000000001819	trials	shock_relay
6660.423533333334	2.370066666666389	trials	port_entry
6663.323533333333	0.910000000000764	trials	port_entry
6664.433533333334	0.07999999999992724	trials	port_entry
6669.463566666667	0.35996666666596866	trials	port_entry
6669.963566666667	0.17999999999938154	trials	port_entry
6671.013566666667	16.000033333332794	trials	port_entry
6696.0136	20.000033333333704	trials	neutral_stimulus_presentation
6740.053633333334	1.6500333333333401	trials	port_entry
6743.623666666667	1.9299666666665871	trials	port_entry
6770.2036333333335	12.000033333333704	trials	port_entry
6782.773666666667	0.22000000000025466	trials	port_entry
6784.553666666667	1.2600000000002183	trials	port_entry
6785.8637	9.110000000000582	trials	port_entry
6786.0137	0.25	trials	reward_stimulus_presentation
6787.013666666667	0.8000000000001819	trials	reward_delivery
6795.0037	0.07999999999992724	trials	port_entry
6876.013733333333	3.109966666666878	trials	reward_stimulus_presentation
6877.0137	0.8000000000001819	trials	reward_delivery
6878.723766666667	0.20996666666633246	trials	port_entry
6879.033666666667	0.019999999999527063	trials	port_entry
6879.133666666667	0.16000000000076398	trials	port_entry
6879.373766666667	2.0700000000006185	trials	port_entry
6881.473766666667	0.07999999999992724	trials	port_entry
6881.673733333334	0.04003333333275805	trials	port_entry
6881.763733333333	0.44003333333421324	trials	port_entry
6895.6138	1.680000000000291	trials	port_entry
6897.433766666667	0.2100333333337403	trials	port_entry
6942.783833333334	2.6000333333331582	trials	port_entry
6945.733833333334	5.640033333333122	trials	port_entry
6951.393800000001	0.07006666666620731	trials	port_entry
6954.803833333333	0.3000000000001819	trials	port_entry
6955.193833333334	0.6800333333330855	trials	port_entry
6958.013800000001	0.810066666665989	trials	port_entry
6958.933866666667	0.6999999999998181	trials	port_entry
6959.673766666667	2.4800999999997657	trials	port_entry
6961.013800000001	20.0009	trials	shock_stimulus_presentation
6965.3938333333335	0.2500333333337039	trials	port_entry
6965.723866666667	0.049933333332774055	trials	port_entry
6965.823766666667	0.0400999999992564	trials	port_entry
6980.8138	0.3000000000001819	trials	shock_relay
6988.133900000001	0.5299999999997453	trials	port_entry
6989.773866666667	0.3999999999996362	trials	port_entry
7034.203933333333	0.28000000000065484	trials	port_entry
7051.013966666667	2.4200000000000728	trials	reward_stimulus_presentation
7052.013933333334	0.8000000000001819	trials	reward_delivery
7053.033966666667	5.25	trials	port_entry
7104.254	1.5999666666666599	trials	port_entry
7106.194	0.03999999999996362	trials	port_entry
7106.454000000001	0.32999999999992724	trials	port_entry
7112.954000000001	0.0999999999994543	trials	port_entry
7113.1140000000005	0.1499999999996362	trials	port_entry
7115.944	0.5400333333336675	trials	port_entry
7135.5840333333335	0.06000000000040018	trials	port_entry
7135.954033333333	1.4700000000002547	trials	port_entry
7142.024033333334	0.02999999999974534	trials	port_entry
7142.284033333333	0.1500000000005457	trials	port_entry
7146.014066666667	1.7000000000007276	trials	reward_stimulus_presentation
7147.014033333334	0.8000333333329763	trials	reward_delivery
7147.314066666667	4.949966666667024	trials	port_entry
7154.174033333334	0.060033333333194605	trials	port_entry
7162.394066666667	0.029966666666950914	trials	port_entry
7162.524033333334	0.23003333333326736	trials	port_entry
7162.834000000001	0.04006666666646197	trials	port_entry
7162.894033333334	0.10999999999967258	trials	port_entry
7163.034066666667	0.1499999999996362	trials	port_entry
7163.404066666667	0.4099999999998545	trials	port_entry
7163.984066666667	0.020000000000436557	trials	port_entry
7166.204066666667	0.019966666666732635	trials	port_entry
7166.634066666667	0.07999999999992724	trials	port_entry
7180.444033333333	0.14003333333403134	trials	port_entry
7181.033966666667	0.030099999999947613	trials	port_entry
7181.344066666667	0.14000000000032742	trials	port_entry
7181.724033333334	0.019999999999527063	trials	port_entry
7184.404066666667	0.019933333333028713	trials	port_entry
7189.634066666667	0.2999999999992724	trials	port_entry
7189.974066666667	0.030033333333449264	trials	port_entry
7190.144066666667	0.04003333333366754	trials	port_entry
7190.944066666667	0.02999999999974534	trials	port_entry
7191.104066666667	0.020000000000436557	trials	port_entry
7191.234100000001	0.4999666666662961	trials	port_entry
7219.8341	1.8100000000004002	trials	port_entry
7236.014133333334	20.0009	trials	shock_stimulus_presentation
7247.014133333334	0.21999999999934516	trials	port_entry
7255.814133333333	0.3000000000001819	trials	shock_relay
7274.224166666667	0.1500000000005457	trials	port_entry
7294.004166666667	1.9400000000005093	trials	port_entry
7297.974166666667	0.27000000000043656	trials	port_entry
7312.814200000001	1.2499333333325922	trials	port_entry
7314.7542	7.809933333332992	trials	port_entry
7316.0142000000005	7.389999999999418	trials	reward_stimulus_presentation
7317.0142000000005	0.8000000000001819	trials	reward_delivery
7323.004166666667	1.5300000000006548	trials	port_entry
7324.564133333333	0.020033333333230985	trials	port_entry
7360.994166666667	1.9800666666660618	trials	port_entry
7364.414233333334	0.25	trials	port_entry
7364.734233333334	0.569999999999709	trials	port_entry
7406.0142000000005	20.000100000000202	trials	neutral_stimulus_presentation
7447.834333333333	1.2899666666671692	trials	port_entry
7485.654366666667	0.14993333333404735	trials	port_entry
7485.844266666667	0.4100333333335584	trials	port_entry
7486.2743666666665	0.18000000000029104	trials	port_entry
7498.284366666667	2.6700000000000728	trials	port_entry
7501.264366666667	0.6200333333326853	trials	port_entry
7501.964366666667	0.7200000000002547	trials	port_entry
7503.604366666667	9.200033333332613	trials	port_entry
7506.0144	7.530000000000655	trials	reward_stimulus_presentation
7507.014366666667	0.8000000000001819	trials	reward_delivery
7513.1444	0.7399999999997817	trials	port_entry
7524.8044	6.360000000000582	trials	port_entry
7531.3544	2.9300333333330855	trials	port_entry
7534.3644	2.5600333333331946	trials	port_entry
7568.894433333334	1.519999999999527	trials	port_entry
7596.014466666667	3.6799999999993815	trials	reward_stimulus_presentation
7597.014466666667	0.7999999999992724	trials	reward_delivery
7599.294466666667	4.460000000000036	trials	port_entry
7627.1345	0.07999999999992724	trials	port_entry
7627.3845	0.07000000000061846	trials	port_entry
7647.674533333334	1.5	trials	port_entry
7677.564533333333	4.280033333333449	trials	port_entry
7686.014566666667	19.999966666667206	trials	neutral_stimulus_presentation
7758.344633333334	0.6999999999998181	trials	port_entry
7776.014633333333	20.00176666666721	trials	shock_stimulus_presentation
7783.704633333334	1.2898999999997613	trials	port_entry
7791.324666666667	0.26999999999952706	trials	port_entry
7791.714666666667	0.13000000000010914	trials	port_entry
7791.884633333334	0.060033333333194605	trials	port_entry
7795.814633333333	0.3000333333338858	trials	shock_relay
7859.3147	0.07000000000061846	trials	port_entry
7859.464733333333	0.03996666666716919	trials	port_entry
7860.144700000001	0.10999999999967258	trials	port_entry
7860.514700000001	0.03999999999996362	trials	port_entry
7860.7947	0.13000000000010914	trials	port_entry
7860.9547	0.02999999999974534	trials	port_entry
7861.004733333333	0.26996666666673264	trials	port_entry
7861.014666666667	0.18003333333308547	trials	reward_stimulus_presentation
7862.014700000001	0.7999999999992724	trials	reward_delivery
7862.594700000001	0.019999999999527063	trials	port_entry
7862.8547	6.390000000000327	trials	port_entry
7869.294733333334	0.3999999999996362	trials	port_entry
7870.834733333334	0.049999999999272404	trials	port_entry
7903.664766666667	3.300000000000182	trials	port_entry
7907.064766666667	12.759999999999309	trials	port_entry
7919.864766666667	0.24000000000069122	trials	port_entry
7921.2848	0.8799333333336108	trials	port_entry
7922.214766666667	2.3400000000001455	trials	port_entry
7925.704766666667	1.3699999999998909	trials	port_entry
7938.384800000001	1.1699999999991633	trials	port_entry
7951.0148	20.00146666666751	trials	shock_stimulus_presentation
7970.8148	0.3000000000001819	trials	shock_relay
7979.694833333334	3.0099666666665144	trials	port_entry
7997.614833333334	0.5500333333329763	trials	port_entry
8022.084866666667	0.15003333333334012	trials	port_entry
8022.2749	1.3699999999998909	trials	port_entry
8046.014933333334	2.300000000000182	trials	reward_stimulus_presentation
8047.014933333334	0.799966666666478	trials	reward_delivery
8047.9149333333335	5.110000000000582	trials	port_entry
8079.8749333333335	0.020000000000436557	trials	port_entry
8098.704933333333	1.1400333333331218	trials	port_entry
8099.864966666667	0.06000000000040018	trials	port_entry
8136.015	19.999966666666296	trials	neutral_stimulus_presentation
8172.414966666666	5.620033333334504	trials	port_entry
8202.275066666665	6.909933333334266	trials	port_entry
8211.484999999999	3.9200666666674806	trials	port_entry
8215.525066666665	9.40996666666797	trials	port_entry
8216.015033333333	15.459966666665423	trials	reward_stimulus_presentation
8217.015	0.8000666666666802	trials	reward_delivery
8231.075066666666	0.15996666666615056	trials	port_entry
8231.395066666666	2.059900000000198	trials	port_entry
8249.505133333332	1.9199666666663688	trials	port_entry
8253.095133333332	1.5599999999994907	trials	port_entry
8306.0152	4.059966666665787	trials	reward_stimulus_presentation
8307.015166666666	0.7999999999992724	trials	reward_delivery
8309.675166666666	0.3099999999994907	trials	port_entry
8310.005166666666	0.27000000000043656	trials	port_entry
8310.295133333333	0.22003333333304909	trials	port_entry
8310.535166666667	0.09000000000014552	trials	port_entry
8310.655166666666	2.2399999999997817	trials	port_entry
8312.925166666666	0.4500000000007276	trials	port_entry
8321.035166666667	1.7199999999993452	trials	port_entry
8385.005233333333	0.139966666665714	trials	port_entry
8406.015266666665	20.000033333333704	trials	neutral_stimulus_presentation
8418.025233333332	0.0700666666671168	trials	port_entry
8418.125233333332	0.5500000000010914	trials	port_entry
8444.355266666666	1.500033333333704	trials	port_entry
8472.7253	1.3700333333326853	trials	port_entry
8474.3953	0.47999999999956344	trials	port_entry
8479.165299999999	0.8700000000008004	trials	port_entry
8496.015266666665	9.660100000000966	trials	reward_stimulus_presentation
8497.015366666667	0.7999999999992724	trials	reward_delivery
8505.275366666667	2.8699999999989814	trials	port_entry
8523.675333333333	0.020066666666025412	trials	port_entry
8529.505366666666	0.819999999999709	trials	port_entry
8530.6554	0.04996666666556848	trials	port_entry
8530.755366666666	0.36999999999898137	trials	port_entry
8532.125366666665	0.02003333333414048	trials	port_entry
8532.225366666666	1.9700000000011642	trials	port_entry
8543.225366666666	0.04003333333457704	trials	port_entry
8543.5054	0.019999999998617568	trials	port_entry
8544.025366666667	0.15003333333334012	trials	port_entry
8586.015433333332	20.00170000000071	trials	shock_stimulus_presentation
8605.815466666667	0.2999999999992724	trials	shock_relay
8607.695433333332	0.6600333333335584	trials	port_entry
8672.955533333332	0.4000000000014552	trials	port_entry
8673.375533333332	9.600000000000364	trials	port_entry
8676.015533333333	7.430000000000291	trials	reward_stimulus_presentation
8677.015533333333	0.7999999999992724	trials	reward_delivery
8683.045533333332	0.060033333333194605	trials	port_entry
8683.785533333332	1.320000000001528	trials	port_entry
8687.795533333332	2.3000000000010914	trials	port_entry
8698.135533333332	1.3400333333338494	trials	port_entry
8758.7156	9.970033333333049	trials	port_entry
8761.015633333333	8.479999999999563	trials	reward_stimulus_presentation
8762.015599999999	0.8000000000010914	trials	reward_delivery
8769.095633333332	1.110000000000582	trials	port_entry
8780.705633333333	14.199999999998909	trials	port_entry
8796.145633333334	0.019999999998617568	trials	port_entry
8796.665633333332	0.040000000000873115	trials	port_entry
8796.725633333333	0.039999999999054126	trials	port_entry
8798.705633333333	9.71003333333283	trials	port_entry
8808.555666666665	8.820000000001528	trials	port_entry
8851.0157	20.00169999999889	trials	shock_stimulus_presentation
8870.8157	0.3000000000010914	trials	shock_relay
8946.0157	1.2500999999992928	trials	reward_stimulus_presentation
8946.865733333332	5.140000000001237	trials	port_entry
8947.015766666666	0.8000000000010914	trials	reward_delivery
8955.975699999999	0.030099999999947613	trials	port_entry
8956.0458	0.20999999999912689	trials	port_entry
8959.245799999999	0.029966666666950914	trials	port_entry
8959.325766666667	0.04003333333275805	trials	port_entry
8959.4658	0.019999999998617568	trials	port_entry
8982.3658	4.360000000000582	trials	port_entry
8988.165799999999	1.4699333333337563	trials	port_entry
9000.135766666666	2.710033333332831	trials	port_entry
9033.085833333333	2.430000000000291	trials	port_entry
9036.015866666667	20.00136666666549	trials	shock_stimulus_presentation
9055.815866666666	0.2999999999992724	trials	shock_relay
9059.1259	0.19000000000050932	trials	port_entry
9061.3159	0.6499999999996362	trials	port_entry
9062.275899999999	0.6200000000008004	trials	port_entry
9062.945899999999	0.1500000000014552	trials	port_entry
9098.655933333333	2.7699999999986176	trials	port_entry
9116.015933333332	3.1199333333333925	trials	reward_stimulus_presentation
9117.015899999999	0.8000333333347953	trials	reward_delivery
9118.735933333333	0.3599999999987631	trials	port_entry
9119.115933333333	3.219999999999345	trials	port_entry
9122.685933333332	0.9400333333342132	trials	port_entry
9161.866	3.5599999999994907	trials	port_entry
9166.235999999999	3.1899666666668054	trials	port_entry
9170.635999999999	0.7599333333346294	trials	port_entry
9206.016033333333	20.0	trials	neutral_stimulus_presentation
9207.226033333332	0.5500000000010914	trials	port_entry
9219.405966666665	0.11006666666798992	trials	port_entry
9222.636033333332	0.030000000000654836	trials	port_entry
9261.106099999999	0.819999999999709	trials	port_entry
9306.016133333333	3.1499666666659323	trials	reward_stimulus_presentation
9307.016133333333	0.7999999999992724	trials	reward_delivery
9308.766133333333	3.719999999999345	trials	port_entry
9312.526133333333	0.680000000000291	trials	port_entry
9313.226133333334	0.039999999999054126	trials	port_entry
9313.406133333332	0.17000000000007276	trials	port_entry
9315.836133333332	1.1299333333336108	trials	port_entry
9353.5862	0.15999999999985448	trials	port_entry
9396.016233333332	3.2599666666683333	trials	reward_stimulus_presentation
9397.016233333332	0.8000000000010914	trials	reward_delivery
9398.876166666667	0.3700666666663892	trials	port_entry
9399.266233333332	0.32000000000152795	trials	port_entry
9399.606233333332	0.2000000000007276	trials	port_entry
9399.856233333332	2.5100000000002183	trials	port_entry
9402.626233333332	0.1000000000003638	trials	port_entry
9402.766233333332	0.7400000000016007	trials	port_entry
9444.866266666666	0.06999999999970896	trials	port_entry
9445.146266666667	0.049999999999272404	trials	port_entry
9445.246266666665	0.040000000000873115	trials	port_entry
9445.666266666665	0.06000000000130967	trials	port_entry
9445.836266666665	0.32999999999992724	trials	port_entry
9486.0163	3.0	trials	reward_stimulus_presentation
9487.0163	0.7999999999992724	trials	reward_delivery
9488.6163	0.3099999999994907	trials	port_entry
9489.046266666666	0.04003333333275805	trials	port_entry
9489.156333333332	0.029966666666950914	trials	port_entry
9489.2563	0.10003333333406772	trials	port_entry
9489.3763	0.049999999999272404	trials	port_entry
9489.516333333333	0.04996666666556848	trials	port_entry
9489.6363	1.7799999999988358	trials	port_entry
9491.6063	0.4500000000007276	trials	port_entry
9492.2863	0.4499999999989086	trials	port_entry
9535.396366666666	0.13000000000101863	trials	port_entry
9535.6264	0.5599333333339018	trials	port_entry
9539.136333333332	0.02003333333414048	trials	port_entry
9567.5564	0.1899666666668054	trials	port_entry
9567.776366666667	7.0899999999983265	trials	port_entry
9575.196399999999	0.11996666666709643	trials	port_entry
9575.336366666666	0.07999999999992724	trials	port_entry
9575.896366666666	0.10003333333406772	trials	port_entry
9576.016366666667	0.27999999999883585	trials	reward_stimulus_presentation
9576.046366666666	7.7000333333344315	trials	port_entry
9577.016366666667	0.7999999999992724	trials	reward_delivery
9583.786333333333	0.9900666666653706	trials	port_entry
9635.976433333333	8.80999999999949	trials	port_entry
9644.836466666666	1.2999666666673875	trials	port_entry
9646.156466666665	7.630000000001019	trials	port_entry
9661.016466666666	20.0015999999996	trials	shock_stimulus_presentation
9680.816466666665	0.30006666666668025	trials	shock_relay
9687.316466666665	0.48003333333326736	trials	port_entry
9715.786533333332	0.9200000000000728	trials	port_entry
9741.816566666666	1.0	trials	port_entry
9751.016599999999	2.4099666666661506	trials	reward_stimulus_presentation
9752.016566666665	0.8000000000010914	trials	reward_delivery
9753.026566666666	4.470000000001164	trials	port_entry
9757.626566666666	0.07003333333341288	trials	port_entry
9773.666599999999	0.030000000000654836	trials	port_entry
9780.7966	0.3400000000001455	trials	port_entry
9818.1366	1.8200333333334129	trials	port_entry
9846.016633333333	20.000033333333704	trials	neutral_stimulus_presentation
9873.686599999999	0.6100666666661709	trials	port_entry
9883.9167	0.019966666666732635	trials	port_entry
9885.5667	0.1499999999996362	trials	port_entry
9886.296699999999	0.020000000000436557	trials	port_entry
9886.456699999999	0.020000000000436557	trials	port_entry
9886.6467	0.020000000000436557	trials	port_entry
9886.6867	0.13999999999941792	trials	port_entry
9886.8967	0.25	trials	port_entry
9900.456733333333	0.030000000000654836	trials	port_entry
9905.856733333332	0.13000000000101863	trials	port_entry
9906.106733333332	0.09000000000014552	trials	port_entry
9906.326733333333	0.05999999999949068	trials	port_entry
9906.516633333333	0.3000333333329763	trials	port_entry
9909.216733333333	0.1000000000003638	trials	port_entry
9936.016766666666	20.0014666666666	trials	shock_stimulus_presentation
9955.816766666667	0.2999999999992724	trials	shock_relay
9983.5368	0.09000000000014552	trials	port_entry
10016.016766666666	0.8100666666668985	trials	reward_stimulus_presentation
10016.426833333333	6.440000000000509	trials	port_entry
10017.016833333333	0.7999666666655685	trials	reward_delivery
10022.916833333333	0.6000000000003638	trials	port_entry
10065.366866666665	0.7400000000016007	trials	port_entry
10069.0469	1.7299666666658595	trials	port_entry
10083.266866666667	5.269999999998618	trials	port_entry
10088.676866666667	0.13003333333290357	trials	port_entry
10089.536866666665	1.7000000000007276	trials	port_entry
10091.756866666667	0.04003333333275805	trials	port_entry
10106.016933333332	3.529966666666951	trials	reward_stimulus_presentation
10107.016899999999	0.8000000000010914	trials	reward_delivery
10109.1469	0.07003333333341288	trials	port_entry
10109.236933333334	0.14996666666593228	trials	port_entry
10109.426899999999	2.0399333333334653	trials	port_entry
10111.4869	0.050033333332976326	trials	port_entry
10138.416933333332	1.1700000000000728	trials	port_entry
10149.316866666666	0.10003333333406772	trials	port_entry
10149.4869	0.970066666666753	trials	port_entry
10206.017	3.819999999999709	trials	reward_stimulus_presentation
10207.017	0.7999999999992724	trials	reward_delivery
10209.437	0.1499999999996362	trials	port_entry
10209.647033333333	3.8099999999994907	trials	port_entry
10228.087033333333	0.5	trials	port_entry
10273.9471	0.6299666666673147	trials	port_entry
10296.017133333333	20.000833333333503	trials	shock_stimulus_presentation
10312.267133333333	0.930000000000291	trials	port_entry
10315.817133333332	0.3000000000010914	trials	shock_relay
10355.887166666666	7.069900000000416	trials	port_entry
10363.037166666667	4.849999999998545	trials	port_entry
10386.0172	2.4499999999989086	trials	reward_stimulus_presentation
10387.0172	0.7999999999992724	trials	reward_delivery
10388.0672	0.31999999999970896	trials	port_entry
10388.407133333332	0.16006666666726233	trials	port_entry
10388.5972	3.7599999999983993	trials	port_entry
10392.4672	0.05999999999949068	trials	port_entry
10392.587133333333	0.650066666667044	trials	port_entry
10396.4772	0.049999999999272404	trials	port_entry
10436.007233333332	1.1600000000016735	trials	port_entry
10464.077266666665	2.8299999999999272	trials	port_entry
10467.037266666666	0.3899999999994179	trials	port_entry
10470.527266666666	0.030000000000654836	trials	port_entry
10476.0173	20.0	trials	neutral_stimulus_presentation
10486.487299999999	0.040000000000873115	trials	port_entry
10486.737299999999	0.050000000001091394	trials	port_entry
10486.817299999999	0.020000000000436557	trials	port_entry
10486.9173	0.13999999999941792	trials	port_entry
10488.747299999999	0.050000000001091394	trials	port_entry
10493.7773	0.029999999998835847	trials	port_entry
10497.1673	0.030000000000654836	trials	port_entry
10497.407299999999	0.030000000000654836	trials	port_entry
10497.5173	0.11000000000058208	trials	port_entry
10498.307299999999	0.019933333334847703	trials	port_entry
10503.5973	0.1000000000003638	trials	port_entry
10506.237299999999	0.050000000001091394	trials	port_entry
10506.807299999999	0.12000000000080036	trials	port_entry
10507.2973	0.019999999998617568	trials	port_entry
10519.827333333333	0.020000000000436557	trials	port_entry
10561.017366666667	2.539999999999054	trials	reward_stimulus_presentation
10562.017366666667	0.8000333333329763	trials	reward_delivery
10563.157366666666	0.27999999999883585	trials	port_entry
10563.457366666666	3.850000000000364	trials	port_entry
10567.377366666666	0.050000000001091394	trials	port_entry
10601.9574	24.350033333334068	trials	port_entry
10626.347433333332	3.9799999999995634	trials	port_entry
10630.747433333332	1.4400000000005093	trials	port_entry
10632.347433333332	0.6000000000003638	trials	port_entry
10651.017466666666	20.0	trials	neutral_stimulus_presentation
10701.7575	11.940033333332394	trials	port_entry
10713.8475	2.0599999999994907	trials	port_entry
10715.9275	1.5399999999990541	trials	port_entry
10721.057533333333	6.749966666666296	trials	port_entry
10728.1075	2.4499999999989086	trials	port_entry
10731.3575	3.9100333333335584	trials	port_entry
10735.417533333333	0.1999999999989086	trials	port_entry
10746.017566666666	20.001433333334717	trials	shock_stimulus_presentation
10765.817566666667	0.2999666666655685	trials	shock_relay
10784.247566666667	2.3099999999994907	trials	port_entry
10786.747566666667	1.9699999999993452	trials	port_entry
10788.7776	1.0100000000002183	trials	port_entry
10789.827566666667	0.819999999999709	trials	port_entry
10791.107566666666	4.920000000000073	trials	port_entry
10796.047566666666	2.139999999999418	trials	port_entry
10799.2176	0.5199999999986176	trials	port_entry
10799.757566666665	0.6300000000010186	trials	port_entry
10801.827566666667	1.750033333331885	trials	port_entry
10821.827599999999	0.680000000000291	trials	port_entry
10825.427599999999	0.09003333333384944	trials	port_entry
10825.567633333332	1.25	trials	port_entry
10826.987599999999	1.0800000000017462	trials	port_entry
10828.1076	0.060033333333194605	trials	port_entry
10836.017633333333	20.000033333333704	trials	neutral_stimulus_presentation
10842.607633333333	0.039999999999054126	trials	port_entry
10842.677633333333	0.4400000000005093	trials	port_entry
10857.907666666666	0.23999999999978172	trials	port_entry
10916.017733333332	20.001033333333908	trials	shock_stimulus_presentation
10920.077733333334	0.06999999999970896	trials	port_entry
10935.817733333333	0.2999999999992724	trials	shock_relay
10951.197766666666	0.9899999999997817	trials	port_entry
10988.7578	0.7800000000006548	trials	port_entry
10989.6178	0.8799999999991996	trials	port_entry
10991.2078	0.23999999999978172	trials	port_entry
10993.1178	1.4099999999998545	trials	port_entry
10994.5478	0.039999999999054126	trials	port_entry
10994.6078	0.020000000000436557	trials	port_entry
10994.807799999999	0.3000000000010914	trials	port_entry
11006.0178	14.15003333333334	trials	reward_stimulus_presentation
11007.017766666666	0.8000333333329763	trials	reward_delivery
11019.767833333333	0.3999999999996362	trials	port_entry
11020.207833333332	0.030000000000654836	trials	port_entry
11020.287833333332	0.07000000000152795	trials	port_entry
11020.387833333332	0.5300000000006548	trials	port_entry
11020.9378	1.720033333333049	trials	port_entry
11022.7578	0.5000333333337039	trials	port_entry
11023.337833333333	0.039999999999054126	trials	port_entry
11024.617833333332	0.09000000000014552	trials	port_entry
11024.747833333333	0.4599999999991269	trials	port_entry
11075.747866666667	0.3000333333329763	trials	port_entry
11076.777866666665	1.6599999999998545	trials	port_entry
11247.133899999999	0.1001333333333605	trials	phototagging
11248.135433333333	0.10016666666706442	trials	phototagging
11249.136966666667	0.10016666666524543	trials	phototagging
11250.138533333333	0.1001333333333605	trials	phototagging
11251.140066666667	0.10016666666524543	trials	phototagging
11252.141599999999	0.10016666666706442	trials	phototagging
11253.143166666667	0.1001333333333605	trials	phototagging
11254.144699999999	0.10016666666706442	trials	phototagging
11255.146233333333	0.10016666666706442	trials	phototagging
11256.147799999999	0.1001333333333605	trials	phototagging
11257.149333333333	0.10016666666706442	trials	phototagging
11258.150866666667	0.10016666666524543	trials	phototagging
11269.167866666667	0.004999999999199645	trials	phototagging
11269.177866666667	0.005033333332903567	trials	phototagging
11269.187899999999	0.005000000001018634	trials	phototagging
11269.1979	0.005033333332903567	trials	phototagging
11269.207933333333	0.004999999999199645	trials	phototagging
11269.217933333333	0.004999999999199645	trials	phototagging
11269.227966666665	0.005000000001018634	trials	phototagging
11269.237966666666	0.005000000001018634	trials	phototagging
11269.248	0.004999999999199645	trials	phototagging
11269.258	0.004999999999199645	trials	phototagging
11269.268	0.005033333332903567	trials	phototagging
11269.278033333332	0.005000000001018634	trials	phototagging
11269.288066666666	0.004999999999199645	trials	phototagging
11269.298066666666	0.004999999999199645	trials	phototagging
11269.308066666666	0.005033333332903567	trials	phototagging
11269.318099999999	0.005000000001018634	trials	phototagging
11269.328099999999	0.005033333334722556	trials	phototagging
11269.338133333333	0.004999999999199645	trials	phototagging
11269.348133333333	0.005033333332903567	trials	phototagging
11269.358166666667	0.004999999999199645	trials	phototagging
11269.368166666665	0.005033333334722556	trials	phototagging
11269.3782	0.005000000001018634	trials	phototagging
11269.3882	0.005033333332903567	trials	phototagging
11269.398233333333	0.004999999999199645	trials	phototagging
11269.408233333334	0.004999999999199645	trials	phototagging
11269.418266666666	0.005000000001018634	trials	phototagging
11269.428266666666	0.005000000001018634	trials	phototagging
11269.4383	0.004999999999199645	trials	phototagging
11269.4483	0.004999999999199645	trials	phototagging
11269.4583	0.005033333332903567	trials	phototagging
11279.483766666666	0.0100333333339222	trials	phototagging
11279.583933333333	0.010000000000218279	trials	phototagging
11279.684099999999	0.010000000000218279	trials	phototagging
11279.784233333332	0.0100333333339222	trials	phototagging
11279.884399999999	0.010000000000218279	trials	phototagging
11279.984533333332	0.0100333333339222	trials	phototagging
11280.0847	0.010000000000218279	trials	phototagging
11280.184866666666	0.010000000000218279	trials	phototagging
11280.285033333334	0.00999999999839929	trials	phototagging
11280.385166666667	0.010033333332103211	trials	phototagging
11280.485333333332	0.010000000000218279	trials	phototagging
11280.585466666666	0.0100333333339222	trials	phototagging
11280.685633333333	0.0100333333339222	trials	phototagging
11280.785766666666	0.0100333333339222	trials	phototagging
11280.885933333333	0.010000000000218279	trials	phototagging
11280.9861	0.010000000000218279	trials	phototagging
11281.086233333333	0.010033333332103211	trials	phototagging
11281.186399999999	0.0100333333339222	trials	phototagging
11281.286566666666	0.010000000000218279	trials	phototagging
11281.3867	0.0100333333339222	trials	phototagging
11281.486866666666	0.010000000000218279	trials	phototagging
11281.587033333333	0.010000000000218279	trials	phototagging
11281.687166666667	0.010033333332103211	trials	phototagging
11281.787333333332	0.010000000000218279	trials	phototagging
11281.887466666665	0.0100333333339222	trials	phototagging
11281.987633333332	0.0100333333339222	trials	phototagging
11282.0878	0.010000000000218279	trials	phototagging
11282.187933333333	0.0100333333339222	trials	phototagging
11282.2881	0.010033333332103211	trials	phototagging
11282.388266666667	0.00999999999839929	trials	phototagging
11292.503866666666	0.004999999999199645	trials	phototagging
11293.5054	0.004999999999199645	trials	phototagging
11294.506933333332	0.005033333334722556	trials	phototagging
11295.5085	0.004999999999199645	trials	phototagging
11296.510033333332	0.005000000001018634	trials	phototagging
11297.511566666666	0.005033333332903567	trials	phototagging
11298.513133333332	0.005000000001018634	trials	phototagging
11299.514666666666	0.004999999999199645	trials	phototagging
11300.5162	0.005033333332903567	trials	phototagging
11301.517766666666	0.005000000001018634	trials	phototagging
11302.5193	0.004999999999199645	trials	phototagging
11303.520866666666	0.005000000001018634	trials	phototagging
11304.5224	0.004999999999199645	trials	phototagging
11305.523933333332	0.005000000001018634	trials	phototagging
11306.525466666666	0.005033333332903567	trials	phototagging
11307.527033333332	0.005000000001018634	trials	phototagging
11308.528566666666	0.005000000001018634	trials	phototagging
11309.5301	0.005033333332903567	trials	phototagging
11310.531666666666	0.005000000001018634	trials	phototagging
11311.5332	0.004999999999199645	trials	phototagging
11312.534733333332	0.005033333334722556	trials	phototagging
11313.5363	0.004999999999199645	trials	phototagging
11314.537833333332	0.005000000001018634	trials	phototagging
11315.539366666666	0.005033333332903567	trials	phototagging
11316.540933333332	0.005000000001018634	trials	phototagging
11317.542466666666	0.005000000001018634	trials	phototagging
11318.544033333334	0.004999999999199645	trials	phototagging
11319.545566666666	0.005000000001018634	trials	phototagging
11320.5471	0.005033333332903567	trials	phototagging
11321.548666666666	0.005000000001018634	trials	phototagging
11332.565633333334	0.004999999999199645	trials	phototagging
11333.5672	0.004999999999199645	trials	phototagging
11334.568733333334	0.004999999999199645	trials	phototagging
11335.570266666666	0.005033333332903567	trials	phototagging
11336.571833333333	0.004999999999199645	trials	phototagging
11337.573366666666	0.005000000001018634	trials	phototagging
11338.5749	0.005033333332903567	trials	phototagging
11339.576466666666	0.005000000001018634	trials	phototagging
11340.578	0.004999999999199645	trials	phototagging
11341.579566666665	0.005000000001018634	trials	phototagging
11342.5811	0.004999999999199645	trials	phototagging
11343.582633333333	0.005033333332903567	trials	phototagging
11344.5842	0.004999999999199645	trials	phototagging
11345.585733333333	0.004999999999199645	trials	phototagging
11346.587266666666	0.005000000001018634	trials	phototagging
11347.588833333333	0.004999999999199645	trials	phototagging
11348.590366666665	0.005000000001018634	trials	phototagging
11349.5919	0.005033333332903567	trials	phototagging
11350.593466666665	0.005000000001018634	trials	phototagging
11351.595	0.004999999999199645	trials	phototagging
11352.596533333333	0.005033333332903567	trials	phototagging
11353.5981	0.005000000001018634	trials	phototagging
11354.599633333333	0.004999999999199645	trials	phototagging
11355.601166666665	0.005033333334722556	trials	phototagging
11356.602733333333	0.004999999999199645	trials	phototagging
11357.604266666665	0.005000000001018634	trials	phototagging
11358.6058	0.005033333332903567	trials	phototagging
11359.607366666665	0.005000000001018634	trials	phototagging
11360.6089	0.005000000001018634	trials	phototagging
11361.610433333333	0.005033333332903567	trials	phototagging
11372.627433333333	0.010033333332103211	trials	phototagging
11372.7276	0.00999999999839929	trials	phototagging
11372.827733333334	0.010033333332103211	trials	phototagging
11372.927899999999	0.0100333333339222	trials	phototagging
11373.028066666666	0.010000000000218279	trials	phototagging
11373.1282	0.0100333333339222	trials	phototagging
11373.228366666666	0.0100333333339222	trials	phototagging
11373.328533333333	0.010000000000218279	trials	phototagging
11373.428666666667	0.010033333332103211	trials	phototagging
11373.528833333332	0.0100333333339222	trials	phototagging
11373.628999999999	0.010000000000218279	trials	phototagging
11373.729133333332	0.0100333333339222	trials	phototagging
11373.8293	0.010000000000218279	trials	phototagging
11373.929466666666	0.010000000000218279	trials	phototagging
11374.0296	0.010033333332103211	trials	phototagging
11374.129766666667	0.00999999999839929	trials	phototagging
11374.2299	0.010033333332103211	trials	phototagging
11374.330066666666	0.0100333333339222	trials	phototagging
11374.430233333333	0.010000000000218279	trials	phototagging
11374.5304	0.010000000000218279	trials	phototagging
11374.630533333333	0.010000000000218279	trials	phototagging
11374.7307	0.010000000000218279	trials	phototagging
11374.830833333333	0.010033333332103211	trials	phototagging
11374.930999999999	0.010000000000218279	trials	phototagging
11375.031133333332	0.0100333333339222	trials	phototagging
11375.1313	0.0100333333339222	trials	phototagging
11375.231466666666	0.010000000000218279	trials	phototagging
11375.331633333333	0.010000000000218279	trials	phototagging
11375.431766666667	0.010000000000218279	trials	phototagging
11375.531933333332	0.010000000000218279	trials	phototagging
11385.647533333333	0.004999999999199645	trials	phototagging
11386.649066666667	0.005033333332903567	trials	phototagging
11387.650633333333	0.004999999999199645	trials	phototagging
11388.652166666667	0.004999999999199645	trials	phototagging
11389.653699999999	0.005033333332903567	trials	phototagging
11390.655266666667	0.004999999999199645	trials	phototagging
11391.656799999999	0.005000000001018634	trials	phototagging
11392.658333333333	0.005033333332903567	trials	phototagging
11393.659899999999	0.005000000001018634	trials	phototagging
11394.661433333333	0.004999999999199645	trials	phototagging
11395.662966666667	0.005033333332903567	trials	phototagging
11396.664533333333	0.004999999999199645	trials	phototagging
11397.666066666667	0.004999999999199645	trials	phototagging
11398.667599999999	0.005033333334722556	trials	phototagging
11399.669166666667	0.004999999999199645	trials	phototagging
11400.670699999999	0.005000000001018634	trials	phototagging
11401.672266666666	0.004999999999199645	trials	phototagging
11402.673799999999	0.005000000001018634	trials	phototagging
11403.675333333333	0.005033333332903567	trials	phototagging
11404.676866666667	0.005033333332903567	trials	phototagging
11405.678433333333	0.005000000001018634	trials	phototagging
11406.679966666667	0.004999999999199645	trials	phototagging
11407.681499999999	0.005033333334722556	trials	phototagging
11408.683066666666	0.004999999999199645	trials	phototagging
11409.684599999999	0.005000000001018634	trials	phototagging
11410.686166666666	0.004999999999199645	trials	phototagging
11411.687699999999	0.005000000001018634	trials	phototagging
11412.689233333333	0.005033333332903567	trials	phototagging
11413.6908	0.004999999999199645	trials	phototagging
11414.692333333332	0.005000000001018634	trials	phototagging
11425.709333333332	0.005000000001018634	trials	phototagging
11425.719366666666	0.004999999999199645	trials	phototagging
11425.729366666666	0.004999999999199645	trials	phototagging
11425.739366666667	0.005033333332903567	trials	phototagging
11425.749399999999	0.005000000001018634	trials	phototagging
11425.759399999999	0.005033333332903567	trials	phototagging
11425.769433333333	0.004999999999199645	trials	phototagging
11425.779433333333	0.004999999999199645	trials	phototagging
11425.789466666665	0.005000000001018634	trials	phototagging
11425.799466666665	0.005000000001018634	trials	phototagging
11425.8095	0.004999999999199645	trials	phototagging
11425.8195	0.004999999999199645	trials	phototagging
11425.8295	0.005033333332903567	trials	phototagging
11425.839533333332	0.005000000001018634	trials	phototagging
11425.849533333332	0.005033333334722556	trials	phototagging
11425.859566666666	0.004999999999199645	trials	phototagging
11425.869566666666	0.005033333332903567	trials	phototagging
11425.8796	0.004999999999199645	trials	phototagging
11425.889599999999	0.005000000001018634	trials	phototagging
11425.899633333333	0.005000000001018634	trials	phototagging
11425.909633333333	0.004999999999199645	trials	phototagging
11425.919666666667	0.004999999999199645	trials	phototagging
11425.929666666667	0.004999999999199645	trials	phototagging
11425.939666666665	0.005033333334722556	trials	phototagging
11425.9497	0.005000000001018634	trials	phototagging
11425.959733333333	0.004999999999199645	trials	phototagging
11425.969733333333	0.004999999999199645	trials	phototagging
11425.979733333334	0.005033333332903567	trials	phototagging
11425.989766666666	0.005000000001018634	trials	phototagging
11425.9998	0.004999999999199645	trials	phototagging
11436.025233333332	0.0100333333339222	trials	phototagging
11436.125399999999	0.0100333333339222	trials	phototagging
11436.225566666666	0.010000000000218279	trials	phototagging
11436.325733333333	0.010000000000218279	trials	phototagging
11436.425866666666	0.010000000000218279	trials	phototagging
11436.526033333334	0.00999999999839929	trials	phototagging
11436.626166666667	0.010033333332103211	trials	phototagging
11436.726333333332	0.010000000000218279	trials	phototagging
11436.826466666666	0.0100333333339222	trials	phototagging
11436.926633333333	0.0100333333339222	trials	phototagging
11437.0268	0.010000000000218279	trials	phototagging
11437.126966666667	0.010000000000218279	trials	phototagging
11437.2271	0.010000000000218279	trials	phototagging
11437.327266666665	0.010000000000218279	trials	phototagging
11437.427399999999	0.0100333333339222	trials	phototagging
11437.527566666666	0.010000000000218279	trials	phototagging
11437.6277	0.0100333333339222	trials	phototagging
11437.727866666666	0.0100333333339222	trials	phototagging
11437.828033333333	0.010000000000218279	trials	phototagging
11437.9282	0.00999999999839929	trials	phototagging
11438.028333333332	0.0100333333339222	trials	phototagging
11438.128499999999	0.010000000000218279	trials	phototagging
11438.228633333332	0.0100333333339222	trials	phototagging
11438.3288	0.010000000000218279	trials	phototagging
11438.428966666666	0.010000000000218279	trials	phototagging
11438.5291	0.010033333332103211	trials	phototagging
11438.629266666667	0.010033333332103211	trials	phototagging
11438.729433333332	0.010000000000218279	trials	phototagging
11438.829566666665	0.0100333333339222	trials	phototagging
11438.929733333332	0.010000000000218279	trials	phototagging
11449.045333333333	0.10016666666524543	trials	phototagging
11450.0469	0.1001333333333605	trials	phototagging
11451.048433333333	0.1001333333333605	trials	phototagging
11452.049966666666	0.10016666666706442	trials	phototagging
11453.051533333333	0.1001333333333605	trials	phototagging
11454.053066666665	0.10016666666706442	trials	phototagging
11455.0546	0.10016666666706442	trials	phototagging
11456.056166666665	0.1001333333333605	trials	phototagging
11457.0577	0.10016666666706442	trials	phototagging
11458.059233333333	0.10016666666524543	trials	phototagging
11459.0608	0.1001333333333605	trials	phototagging
11460.062333333333	0.10016666666524543	trials	phototagging
11471.079333333333	0.004999999999199645	trials	phototagging
11471.089366666665	0.005000000001018634	trials	phototagging
11471.099366666665	0.005000000001018634	trials	phototagging
11471.109366666666	0.005000000001018634	trials	phototagging
11471.1194	0.004999999999199645	trials	phototagging
11471.1294	0.005033333332903567	trials	phototagging
11471.139433333332	0.005000000001018634	trials	phototagging
11471.149433333332	0.005000000001018634	trials	phototagging
11471.159466666666	0.004999999999199645	trials	phototagging
11471.169466666666	0.004999999999199645	trials	phototagging
11471.1795	0.004999999999199645	trials	phototagging
11471.189499999999	0.005000000001018634	trials	phototagging
11471.199499999999	0.005033333334722556	trials	phototagging
11471.209533333333	0.004999999999199645	trials	phototagging
11471.219533333333	0.005033333332903567	trials	phototagging
11471.229566666667	0.004999999999199645	trials	phototagging
11471.239566666665	0.005000000001018634	trials	phototagging
11471.2496	0.005000000001018634	trials	phototagging
11471.2596	0.004999999999199645	trials	phototagging
11471.269633333333	0.004999999999199645	trials	phototagging
11471.279633333334	0.004999999999199645	trials	phototagging
11471.289666666666	0.005000000001018634	trials	phototagging
11471.299666666666	0.005000000001018634	trials	phototagging
11471.309666666666	0.005033333332903567	trials	phototagging
11471.3197	0.004999999999199645	trials	phototagging
11471.3297	0.005033333332903567	trials	phototagging
11471.339733333332	0.005000000001018634	trials	phototagging
11471.349733333333	0.005033333332903567	trials	phototagging
11471.359766666666	0.004999999999199645	trials	phototagging
11471.369766666667	0.005033333332903567	trials	phototagging
11481.395233333333	0.10016666666706442	trials	phototagging
11482.396799999999	0.1001333333333605	trials	phototagging
11483.398333333333	0.10016666666706442	trials	phototagging
11484.399866666667	0.10016666666524543	trials	phototagging
11485.401433333333	0.10016666666706442	trials	phototagging
11486.402966666667	0.10016666666706442	trials	phototagging
11487.404533333332	0.1001333333333605	trials	phototagging
11488.406066666666	0.1001333333333605	trials	phototagging
11489.407599999999	0.10016666666706442	trials	phototagging
11490.409166666666	0.1001333333333605	trials	phototagging
11491.410699999999	0.10016666666706442	trials	phototagging
11492.412233333333	0.10016666666706442	trials	phototagging
11503.429233333332	0.0100333333339222	trials	phototagging
11503.5294	0.0100333333339222	trials	phototagging
11503.629566666667	0.010000000000218279	trials	phototagging
11503.7297	0.010033333332103211	trials	phototagging
11503.829866666667	0.00999999999839929	trials	phototagging
11503.930033333332	0.010000000000218279	trials	phototagging
11504.030166666666	0.0100333333339222	trials	phototagging
11504.130333333333	0.010000000000218279	trials	phototagging
11504.2305	0.010000000000218279	trials	phototagging
11504.330633333333	0.0100333333339222	trials	phototagging
11504.4308	0.010000000000218279	trials	phototagging
11504.530933333333	0.010033333332103211	trials	phototagging
11504.631099999999	0.010000000000218279	trials	phototagging
11504.731266666666	0.010000000000218279	trials	phototagging
11504.8314	0.0100333333339222	trials	phototagging
11504.931566666666	0.010000000000218279	trials	phototagging
11505.0317	0.0100333333339222	trials	phototagging
11505.131866666667	0.010033333332103211	trials	phototagging
11505.232033333332	0.010000000000218279	trials	phototagging
11505.332166666665	0.0100333333339222	trials	phototagging
11505.432333333332	0.010000000000218279	trials	phototagging
11505.5325	0.010000000000218279	trials	phototagging
11505.632633333333	0.0100333333339222	trials	phototagging
11505.7328	0.010000000000218279	trials	phototagging
11505.832966666667	0.00999999999839929	trials	phototagging
11505.9331	0.010033333332103211	trials	phototagging
11506.033266666665	0.010000000000218279	trials	phototagging
11506.133433333333	0.010000000000218279	trials	phototagging
11506.233566666666	0.0100333333339222	trials	phototagging
11506.333733333333	0.010000000000218279	trials	phototagging
11516.449333333332	0.005000000001018634	trials	phototagging
11517.4509	0.004999999999199645	trials	phototagging
11518.452433333332	0.005000000001018634	trials	phototagging
11519.453966666666	0.004999999999199645	trials	phototagging
11520.455533333332	0.005000000001018634	trials	phototagging
11521.457066666666	0.005000000001018634	trials	phototagging
11522.4586	0.005033333332903567	trials	phototagging
11523.460166666666	0.005000000001018634	trials	phototagging
11524.4617	0.004999999999199645	trials	phototagging
11525.463233333332	0.005033333334722556	trials	phototagging
11526.4648	0.004999999999199645	trials	phototagging
11527.466333333332	0.005000000001018634	trials	phototagging
11528.4679	0.004999999999199645	trials	phototagging
11529.469433333332	0.005000000001018634	trials	phototagging
11530.470966666666	0.005033333332903567	trials	phototagging
11531.472533333334	0.004999999999199645	trials	phototagging
11532.474066666666	0.005000000001018634	trials	phototagging
11533.4756	0.005033333332903567	trials	phototagging
11534.477166666666	0.005000000001018634	trials	phototagging
11535.4787	0.004999999999199645	trials	phototagging
11536.480233333332	0.005033333334722556	trials	phototagging
11537.4818	0.004999999999199645	trials	phototagging
11538.483333333334	0.004999999999199645	trials	phototagging
11539.4849	0.004999999999199645	trials	phototagging
11540.486433333333	0.004999999999199645	trials	phototagging
11541.487966666666	0.005033333332903567	trials	phototagging
11542.489533333333	0.004999999999199645	trials	phototagging
11543.491066666666	0.005000000001018634	trials	phototagging
11544.492633333333	0.004999999999199645	trials	phototagging
11545.494166666665	0.005000000001018634	trials	phototagging
11556.511166666665	0.005000000001018634	trials	phototagging
11557.5127	0.005033333332903567	trials	phototagging
11558.514266666665	0.005000000001018634	trials	phototagging
11559.5158	0.005000000001018634	trials	phototagging
11560.517333333333	0.005033333332903567	trials	phototagging
11561.5189	0.005000000001018634	trials	phototagging
11562.520433333333	0.004999999999199645	trials	phototagging
11563.521966666665	0.005033333334722556	trials	phototagging
11564.523533333333	0.004999999999199645	trials	phototagging
11565.525066666665	0.005000000001018634	trials	phototagging
11566.5266	0.005033333332903567	trials	phototagging
11567.528166666667	0.004999999999199645	trials	phototagging
11568.5297	0.005000000001018634	trials	phototagging
11569.531266666667	0.004999999999199645	trials	phototagging
11570.532799999999	0.005000000001018634	trials	phototagging
11571.534366666667	0.004999999999199645	trials	phototagging
11572.535899999999	0.005000000001018634	trials	phototagging
11573.537433333333	0.005033333332903567	trials	phototagging
11574.538999999999	0.005000000001018634	trials	phototagging
11575.540533333333	0.004999999999199645	trials	phototagging
11576.542066666667	0.005033333332903567	trials	phototagging
11577.543633333333	0.004999999999199645	trials	phototagging
11578.545166666667	0.004999999999199645	trials	phototagging
11579.546699999999	0.005033333332903567	trials	phototagging
11580.548266666667	0.004999999999199645	trials	phototagging
11581.549799999999	0.005000000001018634	trials	phototagging
11582.551366666667	0.004999999999199645	trials	phototagging
11583.552899999999	0.005000000001018634	trials	phototagging
11584.554433333333	0.005033333332903567	trials	phototagging
11585.555999999999	0.005000000001018634	trials	phototagging
11596.572999999999	0.010000000000218279	trials	phototagging
11596.673166666666	0.010000000000218279	trials	phototagging
11596.773299999999	0.0100333333339222	trials	phototagging
11596.873466666666	0.010000000000218279	trials	phototagging
11596.9736	0.0100333333339222	trials	phototagging
11597.073766666666	0.010033333332103211	trials	phototagging
11597.173933333333	0.00999999999839929	trials	phototagging
11597.274066666667	0.010033333332103211	trials	phototagging
11597.374233333332	0.0100333333339222	trials	phototagging
11597.4744	0.010000000000218279	trials	phototagging
11597.574533333333	0.0100333333339222	trials	phototagging
11597.6747	0.0100333333339222	trials	phototagging
11597.774866666667	0.010000000000218279	trials	phototagging
11597.875	0.010033333332103211	trials	phototagging
11597.975166666665	0.010000000000218279	trials	phototagging
11598.075333333332	0.010000000000218279	trials	phototagging
11598.175466666666	0.0100333333339222	trials	phototagging
11598.275633333333	0.010000000000218279	trials	phototagging
11598.3758	0.010000000000218279	trials	phototagging
11598.475933333333	0.010033333332103211	trials	phototagging
11598.5761	0.00999999999839929	trials	phototagging
11598.676233333334	0.010033333332103211	trials	phototagging
11598.776399999999	0.010000000000218279	trials	phototagging
11598.876566666666	0.010000000000218279	trials	phototagging
11598.9767	0.0100333333339222	trials	phototagging
11599.076866666666	0.010000000000218279	trials	phototagging
11599.177	0.0100333333339222	trials	phototagging
11599.277166666667	0.010033333332103211	trials	phototagging
11599.377333333332	0.010000000000218279	trials	phototagging
11599.477499999999	0.010000000000218279	trials	phototagging
