onset	duration	nwb_table	trial_type
1.5968666666666422	0.27843333333339615	trials	phototagging
2.1550666666666984	0.22736666666662586	trials	phototagging
3.4334666666667317	0.10006666666663477	trials	phototagging
4.434233333333395	0.10006666666663477	trials	phototagging
5.435033333333308	0.10006666666674846	trials	phototagging
6.435800000000086	0.10009999999999764	trials	phototagging
7.4365999999999985	0.10006666666674846	trials	phototagging
8.437366666666662	0.10009999999999764	trials	phototagging
9.438166666666689	0.10006666666663477	trials	phototagging
10.438966666666715	0.10006666666663477	trials	phototagging
11.439733333333379	0.10009999999999764	trials	phototagging
12.440500000000043	0.10009999999999764	trials	phototagging
13.44130000000007	0.10006666666663477	trials	phototagging
14.442099999999982	0.10006666666674846	trials	phototagging
25.450733333333346	0.0049999999999954525	trials	phototagging
25.460733333333337	0.0049999999999954525	trials	phototagging
25.470733333333328	0.0049999999999954525	trials	phototagging
25.48073333333332	0.005033333333358314	trials	phototagging
25.490766666666673	0.0049999999999954525	trials	phototagging
25.500766666666664	0.0049999999999954525	trials	phototagging
25.510766666666655	0.0049999999999954525	trials	phototagging
25.520766666666646	0.005033333333358314	trials	phototagging
25.5308	0.0049999999999954525	trials	phototagging
25.54079999999999	0.0049999999999954525	trials	phototagging
25.55079999999998	0.0049999999999954525	trials	phototagging
25.560800000000086	0.0049999999999954525	trials	phototagging
25.570800000000077	0.005033333333244627	trials	phototagging
25.580833333333317	0.0049999999999954525	trials	phototagging
25.590833333333308	0.005000000000109139	trials	phototagging
25.600833333333412	0.0049999999999954525	trials	phototagging
25.610833333333403	0.005033333333244627	trials	phototagging
25.620866666666643	0.005000000000109139	trials	phototagging
25.630866666666748	0.0049999999999954525	trials	phototagging
25.64086666666674	0.0049999999999954525	trials	phototagging
25.65086666666673	0.005033333333244627	trials	phototagging
25.660900000000083	0.0049999999999954525	trials	phototagging
25.670900000000074	0.0049999999999954525	trials	phototagging
25.680900000000065	0.0049999999999954525	trials	phototagging
25.690900000000056	0.005033333333358314	trials	phototagging
25.70093333333341	0.0049999999999954525	trials	phototagging
25.7109333333334	0.0049999999999954525	trials	phototagging
25.72093333333339	0.0049999999999954525	trials	phototagging
25.730933333333383	0.005033333333358314	trials	phototagging
25.740966666666736	0.0049999999999954525	trials	phototagging
35.758833333333314	0.010000000000104592	trials	phototagging
35.85890000000006	0.009999999999990905	trials	phototagging
35.9589666666667	0.009999999999990905	trials	phototagging
36.05903333333333	0.010033333333353767	trials	phototagging
36.15913333333333	0.009999999999990905	trials	phototagging
36.25920000000008	0.009999999999990905	trials	phototagging
36.359300000000076	0.009999999999990905	trials	phototagging
36.45936666666671	0.009999999999990905	trials	phototagging
36.559433333333345	0.010033333333353767	trials	phototagging
36.65953333333334	0.009999999999990905	trials	phototagging
36.75959999999998	0.010000000000104592	trials	phototagging
36.859699999999975	0.00996666666674173	trials	phototagging
36.959766666666724	0.009999999999990905	trials	phototagging
37.05983333333336	0.009999999999990905	trials	phototagging
37.15989999999999	0.010033333333353767	trials	phototagging
37.25999999999999	0.009999999999990905	trials	phototagging
37.36006666666674	0.009999999999990905	trials	phototagging
37.46016666666674	0.009999999999990905	trials	phototagging
37.56023333333337	0.009999999999990905	trials	phototagging
37.66030000000001	0.010033333333353767	trials	phototagging
37.760400000000004	0.009999999999990905	trials	phototagging
37.86046666666675	0.009999999999990905	trials	phototagging
37.96053333333339	0.009999999999990905	trials	phototagging
38.060633333333385	0.009999999999990905	trials	phototagging
38.16070000000002	0.009999999999990905	trials	phototagging
38.260766666666655	0.010033333333353767	trials	phototagging
38.36086666666665	0.009999999999990905	trials	phototagging
38.4609333333334	0.009999999999990905	trials	phototagging
38.561000000000035	0.010033333333353767	trials	phototagging
38.66110000000003	0.009999999999990905	trials	phototagging
48.76903333333337	0.0049999999999954525	trials	phototagging
49.76980000000003	0.0049999999999954525	trials	phototagging
50.77060000000006	0.0049999999999954525	trials	phototagging
51.77136666666672	0.005033333333358314	trials	phototagging
52.77216666666675	0.0049999999999954525	trials	phototagging
53.77296666666666	0.0049999999999954525	trials	phototagging
54.773733333333325	0.0049999999999954525	trials	phototagging
55.77453333333335	0.0049999999999954525	trials	phototagging
56.775300000000016	0.0049999999999954525	trials	phototagging
57.77610000000004	0.0049999999999954525	trials	phototagging
58.776866666666706	0.005033333333358314	trials	phototagging
59.77766666666673	0.0049999999999954525	trials	phototagging
60.778433333333396	0.005033333333244627	trials	phototagging
61.77923333333331	0.005000000000109139	trials	phototagging
62.780033333333336	0.0049999999999954525	trials	phototagging
63.7808	0.0049999999999954525	trials	phototagging
64.78160000000003	0.0049999999999954525	trials	phototagging
65.78236666666669	0.005033333333358314	trials	phototagging
66.78316666666672	0.0049999999999954525	trials	phototagging
67.78393333333338	0.0049999999999954525	trials	phototagging
68.7847333333334	0.0049999999999954525	trials	phototagging
69.78553333333332	0.0049999999999954525	trials	phototagging
70.78629999999998	0.0049999999999954525	trials	phototagging
71.78710000000001	0.0049999999999954525	trials	phototagging
72.78786666666667	0.0049999999999954525	trials	phototagging
73.7886666666667	0.0049999999999954525	trials	phototagging
74.78943333333336	0.0049999999999954525	trials	phototagging
75.79023333333339	0.0049999999999954525	trials	phototagging
76.79100000000005	0.005033333333358314	trials	phototagging
77.79180000000008	0.0049999999999954525	trials	phototagging
88.80043333333333	0.0049999999999954525	trials	phototagging
89.80123333333336	0.0049999999999954525	trials	phototagging
90.80200000000002	0.0049999999999954525	trials	phototagging
91.80280000000005	0.0049999999999954525	trials	phototagging
92.80360000000007	0.0049999999999954525	trials	phototagging
93.80436666666674	0.0049999999999954525	trials	phototagging
94.8051333333334	0.005033333333244627	trials	phototagging
95.80593333333331	0.0049999999999954525	trials	phototagging
96.80673333333334	0.0049999999999954525	trials	phototagging
97.8075	0.005033333333358314	trials	phototagging
98.80830000000003	0.0049999999999954525	trials	phototagging
99.8090666666667	0.0049999999999954525	trials	phototagging
100.80986666666672	0.0049999999999954525	trials	phototagging
101.81066666666675	0.0049999999999954525	trials	phototagging
102.81143333333341	0.0049999999999954525	trials	phototagging
103.81223333333332	0.0049999999999954525	trials	phototagging
104.81299999999999	0.0049999999999954525	trials	phototagging
105.81380000000001	0.0049999999999954525	trials	phototagging
106.81456666666668	0.005033333333358314	trials	phototagging
107.8153666666667	0.0049999999999954525	trials	phototagging
108.81613333333337	0.005033333333358314	trials	phototagging
109.8169333333334	0.0049999999999954525	trials	phototagging
110.81773333333331	0.005000000000109139	trials	phototagging
111.81850000000009	0.0049999999999954525	trials	phototagging
112.8193	0.0049999999999954525	trials	phototagging
113.82006666666666	0.005033333333358314	trials	phototagging
114.82086666666669	0.0049999999999954525	trials	phototagging
115.82163333333335	0.0049999999999954525	trials	phototagging
116.82243333333338	0.0049999999999954525	trials	phototagging
117.8232333333334	0.0049999999999954525	trials	phototagging
128.83186666666666	0.009999999999990905	trials	phototagging
128.9319333333334	0.009999999999990905	trials	phototagging
129.0320333333334	0.009999999999990905	trials	phototagging
129.13210000000004	0.009999999999990905	trials	phototagging
129.23216666666667	0.010033333333353767	trials	phototagging
129.33226666666667	0.009999999999990905	trials	phototagging
129.43233333333342	0.009999999999990905	trials	phototagging
129.53240000000005	0.010033333333353767	trials	phototagging
129.63250000000005	0.009999999999990905	trials	phototagging
129.73256666666668	0.009999999999990905	trials	phototagging
129.83263333333332	0.010033333333353767	trials	phototagging
129.93273333333332	0.009999999999990905	trials	phototagging
130.03280000000007	0.009999999999990905	trials	phototagging
130.1328666666667	0.010033333333353767	trials	phototagging
130.2329666666667	0.009999999999990905	trials	phototagging
130.33303333333333	0.009999999999990905	trials	phototagging
130.43313333333333	0.009999999999990905	trials	phototagging
130.53320000000008	0.009999999999990905	trials	phototagging
130.6332666666667	0.010033333333353767	trials	phototagging
130.73333333333335	0.010033333333353767	trials	phototagging
130.83343333333335	0.009999999999990905	trials	phototagging
130.93349999999998	0.010000000000104592	trials	phototagging
131.03359999999998	0.010000000000104592	trials	phototagging
131.13366666666673	0.009999999999990905	trials	phototagging
131.23373333333336	0.010033333333353767	trials	phototagging
131.33383333333336	0.009999999999990905	trials	phototagging
131.4339	0.009999999999990905	trials	phototagging
131.534	0.009999999999990905	trials	phototagging
131.63406666666674	0.009999999999990905	trials	phototagging
131.73413333333338	0.010033333333353767	trials	phototagging
141.8420666666667	0.005033333333358314	trials	phototagging
142.84286666666674	0.0049999999999954525	trials	phototagging
143.8436333333334	0.0049999999999954525	trials	phototagging
144.8444333333333	0.0049999999999954525	trials	phototagging
145.84523333333334	0.0049999999999954525	trials	phototagging
146.846	0.0049999999999954525	trials	phototagging
147.84676666666667	0.005033333333358314	trials	phototagging
148.8475666666667	0.0049999999999954525	trials	phototagging
149.84836666666672	0.0049999999999954525	trials	phototagging
150.84913333333338	0.005033333333358314	trials	phototagging
151.8499333333334	0.0049999999999954525	trials	phototagging
152.85070000000007	0.005033333333244627	trials	phototagging
153.8515	0.0049999999999954525	trials	phototagging
154.8523	0.0049999999999954525	trials	phototagging
155.85306666666668	0.0049999999999954525	trials	phototagging
156.8538666666667	0.0049999999999954525	trials	phototagging
157.85463333333337	0.005033333333358314	trials	phototagging
158.8554333333334	0.0049999999999954525	trials	phototagging
159.85620000000006	0.005033333333358314	trials	phototagging
160.85700000000008	0.0049999999999954525	trials	phototagging
161.8578	0.0049999999999954525	trials	phototagging
162.85856666666666	0.0049999999999954525	trials	phototagging
163.8593666666667	0.0049999999999954525	trials	phototagging
164.86013333333335	0.0049999999999954525	trials	phototagging
165.86093333333338	0.0049999999999954525	trials	phototagging
166.8617333333334	0.0049999999999954525	trials	phototagging
167.86250000000007	0.0049999999999954525	trials	phototagging
168.86329999999998	0.0049999999999954525	trials	phototagging
169.86406666666664	0.0049999999999954525	trials	phototagging
170.86486666666667	0.0049999999999954525	trials	phototagging
181.87350000000004	0.0049999999999954525	trials	phototagging
181.88350000000003	0.005033333333358314	trials	phototagging
181.89353333333338	0.0049999999999954525	trials	phototagging
181.90353333333337	0.0049999999999954525	trials	phototagging
181.91353333333336	0.0049999999999954525	trials	phototagging
181.92353333333335	0.0049999999999954525	trials	phototagging
181.93353333333334	0.005033333333358314	trials	phototagging
181.9435666666667	0.0049999999999954525	trials	phototagging
181.9535666666667	0.0049999999999954525	trials	phototagging
181.96356666666668	0.0049999999999954525	trials	phototagging
181.97356666666667	0.005033333333358314	trials	phototagging
181.98360000000002	0.0049999999999954525	trials	phototagging
181.99360000000001	0.0049999999999954525	trials	phototagging
182.0036	0.0049999999999954525	trials	phototagging
182.0136	0.0049999999999954525	trials	phototagging
182.02363333333335	0.0049999999999954525	trials	phototagging
182.03363333333334	0.0049999999999954525	trials	phototagging
182.04363333333333	0.0049999999999954525	trials	phototagging
182.05363333333332	0.0049999999999954525	trials	phototagging
182.06366666666668	0.0049999999999954525	trials	phototagging
182.07366666666667	0.0049999999999954525	trials	phototagging
182.08366666666666	0.0049999999999954525	trials	phototagging
182.09366666666665	0.0049999999999954525	trials	phototagging
182.1037	0.0049999999999954525	trials	phototagging
182.1137	0.0049999999999954525	trials	phototagging
182.12369999999999	0.0049999999999954525	trials	phototagging
182.13369999999998	0.005000000000109139	trials	phototagging
182.14373333333333	0.0049999999999954525	trials	phototagging
182.15373333333332	0.0049999999999954525	trials	phototagging
182.1637333333333	0.0049999999999954525	trials	phototagging
192.1816	0.009999999999990905	trials	phototagging
192.28166666666675	0.01003333333324008	trials	phototagging
192.38176666666675	0.009999999999990905	trials	phototagging
192.48183333333338	0.009999999999990905	trials	phototagging
192.58193333333338	0.009999999999990905	trials	phototagging
192.68200000000002	0.009999999999990905	trials	phototagging
192.78206666666665	0.010033333333353767	trials	phototagging
192.8821333333334	0.01003333333324008	trials	phototagging
192.9822333333334	0.009999999999990905	trials	phototagging
193.08230000000003	0.009999999999990905	trials	phototagging
193.18240000000003	0.009999999999990905	trials	phototagging
193.28246666666666	0.009999999999990905	trials	phototagging
193.3825333333334	0.01003333333324008	trials	phototagging
193.4826333333334	0.009999999999990905	trials	phototagging
193.58270000000005	0.009999999999990905	trials	phototagging
193.68276666666668	0.010033333333353767	trials	phototagging
193.78286666666668	0.009999999999990905	trials	phototagging
193.8829333333333	0.010000000000104592	trials	phototagging
193.98300000000006	0.009999999999990905	trials	phototagging
194.08310000000006	0.009999999999990905	trials	phototagging
194.1831666666667	0.009999999999990905	trials	phototagging
194.2832666666667	0.009999999999990905	trials	phototagging
194.38333333333333	0.009999999999990905	trials	phototagging
194.48340000000007	0.01003333333324008	trials	phototagging
194.5834666666667	0.010033333333353767	trials	phototagging
194.6835666666667	0.009999999999990905	trials	phototagging
194.78363333333334	0.009999999999990905	trials	phototagging
194.88373333333334	0.009999999999990905	trials	phototagging
194.98379999999997	0.010000000000104592	trials	phototagging
195.08386666666672	0.010033333333353767	trials	phototagging
205.19180000000006	0.10009999999999764	trials	phototagging
206.19260000000008	0.10006666666663477	trials	phototagging
207.19336666666675	0.10009999999999764	trials	phototagging
208.19416666666666	0.10006666666674846	trials	phototagging
209.1949666666667	0.10006666666663477	trials	phototagging
210.19573333333335	0.10009999999999764	trials	phototagging
211.19653333333338	0.10006666666663477	trials	phototagging
212.19730000000004	0.10009999999999764	trials	phototagging
213.19810000000007	0.10006666666663477	trials	phototagging
214.19889999999998	0.10006666666674846	trials	phototagging
215.19966666666664	0.10009999999999764	trials	phototagging
216.20046666666667	0.10006666666674846	trials	phototagging
227.20910000000003	0.0049999999999954525	trials	phototagging
227.21910000000003	0.0049999999999954525	trials	phototagging
227.22913333333338	0.0049999999999954525	trials	phototagging
227.23913333333337	0.0049999999999954525	trials	phototagging
227.24913333333336	0.0049999999999954525	trials	phototagging
227.25913333333335	0.0049999999999954525	trials	phototagging
227.26913333333334	0.005033333333358314	trials	phototagging
227.2791666666667	0.0049999999999954525	trials	phototagging
227.2891666666667	0.0049999999999954525	trials	phototagging
227.29916666666668	0.0049999999999954525	trials	phototagging
227.30916666666667	0.005033333333358314	trials	phototagging
227.31920000000002	0.0049999999999954525	trials	phototagging
227.32920000000001	0.0049999999999954525	trials	phototagging
227.3392	0.0049999999999954525	trials	phototagging
227.3492	0.005033333333358314	trials	phototagging
227.35923333333335	0.0049999999999954525	trials	phototagging
227.36923333333334	0.0049999999999954525	trials	phototagging
227.37923333333333	0.0049999999999954525	trials	phototagging
227.38923333333332	0.005033333333358314	trials	phototagging
227.39926666666668	0.0049999999999954525	trials	phototagging
227.40926666666667	0.0049999999999954525	trials	phototagging
227.41926666666666	0.0049999999999954525	trials	phototagging
227.42926666666665	0.005033333333358314	trials	phototagging
227.4393	0.0049999999999954525	trials	phototagging
227.4493	0.0049999999999954525	trials	phototagging
227.45929999999998	0.0049999999999954525	trials	phototagging
227.46929999999998	0.005000000000109139	trials	phototagging
227.47933333333333	0.0049999999999954525	trials	phototagging
227.48933333333332	0.0049999999999954525	trials	phototagging
227.4993333333333	0.0049999999999954525	trials	phototagging
237.5172	0.10006666666674846	trials	phototagging
238.51796666666667	0.10009999999999764	trials	phototagging
239.5187666666667	0.10006666666663477	trials	phototagging
240.51956666666672	0.10006666666663477	trials	phototagging
241.52033333333338	0.10009999999999764	trials	phototagging
242.5211333333334	0.10006666666663477	trials	phototagging
243.52190000000007	0.10009999999999764	trials	phototagging
244.5227	0.10006666666674846	trials	phototagging
245.52346666666665	0.10009999999999764	trials	phototagging
246.52426666666668	0.10006666666663477	trials	phototagging
247.5250666666667	0.10006666666663477	trials	phototagging
248.52583333333337	0.10009999999999764	trials	phototagging
259.5345	0.010000000000104592	trials	phototagging
259.63456666666673	0.009999999999990905	trials	phototagging
259.73463333333336	0.010033333333353767	trials	phototagging
259.83473333333336	0.009999999999990905	trials	phototagging
259.9348	0.009999999999990905	trials	phototagging
260.03486666666674	0.01003333333324008	trials	phototagging
260.13496666666674	0.009999999999990905	trials	phototagging
260.2350333333334	0.009999999999990905	trials	phototagging
260.3351333333334	0.009999999999990905	trials	phototagging
260.4352	0.009999999999990905	trials	phototagging
260.53526666666664	0.010033333333353767	trials	phototagging
260.6353333333334	0.010033333333353767	trials	phototagging
260.7354333333334	0.009999999999990905	trials	phototagging
260.8355	0.009999999999990905	trials	phototagging
260.9356	0.009999999999990905	trials	phototagging
261.03566666666666	0.009999999999990905	trials	phototagging
261.1357333333334	0.01003333333324008	trials	phototagging
261.2358333333334	0.009999999999990905	trials	phototagging
261.33590000000004	0.009999999999990905	trials	phototagging
261.4359666666667	0.010033333333353767	trials	phototagging
261.53606666666667	0.009999999999990905	trials	phototagging
261.6361333333334	0.009999999999990905	trials	phototagging
261.7362333333334	0.009999999999990905	trials	phototagging
261.83630000000005	0.009999999999990905	trials	phototagging
261.9363666666667	0.009999999999990905	trials	phototagging
262.0364333333333	0.010033333333353767	trials	phototagging
262.1365333333333	0.009999999999990905	trials	phototagging
262.23660000000007	0.009999999999990905	trials	phototagging
262.33670000000006	0.009999999999990905	trials	phototagging
262.4367666666667	0.009999999999990905	trials	phototagging
272.54470000000003	0.0049999999999954525	trials	phototagging
273.54550000000006	0.0049999999999954525	trials	phototagging
274.5462666666667	0.0049999999999954525	trials	phototagging
275.54706666666675	0.0049999999999954525	trials	phototagging
276.54786666666666	0.0049999999999954525	trials	phototagging
277.5486333333333	0.0049999999999954525	trials	phototagging
278.54943333333335	0.0049999999999954525	trials	phototagging
279.5502	0.0049999999999954525	trials	phototagging
280.55100000000004	0.0049999999999954525	trials	phototagging
281.5517666666667	0.005033333333358314	trials	phototagging
282.55256666666673	0.0049999999999954525	trials	phototagging
283.5533333333334	0.005033333333244627	trials	phototagging
284.5541333333333	0.0049999999999954525	trials	phototagging
285.55493333333334	0.0049999999999954525	trials	phototagging
286.5557	0.005033333333358314	trials	phototagging
287.5565	0.0049999999999954525	trials	phototagging
288.5572666666667	0.0049999999999954525	trials	phototagging
289.5580666666667	0.0049999999999954525	trials	phototagging
290.55886666666675	0.0049999999999954525	trials	phototagging
291.5596333333334	0.0049999999999954525	trials	phototagging
292.5604333333333	0.0049999999999954525	trials	phototagging
293.5612	0.0049999999999954525	trials	phototagging
294.1271333333334	20.00003333333325	trials	reward_stimulus_presentation
294.562	0.0049999999999954525	trials	phototagging
295.12710000000004	0.7999999999999545	trials	reward_delivery
295.56280000000004	0.0049999999999954525	trials	phototagging
296.5635666666667	0.0049999999999954525	trials	phototagging
297.56433333333337	0.005033333333358314	trials	phototagging
298.5651333333334	0.0049999999999954525	trials	phototagging
299.5659333333334	0.0049999999999954525	trials	phototagging
300.5667000000001	0.0049999999999954525	trials	phototagging
301.5675	0.0049999999999954525	trials	phototagging
312.57613333333336	0.0049999999999954525	trials	phototagging
313.5769333333334	0.0049999999999954525	trials	phototagging
314.5777333333334	0.0049999999999954525	trials	phototagging
315.5785000000001	0.0049999999999954525	trials	phototagging
316.5793	0.0049999999999954525	trials	phototagging
317.58006666666665	0.0049999999999954525	trials	phototagging
318.5808666666667	0.0049999999999954525	trials	phototagging
319.58163333333334	0.0049999999999954525	trials	phototagging
320.58243333333337	0.0049999999999954525	trials	phototagging
321.5832333333334	0.0049999999999954525	trials	phototagging
322.58400000000006	0.0049999999999954525	trials	phototagging
323.5848000000001	0.0049999999999954525	trials	phototagging
324.58556666666675	0.0049999999999954525	trials	phototagging
325.58636666666666	0.0049999999999954525	trials	phototagging
326.5871333333333	0.005033333333358314	trials	phototagging
327.58793333333335	0.0049999999999954525	trials	phototagging
328.5887333333334	0.0049999999999954525	trials	phototagging
329.58950000000004	0.0049999999999954525	trials	phototagging
330.59030000000007	0.0049999999999954525	trials	phototagging
331.59106666666673	0.005033333333244627	trials	phototagging
332.59186666666665	0.0049999999999954525	trials	phototagging
333.5926333333333	0.005000000000109139	trials	phototagging
334.59343333333334	0.0049999999999954525	trials	phototagging
335.59423333333336	0.0049999999999954525	trials	phototagging
336.595	0.0049999999999954525	trials	phototagging
337.59580000000005	0.0049999999999954525	trials	phototagging
338.5965666666667	0.0049999999999954525	trials	phototagging
339.59736666666674	0.0049999999999954525	trials	phototagging
340.59816666666666	0.0049999999999954525	trials	phototagging
341.5989333333333	0.0049999999999954525	trials	phototagging
352.60760000000005	0.009999999999990905	trials	phototagging
352.7076666666667	0.009999999999990905	trials	phototagging
352.8077333333333	0.010033333333353767	trials	phototagging
352.90780000000007	0.010033333333353767	trials	phototagging
353.00790000000006	0.009999999999990905	trials	phototagging
353.1079666666667	0.009999999999990905	trials	phototagging
353.2080666666667	0.009999999999990905	trials	phototagging
353.30813333333333	0.009999999999990905	trials	phototagging
353.4082000000001	0.01003333333324008	trials	phototagging
353.5083000000001	0.009999999999990905	trials	phototagging
353.6083666666667	0.009999999999990905	trials	phototagging
353.70843333333335	0.010033333333353767	trials	phototagging
353.80853333333334	0.009999999999990905	trials	phototagging
353.9086	0.010000000000104592	trials	phototagging
354.0087	0.010000000000104592	trials	phototagging
354.1087666666667	0.009999999999990905	trials	phototagging
354.20883333333336	0.009999999999990905	trials	phototagging
354.30893333333336	0.009999999999990905	trials	phototagging
354.409	0.009999999999990905	trials	phototagging
354.50906666666674	0.01003333333324008	trials	phototagging
354.60916666666674	0.009999999999990905	trials	phototagging
354.7092333333334	0.009999999999990905	trials	phototagging
354.8093	0.010033333333353767	trials	phototagging
354.9094	0.009999999999990905	trials	phototagging
355.00946666666664	0.010000000000104592	trials	phototagging
355.10956666666675	0.009999999999990905	trials	phototagging
355.2096333333334	0.009999999999990905	trials	phototagging
355.3097	0.010033333333353767	trials	phototagging
355.40976666666666	0.010033333333353767	trials	phototagging
355.50986666666665	0.009999999999990905	trials	phototagging
384.1274000000001	20.00003333333325	trials	reward_stimulus_presentation
474.12766666666676	20.00003333333325	trials	reward_stimulus_presentation
496.09770000000003	0.6300000000001091	trials	port_entry
497.0177000000001	0.3999999999998636	trials	port_entry
500.0077000000001	0.5600333333331946	trials	port_entry
502.42773333333344	0.05999999999994543	trials	port_entry
502.61773333333326	0.060000000000172804	trials	port_entry
502.7177333333334	0.14999999999986358	trials	port_entry
502.89773333333346	2.2899999999999636	trials	port_entry
511.4977666666666	0.13000000000010914	trials	port_entry
511.64773333333346	0.060033333333194605	trials	port_entry
564.1279	20.000066666666726	trials	neutral_stimulus_presentation
649.1281666666666	20.000066666666726	trials	reward_stimulus_presentation
650.1281666666666	0.7999999999999545	trials	reward_delivery
739.1284333333333	20.001566666666804	trials	shock_stimulus_presentation
758.9284333333333	0.3000000000001819	trials	shock_relay
776.0984333333333	9.620133333333342	trials	port_entry
785.7785666666666	3.660000000000082	trials	port_entry
790.7785666666666	2.980000000000018	trials	port_entry
795.2385666666667	0.31999999999993634	trials	port_entry
795.6485666666667	0.12003333333336741	trials	port_entry
795.8785666666668	1.4500333333332946	trials	port_entry
797.6586333333335	0.599999999999909	trials	port_entry
798.5786333333333	0.13000000000010914	trials	port_entry
798.8286333333333	0.9700000000000273	trials	port_entry
800.2186333333334	0.6599999999998545	trials	port_entry
807.9186666666667	1.1900000000000546	trials	port_entry
809.3286333333333	0.5000333333334765	trials	port_entry
810.0486666666668	0.4099999999998545	trials	port_entry
811.1186666666667	0.6599999999998545	trials	port_entry
812.1686333333334	0.9300333333333128	trials	port_entry
814.2886666666666	0.6100000000001273	trials	port_entry
814.9886666666666	0.13993333333337432	trials	port_entry
817.2186666666666	0.41000000000008185	trials	port_entry
817.9086666666667	0.2900333333332128	trials	port_entry
834.1287333333335	20.0000666666665	trials	reward_stimulus_presentation
835.1287333333335	0.7999999999999545	trials	reward_delivery
881.0988666666667	1.2699999999999818	trials	port_entry
882.3888666666667	2.800033333333431	trials	port_entry
885.3189	0.03999999999996362	trials	port_entry
885.3788999999999	0.07996666666667807	trials	port_entry
885.5288666666668	0.060033333333194605	trials	port_entry
885.8488666666667	0.03999999999996362	trials	port_entry
886.1188999999999	0.5800000000001546	trials	port_entry
887.7889	3.4400000000000546	trials	port_entry
893.7789	0.2400000000000091	trials	port_entry
895.2989333333333	0.19000000000005457	trials	port_entry
895.5489	6.370033333333367	trials	port_entry
903.1689333333334	3.7799999999999727	trials	port_entry
907.7189666666668	0.05999999999994543	trials	port_entry
907.8389666666667	2.9700000000000273	trials	port_entry
912.0989666666667	0.04989999999997963	trials	port_entry
912.3389666666667	0.32999999999992724	trials	port_entry
915.0889666666667	0.7699999999999818	trials	port_entry
915.9189666666666	0.060000000000172804	trials	port_entry
916.0489666666667	0.6100333333333765	trials	port_entry
916.8690000000001	0.6099999999999	trials	port_entry
917.5489666666667	0.6400333333333492	trials	port_entry
918.539	0.049999999999954525	trials	port_entry
918.6890000000001	2.1900333333333037	trials	port_entry
922.1390000000001	0.05999999999994543	trials	port_entry
922.239	0.2999999999999545	trials	port_entry
922.5793333333334	0.049566666666578385	trials	port_entry
922.6690000000001	0.0601333333331695	trials	port_entry
922.7489333333333	0.049999999999954525	trials	port_entry
922.9190000000001	0.049999999999954525	trials	port_entry
923.299	0.5499999999999545	trials	port_entry
924.1289333333334	20.000066666666726	trials	neutral_stimulus_presentation
955.9891	4.849999999999909	trials	port_entry
960.9091000000001	0.0399333333332379	trials	port_entry
961.0191	0.01999999999998181	trials	port_entry
961.0890999999999	0.03993333333346527	trials	port_entry
961.7290333333333	0.01999999999998181	trials	port_entry
961.7990333333335	0.029999999999972715	trials	port_entry
962.0690999999999	0.029933333333474366	trials	port_entry
962.1390333333334	0.04006666666668934	trials	port_entry
962.8890666666666	0.27003333333345836	trials	port_entry
963.3690666666666	0.2599999999999909	trials	port_entry
964.4490333333333	0.09000000000014552	trials	port_entry
964.5790999999999	4.380000000000109	trials	port_entry
970.2091	0.5799333333334289	trials	port_entry
970.9490666666668	0.26006666666648925	trials	port_entry
971.2290666666668	0.1400666666665984	trials	port_entry
980.8290999999999	0.019966666666732635	trials	port_entry
980.9090666666666	1.5801000000001295	trials	port_entry
983.6791666666668	0.06993333333321061	trials	port_entry
983.8791666666666	0.059966666666696256	trials	port_entry
999.7791333333334	1.5600333333331946	trials	port_entry
1001.3591666666666	0.09000000000014552	trials	port_entry
1002.1091666666666	0.20000000000004547	trials	port_entry
1002.3291666666667	0.5200333333334584	trials	port_entry
1003.1692	0.08999999999991815	trials	port_entry
1004.1292000000001	9.91006666666658	trials	reward_stimulus_presentation
1005.1292000000001	0.8000333333332037	trials	reward_delivery
1013.6392666666668	0.209999999999809	trials	port_entry
1014.0892666666666	0.08000000000015461	trials	port_entry
1014.1892666666668	5.280066666666698	trials	port_entry
1019.4893	1.1000333333333856	trials	port_entry
1020.8093000000001	0.7900333333332128	trials	port_entry
1021.6693333333333	0.059966666666696256	trials	port_entry
1022.5793000000001	1.530033333333222	trials	port_entry
1024.1293333333333	0.12000000000011823	trials	port_entry
1024.5893333333333	0.900000000000091	trials	port_entry
1025.5093333333334	0.04996666666670535	trials	port_entry
1025.7193	1.7100333333332856	trials	port_entry
1029.1893333333333	1.7000000000000455	trials	port_entry
1030.9093333333333	0.029999999999972715	trials	port_entry
1030.9993333333334	0.4700000000000273	trials	port_entry
1032.7593333333334	0.25	trials	port_entry
1033.0393333333334	0.849999999999909	trials	port_entry
1033.9093333333333	0.060000000000172804	trials	port_entry
1034.0093333333334	0.5	trials	port_entry
1045.6493666666668	0.2300000000000182	trials	port_entry
1046.2793666666666	4.200033333333295	trials	port_entry
1050.4993666666667	0.29003333333344017	trials	port_entry
1050.8394	1.009999999999991	trials	port_entry
1053.0494	1.4099999999998545	trials	port_entry
1054.4794	0.13000000000010914	trials	port_entry
1055.7794000000001	3.0	trials	port_entry
1059.7394333333334	0.06996666666668716	trials	port_entry
1059.8294	0.2799999999999727	trials	port_entry
1062.1294333333333	1.6300000000001091	trials	port_entry
1082.8894666666667	1.660033333333331	trials	port_entry
1085.4795	0.09000000000014552	trials	port_entry
1094.1295666666667	20.00070000000005	trials	shock_stimulus_presentation
1113.9294666666667	0.3000333333332037	trials	shock_relay
1127.7696333333333	0.2400000000000091	trials	port_entry
1128.0395666666666	6.630066666666835	trials	port_entry
1136.3296666666668	0.20000000000004547	trials	port_entry
1136.5596333333333	1.5200333333334584	trials	port_entry
1139.4696666666666	0.18000000000006366	trials	port_entry
1139.6696666666667	1.75	trials	port_entry
1189.8297	1.400000000000091	trials	port_entry
1194.1298666666667	9.509900000000016	trials	reward_stimulus_presentation
1195.1298666666667	0.7999666666667054	trials	reward_delivery
1203.2397333333333	0.22000000000002728	trials	port_entry
1203.5797666666667	4.34996666666666	trials	port_entry
1207.9497666666666	0.14000000000010004	trials	port_entry
1208.1097666666667	1.2699999999999818	trials	port_entry
1209.4097666666667	1.8400000000001455	trials	port_entry
1212.5097666666668	0.4900000000000091	trials	port_entry
1213.0597666666667	0.15999999999985448	trials	port_entry
1213.4797333333333	1.1100333333333765	trials	port_entry
1214.7997666666668	0.9900333333332583	trials	port_entry
1215.8397666666667	0.11006666666662568	trials	port_entry
1217.1798000000001	1.4699666666665507	trials	port_entry
1218.6698000000001	0.7799666666664962	trials	port_entry
1220.6898	0.6799999999998363	trials	port_entry
1221.6598000000001	1.709999999999809	trials	port_entry
1224.9598	2.5600333333331946	trials	port_entry
1227.5599	0.24993333333350165	trials	port_entry
1231.8598333333334	0.689966666666578	trials	port_entry
1232.5798	1.5700333333334129	trials	port_entry
1234.2298333333333	1.8500000000001364	trials	port_entry
1236.9798333333333	0.06999999999993634	trials	port_entry
1237.1198333333334	1.8599999999999	trials	port_entry
1240.8098333333335	2.7199999999998	trials	port_entry
1244.7698333333333	1.710033333333513	trials	port_entry
1246.4998666666668	0.029999999999972715	trials	port_entry
1271.9799666666668	1.4099999999998545	trials	port_entry
1273.4699666666668	0.1999999999998181	trials	port_entry
1274.0199666666667	1.4600000000000364	trials	port_entry
1275.7799666666667	0.5499666666667054	trials	port_entry
1284.13	20.00003333333325	trials	neutral_stimulus_presentation
1307.5600666666667	2.4300000000000637	trials	port_entry
1310.0300666666667	0.10999999999989996	trials	port_entry
1318.5201	1.400000000000091	trials	port_entry
1319.9401	0.3000333333334311	trials	port_entry
1350.7802	3.6200000000001182	trials	port_entry
1355.9602333333335	0.8299999999999272	trials	port_entry
1357.2702	0.11000000000012733	trials	port_entry
1365.4603666666667	0.16000000000008185	trials	port_entry
1365.8403666666668	1.6099999999999	trials	port_entry
1367.4903666666667	0.15993333333335613	trials	port_entry
1369.3803666666668	0.2600333333332401	trials	port_entry
1372.7604000000001	0.4199999999998454	trials	port_entry
1373.3804	0.7799999999999727	trials	port_entry
1374.1304	2.25	trials	reward_stimulus_presentation
1375.1304	0.7999999999999545	trials	reward_delivery
1375.9804	7.100033333333386	trials	port_entry
1383.1304333333333	0.12000000000011823	trials	port_entry
1383.2904333333333	0.14000000000010004	trials	port_entry
1383.4504333333334	0.8899999999998727	trials	port_entry
1423.1405666666667	4.440000000000055	trials	port_entry
1429.3805666666667	2.15003333333334	trials	port_entry
1431.9705666666666	0.38000000000010914	trials	port_entry
1440.9606	2.160033333333331	trials	port_entry
1444.3606333333335	0.049999999999954525	trials	port_entry
1444.4706333333334	0.03999999999996362	trials	port_entry
1444.6205666666667	3.2800666666666984	trials	port_entry
1448.7006333333334	0.07989999999995234	trials	port_entry
1464.1307000000002	20.0011999999997	trials	shock_stimulus_presentation
1483.9307333333331	0.3000000000001819	trials	shock_relay
1507.7208	5.230033333333267	trials	port_entry
1512.9808333333335	0.7599999999997635	trials	port_entry
1514.0908333333332	0.0500000000001819	trials	port_entry
1514.8808333333332	0.13000000000010914	trials	port_entry
1515.100766666667	1.0100666666662619	trials	port_entry
1516.2908666666667	0.09999999999990905	trials	port_entry
1519.2808333333332	2.22993333333352	trials	port_entry
1522.0908333333332	0.350033333333613	trials	port_entry
1524.3608333333332	2.550033333333431	trials	port_entry
1526.9708666666666	2.250033333333704	trials	port_entry
1529.5209	0.4099999999998545	trials	port_entry
1530.0309000000002	0.7899999999999636	trials	port_entry
1530.8409000000001	0.03999999999996362	trials	port_entry
1531.8809	2.3600000000001273	trials	port_entry
1536.1709	0.15999999999985448	trials	port_entry
1536.4108999999999	2.120033333333595	trials	port_entry
1539.5809333333332	0.9100000000003092	trials	port_entry
1540.6208333333334	0.2800999999999476	trials	port_entry
1540.9208333333336	2.2300999999997657	trials	port_entry
1544.9309333333335	0.1999999999998181	trials	port_entry
1545.1609666666668	0.43996666666635065	trials	port_entry
1545.6509333333333	0.2899999999999636	trials	port_entry
1546.0309333333335	0.01999999999998181	trials	port_entry
1546.4609333333333	0.03999999999996362	trials	port_entry
1546.7409333333335	1.5299999999997453	trials	port_entry
1549.1309666666666	20.00003333333325	trials	neutral_stimulus_presentation
1550.1509666666666	0.03999999999996362	trials	port_entry
1550.290966666667	0.1299999999996544	trials	port_entry
1550.4709333333335	0.060033333333194605	trials	port_entry
1550.9909666666667	0.09999999999990905	trials	port_entry
1551.1409666666668	3.199999999999818	trials	port_entry
1554.4409666666666	0.2699999999999818	trials	port_entry
1554.7709666666665	0.8199333333336654	trials	port_entry
1555.6109333333334	1.0900333333333947	trials	port_entry
1557.1809666666668	3.720033333333049	trials	port_entry
1561.011	0.05999999999994543	trials	port_entry
1563.7910000000002	0.17000000000007276	trials	port_entry
1564.031	1.7199666666665507	trials	port_entry
1565.8310000000001	0.07999999999992724	trials	port_entry
1566.5410000000002	0.15999999999985448	trials	port_entry
1566.7710000000002	0.4299999999998363	trials	port_entry
1567.3310000000001	0.6900000000000546	trials	port_entry
1568.2710000000002	0.13999999999987267	trials	port_entry
1569.5810333333334	1.6100000000001273	trials	port_entry
1572.4710333333333	0.42000000000007276	trials	port_entry
1572.9110333333333	0.42000000000007276	trials	port_entry
1617.481166666667	2.699999999999818	trials	port_entry
1620.2011666666667	1.1000333333331582	trials	port_entry
1623.6012	1.3800000000001091	trials	port_entry
1627.0711999999999	0.13000000000010914	trials	port_entry
1627.2912000000001	0.4800000000000182	trials	port_entry
1635.0112333333332	0.15000000000009095	trials	port_entry
1635.7912333333334	1.9200000000000728	trials	port_entry
1639.1312666666668	20.001800000000003	trials	shock_stimulus_presentation
1643.5812666666666	0.06996666666691453	trials	port_entry
1643.9712333333332	3.3800333333333583	trials	port_entry
1649.5012666666667	0.5399999999999636	trials	port_entry
1651.4212666666667	0.4800000000000182	trials	port_entry
1653.6412666666665	0.06003333333364935	trials	port_entry
1654.8012666666668	0.3100333333331946	trials	port_entry
1656.1313	0.2699999999999818	trials	port_entry
1657.0812999999998	0.19000000000005457	trials	port_entry
1657.6713	0.7200000000002547	trials	port_entry
1658.9313000000002	0.29999999999972715	trials	shock_relay
1706.2614666666668	1.3699666666666417	trials	port_entry
1710.7414666666668	1.1700000000000728	trials	port_entry
1711.931466666667	0.01999999999998181	trials	port_entry
1712.1214666666665	0.6300000000001091	trials	port_entry
1712.7814666666668	0.02999999999974534	trials	port_entry
1713.5214666666666	0.09000000000014552	trials	port_entry
1713.6314666666667	0.13999999999987267	trials	port_entry
1714.0514666666668	0.11999999999989086	trials	port_entry
1714.5914666666667	0.07003333333341288	trials	port_entry
1714.8213666666666	0.41000000000030923	trials	port_entry
1715.2613999999999	1.050000000000182	trials	port_entry
1716.3314666666665	0.07000000000016371	trials	port_entry
1716.8014666666668	0.599999999999909	trials	port_entry
1718.8215	0.04996666666647798	trials	port_entry
1719.0814666666665	0.29003333333366754	trials	port_entry
1719.3914666666665	0.31003333333364935	trials	port_entry
1719.8715000000002	0.4099999999998545	trials	port_entry
1720.5615000000003	0.18999999999959982	trials	port_entry
1734.1315333333332	20.001166666666904	trials	shock_stimulus_presentation
1753.9316	0.3000000000001819	trials	shock_relay
1766.3016333333335	2.9699999999998	trials	port_entry
1769.3116333333332	0.7900333333336675	trials	port_entry
1776.9016333333334	2.4900333333334856	trials	port_entry
1779.8116666666665	1.9100000000003092	trials	port_entry
1784.2116	0.029966666666496167	trials	port_entry
1784.2915666666668	0.06999999999970896	trials	port_entry
1784.3816000000002	0.17000000000007276	trials	port_entry
1784.6915666666669	0.20003333333306728	trials	port_entry
1785.0015666666668	0.8500333333331582	trials	port_entry
1789.5217000000002	0.07999999999992724	trials	port_entry
1789.6617333333334	0.9099666666666053	trials	port_entry
1795.3117000000002	0.7199999999997999	trials	port_entry
1799.4317333333333	0.17000000000007276	trials	port_entry
1804.7017666666666	0.6100000000001273	trials	port_entry
1805.3617333333332	0.6200333333335948	trials	port_entry
1810.6218	0.6699666666668236	trials	port_entry
1811.3418000000001	1.3399666666664416	trials	port_entry
1814.2317666666668	0.9900333333330309	trials	port_entry
1815.2417666666665	0.46003333333328555	trials	port_entry
1824.1318333333334	20.00003333333325	trials	neutral_stimulus_presentation
1846.0619000000002	2.779966666666496	trials	port_entry
1885.2420333333334	0.2899999999999636	trials	port_entry
1886.9220333333333	1.8200000000001637	trials	port_entry
1904.1320999999998	3.9399666666668054	trials	reward_stimulus_presentation
1905.1320999999998	0.8000000000001819	trials	reward_delivery
1907.6720666666665	0.07003333333341288	trials	port_entry
1907.9621000000002	0.36999999999989086	trials	port_entry
1908.3620999999998	6.93003333333354	trials	port_entry
1915.3121	0.0900333333333947	trials	port_entry
1915.4221000000002	0.020033333333230985	trials	port_entry
1915.4621000000002	4.080033333333176	trials	port_entry
1919.5821	0.42003333333332193	trials	port_entry
1920.0521333333336	1.9699999999998	trials	port_entry
1923.0321333333331	1.1600000000003092	trials	port_entry
1924.2221333333332	0.7200333333335038	trials	port_entry
1961.8422666666665	2.9600000000000364	trials	port_entry
1964.8222666666666	0.24000000000023647	trials	port_entry
1965.0922666666665	1.050000000000182	trials	port_entry
1966.1822666666667	0.11999999999989086	trials	port_entry
1966.3222666666666	0.700033333333522	trials	port_entry
1967.0422333333336	0.07006666666666206	trials	port_entry
1968.4523	1.1199999999998909	trials	port_entry
1969.5922666666665	0.42003333333332193	trials	port_entry
1970.0623	0.5799999999999272	trials	port_entry
1970.6723000000002	0.04999999999972715	trials	port_entry
1991.5323666666668	1.6900000000000546	trials	port_entry
1993.2423666666668	0.4299999999998363	trials	port_entry
1993.7023666666669	0.18999999999959982	trials	port_entry
1993.912366666667	0.47999999999956344	trials	port_entry
1994.1323666666667	20.0000666666665	trials	neutral_stimulus_presentation
1994.4823666666666	0.5500000000001819	trials	port_entry
1996.1223666666665	1.3700000000003456	trials	port_entry
1997.5423666666666	0.07999999999992724	trials	port_entry
1997.682366666667	0.8999999999996362	trials	port_entry
1998.6223666666665	0.03000000000020009	trials	port_entry
1998.7323999999999	0.03999999999996362	trials	port_entry
1998.8223666666668	0.3400000000001455	trials	port_entry
2019.1024333333335	0.6799999999998363	trials	port_entry
2019.9224666666669	0.03999999999996362	trials	port_entry
2046.6125333333334	0.21000000000003638	trials	port_entry
2046.8425333333334	2.9699666666665507	trials	port_entry
2050.5125333333335	1.25	trials	port_entry
2051.7825333333335	0.07003333333341288	trials	port_entry
2051.872566666667	0.0399666666662597	trials	port_entry
2094.1327	20.0000666666665	trials	neutral_stimulus_presentation
2121.9027666666666	3.2200000000002547	trials	port_entry
2126.182766666667	1.0698999999999614	trials	port_entry
2127.3027	0.02999999999974534	trials	port_entry
2128.9628000000002	0.1999999999998181	trials	port_entry
2129.3228	1.0300000000002	trials	port_entry
2158.9729	2.6599999999998545	trials	port_entry
2162.7229	0.10999999999967258	trials	port_entry
2162.8829	2.4199666666668236	trials	port_entry
2184.133	20.001766666666754	trials	shock_stimulus_presentation
2203.9330333333332	0.3000000000001819	trials	shock_relay
2241.7231333333334	5.420033333333322	trials	port_entry
2248.4131333333335	0.039966666666714445	trials	port_entry
2248.4931	0.7700666666664802	trials	port_entry
2249.3931000000002	0.040033333333212795	trials	port_entry
2249.5231	0.24006666666673482	trials	port_entry
2250.3031	0.16006666666680758	trials	port_entry
2250.4931666666666	0.3099333333334471	trials	port_entry
2250.943166666667	0.03999999999996362	trials	port_entry
2251.1132000000002	0.04996666666647798	trials	port_entry
2255.0832	0.1399666666666235	trials	port_entry
2255.4731333333334	1.550033333333431	trials	port_entry
2257.2031	0.5400999999997111	trials	port_entry
2263.4432	3.0500333333329763	trials	port_entry
2270.1532333333334	0.08003333333317642	trials	port_entry
2270.413233333333	0.2600000000002183	trials	port_entry
2270.6932333333334	2.650000000000091	trials	port_entry
2273.3632333333335	0.3000333333334311	trials	port_entry
2274.1332666666667	13.570000000000164	trials	reward_stimulus_presentation
2275.1332666666667	0.799966666666478	trials	reward_delivery
2287.303266666667	0.2400333333330309	trials	port_entry
2287.6333	2.609966666666878	trials	port_entry
2290.2633	1.6699666666668236	trials	port_entry
2291.9533	0.039966666666714445	trials	port_entry
2292.013266666667	1.970033333333049	trials	port_entry
2294.2633	0.7399999999997817	trials	port_entry
2299.883333333333	0.15000000000009095	trials	port_entry
2300.0733333333333	0.07999999999992724	trials	port_entry
2300.213333333333	1.1100000000001273	trials	port_entry
2301.3433333333332	0.9500000000002728	trials	port_entry
2302.3333333333335	0.4800000000000182	trials	port_entry
2325.9634	1.400000000000091	trials	port_entry
2327.4034	1.6399999999998727	trials	port_entry
2330.3334	1.1499666666668418	trials	port_entry
2333.853433333333	0.7800333333334493	trials	port_entry
2336.0334666666668	0.019966666666732635	trials	port_entry
2338.623466666667	3.6599999999998545	trials	port_entry
2344.3135	1.2399999999997817	trials	port_entry
2347.9634666666666	1.3699999999998909	trials	port_entry
2349.703466666667	0.050033333332976326	trials	port_entry
2350.223466666667	0.03999999999996362	trials	port_entry
2363.8035	1.7300333333332674	trials	port_entry
2364.133533333333	0.06996666666691453	trials	reward_stimulus_presentation
2365.133533333333	0.8000000000001819	trials	reward_delivery
2367.1335	0.0499333333332288	trials	port_entry
2367.223466666667	8.20010000000002	trials	port_entry
2375.483566666667	1.420033333333322	trials	port_entry
2376.963566666667	0.05999999999994543	trials	port_entry
2377.1035666666667	1.2100333333332856	trials	port_entry
2378.383566666667	0.9600333333332856	trials	port_entry
2382.483566666667	2.4400333333333037	trials	port_entry
2385.213566666667	0.48003333333326736	trials	port_entry
2416.8737	1.8800333333333583	trials	port_entry
2418.7736666666665	2.480033333333722	trials	port_entry
2443.0638	1.259966666666969	trials	port_entry
2444.3738	2.12996666666686	trials	port_entry
2448.3738	0.12003333333359478	trials	port_entry
2448.5738333333334	0.23999999999978172	trials	port_entry
2449.0138333333334	0.02999999999974534	trials	port_entry
2449.1338333333333	20.00003333333325	trials	neutral_stimulus_presentation
2449.1638	0.6100333333333765	trials	port_entry
2477.2239	1.849999999999909	trials	port_entry
2491.9139333333333	0.8400333333333947	trials	port_entry
2492.8039333333336	1.6500333333328854	trials	port_entry
2494.473966666667	0.13999999999987267	trials	port_entry
2495.553966666667	0.1799999999998363	trials	port_entry
2495.783966666667	0.6900000000000546	trials	port_entry
2500.3139666666666	1.7899999999999636	trials	port_entry
2516.0440333333336	0.9099999999998545	trials	port_entry
2520.3240333333333	0.9800333333332674	trials	port_entry
2521.3340333333335	0.4700333333330491	trials	port_entry
2522.1040666666668	0.05999999999994543	trials	port_entry
2522.254066666667	0.09999999999990905	trials	port_entry
2522.794066666667	0.019966666666732635	trials	port_entry
2523.6240666666667	0.1999999999998181	trials	port_entry
2538.6941	1.349999999999909	trials	port_entry
2539.1341333333335	1.729966666666769	trials	reward_stimulus_presentation
2540.1341	0.7999999999997272	trials	reward_delivery
2540.4641	0.09999999999990905	trials	port_entry
2540.7041	0.21000000000003638	trials	port_entry
2541.0641	0.11999999999989086	trials	port_entry
2541.2841333333336	0.4099666666666053	trials	port_entry
2541.7141	4.600033333333158	trials	port_entry
2546.3341333333333	0.05999999999994543	trials	port_entry
2546.414133333333	0.15000000000009095	trials	port_entry
2546.6541333333334	0.6900000000000546	trials	port_entry
2547.4241333333334	0.11000000000012733	trials	port_entry
2547.7141333333334	0.01999999999998181	trials	port_entry
2549.8941333333332	1.8100333333336494	trials	port_entry
2554.3441666666668	0.7199999999997999	trials	port_entry
2555.164166666667	0.5	trials	port_entry
2575.9841666666666	0.5600666666668985	trials	port_entry
2576.5742333333333	0.7000000000002728	trials	port_entry
2577.3142333333335	0.31989999999996144	trials	port_entry
2577.6542	0.1100333333333765	trials	port_entry
2577.8342000000002	0.13003333333290357	trials	port_entry
2578.4342333333334	0.849999999999909	trials	port_entry
2582.1642333333334	1.0399999999999636	trials	port_entry
2584.3342333333335	0.04999999999972715	trials	port_entry
2598.8843	1.2999999999997272	trials	port_entry
2601.9743	0.22000000000025466	trials	port_entry
2602.2243333333336	2.199966666666569	trials	port_entry
2607.1242	0.31013333333294213	trials	port_entry
2610.354333333333	0.1299333333336108	trials	port_entry
2610.7243333333336	0.1299999999996544	trials	port_entry
2610.9243333333334	0.8600000000001273	trials	port_entry
2613.9443333333334	0.07000000000016371	trials	port_entry
2614.0943333333335	0.9500333333330673	trials	port_entry
2618.0843666666665	0.12000000000034561	trials	port_entry
2618.414366666667	0.8899999999998727	trials	port_entry
2621.7843666666668	0.2899999999999636	trials	port_entry
2622.184366666667	0.09999999999990905	trials	port_entry
2622.5043666666666	0.2899999999999636	trials	port_entry
2626.5644	0.8599999999996726	trials	port_entry
2627.6644	0.13999999999987267	trials	port_entry
2627.9644	0.5900000000001455	trials	port_entry
2629.3044	0.0500000000001819	trials	port_entry
2634.134433333333	20.000033333333704	trials	reward_stimulus_presentation
2635.1344	0.8000000000001819	trials	reward_delivery
2654.674466666667	2.400000000000091	trials	port_entry
2657.094466666667	0.7199999999997999	trials	port_entry
2658.5045	0.5799999999999272	trials	port_entry
2659.2045	0.5500000000001819	trials	port_entry
2663.8845	0.2300000000000182	trials	port_entry
2664.1345	0.6300000000001091	trials	port_entry
2697.2246	0.1799999999998363	trials	port_entry
2697.5946	2.2900333333336675	trials	port_entry
2700.8646	0.2500333333337039	trials	port_entry
2701.1446	0.7300333333332674	trials	port_entry
2701.9446333333335	0.1999999999998181	trials	port_entry
2702.1646333333333	0.03000000000020009	trials	port_entry
2702.5846333333334	0.09000000000014552	trials	port_entry
2719.404666666667	0.9999666666667508	trials	port_entry
2721.784666666667	0.07003333333295814	trials	port_entry
2724.1347	20.001766666666754	trials	shock_stimulus_presentation
2743.9347333333335	0.3000333333329763	trials	shock_relay
2772.1448333333333	1.1100000000001273	trials	port_entry
2773.284866666667	0.5799666666666781	trials	port_entry
2773.9548	0.520033333333231	trials	port_entry
2774.604766666667	0.030099999999947613	trials	port_entry
2775.614866666667	0.1399666666666235	trials	port_entry
2775.8048	0.12006666666684396	trials	port_entry
2775.9448666666667	0.599999999999909	trials	port_entry
2787.3749000000003	0.7899999999999636	trials	port_entry
2804.1349666666665	20.000033333333704	trials	neutral_stimulus_presentation
2805.1649666666667	1.12996666666686	trials	port_entry
2806.3149333333336	0.5099999999997635	trials	port_entry
2808.194966666667	0.13999999999987267	trials	port_entry
2808.3849666666665	0.7200000000002547	trials	port_entry
2809.464966666667	1.0299666666664962	trials	port_entry
2810.584966666667	0.01999999999998181	trials	port_entry
2810.8249666666666	1.7600000000002183	trials	port_entry
2812.7849666666666	1.349999999999909	trials	port_entry
2815.6249666666668	0.18003333333308547	trials	port_entry
2815.9149666666667	0.17003333333332193	trials	port_entry
2816.125	0.4099999999998545	trials	port_entry
2818.485	0.05999999999994543	trials	port_entry
2818.705	0.13000000000010914	trials	port_entry
2818.9149333333335	0.25	trials	port_entry
2826.265	0.3000333333334311	trials	port_entry
2826.695	1.0500666666666802	trials	port_entry
2829.0250333333333	0.06996666666691453	trials	port_entry
2853.3951	3.890033333333122	trials	port_entry
2870.0751333333333	0.17003333333332193	trials	port_entry
2882.1051666666667	0.07999999999992724	trials	port_entry
2882.2251666666666	0.03999999999996362	trials	port_entry
2883.8852	1.9200000000000728	trials	port_entry
2885.8252	0.34999999999990905	trials	port_entry
2886.7652	0.03993333333346527	trials	port_entry
2887.2552	0.05999999999994543	trials	port_entry
2889.9351666666666	1.5100666666667166	trials	port_entry
2894.135166666667	20.0000666666665	trials	neutral_stimulus_presentation
2899.7352	0.7899333333334653	trials	port_entry
2900.5452	0.16993333333311966	trials	port_entry
2918.9853	1.9500000000002728	trials	port_entry
2921.7653333333333	0.2800000000002001	trials	port_entry
2922.0653	0.2600333333330127	trials	port_entry
2922.4653333333335	0.25	trials	port_entry
2945.3053666666665	3.500033333333704	trials	port_entry
2949.6253666666667	1.0900333333333947	trials	port_entry
2965.7354	0.36000000000012733	trials	port_entry
2966.195366666667	1.3399999999996908	trials	port_entry
2969.7254666666668	2.799933333333229	trials	port_entry
2975.065433333333	0.09006666666664387	trials	port_entry
2975.3255	0.34999999999990905	trials	port_entry
2976.5554	0.13003333333335831	trials	port_entry
2987.6655333333333	1.2899999999999636	trials	port_entry
2994.1355333333336	20.0017666666663	trials	shock_stimulus_presentation
3013.9356333333335	0.299966666666478	trials	shock_relay
3068.2258	2.9699999999998	trials	port_entry
3073.6458000000002	2.6300333333329036	trials	port_entry
3076.3258333333333	0.24000000000023647	trials	port_entry
3078.465833333333	0.49000000000023647	trials	port_entry
3084.1358666666665	20.000033333333704	trials	neutral_stimulus_presentation
3124.5059666666666	1.3800000000001091	trials	port_entry
3126.6259666666665	0.4800333333337221	trials	port_entry
3129.185966666667	0.030033333332994516	trials	port_entry
3129.326	0.34999999999990905	trials	port_entry
3136.866	0.15000000000009095	trials	port_entry
3174.1361333333334	5.529999999999745	trials	reward_stimulus_presentation
3175.1361333333334	0.7999999999997272	trials	reward_delivery
3179.2661333333335	6.690033333333304	trials	port_entry
3185.9861666666666	2.4700000000002547	trials	port_entry
3189.4661666666666	0.7300333333332674	trials	port_entry
3190.2361666666666	0.6500333333333401	trials	port_entry
3190.936166666667	0.12003333333314004	trials	port_entry
3191.0961333333335	0.02006666666648016	trials	port_entry
3191.1662	0.09999999999990905	trials	port_entry
3192.3962	1.9200000000000728	trials	port_entry
3194.5261666666665	0.08003333333363116	trials	port_entry
3194.6362	1.1199999999998909	trials	port_entry
3197.4162	1.4699999999998	trials	port_entry
3198.9962	0.13000000000010914	trials	port_entry
3200.0862	0.050033333332976326	trials	port_entry
3200.2462	0.050033333333431074	trials	port_entry
3222.6863	4.260000000000218	trials	port_entry
3228.2563	0.03999999999996362	trials	port_entry
3228.3963	1.680000000000291	trials	port_entry
3230.2663000000002	0.9099999999998545	trials	port_entry
3231.1963	1.4600333333332856	trials	port_entry
3232.7163	1.020033333333231	trials	port_entry
3233.9063333333334	0.8200000000001637	trials	port_entry
3243.0563666666667	2.3099999999999454	trials	port_entry
3252.666366666667	2.070033333333413	trials	port_entry
3255.0964	0.029966666666950914	trials	port_entry
3259.9064	1.6499666666668418	trials	port_entry
3261.6264	0.42000000000007276	trials	port_entry
3262.1364	0.2699999999999818	trials	port_entry
3264.1364333333336	20.0016999999998	trials	shock_stimulus_presentation
3283.9364333333333	0.3000333333334311	trials	shock_relay
3318.7266	0.2899999999999636	trials	port_entry
3319.086566666667	3.4300333333330855	trials	port_entry
3322.5366	0.9800000000000182	trials	port_entry
3323.6866	0.7699999999999818	trials	port_entry
3325.7966	0.7699999999999818	trials	port_entry
3326.6166	0.01999999999998181	trials	port_entry
3345.1666666666665	0.03999999999996362	trials	port_entry
3345.576666666667	1.7399999999997817	trials	port_entry
3349.1367	0.62996666666686	trials	reward_stimulus_presentation
3349.366666666667	14.170066666666571	trials	port_entry
3350.1366666666668	0.7999999999997272	trials	reward_delivery
3363.5767333333333	0.07999999999992724	trials	port_entry
3363.756733333333	0.12000000000034561	trials	port_entry
3383.7667666666666	1.3899999999998727	trials	port_entry
3385.1768	0.4999666666662961	trials	port_entry
3385.796766666667	1.8200333333334129	trials	port_entry
3388.6968	0.9899999999997817	trials	port_entry
3390.8368	1.4099999999998545	trials	port_entry
3393.3968	0.1400333333335766	trials	port_entry
3393.6468	1.1300333333333583	trials	port_entry
3395.436833333333	0.5399999999999636	trials	port_entry
3397.3368333333333	2.8800333333333583	trials	port_entry
3400.8668333333335	1.5900333333333947	trials	port_entry
3403.4668333333334	0.7300000000000182	trials	port_entry
3404.3268333333335	0.1799999999998363	trials	port_entry
3407.996866666667	2.369999999999891	trials	port_entry
3410.476866666667	3.670033333333322	trials	port_entry
3414.3069	0.07999999999992724	trials	port_entry
3426.7169	3.0600333333336494	trials	port_entry
3432.0569666666665	1.1200000000003456	trials	port_entry
3436.8369333333335	0.2199999999997999	trials	port_entry
3439.137	6.559999999999945	trials	reward_stimulus_presentation
3440.136966666667	0.7999999999997272	trials	reward_delivery
3445.297	6.9600333333332856	trials	port_entry
3452.2869666666666	0.17003333333332193	trials	port_entry
3452.4769666666666	1.8600666666666257	trials	port_entry
3454.367	0.09999999999990905	trials	port_entry
3455.547	0.8400000000001455	trials	port_entry
3456.437	0.46003333333328555	trials	port_entry
3461.667033333333	1.350033333333613	trials	port_entry
3465.0970666666667	0.28996666666671445	trials	port_entry
3465.5270333333333	0.15999999999985448	trials	port_entry
3465.917033333333	0.6200333333335948	trials	port_entry
3466.7370666666666	0.10996666666687815	trials	port_entry
3468.167033333333	0.13003333333335831	trials	port_entry
3468.437033333333	0.0500000000001819	trials	port_entry
3468.607033333333	0.12000000000034561	trials	port_entry
3469.017066666667	0.029966666666496167	trials	port_entry
3471.2770333333333	3.220066666666753	trials	port_entry
3475.3670666666667	0.03000000000020009	trials	port_entry
3475.4171	0.31999999999970896	trials	port_entry
3526.957233333333	1.800000000000182	trials	port_entry
3528.7772333333337	1.7600333333330127	trials	port_entry
3531.1972666666666	1.279966666666951	trials	port_entry
3534.1373	0.9799333333330651	trials	reward_stimulus_presentation
3534.7172333333333	9.93006666666679	trials	port_entry
3535.137266666667	0.7999999999992724	trials	reward_delivery
3544.6773	2.3600333333333765	trials	port_entry
3547.0672666666665	0.11006666666708043	trials	port_entry
3551.5173333333337	0.27999999999974534	trials	port_entry
3554.1873	2.820033333333413	trials	port_entry
3557.1773666666663	0.04996666666738747	trials	port_entry
3558.6373666666664	2.680000000000291	trials	port_entry
3564.037366666667	0.13999999999941792	trials	port_entry
3576.4874000000004	2.0500333333329763	trials	port_entry
3578.5674000000004	1.8600333333333765	trials	port_entry
3581.317433333333	0.2899999999999636	trials	port_entry
3624.1376000000005	20.0009666666665	trials	shock_stimulus_presentation
3643.9376333333335	0.3000000000001819	trials	shock_relay
3697.3878	1.6700000000000728	trials	port_entry
3699.0878	1.1400000000003274	trials	port_entry
3700.2677333333336	0.3100666666668985	trials	port_entry
3700.7578	0.709966666667242	trials	port_entry
3701.6578000000004	0.3499999999994543	trials	port_entry
3702.6077333333337	0.11006666666617093	trials	port_entry
3702.8278000000005	0.7300333333332674	trials	port_entry
3704.1378333333337	1.589999999999236	trials	reward_stimulus_presentation
3705.1378333333337	0.7999999999992724	trials	reward_delivery
3705.3278333333333	0.020000000000436557	trials	port_entry
3707.027833333333	6.8600333333333765	trials	port_entry
3714.0478666666663	1.1300000000001091	trials	port_entry
3716.6378666666665	1.1700000000000728	trials	port_entry
3717.8578666666667	0.7299999999995634	trials	port_entry
3722.1278666666663	1.9600333333337403	trials	port_entry
3726.1379	0.06999999999970896	trials	port_entry
3726.4878999999996	2.0200000000004366	trials	port_entry
3729.5778999999998	0.13000000000010914	trials	port_entry
3729.9779000000003	0.3400000000001455	trials	port_entry
3730.4878999999996	0.19000000000050932	trials	port_entry
3764.668	1.4600000000000364	trials	port_entry
3766.8280333333337	0.07996666666622332	trials	port_entry
3767.1480333333334	3.6400000000003274	trials	port_entry
3794.1380999999997	20.000066666667408	trials	neutral_stimulus_presentation
3798.1881	0.5000333333337039	trials	port_entry
3798.8080999999997	0.08993333333364717	trials	port_entry
3799.038133333333	0.18990000000030705	trials	port_entry
3799.2681333333335	0.02999999999974534	trials	port_entry
3799.3280333333337	1.010099999999511	trials	port_entry
3801.3981333333336	0.3599999999996726	trials	port_entry
3812.8281666666667	0.9899999999997817	trials	port_entry
3813.9081666666666	0.0500000000001819	trials	port_entry
3816.008166666667	0.07999999999992724	trials	port_entry
3816.168166666667	0.17000000000007276	trials	port_entry
3816.3880999999997	0.5100000000002183	trials	port_entry
3817.1081666666664	0.21000000000003638	trials	port_entry
3818.5381666666667	0.22999999999956344	trials	port_entry
3851.8582666666666	1.8100000000004002	trials	port_entry
3853.6882	1.1900666666670077	trials	port_entry
3854.9282	0.030099999999947613	trials	port_entry
3855.6383	0.08993333333364717	trials	port_entry
3855.7482999999997	1.2899999999999636	trials	port_entry
3860.2983	1.3299999999999272	trials	port_entry
3878.5083666666665	1.1700000000000728	trials	port_entry
3889.1784000000002	0.9099999999998545	trials	port_entry
3890.1284	0.020033333333230985	trials	port_entry
3890.2084	0.20996666666633246	trials	port_entry
3894.138433333333	20.00096666666741	trials	shock_stimulus_presentation
3913.938466666667	0.3000000000001819	trials	shock_relay
3915.0884666666666	0.4200333333337767	trials	port_entry
3931.2785333333336	0.11999999999989086	trials	port_entry
3932.938466666667	1.1900666666660982	trials	port_entry
3934.148466666667	0.05006666666668025	trials	port_entry
3936.4385333333335	0.03999999999996362	trials	port_entry
3936.588533333333	1.750033333333704	trials	port_entry
3939.1485	0.24003333333348564	trials	port_entry
3939.4185	0.1100333333333765	trials	port_entry
3939.588566666667	0.14996666666684177	trials	port_entry
3939.878533333333	2.90003333333334	trials	port_entry
3946.728566666667	0.2899999999999636	trials	port_entry
3947.058566666667	0.049999999999272404	trials	port_entry
3948.968566666667	0.14996666666684177	trials	port_entry
3949.2085	0.16006666666635283	trials	port_entry
3949.4485	1.0300999999999476	trials	port_entry
3950.5685333333336	0.5	trials	port_entry
3951.8385000000003	0.20006666666631645	trials	port_entry
3958.2485666666666	0.26006666666671663	trials	port_entry
3958.558566666667	0.24003333333257615	trials	port_entry
3958.8286000000003	1.4300333333330855	trials	port_entry
3960.348566666667	0.26999999999952706	trials	port_entry
3960.7586333333334	1.6200333333335948	trials	port_entry
3966.2985999999996	0.35996666666687815	trials	port_entry
3966.768566666667	0.06006666666598903	trials	port_entry
3966.8586	0.15999999999985448	trials	port_entry
3967.1886333333337	0.07996666666622332	trials	port_entry
3967.3586333333337	0.299966666666478	trials	port_entry
3967.8086	0.3100000000004002	trials	port_entry
3968.3186	0.09003333333293995	trials	port_entry
3968.7086000000004	0.09006666666664387	trials	port_entry
3973.7686	0.0700666666671168	trials	port_entry
3973.8586	0.06000000000040018	trials	port_entry
3974.008666666667	0.25993333333281043	trials	port_entry
3974.3686000000002	1.4000333333333401	trials	port_entry
3975.8886333333335	0.470066666666753	trials	port_entry
3977.088666666667	0.1299333333327013	trials	port_entry
3977.2485666666666	1.8801000000003114	trials	port_entry
3983.1486	0.19006666666700767	trials	port_entry
3983.4086666666667	1.779966666666951	trials	port_entry
3984.1386333333335	20.000133333332997	trials	neutral_stimulus_presentation
3998.0587333333337	2.410033333332649	trials	port_entry
4001.708766666667	0.10999999999967258	trials	port_entry
4001.8487666666665	2.390033333333122	trials	port_entry
4005.328766666667	0.8400000000001455	trials	port_entry
4006.4887999999996	0.020000000000436557	trials	port_entry
4006.7888	0.18000000000029104	trials	port_entry
4006.9887999999996	0.65996666666706	trials	port_entry
4025.0488	0.10999999999967258	trials	port_entry
4025.308833333333	1.7100000000000364	trials	port_entry
4027.1288333333337	5.740033333333486	trials	port_entry
4033.5888666666665	0.36999999999989086	trials	port_entry
4036.7088666666664	0.17000000000007276	trials	port_entry
4036.9188666666664	0.09000000000014552	trials	port_entry
4056.0989000000004	0.25006666666649835	trials	port_entry
4074.1389999999997	10.810033333334104	trials	reward_stimulus_presentation
4075.138966666667	0.8000000000001819	trials	reward_delivery
4084.549033333333	3.3399666666664416	trials	port_entry
4088.2690333333335	0.7200000000002547	trials	port_entry
4090.6890333333336	0.9299999999993815	trials	port_entry
4091.699033333334	0.8599999999996726	trials	port_entry
4098.979066666667	0.2700333333341405	trials	port_entry
4099.269066666666	0.4700333333348681	trials	port_entry
4099.809033333333	0.3000333333329763	trials	port_entry
4118.759133333333	5.540033333334577	trials	port_entry
4125.279133333333	3.500033333333704	trials	port_entry
4128.929166666667	1.2999999999992724	trials	port_entry
4130.709166666667	0.17000000000007276	trials	port_entry
4131.4892	1.8400000000001455	trials	port_entry
4134.4692	1.0500000000010914	trials	port_entry
4135.539199999999	1.6499666666677513	trials	port_entry
4138.9792	1.2700000000004366	trials	port_entry
4140.319166666666	0.4600333333346498	trials	port_entry
4141.1792000000005	0.23003333333326736	trials	port_entry
4141.4792	1.7900000000008731	trials	port_entry
4143.489233333334	0.06999999999970896	trials	port_entry
4143.739233333334	0.7700000000004366	trials	port_entry
4149.279233333333	0.11000000000058208	trials	port_entry
4149.429233333334	1.3399999999983265	trials	port_entry
4153.819266666667	0.019999999998617568	trials	port_entry
4162.039266666667	0.22003333333304909	trials	port_entry
4163.059300000001	0.98989999999867	trials	port_entry
4164.139300000001	1.5599666666657868	trials	reward_stimulus_presentation
4165.139300000001	0.7999999999992724	trials	reward_delivery
4165.299266666667	6.78003333333254	trials	port_entry
4172.099200000001	1.069999999999709	trials	port_entry
4174.599333333334	0.17000000000007276	trials	port_entry
4174.789333333334	1.0	trials	port_entry
4175.909299999999	0.04003333333457704	trials	port_entry
4191.349366666667	6.830033333333631	trials	port_entry
4199.779399999999	1.5799999999999272	trials	port_entry
4216.829466666666	1.0500000000010914	trials	port_entry
4217.999466666666	1.3100000000013097	trials	port_entry
4220.739466666666	0.5	trials	port_entry
4221.329466666666	0.9000000000014552	trials	port_entry
4222.249466666666	0.1499999999996362	trials	port_entry
4222.459466666667	0.8099999999994907	trials	port_entry
4225.509400000001	0.650099999998929	trials	port_entry
4226.279500000001	0.25	trials	port_entry
4226.719499999999	0.020000000000436557	trials	port_entry
4242.569533333333	1.3500000000003638	trials	port_entry
4244.749533333334	0.3899999999994179	trials	port_entry
4245.179533333334	0.049999999999272404	trials	port_entry
4249.139566666667	6.7000333333326125	trials	reward_stimulus_presentation
4250.139566666667	0.7999999999992724	trials	reward_delivery
4255.439566666666	0.15003333333334012	trials	port_entry
4255.659600000001	7.019999999998618	trials	port_entry
4262.6996	1.1700000000000728	trials	port_entry
4265.229600000001	1.0599999999994907	trials	port_entry
4266.319600000001	0.019999999998617568	trials	port_entry
4268.699633333334	0.6999999999989086	trials	port_entry
4269.4396	0.12003333333450428	trials	port_entry
4270.269633333333	0.030000000000654836	trials	port_entry
4283.489666666666	2.069999999999709	trials	port_entry
4285.589666666667	0.07999999999992724	trials	port_entry
4286.7096666666675	0.039999999999054126	trials	port_entry
4287.0396666666675	0.019999999998617568	trials	port_entry
4306.889733333333	4.03003333333254	trials	port_entry
4310.969766666667	0.8599999999987631	trials	port_entry
4311.899766666667	0.05999999999949068	trials	port_entry
4313.889766666667	1.0799999999999272	trials	port_entry
4314.9897666666675	0.039999999999054126	trials	port_entry
4315.049766666667	0.020000000000436557	trials	port_entry
4316.1097666666665	0.930000000000291	trials	port_entry
4318.069766666667	0.3999999999996362	trials	port_entry
4319.1097666666665	0.9700333333330491	trials	port_entry
4320.909766666668	0.08003333333181217	trials	port_entry
4321.259766666666	0.02003333333414048	trials	port_entry
4321.4498	1.3999999999996362	trials	port_entry
4323.9298	0.13999999999941792	trials	port_entry
4324.1198	0.4999666666662961	trials	port_entry
4334.7598333333335	2.2800333333325398	trials	port_entry
4339.139800000001	20.001633333333302	trials	shock_stimulus_presentation
4339.599833333334	0.860033333332467	trials	port_entry
4358.939899999999	0.3000000000010914	trials	shock_relay
4410.470066666667	3.1900000000005093	trials	port_entry
4413.700066666666	0.17003333333377668	trials	port_entry
4413.910066666667	0.11999999999898137	trials	port_entry
4414.360000000001	0.07999999999992724	trials	port_entry
4415.1001	0.7000000000007276	trials	port_entry
4418.6901	0.18000000000029104	trials	port_entry
4419.060100000001	3.3299999999999272	trials	port_entry
4422.410099999999	0.09000000000014552	trials	port_entry
4423.090099999999	0.709966666667242	trials	port_entry
4423.830033333334	0.17009999999936554	trials	port_entry
4424.040033333333	0.2000000000007276	trials	port_entry
4424.260033333334	0.03006666666624369	trials	port_entry
4425.180133333333	0.06996666666600504	trials	port_entry
4429.1101	0.5300000000006548	trials	port_entry
4431.720133333334	0.05993333333208284	trials	port_entry
4431.820133333333	0.050000000001091394	trials	port_entry
4432.8101333333325	0.12000000000080036	trials	port_entry
4433.140066666667	2.1600666666672623	trials	port_entry
4434.140066666667	1.6301000000003114	trials	reward_stimulus_presentation
4435.140066666667	0.8000666666666802	trials	reward_delivery
4435.370133333334	9.190066666666098	trials	port_entry
4445.590166666667	1.0699333333323011	trials	port_entry
4447.4002	1.25	trials	port_entry
4524.140466666666	1.860000000000582	trials	reward_stimulus_presentation
4525.140433333334	0.7999999999992724	trials	reward_delivery
4525.600433333333	6.710000000000946	trials	port_entry
4532.340433333333	4.21003333333465	trials	port_entry
4537.2104	1.2000666666663165	trials	port_entry
4579.580566666667	1.9600333333328308	trials	port_entry
4581.570566666667	0.1700333333319577	trials	port_entry
4581.8606	0.12000000000080036	trials	port_entry
4582.000633333333	0.9099666666661506	trials	port_entry
4583.760633333333	2.210000000000946	trials	port_entry
4586.000633333333	0.18000000000029104	trials	port_entry
4586.220633333334	0.09999999999854481	trials	port_entry
4586.450633333334	0.029999999998835847	trials	port_entry
4586.960633333334	1.109999999998763	trials	port_entry
4604.140666666666	11.62006666666639	trials	reward_stimulus_presentation
4605.140666666666	0.8000000000010914	trials	reward_delivery
4615.360733333333	0.17996666666658712	trials	port_entry
4615.5707	1.4600333333328308	trials	port_entry
4617.0507	1.8500333333340677	trials	port_entry
4618.940733333333	0.3100000000013097	trials	port_entry
4619.270699999999	0.110033333334286	trials	port_entry
4619.400733333334	1.2000333333326125	trials	port_entry
4620.620733333333	0.7999999999992724	trials	port_entry
4621.610733333333	1.0100000000002183	trials	port_entry
4623.660733333334	0.5900000000001455	trials	port_entry
4624.380766666667	0.18999999999869033	trials	port_entry
4624.690766666667	0.07996666666622332	trials	port_entry
4634.6808	1.930000000000291	trials	port_entry
4650.7508333333335	1.4400000000005093	trials	port_entry
4652.210866666666	0.09996666666665988	trials	port_entry
4652.370800000001	1.18006666666588	trials	port_entry
4677.140933333334	0.31999999999970896	trials	port_entry
4677.620933333334	1.1599999999998545	trials	port_entry
4678.8909	0.13003333333290357	trials	port_entry
4679.910933333333	1.0	trials	port_entry
4689.870999999999	2.3699666666670964	trials	port_entry
4692.480966666666	0.27000000000043656	trials	port_entry
4694.141	7.240033333333486	trials	reward_stimulus_presentation
4695.141	0.8000000000010914	trials	reward_delivery
4700.981	0.1499999999996362	trials	port_entry
4701.151	3.3500333333340677	trials	port_entry
4704.811	0.050033333332976326	trials	port_entry
4704.931033333334	1.5399999999990541	trials	port_entry
4706.691033333333	0.8299999999999272	trials	port_entry
4707.681033333334	0.049999999999272404	trials	port_entry
4707.751033333334	1.0299999999988358	trials	port_entry
4708.811033333333	0.11996666666709643	trials	port_entry
4708.991	0.050033333332976326	trials	port_entry
4709.861033333333	0.11000000000058208	trials	port_entry
4710.071033333334	1.319999999999709	trials	port_entry
4711.4810333333335	0.18000000000029104	trials	port_entry
4726.081099999999	0.6700000000000728	trials	port_entry
4726.771066666666	0.4700333333330491	trials	port_entry
4754.541166666666	1.3300333333336312	trials	port_entry
4755.9011666666665	0.7399999999997817	trials	port_entry
4767.7611	1.830133333332924	trials	port_entry
4769.641233333334	0.020000000000436557	trials	port_entry
4769.821233333334	1.2199999999993452	trials	port_entry
4772.6312333333335	0.6899666666668054	trials	port_entry
4774.051233333334	0.1000000000003638	trials	port_entry
4794.141333333333	20.00120000000061	trials	shock_stimulus_presentation
4813.941366666666	0.3000000000010914	trials	shock_relay
4849.301466666666	0.17003333333377668	trials	port_entry
4849.521433333333	0.6400333333331218	trials	port_entry
4850.191500000001	2.2299999999995634	trials	port_entry
4853.4115	0.23999999999978172	trials	port_entry
4858.7615000000005	2.180033333332176	trials	port_entry
4860.971533333333	0.05999999999949068	trials	port_entry
4861.0615	0.07003333333341288	trials	port_entry
4862.571533333334	0.7600000000002183	trials	port_entry
4863.371533333333	0.12000000000080036	trials	port_entry
4863.511533333334	0.06999999999970896	trials	port_entry
4864.531533333333	0.2600000000002183	trials	port_entry
4865.521533333333	1.2200000000011642	trials	port_entry
4866.801533333333	0.049999999999272404	trials	port_entry
4869.421533333334	1.5900000000001455	trials	port_entry
4871.071533333334	0.680033333332176	trials	port_entry
4871.771533333333	0.03003333333435876	trials	port_entry
4881.5016	14.440033333334213	trials	port_entry
4884.141600000001	12.220033333333049	trials	reward_stimulus_presentation
4885.141600000001	0.7999999999992724	trials	reward_delivery
4895.9616000000005	0.18993333333310147	trials	port_entry
4896.221633333333	1.180000000000291	trials	port_entry
4897.421633333333	0.9500000000007276	trials	port_entry
4902.551566666667	0.060033333333194605	trials	port_entry
4902.631566666667	1.6400666666668258	trials	port_entry
4904.311633333333	0.22003333333304909	trials	port_entry
4904.671633333333	0.860033333332467	trials	port_entry
4905.551566666667	1.2800999999999476	trials	port_entry
4906.881600000001	0.8000666666666802	trials	port_entry
4910.581666666667	1.4398999999993976	trials	port_entry
4912.211666666666	0.33993333333455666	trials	port_entry
4912.5815999999995	4.400100000000748	trials	port_entry
4920.261700000001	0.929999999998472	trials	port_entry
4921.351633333334	3.0200666666660254	trials	port_entry
4924.8117	0.05999999999949068	trials	port_entry
4926.211633333334	1.7400333333316667	trials	port_entry
4927.981666666667	0.020066666666025412	trials	port_entry
4929.501666666667	0.1499999999996362	trials	port_entry
4929.7017	1.110000000000582	trials	port_entry
4931.481733333334	0.05996666666578676	trials	port_entry
4964.951766666667	1.2400666666671896	trials	port_entry
4966.331766666666	2.0300666666662437	trials	port_entry
4969.291933333334	1.9999333333325922	trials	port_entry
4972.6718	0.2899999999990541	trials	port_entry
4972.981866666667	0.3399333333327377	trials	port_entry
4973.341833333334	0.8700333333326853	trials	port_entry
4974.141833333333	20.00010000000111	trials	neutral_stimulus_presentation
4976.2818333333325	0.2299333333339746	trials	port_entry
4976.5818	0.7000000000007276	trials	port_entry
4977.301833333333	0.019933333333028713	trials	port_entry
4977.381799999999	0.12003333333450428	trials	port_entry
4979.591833333334	0.2799666666669509	trials	port_entry
4979.9318	1.2899999999990541	trials	port_entry
4983.261833333334	1.1700666666656616	trials	port_entry
4985.941866666666	0.18003333333399496	trials	port_entry
4986.221866666667	0.3600000000005821	trials	port_entry
4990.2819	0.9400000000005093	trials	port_entry
4993.2719	0.040000000000873115	trials	port_entry
4993.331899999999	0.8800333333347226	trials	port_entry
5009.092000000001	0.029999999998835847	trials	port_entry
5029.942033333333	1.0500333333347953	trials	port_entry
5031.142066666667	0.43000000000029104	trials	port_entry
5031.612066666667	0.7900000000008731	trials	port_entry
5032.612066666667	0.9699999999993452	trials	port_entry
5033.6920666666665	0.19000000000050932	trials	port_entry
5034.022066666666	0.1000000000003638	trials	port_entry
5035.042066666667	0.05999999999949068	trials	port_entry
5035.1920666666665	1.3700000000008004	trials	port_entry
5038.122033333333	0.060033333333194605	trials	port_entry
5038.202066666667	0.12000000000080036	trials	port_entry
5038.882066666667	0.07999999999992724	trials	port_entry
5060.142133333333	0.2900000000008731	trials	port_entry
5060.512133333334	0.7199999999993452	trials	port_entry
5062.172166666667	0.11999999999898137	trials	port_entry
5062.702133333334	0.7999999999992724	trials	port_entry
5064.1421666666665	20.001166666666904	trials	shock_stimulus_presentation
5076.1222	1.5400000000008731	trials	port_entry
5083.9421999999995	0.3000000000010914	trials	shock_relay
5149.142466666666	17.27003333333414	trials	reward_stimulus_presentation
5150.1424333333325	0.8000000000010914	trials	reward_delivery
5166.012500000001	3.2299666666658595	trials	port_entry
5169.262466666667	1.4500333333326125	trials	port_entry
5170.7425	0.25	trials	port_entry
5171.0625	1.1599999999998545	trials	port_entry
5172.3125	0.10003333333406772	trials	port_entry
5172.452499999999	0.08003333333363116	trials	port_entry
5172.5525	0.6600333333335584	trials	port_entry
5173.2425	0.06999999999970896	trials	port_entry
5173.362499999999	0.050033333334795316	trials	port_entry
5174.3025	1.1500333333333401	trials	port_entry
5176.5825	1.0800333333336312	trials	port_entry
5179.452533333333	0.43000000000029104	trials	port_entry
5179.902533333334	0.6899999999986903	trials	port_entry
5217.772666666666	0.9500000000007276	trials	port_entry
5218.742700000001	0.06996666666600504	trials	port_entry
5218.882666666666	1.6999666666670237	trials	port_entry
5220.602666666668	1.889966666665714	trials	port_entry
5222.522666666666	0.06996666666782403	trials	port_entry
5223.312666666667	0.9000333333333401	trials	port_entry
5233.382666666666	5.600033333334068	trials	port_entry
5239.142733333334	20.00006666666559	trials	neutral_stimulus_presentation
5240.2227	0.02003333333232149	trials	port_entry
5240.832733333333	2.030000000000655	trials	port_entry
5244.812766666666	0.13000000000101863	trials	port_entry
5250.592766666667	0.1499999999996362	trials	port_entry
5300.882933333334	1.8399999999983265	trials	port_entry
5317.342966666667	1.4500333333326125	trials	port_entry
5320.532999999999	1.4699333333337563	trials	port_entry
5324.042933333334	0.1299333333317918	trials	port_entry
5324.232866666667	0.690133333333506	trials	port_entry
5324.983	1.319966666666005	trials	port_entry
5332.083033333334	3.959999999999127	trials	port_entry
5334.143033333334	20.00006666666559	trials	neutral_stimulus_presentation
5338.233	0.06996666666600504	trials	port_entry
5338.373033333333	1.2400333333334856	trials	port_entry
5339.743033333334	0.5700333333334129	trials	port_entry
5340.393066666667	0.42999999999847205	trials	port_entry
5341.033066666667	0.3999999999996362	trials	port_entry
5341.583066666666	0.4299666666665871	trials	port_entry
5343.163066666666	0.6399333333338291	trials	port_entry
5345.373066666667	0.020000000000436557	trials	port_entry
5345.583066666666	0.019933333333028713	trials	port_entry
5345.803066666667	0.05999999999949068	trials	port_entry
5368.533133333334	1.110033333332467	trials	port_entry
5369.683133333334	0.2100333333328308	trials	port_entry
5370.603166666666	0.11000000000058208	trials	port_entry
5379.2732	1.5498666666662757	trials	port_entry
5383.0432	0.8500000000003638	trials	port_entry
5383.9532	0.040000000000873115	trials	port_entry
5384.153200000001	0.06999999999970896	trials	port_entry
5390.673233333333	1.2600000000002183	trials	port_entry
5397.3632333333335	1.7099999999991269	trials	port_entry
5400.703266666667	0.06999999999970896	trials	port_entry
5400.8632333333335	0.540033333332758	trials	port_entry
5401.4832333333325	0.14003333333494083	trials	port_entry
5402.263266666667	0.049999999999272404	trials	port_entry
5408.273266666667	0.17000000000007276	trials	port_entry
5408.513266666667	0.22999999999956344	trials	port_entry
5408.763266666667	0.7000000000007276	trials	port_entry
5409.503266666667	0.05999999999949068	trials	port_entry
5409.5832666666665	1.110000000000582	trials	port_entry
5410.743266666666	0.050000000001091394	trials	port_entry
5424.143333333333	8.989999999999782	trials	reward_stimulus_presentation
5425.143333333333	0.7999999999992724	trials	reward_delivery
5432.733366666667	3.9399999999986903	trials	port_entry
5436.693366666666	0.11000000000058208	trials	port_entry
5436.853366666666	1.1599999999998545	trials	port_entry
5438.053366666667	0.17000000000007276	trials	port_entry
5438.413366666668	1.139999999999418	trials	port_entry
5439.583366666666	0.12000000000080036	trials	port_entry
5439.733366666667	0.75	trials	port_entry
5440.543333333333	0.110033333334286	trials	port_entry
5479.0635	0.11999999999898137	trials	port_entry
5479.4035	12.520066666666025	trials	port_entry
5492.013533333333	0.139966666667533	trials	port_entry
5504.143599999999	20.001766666668118	trials	shock_stimulus_presentation
5521.063633333333	0.7000000000007276	trials	port_entry
5523.943633333334	0.2999999999992724	trials	shock_relay
5594.143899999999	3.1299666666673147	trials	reward_stimulus_presentation
5595.143866666667	0.7999999999992724	trials	reward_delivery
5596.873866666667	4.130033333332904	trials	port_entry
5601.1239000000005	0.05999999999949068	trials	port_entry
5602.113866666667	0.14003333333312185	trials	port_entry
5602.363866666667	0.5000333333337039	trials	port_entry
5602.973866666667	0.5399999999990541	trials	port_entry
5605.893866666667	1.0600333333331946	trials	port_entry
5608.473900000001	0.07999999999992724	trials	port_entry
5608.6139	0.9899999999997817	trials	port_entry
5609.883900000001	0.17999999999847205	trials	port_entry
5610.103933333334	0.3399666666664416	trials	port_entry
5610.563899999999	0.21000000000094587	trials	port_entry
5618.133866666667	1.4900999999990745	trials	port_entry
5619.663966666667	0.05996666666578676	trials	port_entry
5621.093933333334	1.1199999999989814	trials	port_entry
5622.253933333333	0.020000000000436557	trials	port_entry
5622.313933333333	0.040000000000873115	trials	port_entry
5622.433933333334	0.5200000000004366	trials	port_entry
5664.6741	1.5200000000004366	trials	port_entry
5666.374100000001	0.9098999999987427	trials	port_entry
5667.794099999999	0.25	trials	port_entry
5678.714099999999	1.5800333333336312	trials	port_entry
5680.3141	2.000033333333704	trials	port_entry
5682.564133333333	1.2800000000006548	trials	port_entry
5684.684166666666	1.1199666666670964	trials	port_entry
5686.444166666666	0.040000000000873115	trials	port_entry
5694.144200000001	20.00006666666559	trials	neutral_stimulus_presentation
5707.084233333333	1.1300000000010186	trials	port_entry
5708.2742333333335	0.049999999999272404	trials	port_entry
5722.794233333334	0.18003333333217597	trials	port_entry
5723.0643	1.4199666666663688	trials	port_entry
5724.5043000000005	1.1899666666668054	trials	port_entry
5725.7443	0.019966666666732635	trials	port_entry
5725.794266666666	0.13000000000101863	trials	port_entry
5725.944299999999	0.14996666666775127	trials	port_entry
5726.164266666667	0.11000000000058208	trials	port_entry
5726.3242666666665	0.17000000000007276	trials	port_entry
5726.634266666666	0.25	trials	port_entry
5732.6443	0.32999999999992724	trials	port_entry
5733.604300000001	0.019999999998617568	trials	port_entry
5779.504466666667	5.230033333333267	trials	port_entry
5784.1445	20.00006666666559	trials	neutral_stimulus_presentation
5784.8145	0.3500000000003638	trials	port_entry
5788.174499999999	0.029966666666950914	trials	port_entry
5788.3745	0.14993333333404735	trials	port_entry
5788.5645	0.039999999999054126	trials	port_entry
5788.654500000001	0.8899999999994179	trials	port_entry
5789.804533333334	0.14996666666593228	trials	port_entry
5791.744500000001	0.1499999999996362	trials	port_entry
5834.534633333333	1.1400333333331218	trials	port_entry
5835.714633333333	0.6500333333333401	trials	port_entry
5836.384666666667	0.11000000000058208	trials	port_entry
5874.1448	20.001066666665793	trials	shock_stimulus_presentation
5893.944733333334	0.30006666666668025	trials	shock_relay
5901.924833333333	1.4600000000009459	trials	port_entry
5964.145066666666	20.000066666667408	trials	neutral_stimulus_presentation
5976.185100000001	1.529933333333247	trials	port_entry
5977.815066666666	0.27990000000136206	trials	port_entry
5981.865133333333	1.9099999999998545	trials	port_entry
6023.185166666666	0.6900999999998021	trials	port_entry
6024.515266666667	1.930000000000291	trials	port_entry
6028.755266666667	0.3500000000003638	trials	port_entry
6047.035333333333	3.110000000000582	trials	port_entry
6049.145333333334	2.2300666666669713	trials	reward_stimulus_presentation
6050.145333333334	0.7999999999992724	trials	reward_delivery
6050.975333333334	9.800033333332976	trials	port_entry
6060.825366666666	3.7700000000004366	trials	port_entry
6069.8454	3.9099999999998545	trials	port_entry
6074.715399999999	1.4500000000007276	trials	port_entry
6076.1854	0.5000333333337039	trials	port_entry
6111.435533333333	0.2900000000008731	trials	port_entry
6111.755533333333	1.3400000000001455	trials	port_entry
6113.175533333333	2.7700000000004366	trials	port_entry
6115.965533333334	0.13999999999941792	trials	port_entry
6116.965533333334	1.2099999999991269	trials	port_entry
6118.265533333333	0.9500333333326125	trials	port_entry
6119.235566666666	1.0	trials	port_entry
6120.275566666667	0.12999999999919964	trials	port_entry
6126.965566666666	6.850033333334068	trials	port_entry
6134.765600000001	0.7299999999995634	trials	port_entry
6136.0756	0.9899999999997817	trials	port_entry
6139.1456333333335	20.001033333333908	trials	shock_stimulus_presentation
6158.9456666666665	0.3000000000010914	trials	shock_relay
6193.755800000001	0.09999999999854481	trials	port_entry
6203.9858	0.9700333333330491	trials	port_entry
6220.375866666667	0.039999999999054126	trials	port_entry
6221.465866666667	1.360033333332467	trials	port_entry
6223.0159	1.180000000000291	trials	port_entry
6226.0059	1.4500000000007276	trials	port_entry
6234.1458999999995	4.810033333333195	trials	reward_stimulus_presentation
6235.1458999999995	0.8000000000010914	trials	reward_delivery
6238.555933333333	4.610000000000582	trials	port_entry
6243.205933333333	3.040000000000873	trials	port_entry
6247.175933333334	0.75	trials	port_entry
6248.085933333334	0.6300333333329036	trials	port_entry
6248.735933333333	0.040000000000873115	trials	port_entry
6301.9560666666675	1.7400666666653706	trials	port_entry
6303.836133333334	0.05999999999949068	trials	port_entry
6303.996133333334	2.8799999999991996	trials	port_entry
6309.016100000001	2.5499666666655685	trials	port_entry
6311.896133333334	0.40993333333244664	trials	port_entry
6312.526133333333	3.0600000000013097	trials	port_entry
6324.146199999999	20.00010000000111	trials	neutral_stimulus_presentation
6337.726233333333	0.040000000000873115	trials	port_entry
6338.286233333334	2.8399999999983265	trials	port_entry
6341.276266666666	4.450000000000728	trials	port_entry
6345.746300000001	1.7099999999991269	trials	port_entry
6347.996300000001	0.75	trials	port_entry
6348.906300000001	0.32999999999992724	trials	port_entry
6349.266299999999	0.13000000000101863	trials	port_entry
6351.2263	2.389999999999418	trials	port_entry
6354.7363000000005	0.7800333333325398	trials	port_entry
6366.146366666666	4.400000000001455	trials	port_entry
6374.846366666667	0.12999999999919964	trials	port_entry
6374.996366666666	0.7600333333339222	trials	port_entry
6375.776366666667	0.17003333333377668	trials	port_entry
6375.966366666667	0.10006666666595265	trials	port_entry
6376.4164	0.19000000000050932	trials	port_entry
6376.626399999999	0.020000000000436557	trials	port_entry
6376.6764	0.19000000000050932	trials	port_entry
6378.446400000001	0.05999999999949068	trials	port_entry
6394.336433333334	1.360033333332467	trials	port_entry
6396.006433333334	0.5500333333329763	trials	port_entry
6397.346466666666	0.5500000000010914	trials	port_entry
6404.146500000001	14.870033333332685	trials	reward_stimulus_presentation
6405.146466666667	0.7999999999992724	trials	reward_delivery
6418.616533333334	2.3699999999989814	trials	port_entry
6421.006533333333	1.7700000000004366	trials	port_entry
6422.8065333333325	0.050000000001091394	trials	port_entry
6422.876533333334	0.7600000000002183	trials	port_entry
6423.756533333333	0.040000000000873115	trials	port_entry
6425.706533333334	1.8900333333331218	trials	port_entry
6427.656566666667	0.47999999999956344	trials	port_entry
6434.8665666666675	1.5099999999983993	trials	port_entry
6466.546666666667	1.1599999999998545	trials	port_entry
6467.746666666666	0.21000000000094587	trials	port_entry
6490.656766666667	1.4200000000000728	trials	port_entry
6492.106766666666	0.040000000000873115	trials	port_entry
6494.146766666667	13.310033333333195	trials	reward_stimulus_presentation
6495.146699999999	0.8000666666666802	trials	reward_delivery
6507.0568	1.5299999999988358	trials	port_entry
6508.7168	0.6900000000005093	trials	port_entry
6509.516799999999	0.10003333333406772	trials	port_entry
6509.656800000001	0.019999999998617568	trials	port_entry
6509.926799999999	0.10003333333406772	trials	port_entry
6510.0668000000005	0.10003333333224873	trials	port_entry
6510.296833333334	0.05999999999949068	trials	port_entry
6510.3768	0.2700333333341405	trials	port_entry
6510.666800000001	0.2700333333323215	trials	port_entry
6510.956833333334	0.20999999999912689	trials	port_entry
6511.386833333334	0.15999999999985448	trials	port_entry
6526.366866666667	0.12999999999919964	trials	port_entry
6527.5967666666675	0.04003333333275805	trials	port_entry
6558.4969666666675	1.3499999999985448	trials	port_entry
6561.3669666666665	1.5200333333341405	trials	port_entry
6587.837066666667	0.8600000000005821	trials	port_entry
6594.1471	20.001666666667006	trials	shock_stimulus_presentation
6613.947133333333	0.3000000000010914	trials	shock_relay
6628.457200000001	0.1600333333317394	trials	port_entry
6630.367166666667	19.530066666666244	trials	port_entry
6663.9573	1.540033333332758	trials	port_entry
6667.157333333333	1.5400000000008731	trials	port_entry
6668.737333333333	0.25	trials	port_entry
6669.007333333333	0.1000000000003638	trials	port_entry
6684.1474	20.000033333333704	trials	neutral_stimulus_presentation
6728.567533333333	0.05996666666760575	trials	port_entry
6728.647499999999	0.020000000000436557	trials	port_entry
6728.977500000001	0.15999999999985448	trials	port_entry
6729.157499999999	0.33003333333363116	trials	port_entry
6729.567533333333	0.3399666666664416	trials	port_entry
6730.317499999999	2.820000000001528	trials	port_entry
6734.447533333334	1.5499666666655685	trials	port_entry
6736.5075	0.9200333333337767	trials	port_entry
6737.4675333333325	0.050000000001091394	trials	port_entry
6737.567533333333	0.28003333333435876	trials	port_entry
6750.1276	1.319999999999709	trials	port_entry
6752.247600000001	1.4399999999986903	trials	port_entry
6753.7276	0.6099666666668782	trials	port_entry
6774.147666666666	3.960000000000946	trials	reward_stimulus_presentation
6775.147666666666	0.8000000000010914	trials	reward_delivery
6777.707666666667	0.2899999999990541	trials	port_entry
6778.377666666667	6.0200333333323215	trials	port_entry
6784.637699999999	0.03993333333346527	trials	port_entry
6784.8577000000005	1.5499999999992724	trials	port_entry
6813.787766666666	1.860033333334286	trials	port_entry
6817.507799999999	1.5900000000001455	trials	port_entry
6819.6777999999995	0.17000000000007276	trials	port_entry
6819.9277999999995	0.5900000000001455	trials	port_entry
6825.227800000001	1.7699999999986176	trials	port_entry
6829.227800000001	1.1900333333323942	trials	port_entry
6831.017833333333	0.15003333333334012	trials	port_entry
6831.1978	0.45006666666631645	trials	port_entry
6831.877833333334	0.09003333333203045	trials	port_entry
6832.917833333333	0.6200000000008004	trials	port_entry
6841.337866666667	0.18000000000029104	trials	port_entry
6841.6479	0.819966666666005	trials	port_entry
6864.147966666667	20.000033333331885	trials	reward_stimulus_presentation
6865.147933333334	0.7999333333336835	trials	reward_delivery
6890.298033333333	1.5400000000008731	trials	port_entry
6891.8780333333325	0.050000000001091394	trials	port_entry
6892.0080333333335	0.030000000000654836	trials	port_entry
6892.067999999999	0.03003333333435876	trials	port_entry
6892.118033333334	0.6099999999987631	trials	port_entry
6892.758	0.02003333333414048	trials	port_entry
6892.808033333333	0.040000000000873115	trials	port_entry
6893.348033333334	0.07003333333341288	trials	port_entry
6893.5080333333335	0.10003333333406772	trials	port_entry
6893.748066666667	0.029999999998835847	trials	port_entry
6893.798033333333	0.15003333333334012	trials	port_entry
6894.0380000000005	0.1300666666666075	trials	port_entry
6894.198033333334	0.36996666666527744	trials	port_entry
6934.518166666667	0.7800333333325398	trials	port_entry
6935.338166666666	0.040000000000873115	trials	port_entry
6949.148266666667	20.000933333332796	trials	shock_stimulus_presentation
6968.9483	0.2999999999992724	trials	shock_relay
7005.888366666666	2.46003333333465	trials	port_entry
7008.9884	0.020000000000436557	trials	port_entry
7009.118399999999	0.030000000000654836	trials	port_entry
7009.2883999999995	0.1500000000014552	trials	port_entry
7009.4784	0.6299999999991996	trials	port_entry
7010.2083999999995	0.06000000000130967	trials	port_entry
7010.3884	0.3999999999996362	trials	port_entry
7012.558366666666	1.0200333333341405	trials	port_entry
7039.148533333333	4.0	trials	reward_stimulus_presentation
7040.148533333333	0.8000000000010914	trials	reward_delivery
7042.748533333333	15.450033333332613	trials	port_entry
7062.2786	2.210000000000946	trials	port_entry
7065.4686	0.09000000000014552	trials	port_entry
7065.6986	0.8099999999994907	trials	port_entry
7066.578600000001	0.42000000000007276	trials	port_entry
7068.4486	0.21000000000094587	trials	port_entry
7068.678599999999	5.830033333333631	trials	port_entry
7075.418633333333	0.12000000000080036	trials	port_entry
7076.1186333333335	1.1599999999998545	trials	port_entry
7077.348633333333	0.42000000000007276	trials	port_entry
7078.008633333333	0.020000000000436557	trials	port_entry
7078.628633333334	0.11999999999898137	trials	port_entry
7128.408799999999	1.8500000000003638	trials	port_entry
7132.6288	0.19003333333239425	trials	port_entry
7132.8588	1.6400333333331218	trials	port_entry
7134.148833333333	0.7900000000008731	trials	reward_stimulus_presentation
7134.5388	0.15003333333334012	trials	port_entry
7134.718800000001	7.170033333331958	trials	port_entry
7135.148833333333	0.8000000000010914	trials	reward_delivery
7141.908833333333	1.140000000001237	trials	port_entry
7144.778866666667	1.25	trials	port_entry
7146.838866666667	0.16993333333266492	trials	port_entry
7147.0288	1.2800666666662437	trials	port_entry
7161.168866666667	3.070033333333413	trials	port_entry
7164.978933333334	1.0799999999999272	trials	port_entry
7166.0789	0.7500333333337039	trials	port_entry
7167.008900000001	1.500033333331885	trials	port_entry
7168.5689	0.11003333333246701	trials	port_entry
7169.828933333334	1.3999999999996362	trials	port_entry
7171.528933333333	1.6900333333342132	trials	port_entry
7174.108933333333	1.5500333333329763	trials	port_entry
7175.678933333333	0.9100333333335584	trials	port_entry
7176.618966666667	0.039999999999054126	trials	port_entry
7177.008966666666	0.029966666666950914	trials	port_entry
7177.938966666667	0.18000000000029104	trials	port_entry
7178.778966666667	0.37999999999919964	trials	port_entry
7179.538966666667	0.46999999999934516	trials	port_entry
7180.388966666667	0.26999999999861757	trials	port_entry
7180.758966666666	0.6200000000008004	trials	port_entry
7181.408966666666	0.9000000000014552	trials	port_entry
7182.508966666666	0.10993333333317423	trials	port_entry
7214.2990666666665	0.9899999999997817	trials	port_entry
7215.309066666667	0.9200000000000728	trials	port_entry
7216.249066666667	0.05999999999949068	trials	port_entry
7224.149133333334	20.000933333332796	trials	shock_stimulus_presentation
7243.949166666667	0.2999999999992724	trials	shock_relay
7304.1494	11.09996666666666	trials	reward_stimulus_presentation
7305.1493666666665	0.7999999999992724	trials	reward_delivery
7314.849366666667	7.4500666666663165	trials	port_entry
7324.079433333334	2.3999666666659323	trials	port_entry
7334.959466666667	1.3999999999996362	trials	port_entry
7336.379366666666	3.2101333333339426	trials	port_entry
7341.389466666667	3.2299333333321556	trials	port_entry
7344.739433333334	0.9100333333317394	trials	port_entry
7346.509466666666	1.290033333332758	trials	port_entry
7347.839433333333	0.13000000000101863	trials	port_entry
7350.309499999999	0.07999999999992724	trials	port_entry
7378.2395	6.340066666667553	trials	port_entry
7384.649600000001	0.03993333333346527	trials	port_entry
7384.739566666667	0.7100666666665347	trials	port_entry
7385.549566666667	0.03996666666716919	trials	port_entry
7386.719633333334	1.0099999999983993	trials	port_entry
7387.899533333333	0.09003333333384944	trials	port_entry
7388.169633333333	0.06990000000041618	trials	port_entry
7388.3696	0.049999999999272404	trials	port_entry
7394.149566666667	20.000200000000405	trials	neutral_stimulus_presentation
7424.079733333334	1.6600333333335584	trials	port_entry
7439.429766666666	1.4800000000013824	trials	port_entry
7453.949833333334	0.050033333332976326	trials	port_entry
7454.129866666666	0.4500000000007276	trials	port_entry
7454.649866666667	0.7100000000009459	trials	port_entry
7461.159900000001	0.9199666666663688	trials	port_entry
7473.929933333333	0.019933333333028713	trials	port_entry
7474.369833333334	2.110099999999875	trials	port_entry
7476.499933333333	0.07999999999992724	trials	port_entry
7476.819933333334	0.8099999999994907	trials	port_entry
7477.739933333334	0.08999999999832653	trials	port_entry
7477.909933333334	0.07999999999992724	trials	port_entry
7478.059933333334	0.17000000000007276	trials	port_entry
7478.269933333333	0.2900000000008731	trials	port_entry
7478.619933333333	0.03989999999976135	trials	port_entry
7478.679933333333	0.11000000000058208	trials	port_entry
7478.809933333334	0.3599999999987631	trials	port_entry
7479.189933333333	0.030000000000654836	trials	port_entry
7482.219933333334	0.6199999999989814	trials	port_entry
7485.489966666666	0.2000000000007276	trials	port_entry
7486.059966666668	0.9899999999997817	trials	port_entry
7487.2899333333335	0.050033333332976326	trials	port_entry
7487.3899666666675	0.4899999999997817	trials	port_entry
7488.989966666666	0.6400000000012369	trials	port_entry
7489.729966666666	0.8900000000012369	trials	port_entry
7490.679966666667	0.19000000000050932	trials	port_entry
7491.839933333333	0.360033333334286	trials	port_entry
7493.249966666666	0.18000000000029104	trials	port_entry
7494.15	1.3999999999996362	trials	reward_stimulus_presentation
7495.15	0.8000000000010914	trials	reward_delivery
7495.15	0.019966666666732635	trials	port_entry
7495.200000000001	0.05999999999949068	trials	port_entry
7495.450000000001	0.11999999999898137	trials	port_entry
7496.040000000001	0.20999999999912689	trials	port_entry
7496.27	4.260000000000218	trials	port_entry
7500.620000000001	0.7099999999991269	trials	port_entry
7501.41	0.049999999999272404	trials	port_entry
7501.6	0.07999999999992724	trials	port_entry
7501.799999999999	0.9700000000011642	trials	port_entry
7502.92	0.020000000000436557	trials	port_entry
7503.389999999999	0.22000000000116415	trials	port_entry
7503.629999999999	0.6400333333349408	trials	port_entry
7504.379999999999	0.07999999999992724	trials	port_entry
7510.070066666667	2.2498999999988882	trials	port_entry
7513.980033333333	1.6300333333329036	trials	port_entry
7518.860066666666	1.640000000001237	trials	port_entry
7520.6700666666675	0.33999999999832653	trials	port_entry
7521.220066666667	0.05999999999949068	trials	port_entry
7521.400066666667	0.1000000000003638	trials	port_entry
7544.420133333333	0.12000000000080036	trials	port_entry
7544.600133333333	1.3900333333331218	trials	port_entry
7584.150266666667	6.730033333333267	trials	reward_stimulus_presentation
7585.150299999999	0.7999666666673875	trials	reward_delivery
7590.480299999999	2.6300000000010186	trials	port_entry
7593.130300000001	0.3999999999996362	trials	port_entry
7594.300300000001	0.049999999999272404	trials	port_entry
7631.3903666666665	0.8300666666655161	trials	port_entry
7632.260433333333	2.569999999999709	trials	port_entry
7634.850433333333	0.06999999999970896	trials	port_entry
7634.950433333333	0.1499999999996362	trials	port_entry
7670.460533333333	3.000033333333704	trials	port_entry
7674.150566666667	20.000033333331885	trials	neutral_stimulus_presentation
7675.2405666666655	0.48000000000138243	trials	port_entry
7675.770499999999	0.09006666666755336	trials	port_entry
7675.920566666666	0.23000000000138243	trials	port_entry
7676.230533333333	2.0200333333323215	trials	port_entry
7678.750566666666	0.7900000000008731	trials	port_entry
7679.680566666666	0.2900000000008731	trials	port_entry
7680.000566666666	0.33003333333363116	trials	port_entry
7710.430666666667	0.7599333333328104	trials	port_entry
7712.170666666667	0.049999999999272404	trials	port_entry
7715.7207	0.13999999999941792	trials	port_entry
7716.290666666666	0.08003333333363116	trials	port_entry
7716.700699999999	0.03996666666716919	trials	port_entry
7755.060833333333	0.37000000000080036	trials	port_entry
7755.510833333334	0.019966666666732635	trials	port_entry
7755.5507333333335	0.06009999999878346	trials	port_entry
7757.510766666666	0.05999999999949068	trials	port_entry
7757.620766666667	0.14006666666682577	trials	port_entry
7757.800799999999	0.4700333333330491	trials	port_entry
7758.290833333333	0.07993333333433839	trials	port_entry
7764.150866666667	20.0017666666663	trials	shock_stimulus_presentation
7783.9509333333335	0.2999666666655685	trials	shock_relay
7785.9509333333335	3.0900000000001455	trials	port_entry
7789.470933333332	0.06000000000130967	trials	port_entry
7789.550933333332	0.07000000000152795	trials	port_entry
7790.390933333332	1.390000000001237	trials	port_entry
7791.800933333332	0.12000000000080036	trials	port_entry
7792.680933333333	0.5200000000004366	trials	port_entry
7793.220933333332	0.06000000000130967	trials	port_entry
7794.620933333334	0.2600000000002183	trials	port_entry
7794.970933333332	0.1500000000014552	trials	port_entry
7827.330966666666	0.6100999999998749	trials	port_entry
7849.1511666666665	3.8299333333325194	trials	reward_stimulus_presentation
7850.151133333333	0.7999999999992724	trials	reward_delivery
7852.581099999999	0.07999999999992724	trials	port_entry
7852.711133333332	3.9200333333337767	trials	port_entry
7856.691133333334	0.12999999999919964	trials	port_entry
7856.951166666666	0.029966666666950914	trials	port_entry
7857.001133333333	0.4899999999997817	trials	port_entry
7858.481133333333	0.020000000000436557	trials	port_entry
7858.521133333334	0.4000333333333401	trials	port_entry
7861.781166666666	0.020000000000436557	trials	port_entry
7861.821166666667	0.06999999999970896	trials	port_entry
7861.961166666666	0.31999999999970896	trials	port_entry
7862.311166666666	0.05999999999949068	trials	port_entry
7865.4011666666665	1.6900333333323942	trials	port_entry
7867.1612000000005	0.12996666666549572	trials	port_entry
7867.691166666666	0.23999999999978172	trials	port_entry
7869.961166666666	0.020000000000436557	trials	port_entry
7870.721166666666	0.11003333333246701	trials	port_entry
7901.701299999999	1.25	trials	port_entry
7903.0013	0.5900000000001455	trials	port_entry
7905.461266666667	0.8699999999989814	trials	port_entry
7918.641299999999	0.13003333333290357	trials	port_entry
7918.811299999999	1.0900333333338494	trials	port_entry
7920.001333333334	0.039999999999054126	trials	port_entry
7922.561333333333	0.1000000000003638	trials	port_entry
7922.911366666665	0.7399666666678968	trials	port_entry
7927.231399999999	0.21996666666746023	trials	port_entry
7927.491366666667	0.8499999999985448	trials	port_entry
7928.361333333332	0.1600333333335584	trials	port_entry
7928.541366666666	0.07999999999992724	trials	port_entry
7928.811366666667	0.03003333333253977	trials	port_entry
7929.0013666666655	0.06000000000130967	trials	port_entry
7929.101366666666	0.5300333333343588	trials	port_entry
7931.4714	0.37999999999919964	trials	port_entry
7931.891299999999	0.5900999999994383	trials	port_entry
7932.8014	0.0799333333325194	trials	port_entry
7939.1514333333325	20.001500000000306	trials	shock_stimulus_presentation
7958.951366666666	0.3000333333329763	trials	shock_relay
7972.091466666667	0.20996666666542296	trials	port_entry
7972.341466666667	0.18000000000029104	trials	port_entry
7972.541466666666	1.2700000000004366	trials	port_entry
7973.961499999999	0.03996666666716919	trials	port_entry
8015.661666666667	3.5900333333320305	trials	port_entry
8020.581699999999	0.17000000000007276	trials	port_entry
8020.771666666666	1.220033333333049	trials	port_entry
8022.011666666665	0.38003333333472256	trials	port_entry
8034.151733333332	1.680000000000291	trials	reward_stimulus_presentation
8035.151733333332	0.8000000000010914	trials	reward_delivery
8035.431733333333	11.040000000000873	trials	port_entry
8047.241766666666	0.21999999999934516	trials	port_entry
8047.481766666666	1.2700000000004366	trials	port_entry
8048.891766666666	0.3100000000013097	trials	port_entry
8050.1718	3.0	trials	port_entry
8053.3318	2.2299999999995634	trials	port_entry
8055.631799999999	0.030000000000654836	trials	port_entry
8055.681766666667	0.050033333332976326	trials	port_entry
8056.7518	1.359999999998763	trials	port_entry
8058.131799999999	0.07999999999992724	trials	port_entry
8058.381799999999	0.1000000000003638	trials	port_entry
8058.531799999999	0.37000000000080036	trials	port_entry
8059.1018	0.060033333333194605	trials	port_entry
8059.201833333333	0.06996666666782403	trials	port_entry
8061.5218	0.12003333333268529	trials	port_entry
8061.721833333333	0.930000000000291	trials	port_entry
8062.691833333332	0.17990000000099826	trials	port_entry
8062.941833333332	0.4099999999998545	trials	port_entry
8063.371766666667	0.3800666666666075	trials	port_entry
8063.921766666666	0.1300666666666075	trials	port_entry
8064.141833333333	0.4499666666670237	trials	port_entry
8124.152033333334	20.000033333331885	trials	neutral_stimulus_presentation
8127.751933333333	0.07003333333341288	trials	port_entry
8127.911966666667	0.2300666666669713	trials	port_entry
8128.162	1.0999666666666599	trials	port_entry
8129.942033333333	0.05993333333390183	trials	port_entry
8146.232066666666	0.39003333333312185	trials	port_entry
8146.6621	0.49993333333259216	trials	port_entry
8147.212099999999	0.029966666666950914	trials	port_entry
8147.2721	0.05999999999949068	trials	port_entry
8148.5921	1.5098999999991065	trials	port_entry
8150.122099999999	0.9000000000014552	trials	port_entry
8151.1420333333335	0.7800666666662437	trials	port_entry
8152.052099999999	0.06999999999970896	trials	port_entry
8165.6420333333335	1.7400999999990745	trials	port_entry
8167.562133333333	0.9099999999998545	trials	port_entry
8168.542166666666	1.3400000000001455	trials	port_entry
8169.912166666667	0.06996666666600504	trials	port_entry
8172.122166666666	0.020000000000436557	trials	port_entry
8172.212099999999	0.720066666666753	trials	port_entry
8172.982099999999	0.1000000000003638	trials	port_entry
8174.672166666665	0.48993333333419287	trials	port_entry
8177.192166666666	0.43000000000029104	trials	port_entry
8177.682199999999	0.14996666666775127	trials	port_entry
8177.862166666666	0.03993333333346527	trials	port_entry
8178.132166666666	0.12003333333268529	trials	port_entry
8181.432199999999	0.5200000000004366	trials	port_entry
8198.342233333333	0.45993333333353803	trials	port_entry
8198.822233333332	1.6599666666679695	trials	port_entry
8200.632166666666	0.36006666666617093	trials	port_entry
8204.1522	2.390066666665007	trials	reward_stimulus_presentation
8205.152266666666	0.7999333333336835	trials	reward_delivery
8206.1422	5.380099999998492	trials	port_entry
8211.5422	0.790033333332758	trials	port_entry
8212.412199999999	0.10010000000147556	trials	port_entry
8212.6022	0.060033333333194605	trials	port_entry
8212.742266666666	0.709966666667242	trials	port_entry
8213.6922	0.6000333333340677	trials	port_entry
8214.3123	0.049999999999272404	trials	port_entry
8214.382233333334	0.09006666666573437	trials	port_entry
8214.5423	0.13993333333382907	trials	port_entry
8214.7123	0.6499999999996362	trials	port_entry
8217.952299999999	1.3798999999999069	trials	port_entry
8219.412266666666	0.1300666666666075	trials	port_entry
8219.5622	0.6200666666663892	trials	port_entry
8224.192266666667	1.1099666666668782	trials	port_entry
8225.3423	0.17999999999847205	trials	port_entry
8225.542233333334	0.27999999999883585	trials	port_entry
8225.972233333332	0.23000000000138243	trials	port_entry
8226.232233333332	0.1400000000012369	trials	port_entry
8230.752366666666	1.569999999999709	trials	port_entry
8232.3424	0.11996666666709643	trials	port_entry
8233.782366666666	1.6200000000008004	trials	port_entry
8236.502366666666	0.050000000001091394	trials	port_entry
8236.672366666666	1.250033333333704	trials	port_entry
8239.5224	0.11999999999898137	trials	port_entry
8239.7524	1.1900000000005093	trials	port_entry
8242.7524	0.040000000000873115	trials	port_entry
8242.812399999999	1.1300000000010186	trials	port_entry
8245.052399999999	0.9000000000014552	trials	port_entry
8248.082433333333	0.1000000000003638	trials	port_entry
8248.2624	1.250033333333704	trials	port_entry
8253.202433333332	0.1500000000014552	trials	port_entry
8253.422433333333	1.639999999999418	trials	port_entry
8255.142433333333	2.5200333333341405	trials	port_entry
8258.542466666666	1.2399999999997817	trials	port_entry
8259.912466666667	0.029999999998835847	trials	port_entry
8260.612466666666	0.17996666666658712	trials	port_entry
8260.812466666666	3.6700000000000728	trials	port_entry
8265.012466666667	0.13999999999941792	trials	port_entry
8265.202466666666	1.8299999999999272	trials	port_entry
8268.582466666667	2.610033333332467	trials	port_entry
8275.2925	0.15999999999985448	trials	port_entry
8275.4925	1.0499999999992724	trials	port_entry
8276.592499999999	2.4400000000005093	trials	port_entry
8279.0625	0.43003333333217597	trials	port_entry
8287.522533333333	0.18000000000029104	trials	port_entry
8288.462533333333	0.1999999999989086	trials	port_entry
8288.712533333333	0.7899999999990541	trials	port_entry
8290.232533333334	0.029999999998835847	trials	port_entry
8290.372566666667	0.09000000000014552	trials	port_entry
8290.752566666666	0.3600000000005821	trials	port_entry
8294.152566666666	1.7300000000013824	trials	reward_stimulus_presentation
8295.152566666666	0.8000000000010914	trials	reward_delivery
8295.482566666666	0.13000000000101863	trials	port_entry
8295.852566666666	0.9599999999991269	trials	port_entry
8296.912566666666	0.1000000000003638	trials	port_entry
8297.122599999999	8.140000000001237	trials	port_entry
8305.3126	0.06999999999970896	trials	port_entry
8305.4926	0.15993333333244664	trials	port_entry
8305.6926	0.17000000000007276	trials	port_entry
8306.0326	2.069999999999709	trials	port_entry
8310.7826	0.9000333333333401	trials	port_entry
8313.422633333334	0.09000000000014552	trials	port_entry
8317.422633333334	0.13999999999941792	trials	port_entry
8317.632633333333	0.05999999999949068	trials	port_entry
8317.782633333332	0.15999999999985448	trials	port_entry
8318.002633333334	0.12999999999919964	trials	port_entry
8318.362633333332	0.1400000000012369	trials	port_entry
8318.592633333334	0.5199999999986176	trials	port_entry
8321.512633333334	0.15003333333334012	trials	port_entry
8321.692633333332	2.6300333333347226	trials	port_entry
8324.592666666666	0.6200000000008004	trials	port_entry
8325.2827	0.1799333333328832	trials	port_entry
8325.492666666667	0.019999999998617568	trials	port_entry
8391.212833333333	1.150066666667044	trials	port_entry
8392.392866666667	0.05999999999949068	trials	port_entry
8392.502833333332	0.019966666666732635	trials	port_entry
8392.562766666666	0.0700666666671168	trials	port_entry
8392.912866666666	0.21000000000094587	trials	port_entry
8394.152866666665	20.000066666667408	trials	neutral_stimulus_presentation
8428.452966666666	0.39003333333312185	trials	port_entry
8428.862966666666	1.0900000000001455	trials	port_entry
8430.782966666666	0.8400000000001455	trials	port_entry
8434.383	1.3000666666666802	trials	port_entry
8468.283133333332	0.28000000000065484	trials	port_entry
8468.5931	1.7799999999988358	trials	port_entry
8470.5031	0.049999999999272404	trials	port_entry
8472.553033333334	0.7699999999986176	trials	port_entry
8484.153066666666	3.9601333333339426	trials	reward_stimulus_presentation
8485.153166666667	0.7999999999992724	trials	reward_delivery
8487.713066666667	0.3401333333331422	trials	port_entry
8488.073166666667	4.460033333332831	trials	port_entry
8492.573199999999	0.040000000000873115	trials	port_entry
8492.6332	0.12999999999919964	trials	port_entry
8492.7832	0.819999999999709	trials	port_entry
8494.9732	1.0300333333325398	trials	port_entry
8496.063199999999	0.040000000000873115	trials	port_entry
8497.813199999999	1.3400000000001455	trials	port_entry
8499.1732	0.05999999999949068	trials	port_entry
8525.7833	5.680000000000291	trials	port_entry
8566.893366666667	0.1900999999998021	trials	port_entry
8567.133433333333	0.8700000000008004	trials	port_entry
8568.023433333334	0.5399666666653502	trials	port_entry
8568.613466666666	1.1599999999998545	trials	port_entry
8569.883466666666	0.0799333333325194	trials	port_entry
8572.033466666666	0.9899999999997817	trials	port_entry
8573.213433333332	0.6300333333329036	trials	port_entry
8574.1535	20.001733333332595	trials	shock_stimulus_presentation
8593.953533333333	0.2999999999992724	trials	shock_relay
8664.1538	9.549999999999272	trials	reward_stimulus_presentation
8665.153766666666	0.7999999999992724	trials	reward_delivery
8673.3038	0.4500000000007276	trials	port_entry
8673.773799999999	0.3000000000010914	trials	port_entry
8674.2438	0.09000000000014552	trials	port_entry
8674.6538	0.05999999999949068	trials	port_entry
8677.513799999999	1.1300000000010186	trials	port_entry
8678.773799999999	0.040000000000873115	trials	port_entry
8685.723833333333	0.2999999999992724	trials	port_entry
8686.223833333333	0.06999999999970896	trials	port_entry
8686.353833333333	0.9200000000000728	trials	port_entry
8688.913833333332	0.32999999999992724	trials	port_entry
8689.293833333333	0.18003333333217597	trials	port_entry
8690.773866666666	0.680000000000291	trials	port_entry
8707.4039	0.06999999999970896	trials	port_entry
8707.4939	1.069999999999709	trials	port_entry
8708.6139	0.07999999999992724	trials	port_entry
8708.8639	1.2799999999988358	trials	port_entry
8710.1639	0.02003333333414048	trials	port_entry
8713.0939	0.7800333333325398	trials	port_entry
8713.943933333332	0.09000000000014552	trials	port_entry
8714.353933333334	0.20999999999912689	trials	port_entry
8718.413933333333	1.2700000000004366	trials	port_entry
8721.223966666666	0.09000000000014552	trials	port_entry
8721.3339	0.4300666666658799	trials	port_entry
8722.453966666666	1.0799999999999272	trials	port_entry
8723.553966666666	0.11996666666709643	trials	port_entry
8726.013966666666	1.320000000001528	trials	port_entry
8727.483966666667	0.1000000000003638	trials	port_entry
8727.633899999999	1.040066666666462	trials	port_entry
8728.993966666667	0.029999999998835847	trials	port_entry
8749.154066666666	11.639999999999418	trials	reward_stimulus_presentation
8750.154033333332	0.8000000000010914	trials	reward_delivery
8760.394066666666	0.47000000000116415	trials	port_entry
8761.324066666666	0.02003333333414048	trials	port_entry
8761.6541	0.039999999999054126	trials	port_entry
8761.884066666666	0.5100000000002183	trials	port_entry
8762.514066666667	0.039999999999054126	trials	port_entry
8762.7141	0.1000000000003638	trials	port_entry
8762.834066666666	0.5900333333338494	trials	port_entry
8804.294233333332	1.7400000000016007	trials	port_entry
8806.294233333332	0.4600000000009459	trials	port_entry
8806.814233333333	0.5900000000001455	trials	port_entry
8807.424233333333	0.039999999999054126	trials	port_entry
8808.994233333333	0.06999999999970896	trials	port_entry
8809.084233333333	0.6000000000003638	trials	port_entry
8809.734233333333	0.050000000001091394	trials	port_entry
8812.304233333332	0.9100333333335584	trials	port_entry
8815.174266666667	2.289999999999054	trials	port_entry
8817.504266666667	0.029999999998835847	trials	port_entry
8819.324266666667	0.8899999999994179	trials	port_entry
8839.154366666666	20.00170000000071	trials	shock_stimulus_presentation
8850.154366666666	0.1000000000003638	trials	port_entry
8850.704333333333	8.470066666666753	trials	port_entry
8858.954366666667	0.2999999999992724	trials	shock_relay
8934.154566666666	11.27003333333414	trials	reward_stimulus_presentation
8935.154633333334	0.7999999999992724	trials	reward_delivery
8945.024666666666	0.32999999999992724	trials	port_entry
8945.524666666666	3.790000000000873	trials	port_entry
8949.504666666666	0.07999999999992724	trials	port_entry
8949.674666666666	0.06999999999970896	trials	port_entry
8949.794666666667	0.8500000000003638	trials	port_entry
8966.134733333332	0.9099666666679695	trials	port_entry
8967.344633333332	0.040000000000873115	trials	port_entry
8969.824733333333	0.37000000000080036	trials	port_entry
8970.304733333332	1.0799999999999272	trials	port_entry
8971.404733333333	0.030000000000654836	trials	port_entry
8971.464733333332	0.23999999999978172	trials	port_entry
8997.544833333333	1.1999999999989086	trials	port_entry
9001.444833333333	1.2800000000006548	trials	port_entry
9002.744833333332	0.13000000000101863	trials	port_entry
9002.954833333333	0.8400000000001455	trials	port_entry
9005.384833333334	0.05999999999949068	trials	port_entry
9005.534866666667	0.04996666666556848	trials	port_entry
9020.6049	0.3499999999985448	trials	port_entry
9020.9749	1.1900000000005093	trials	port_entry
9024.154933333333	20.001399999999194	trials	shock_stimulus_presentation
9041.004966666665	1.2300000000013824	trials	port_entry
9043.954966666666	0.3000333333329763	trials	shock_relay
9104.155166666666	7.120033333334504	trials	reward_stimulus_presentation
9105.155166666666	0.8000000000010914	trials	reward_delivery
9110.8752	1.889999999999418	trials	port_entry
9112.8252	0.15999999999985448	trials	port_entry
9113.055199999999	0.02003333333414048	trials	port_entry
9113.0952	0.5599999999994907	trials	port_entry
9113.725233333333	0.6900000000005093	trials	port_entry
9116.315233333333	1.1599999999998545	trials	port_entry
9118.725233333333	0.14003333333312185	trials	port_entry
9147.555333333334	0.6599999999998545	trials	port_entry
9185.955466666666	0.8099999999994907	trials	port_entry
9186.815466666667	0.1499999999996362	trials	port_entry
9194.155499999999	19.999966666668115	trials	neutral_stimulus_presentation
9234.015533333333	1.8700333333326853	trials	port_entry
9272.285633333333	1.2399999999997817	trials	port_entry
9273.565633333334	0.13003333333290357	trials	port_entry
9273.765633333333	0.040000000000873115	trials	port_entry
9294.155833333332	11.630000000001019	trials	reward_stimulus_presentation
9295.155833333332	0.7999666666673875	trials	reward_delivery
9305.385833333334	2.179999999998472	trials	port_entry
9307.655833333332	0.040000000000873115	trials	port_entry
9307.715766666666	0.04006666666646197	trials	port_entry
9307.935833333333	0.020000000000436557	trials	port_entry
9307.975833333332	0.5300000000006548	trials	port_entry
9310.5158	0.5600666666668985	trials	port_entry
9311.095766666665	0.07010000000082073	trials	port_entry
9335.965933333333	0.15999999999985448	trials	port_entry
9336.235933333333	0.27000000000043656	trials	port_entry
9336.535933333333	0.06999999999970896	trials	port_entry
9336.625933333333	0.6599999999998545	trials	port_entry
9339.405933333333	1.040033333332758	trials	port_entry
9340.515933333332	0.060033333333194605	trials	port_entry
9340.645933333333	0.06996666666600504	trials	port_entry
9340.7659	0.03006666666624369	trials	port_entry
9340.985966666667	1.0799666666662233	trials	port_entry
9343.745933333334	0.24003333333348564	trials	port_entry
9384.1561	1.8799999999991996	trials	reward_stimulus_presentation
9385.1561	0.7999999999992724	trials	reward_delivery
9385.6361	0.06999999999970896	trials	port_entry
9385.8061	6.820033333333413	trials	port_entry
9392.6561	1.4100333333335584	trials	port_entry
9396.346133333333	1.360000000000582	trials	port_entry
9398.696133333333	0.040000000000873115	trials	port_entry
9398.886133333333	0.6499999999996362	trials	port_entry
9447.9363	1.5599999999994907	trials	port_entry
9449.546266666666	0.7499333333325922	trials	port_entry
9450.316233333333	0.09006666666573437	trials	port_entry
9474.1564	1.5299999999988358	trials	reward_stimulus_presentation
9475.156366666666	0.8000333333329763	trials	reward_delivery
9475.286399999999	7.0200333333341405	trials	port_entry
9482.3264	0.17000000000007276	trials	port_entry
9491.016433333332	1.819999999999709	trials	port_entry
9492.906466666665	1.249966666668115	trials	port_entry
9494.186466666666	0.5399666666671692	trials	port_entry
9525.3765	0.7300666666651523	trials	port_entry
9564.156666666666	3.169933333334484	trials	reward_stimulus_presentation
9565.156666666666	0.8000000000010914	trials	reward_delivery
9566.926666666666	0.1899666666668054	trials	port_entry
9567.146633333334	4.05006666666668	trials	port_entry
9571.216633333333	0.029999999998835847	trials	port_entry
9571.2767	0.1499999999996362	trials	port_entry
9571.4967	0.06999999999970896	trials	port_entry
9572.716699999999	1.0100000000002183	trials	port_entry
9580.4367	1.929999999998472	trials	port_entry
9583.1767	0.03003333333253977	trials	port_entry
9583.3367	0.45003333333261253	trials	port_entry
9583.826733333333	0.14996666666593228	trials	port_entry
9593.586766666665	0.12000000000080036	trials	port_entry
9603.496799999999	0.3100000000013097	trials	port_entry
9629.296866666666	1.6599999999998545	trials	port_entry
9631.036866666665	0.110033333334286	trials	port_entry
9631.236866666666	0.049999999999272404	trials	port_entry
9649.156966666666	20.001600000001417	trials	shock_stimulus_presentation
9668.957	0.2999999999992724	trials	shock_relay
9693.6071	1.4500000000007276	trials	port_entry
9695.197066666666	0.04996666666738747	trials	port_entry
9702.017133333333	0.040000000000873115	trials	port_entry
9702.1171	0.34003333333384944	trials	port_entry
9739.157233333333	18.370033333332685	trials	reward_stimulus_presentation
9740.1572	0.8000333333329763	trials	reward_delivery
9757.1273	3.100000000000364	trials	port_entry
9760.2573	0.060033333333194605	trials	port_entry
9760.407299999999	0.050033333334795316	trials	port_entry
9760.8773	0.6700333333319577	trials	port_entry
9761.7273	0.03003333333253977	trials	port_entry
9762.957333333334	0.7199999999993452	trials	port_entry
9769.027333333333	1.1600333333335584	trials	port_entry
9770.307366666666	0.3000000000010914	trials	port_entry
9770.647333333332	0.44003333333421324	trials	port_entry
9771.107333333333	0.060033333333194605	trials	port_entry
9796.017366666667	1.3700666666663892	trials	port_entry
9798.367433333333	0.47999999999956344	trials	port_entry
9813.717499999999	0.6899666666668054	trials	port_entry
9834.157566666667	20.00006666666559	trials	neutral_stimulus_presentation
9866.607633333333	0.4299666666665871	trials	port_entry
9867.057633333334	0.7399333333323739	trials	port_entry
9887.557733333333	0.819999999999709	trials	port_entry
9888.457733333333	0.019966666666732635	trials	port_entry
9889.577666666666	0.040000000000873115	trials	port_entry
9889.677733333332	0.030000000000654836	trials	port_entry
9889.907733333333	0.049999999999272404	trials	port_entry
9911.997833333333	0.2999999999992724	trials	port_entry
9912.317799999999	1.1200000000008004	trials	port_entry
9914.637833333332	0.6400000000012369	trials	port_entry
9924.157866666666	20.00153333333401	trials	shock_stimulus_presentation
9943.9579	0.2999999999992724	trials	shock_relay
9961.187966666666	2.789999999999054	trials	port_entry
9963.997966666666	0.13000000000101863	trials	port_entry
9964.147966666666	1.0100333333339222	trials	port_entry
9965.217966666667	0.9599999999991269	trials	port_entry
9968.007966666666	0.790033333332758	trials	port_entry
9968.908	0.07999999999992724	trials	port_entry
9969.047999999999	0.9600000000009459	trials	port_entry
9971.778	0.039999999999054126	trials	port_entry
9980.498033333333	0.03996666666716919	trials	port_entry
9980.608033333332	0.6900000000005093	trials	port_entry
9981.318033333333	0.5300000000006548	trials	port_entry
9987.508033333334	2.1700333333319577	trials	port_entry
9990.398066666667	0.17986666666547535	trials	port_entry
10004.158133333332	10.470000000001164	trials	reward_stimulus_presentation
10005.158099999999	0.8000000000010914	trials	reward_delivery
10014.228133333332	0.5900000000001455	trials	port_entry
10014.848133333333	0.4099999999998545	trials	port_entry
10015.338133333333	0.11000000000058208	trials	port_entry
10015.468233333333	0.03989999999976135	trials	port_entry
10015.528133333333	0.7999999999992724	trials	port_entry
10016.348133333333	0.020000000000436557	trials	port_entry
10016.388133333332	1.2000000000007276	trials	port_entry
10018.728133333332	0.6500000000014552	trials	port_entry
10042.498233333334	0.7099999999991269	trials	port_entry
10043.288233333333	0.020000000000436557	trials	port_entry
10043.328233333334	0.049999999999272404	trials	port_entry
10043.928266666666	0.6799666666665871	trials	port_entry
10044.6282	0.04003333333457704	trials	port_entry
10046.748233333334	0.05999999999949068	trials	port_entry
10046.838233333332	0.020000000000436557	trials	port_entry
10060.018266666666	0.3899999999994179	trials	port_entry
10085.448333333334	1.2199999999993452	trials	port_entry
10094.158433333332	17.56000000000131	trials	reward_stimulus_presentation
10095.1584	0.7999999999992724	trials	reward_delivery
10111.318433333334	0.31999999999970896	trials	port_entry
10111.668366666667	0.03006666666624369	trials	port_entry
10111.758399999999	1.2400333333334856	trials	port_entry
10113.968366666666	0.6800666666676989	trials	port_entry
10115.0284	0.029966666666950914	trials	port_entry
10135.048533333333	2.2299333333339746	trials	port_entry
10138.508533333334	0.11999999999898137	trials	port_entry
10138.698533333332	1.0	trials	port_entry
10139.738533333333	0.20999999999912689	trials	port_entry
10139.968499999999	0.2100333333346498	trials	port_entry
10172.348566666666	1.2501000000011118	trials	port_entry
10173.628666666666	0.17993333333470218	trials	port_entry
10173.838633333333	0.8400333333338494	trials	port_entry
10174.698633333333	0.02003333333232149	trials	port_entry
10175.698533333332	0.29003333333457704	trials	port_entry
10176.158566666667	0.9899666666660778	trials	port_entry
10178.378633333334	0.3099999999994907	trials	port_entry
10178.938633333333	0.049999999999272404	trials	port_entry
10184.628666666666	1.110000000000582	trials	port_entry
10186.278699999999	0.7000000000007276	trials	port_entry
10194.158733333334	20.00006666666559	trials	reward_stimulus_presentation
10195.158733333334	0.7999999999992724	trials	reward_delivery
10215.738766666665	1.3500000000003638	trials	port_entry
10217.378766666667	0.6600333333335584	trials	port_entry
10253.518933333333	1.1900000000005093	trials	port_entry
10255.418933333332	0.10996666666687815	trials	port_entry
10255.908933333332	0.04993333333368355	trials	port_entry
10256.048933333333	0.029999999998835847	trials	port_entry
10256.108933333333	0.019966666666732635	trials	port_entry
10284.159	20.001933333333	trials	shock_stimulus_presentation
10303.959066666666	0.29993333333368355	trials	shock_relay
10305.759066666666	2.070033333333413	trials	port_entry
10317.659133333333	5.399999999999636	trials	port_entry
10323.079133333333	3.65003333333334	trials	port_entry
10326.769166666667	0.10999999999876309	trials	port_entry
10327.889166666666	0.3400000000001455	trials	port_entry
10328.269166666667	0.42999999999847205	trials	port_entry
10330.329166666666	0.1000000000003638	trials	port_entry
10330.499166666666	0.4400000000005093	trials	port_entry
10345.149233333334	0.05999999999949068	trials	port_entry
10347.029233333333	7.110000000000582	trials	port_entry
10361.519266666666	1.0400000000008731	trials	port_entry
10363.029266666666	0.049999999999272404	trials	port_entry
10363.149266666665	0.49003333333348564	trials	port_entry
10363.739233333334	0.09999999999854481	trials	port_entry
10370.0193	0.27999999999883585	trials	port_entry
10370.3493	0.03996666666716919	trials	port_entry
10370.4293	0.06999999999970896	trials	port_entry
10371.629299999999	0.7100000000009459	trials	port_entry
10372.479299999999	1.360000000000582	trials	port_entry
10374.159233333334	3.9100999999991473	trials	reward_stimulus_presentation
10375.159333333333	0.7998999999999796	trials	reward_delivery
10377.669333333333	0.1499999999996362	trials	port_entry
10385.569366666667	0.12999999999919964	trials	port_entry
10387.479366666666	0.07999999999992724	trials	port_entry
10387.709366666666	0.1000000000003638	trials	port_entry
10387.979366666666	0.11000000000058208	trials	port_entry
10388.109366666666	0.849900000001071	trials	port_entry
10391.029366666666	0.1400000000012369	trials	port_entry
10391.209366666666	0.06999999999970896	trials	port_entry
10391.479366666666	0.5799999999999272	trials	port_entry
10395.539366666666	0.8199333333341201	trials	port_entry
10401.239333333333	0.11006666666617093	trials	port_entry
10401.409333333333	0.5000666666674078	trials	port_entry
10403.589366666667	0.3000333333329763	trials	port_entry
10431.279499999999	2.720000000001164	trials	port_entry
10434.119499999999	0.040000000000873115	trials	port_entry
10434.5795	0.7600000000002183	trials	port_entry
10435.3595	0.06999999999970896	trials	port_entry
10436.929533333332	0.680000000000291	trials	port_entry
10439.109533333332	0.040000000000873115	trials	port_entry
10439.169533333334	0.07999999999992724	trials	port_entry
10451.579566666665	0.6100000000005821	trials	port_entry
10452.339566666666	0.22000000000116415	trials	port_entry
10452.899566666667	1.069999999999709	trials	port_entry
10454.129566666667	0.1000000000003638	trials	port_entry
10455.259566666666	1.110000000000582	trials	port_entry
10456.539566666666	0.39003333333312185	trials	port_entry
10457.0096	0.12000000000080036	trials	port_entry
10464.159599999999	20.000066666667408	trials	neutral_stimulus_presentation
10476.349633333333	0.7800333333325398	trials	port_entry
10477.979633333332	0.04003333333457704	trials	port_entry
10479.179666666667	0.3099999999994907	trials	port_entry
10506.939733333333	0.8500000000003638	trials	port_entry
10507.819733333334	1.0	trials	port_entry
10510.969766666667	0.0899666666664416	trials	port_entry
10511.119766666667	0.39993333333222836	trials	port_entry
10511.549766666667	0.07999999999992724	trials	port_entry
10511.8697	0.220066666666753	trials	port_entry
10512.159766666666	0.04996666666738747	trials	port_entry
10530.849733333333	1.0300999999999476	trials	port_entry
10532.189766666666	1.830066666667335	trials	port_entry
10534.999833333333	0.22999999999956344	trials	port_entry
10549.159899999999	14.350033333334068	trials	reward_stimulus_presentation
10550.159866666667	0.7999999999992724	trials	reward_delivery
10563.109933333333	0.12999999999919964	trials	port_entry
10563.309933333332	0.2400000000016007	trials	port_entry
10563.599933333333	0.019966666666732635	trials	port_entry
10564.739933333332	0.030000000000654836	trials	port_entry
10565.229933333332	0.050000000001091394	trials	port_entry
10565.439933333333	0.05999999999949068	trials	port_entry
10565.649933333332	0.050000000001091394	trials	port_entry
10599.170033333334	1.25	trials	port_entry
10601.570066666667	0.049999999999272404	trials	port_entry
10621.3001	1.1500333333333401	trials	port_entry
10639.160166666667	20.00006666666559	trials	neutral_stimulus_presentation
10642.100166666667	1.3399999999983265	trials	port_entry
10643.500166666667	0.09000000000014552	trials	port_entry
10643.680166666667	0.5	trials	port_entry
10644.2001	0.7300999999988562	trials	port_entry
10645.100166666667	0.20999999999912689	trials	port_entry
10665.500233333332	0.39003333333312185	trials	port_entry
10665.910233333332	1.930000000000291	trials	port_entry
10667.940233333333	0.030000000000654836	trials	port_entry
10689.100333333334	0.2899999999990541	trials	port_entry
10689.420333333333	0.6999999999989086	trials	port_entry
10692.530366666666	0.4299666666665871	trials	port_entry
10708.060366666667	0.14003333333312185	trials	port_entry
10708.220366666666	0.11000000000058208	trials	port_entry
10708.360366666666	1.0	trials	port_entry
10728.9604	0.19006666666609817	trials	port_entry
10729.180466666667	0.7999999999992724	trials	port_entry
10730.310466666666	0.020000000000436557	trials	port_entry
10734.1605	20.001500000000306	trials	shock_stimulus_presentation
10753.960533333333	0.2999999999992724	trials	shock_relay
10807.0307	1.7600333333339222	trials	port_entry
10809.040733333333	0.5900000000001455	trials	port_entry
10811.000733333332	0.5300000000006548	trials	port_entry
10813.900733333332	0.790033333334577	trials	port_entry
10814.720766666665	0.10996666666687815	trials	port_entry
10814.850733333333	0.020000000000436557	trials	port_entry
10814.910733333332	0.11000000000058208	trials	port_entry
10823.310766666666	0.6900000000005093	trials	port_entry
10824.1608	20.0	trials	neutral_stimulus_presentation
10825.530766666667	0.17000000000007276	trials	port_entry
10825.960799999999	0.3500000000003638	trials	port_entry
10826.5908	0.4299666666665871	trials	port_entry
10827.4008	0.019966666666732635	trials	port_entry
10827.5808	0.1499999999996362	trials	port_entry
10828.5208	0.10999999999876309	trials	port_entry
10829.1808	1.8398999999990338	trials	port_entry
10831.0708	0.1499999999996362	trials	port_entry
10831.2508	1.9499999999989086	trials	port_entry
10833.550799999999	0.11000000000058208	trials	port_entry
10833.710799999999	0.020000000000436557	trials	port_entry
10833.7608	1.7999999999992724	trials	port_entry
10837.510833333334	0.019999999998617568	trials	port_entry
10837.650833333333	0.11999999999898137	trials	port_entry
10837.990833333333	2.029999999998836	trials	port_entry
10840.320833333333	0.6299999999991996	trials	port_entry
10841.030833333332	0.050000000001091394	trials	port_entry
10841.120833333332	0.3000000000010914	trials	port_entry
10842.5108	0.39003333333312185	trials	port_entry
10842.920833333334	0.049999999999272404	trials	port_entry
10843.1108	2.0200333333323215	trials	port_entry
10845.380833333333	0.5	trials	port_entry
10849.3009	1.3499666666666599	trials	port_entry
10850.680866666666	0.020000000000436557	trials	port_entry
10851.220866666667	0.32999999999992724	trials	port_entry
10851.960866666666	0.8099999999994907	trials	port_entry
10879.720966666666	1.3000000000010914	trials	port_entry
10881.750966666666	0.21999999999934516	trials	port_entry
10882.450966666665	0.050000000001091394	trials	port_entry
10882.550966666666	0.4400000000005093	trials	port_entry
10904.161066666666	20.001100000001315	trials	shock_stimulus_presentation
10904.231033333333	0.23999999999978172	trials	port_entry
10904.571033333334	0.049999999999272404	trials	port_entry
10923.9611	0.2999999999992724	trials	shock_relay
10925.5711	2.4799999999995634	trials	port_entry
10928.4611	1.5300333333325398	trials	port_entry
10930.0311	0.09999999999854481	trials	port_entry
10939.511166666667	1.3799999999991996	trials	port_entry
10941.171166666667	3.0900000000001455	trials	port_entry
10944.401166666667	1.1499999999996362	trials	port_entry
10945.571166666667	0.22999999999956344	trials	port_entry
10945.871166666666	0.050000000001091394	trials	port_entry
10946.291166666666	0.4099999999998545	trials	port_entry
10962.021233333333	0.12999999999919964	trials	port_entry
10962.171233333333	0.029966666666950914	trials	port_entry
10962.291233333333	0.05999999999949068	trials	port_entry
10962.461233333333	0.32999999999992724	trials	port_entry
10983.9713	0.020000000000436557	trials	port_entry
10994.161333333333	7.559999999999491	trials	reward_stimulus_presentation
10995.161333333333	0.7999999999992724	trials	reward_delivery
11001.321333333333	5.330033333333631	trials	port_entry
11006.671366666666	1.3500000000003638	trials	port_entry
11008.041366666666	3.260033333333922	trials	port_entry
11011.551366666667	0.9200333333337767	trials	port_entry
11012.531366666666	0.08003333333363116	trials	port_entry
11012.7714	1.5499999999992724	trials	port_entry
11016.2714	0.05999999999949068	trials	port_entry
11016.4714	0.569999999999709	trials	port_entry
11017.311399999999	0.22000000000116415	trials	port_entry
11017.9514	0.09000000000014552	trials	port_entry
11077.2616	0.9099999999998545	trials	port_entry
11233.253666666666	0.10010000000147556	trials	phototagging
11234.254466666665	0.10006666666777164	trials	phototagging
11235.255266666667	0.10006666666595265	trials	phototagging
11236.256066666667	0.10006666666595265	trials	phototagging
11237.256833333333	0.10009999999965657	trials	phototagging
11238.257633333333	0.10006666666777164	trials	phototagging
11239.258433333333	0.10006666666777164	trials	phototagging
11240.2592	0.10009999999965657	trials	phototagging
11241.26	0.10009999999965657	trials	phototagging
11242.2608	0.10006666666595265	trials	phototagging
11243.2616	0.10006666666595265	trials	phototagging
11244.2624	0.10006666666595265	trials	phototagging
11255.2711	0.004999999999199645	trials	phototagging
11255.2811	0.004999999999199645	trials	phototagging
11255.2911	0.004999999999199645	trials	phototagging
11255.301133333332	0.005000000001018634	trials	phototagging
11255.311133333333	0.005000000001018634	trials	phototagging
11255.321133333333	0.004999999999199645	trials	phototagging
11255.331133333333	0.004999999999199645	trials	phototagging
11255.341166666667	0.004999999999199645	trials	phototagging
11255.351166666665	0.005000000001018634	trials	phototagging
11255.361166666666	0.005000000001018634	trials	phototagging
11255.371166666666	0.005000000001018634	trials	phototagging
11255.381166666666	0.005033333332903567	trials	phototagging
11255.3912	0.004999999999199645	trials	phototagging
11255.4012	0.004999999999199645	trials	phototagging
11255.4112	0.004999999999199645	trials	phototagging
11255.421199999999	0.005033333334722556	trials	phototagging
11255.431233333333	0.005000000001018634	trials	phototagging
11255.441233333333	0.004999999999199645	trials	phototagging
11255.451233333333	0.004999999999199645	trials	phototagging
11255.461233333333	0.005033333332903567	trials	phototagging
11255.471266666666	0.005000000001018634	trials	phototagging
11255.481266666666	0.005000000001018634	trials	phototagging
11255.491266666666	0.005000000001018634	trials	phototagging
11255.501266666666	0.005033333332903567	trials	phototagging
11255.5113	0.004999999999199645	trials	phototagging
11255.5213	0.004999999999199645	trials	phototagging
11255.531299999999	0.005000000001018634	trials	phototagging
11255.541299999999	0.005033333334722556	trials	phototagging
11255.551333333333	0.004999999999199645	trials	phototagging
11255.561333333333	0.004999999999199645	trials	phototagging
11265.579266666666	0.010000000000218279	trials	phototagging
11265.679333333333	0.010000000000218279	trials	phototagging
11265.7794	0.0100333333339222	trials	phototagging
11265.8795	0.010000000000218279	trials	phototagging
11265.979566666667	0.010000000000218279	trials	phototagging
11266.079633333333	0.0100333333339222	trials	phototagging
11266.179733333332	0.010000000000218279	trials	phototagging
11266.2798	0.010000000000218279	trials	phototagging
11266.3799	0.010000000000218279	trials	phototagging
11266.479966666666	0.010000000000218279	trials	phototagging
11266.580033333334	0.010033333332103211	trials	phototagging
11266.680133333333	0.010000000000218279	trials	phototagging
11266.7802	0.010000000000218279	trials	phototagging
11266.880266666667	0.010033333332103211	trials	phototagging
11266.980366666667	0.010000000000218279	trials	phototagging
11267.080433333333	0.010000000000218279	trials	phototagging
11267.180533333332	0.010000000000218279	trials	phototagging
11267.2806	0.010000000000218279	trials	phototagging
11267.380666666666	0.0100333333339222	trials	phototagging
11267.480766666666	0.010000000000218279	trials	phototagging
11267.580833333333	0.010000000000218279	trials	phototagging
11267.680933333333	0.010000000000218279	trials	phototagging
11267.780999999999	0.010000000000218279	trials	phototagging
11267.881066666667	0.010033333332103211	trials	phototagging
11267.981166666666	0.010000000000218279	trials	phototagging
11268.081233333332	0.010000000000218279	trials	phototagging
11268.1813	0.010033333332103211	trials	phototagging
11268.2814	0.010000000000218279	trials	phototagging
11268.381466666666	0.010000000000218279	trials	phototagging
11268.481533333334	0.010033333332103211	trials	phototagging
11278.589533333334	0.004999999999199645	trials	phototagging
11279.590333333334	0.004999999999199645	trials	phototagging
11280.591133333333	0.004999999999199645	trials	phototagging
11281.591933333333	0.004999999999199645	trials	phototagging
11282.592733333333	0.004999999999199645	trials	phototagging
11283.593499999999	0.005000000001018634	trials	phototagging
11284.594299999999	0.005000000001018634	trials	phototagging
11285.5951	0.004999999999199645	trials	phototagging
11286.595866666667	0.005033333332903567	trials	phototagging
11287.596666666666	0.004999999999199645	trials	phototagging
11288.597466666666	0.004999999999199645	trials	phototagging
11289.598266666666	0.005000000001018634	trials	phototagging
11290.599066666666	0.005000000001018634	trials	phototagging
11291.599833333334	0.004999999999199645	trials	phototagging
11292.600633333333	0.004999999999199645	trials	phototagging
11293.601433333333	0.004999999999199645	trials	phototagging
11294.6022	0.005033333332903567	trials	phototagging
11295.603	0.005033333332903567	trials	phototagging
11296.603799999999	0.005000000001018634	trials	phototagging
11297.604599999999	0.005000000001018634	trials	phototagging
11298.6054	0.004999999999199645	trials	phototagging
11299.606166666666	0.004999999999199645	trials	phototagging
11300.606966666666	0.004999999999199645	trials	phototagging
11301.607766666666	0.005000000001018634	trials	phototagging
11302.608566666666	0.005000000001018634	trials	phototagging
11303.609366666666	0.005000000001018634	trials	phototagging
11304.610133333334	0.004999999999199645	trials	phototagging
11305.610933333333	0.004999999999199645	trials	phototagging
11306.611733333333	0.004999999999199645	trials	phototagging
11307.612533333333	0.004999999999199645	trials	phototagging
11318.621233333333	0.004999999999199645	trials	phototagging
11319.622033333333	0.004999999999199645	trials	phototagging
11320.622833333333	0.004999999999199645	trials	phototagging
11321.623599999999	0.005033333334722556	trials	phototagging
11322.624399999999	0.005000000001018634	trials	phototagging
11323.6252	0.004999999999199645	trials	phototagging
11324.626	0.004999999999199645	trials	phototagging
11325.626766666666	0.004999999999199645	trials	phototagging
11326.627566666666	0.005000000001018634	trials	phototagging
11327.628366666666	0.005000000001018634	trials	phototagging
11328.629166666666	0.005000000001018634	trials	phototagging
11329.629933333334	0.004999999999199645	trials	phototagging
11330.630733333333	0.004999999999199645	trials	phototagging
11331.631533333333	0.004999999999199645	trials	phototagging
11332.632333333333	0.004999999999199645	trials	phototagging
11333.6331	0.005000000001018634	trials	phototagging
11334.633899999999	0.005000000001018634	trials	phototagging
11335.634699999999	0.005000000001018634	trials	phototagging
11336.6355	0.004999999999199645	trials	phototagging
11337.636266666666	0.004999999999199645	trials	phototagging
11338.637066666666	0.005033333332903567	trials	phototagging
11339.637866666666	0.005000000001018634	trials	phototagging
11340.638666666666	0.005000000001018634	trials	phototagging
11341.639466666666	0.005000000001018634	trials	phototagging
11342.640233333334	0.004999999999199645	trials	phototagging
11343.641033333333	0.004999999999199645	trials	phototagging
11344.641833333333	0.004999999999199645	trials	phototagging
11345.642633333333	0.004999999999199645	trials	phototagging
11346.643399999999	0.005033333334722556	trials	phototagging
11347.644199999999	0.005000000001018634	trials	phototagging
11358.652933333333	0.010000000000218279	trials	phototagging
11358.752999999999	0.010000000000218279	trials	phototagging
11358.853066666667	0.010033333332103211	trials	phototagging
11358.953166666666	0.010000000000218279	trials	phototagging
11359.053233333332	0.010000000000218279	trials	phototagging
11359.1533	0.010033333332103211	trials	phototagging
11359.2534	0.010000000000218279	trials	phototagging
11359.353466666666	0.010000000000218279	trials	phototagging
11359.453566666667	0.00999999999839929	trials	phototagging
11359.553633333333	0.010000000000218279	trials	phototagging
11359.653699999999	0.0100333333339222	trials	phototagging
11359.7538	0.00999999999839929	trials	phototagging
11359.853866666666	0.010000000000218279	trials	phototagging
11359.953933333332	0.0100333333339222	trials	phototagging
11360.054033333334	0.00999999999839929	trials	phototagging
11360.1541	0.010000000000218279	trials	phototagging
11360.2542	0.010000000000218279	trials	phototagging
11360.354266666665	0.010000000000218279	trials	phototagging
11360.454333333333	0.0100333333339222	trials	phototagging
11360.554433333333	0.010000000000218279	trials	phototagging
11360.654499999999	0.010000000000218279	trials	phototagging
11360.7546	0.010000000000218279	trials	phototagging
11360.854666666666	0.010000000000218279	trials	phototagging
11360.954733333332	0.0100333333339222	trials	phototagging
11361.0548	0.0100333333339222	trials	phototagging
11361.1549	0.010000000000218279	trials	phototagging
11361.255	0.010000000000218279	trials	phototagging
11361.355066666667	0.00999999999839929	trials	phototagging
11361.455133333333	0.0100333333339222	trials	phototagging
11361.555233333333	0.010000000000218279	trials	phototagging
11371.663233333333	0.005000000001018634	trials	phototagging
11372.663999999999	0.005033333334722556	trials	phototagging
11373.6648	0.004999999999199645	trials	phototagging
11374.6656	0.004999999999199645	trials	phototagging
11375.666366666666	0.005033333332903567	trials	phototagging
11376.667166666666	0.004999999999199645	trials	phototagging
11377.667966666666	0.005000000001018634	trials	phototagging
11378.668766666666	0.005000000001018634	trials	phototagging
11379.669566666666	0.005000000001018634	trials	phototagging
11380.670333333333	0.005033333332903567	trials	phototagging
11381.671133333333	0.004999999999199645	trials	phototagging
11382.671933333333	0.004999999999199645	trials	phototagging
11383.672733333333	0.004999999999199645	trials	phototagging
11384.673533333333	0.005000000001018634	trials	phototagging
11385.674299999999	0.005033333334722556	trials	phototagging
11386.6751	0.004999999999199645	trials	phototagging
11387.6759	0.004999999999199645	trials	phototagging
11388.6767	0.004999999999199645	trials	phototagging
11389.677466666666	0.005000000001018634	trials	phototagging
11390.678266666666	0.005000000001018634	trials	phototagging
11391.679066666666	0.005000000001018634	trials	phototagging
11392.679866666665	0.005000000001018634	trials	phototagging
11393.680666666667	0.0049666666654957226	trials	phototagging
11394.681433333333	0.004999999999199645	trials	phototagging
11395.682233333333	0.004999999999199645	trials	phototagging
11396.683033333333	0.005000000001018634	trials	phototagging
11397.683799999999	0.005033333334722556	trials	phototagging
11398.684599999999	0.005000000001018634	trials	phototagging
11399.6854	0.004999999999199645	trials	phototagging
11400.6862	0.004999999999199645	trials	phototagging
11411.6949	0.004999999999199645	trials	phototagging
11411.704899999999	0.005000000001018634	trials	phototagging
11411.714933333333	0.005000000001018634	trials	phototagging
11411.724933333333	0.004999999999199645	trials	phototagging
11411.734933333333	0.004999999999199645	trials	phototagging
11411.744933333333	0.004999999999199645	trials	phototagging
11411.754966666665	0.005000000001018634	trials	phototagging
11411.764966666666	0.005000000001018634	trials	phototagging
11411.774966666666	0.005000000001018634	trials	phototagging
11411.784966666666	0.004999999999199645	trials	phototagging
11411.795	0.004999999999199645	trials	phototagging
11411.805	0.004999999999199645	trials	phototagging
11411.814999999999	0.005000000001018634	trials	phototagging
11411.824999999999	0.005000000001018634	trials	phototagging
11411.835033333333	0.004999999999199645	trials	phototagging
11411.845033333333	0.004999999999199645	trials	phototagging
11411.855033333333	0.004999999999199645	trials	phototagging
11411.865033333333	0.004999999999199645	trials	phototagging
11411.875066666666	0.005000000001018634	trials	phototagging
11411.885066666666	0.005000000001018634	trials	phototagging
11411.895066666666	0.005000000001018634	trials	phototagging
11411.905066666666	0.004999999999199645	trials	phototagging
11411.915066666666	0.005033333332903567	trials	phototagging
11411.9251	0.004999999999199645	trials	phototagging
11411.935099999999	0.005000000001018634	trials	phototagging
11411.945099999999	0.005000000001018634	trials	phototagging
11411.9551	0.005033333332903567	trials	phototagging
11411.965133333333	0.004999999999199645	trials	phototagging
11411.975133333333	0.004999999999199645	trials	phototagging
11411.985133333334	0.004999999999199645	trials	phototagging
11422.003066666666	0.010000000000218279	trials	phototagging
11422.103133333332	0.0100333333339222	trials	phototagging
11422.203233333334	0.00999999999839929	trials	phototagging
11422.3033	0.010000000000218279	trials	phototagging
11422.403366666666	0.0100333333339222	trials	phototagging
11422.503466666667	0.00999999999839929	trials	phototagging
11422.603533333333	0.010000000000218279	trials	phototagging
11422.703633333333	0.010000000000218279	trials	phototagging
11422.8037	0.00999999999839929	trials	phototagging
11422.903766666666	0.0100333333339222	trials	phototagging
11423.003866666666	0.010000000000218279	trials	phototagging
11423.103933333334	0.00999999999839929	trials	phototagging
11423.204033333333	0.010000000000218279	trials	phototagging
11423.3041	0.010000000000218279	trials	phototagging
11423.404166666665	0.0100333333339222	trials	phototagging
11423.504233333333	0.0100333333339222	trials	phototagging
11423.604333333333	0.010000000000218279	trials	phototagging
11423.704399999999	0.010000000000218279	trials	phototagging
11423.8045	0.010000000000218279	trials	phototagging
11423.904566666666	0.010000000000218279	trials	phototagging
11424.004633333332	0.0100333333339222	trials	phototagging
11424.104733333334	0.010000000000218279	trials	phototagging
11424.2048	0.010000000000218279	trials	phototagging
11424.3049	0.010000000000218279	trials	phototagging
11424.404966666667	0.00999999999839929	trials	phototagging
11424.505033333333	0.0100333333339222	trials	phototagging
11424.605133333333	0.010000000000218279	trials	phototagging
11424.7052	0.00999999999839929	trials	phototagging
11424.8053	0.010000000000218279	trials	phototagging
11424.905366666666	0.010000000000218279	trials	phototagging
11435.013366666666	0.10006666666595265	trials	phototagging
11436.014166666666	0.10006666666777164	trials	phototagging
11437.014966666666	0.10006666666777164	trials	phototagging
11438.015733333334	0.10006666666595265	trials	phototagging
11439.016533333333	0.10006666666595265	trials	phototagging
11440.017333333333	0.10006666666595265	trials	phototagging
11441.018133333333	0.10006666666595265	trials	phototagging
11442.0189	0.10006666666777164	trials	phototagging
11443.019699999999	0.10006666666777164	trials	phototagging
11444.020499999999	0.10006666666777164	trials	phototagging
11445.0213	0.10006666666595265	trials	phototagging
11446.022066666666	0.10009999999965657	trials	phototagging
11457.0308	0.004999999999199645	trials	phototagging
11457.040799999999	0.005000000001018634	trials	phototagging
11457.050799999999	0.005000000001018634	trials	phototagging
11457.0608	0.005033333332903567	trials	phototagging
11457.070833333333	0.004999999999199645	trials	phototagging
11457.080833333333	0.004999999999199645	trials	phototagging
11457.090833333334	0.004999999999199645	trials	phototagging
11457.100833333332	0.005000000001018634	trials	phototagging
11457.110866666666	0.005000000001018634	trials	phototagging
11457.120866666666	0.004999999999199645	trials	phototagging
11457.130866666666	0.004999999999199645	trials	phototagging
11457.140866666667	0.004999999999199645	trials	phototagging
11457.150866666667	0.005033333332903567	trials	phototagging
11457.160899999999	0.005000000001018634	trials	phototagging
11457.1709	0.005000000001018634	trials	phototagging
11457.1809	0.005000000001018634	trials	phototagging
11457.1909	0.004999999999199645	trials	phototagging
11457.200933333334	0.004999999999199645	trials	phototagging
11457.210933333334	0.004999999999199645	trials	phototagging
11457.220933333332	0.005000000001018634	trials	phototagging
11457.230933333332	0.005000000001018634	trials	phototagging
11457.240966666666	0.004999999999199645	trials	phototagging
11457.250966666666	0.004999999999199645	trials	phototagging
11457.260966666667	0.004999999999199645	trials	phototagging
11457.270966666667	0.004999999999199645	trials	phototagging
11457.280999999999	0.005000000001018634	trials	phototagging
11457.291	0.005000000001018634	trials	phototagging
11457.301	0.004999999999199645	trials	phototagging
11457.311	0.004999999999199645	trials	phototagging
11457.321033333334	0.004999999999199645	trials	phototagging
11467.338966666666	0.10006666666595265	trials	phototagging
11468.339733333332	0.10010000000147556	trials	phototagging
11469.340533333332	0.10006666666777164	trials	phototagging
11470.341333333334	0.10006666666595265	trials	phototagging
11471.342133333334	0.10006666666595265	trials	phototagging
11472.3429	0.10009999999965657	trials	phototagging
11473.3437	0.10006666666595265	trials	phototagging
11474.3445	0.10006666666777164	trials	phototagging
11475.345299999999	0.10006666666777164	trials	phototagging
11476.346066666667	0.10009999999965657	trials	phototagging
11477.346866666667	0.10009999999965657	trials	phototagging
11478.347666666667	0.10006666666595265	trials	phototagging
11489.356399999999	0.010000000000218279	trials	phototagging
11489.456466666667	0.010000000000218279	trials	phototagging
11489.556533333332	0.0100333333339222	trials	phototagging
11489.656633333332	0.010000000000218279	trials	phototagging
11489.7567	0.010000000000218279	trials	phototagging
11489.856766666666	0.0100333333339222	trials	phototagging
11489.956866666666	0.010000000000218279	trials	phototagging
11490.056933333333	0.010000000000218279	trials	phototagging
11490.157033333333	0.010000000000218279	trials	phototagging
11490.257099999999	0.010000000000218279	trials	phototagging
11490.357166666667	0.010033333332103211	trials	phototagging
11490.457233333333	0.0100333333339222	trials	phototagging
11490.557333333332	0.010000000000218279	trials	phototagging
11490.6574	0.010033333332103211	trials	phototagging
11490.7575	0.010000000000218279	trials	phototagging
11490.857566666666	0.010000000000218279	trials	phototagging
11490.957666666667	0.00999999999839929	trials	phototagging
11491.057733333333	0.010000000000218279	trials	phototagging
11491.157799999999	0.0100333333339222	trials	phototagging
11491.257866666667	0.010033333332103211	trials	phototagging
11491.357966666666	0.010000000000218279	trials	phototagging
11491.458033333332	0.010000000000218279	trials	phototagging
11491.558133333332	0.010000000000218279	trials	phototagging
11491.6582	0.010000000000218279	trials	phototagging
11491.758266666666	0.0100333333339222	trials	phototagging
11491.858366666665	0.010000000000218279	trials	phototagging
11491.958433333333	0.010000000000218279	trials	phototagging
11492.058533333333	0.010000000000218279	trials	phototagging
11492.158599999999	0.010000000000218279	trials	phototagging
11492.258666666667	0.010033333332103211	trials	phototagging
11502.366666666667	0.005033333332903567	trials	phototagging
11503.367466666667	0.004999999999199645	trials	phototagging
11504.368266666666	0.004999999999199645	trials	phototagging
11505.369066666666	0.004999999999199645	trials	phototagging
11506.369833333332	0.005033333334722556	trials	phototagging
11507.370633333332	0.005000000001018634	trials	phototagging
11508.371433333334	0.004999999999199645	trials	phototagging
11509.372233333333	0.004999999999199645	trials	phototagging
11510.373033333333	0.004999999999199645	trials	phototagging
11511.3738	0.005033333332903567	trials	phototagging
11512.3746	0.005000000001018634	trials	phototagging
11513.375399999999	0.005000000001018634	trials	phototagging
11514.376199999999	0.005000000001018634	trials	phototagging
11515.377	0.004999999999199645	trials	phototagging
11516.377766666667	0.004999999999199645	trials	phototagging
11517.378566666666	0.004999999999199645	trials	phototagging
11518.379366666666	0.005000000001018634	trials	phototagging
11519.380166666666	0.005000000001018634	trials	phototagging
11520.380966666666	0.005000000001018634	trials	phototagging
11521.381733333334	0.004999999999199645	trials	phototagging
11522.382533333333	0.004999999999199645	trials	phototagging
11523.383333333333	0.004999999999199645	trials	phototagging
11524.384133333333	0.004999999999199645	trials	phototagging
11525.3849	0.005000000001018634	trials	phototagging
11526.385699999999	0.005000000001018634	trials	phototagging
11527.386499999999	0.005000000001018634	trials	phototagging
11528.3873	0.004999999999199645	trials	phototagging
11529.388066666666	0.004999999999199645	trials	phototagging
11530.388866666666	0.004999999999199645	trials	phototagging
11531.389666666666	0.005000000001018634	trials	phototagging
11542.398366666666	0.005033333332903567	trials	phototagging
11543.399166666666	0.004999999999199645	trials	phototagging
11544.399966666666	0.005000000001018634	trials	phototagging
11545.400766666666	0.005000000001018634	trials	phototagging
11546.401566666666	0.005000000001018634	trials	phototagging
11547.402366666667	0.0049666666654957226	trials	phototagging
11548.403133333333	0.004999999999199645	trials	phototagging
11549.403933333333	0.004999999999199645	trials	phototagging
11550.404733333333	0.004999999999199645	trials	phototagging
11551.405499999999	0.005033333334722556	trials	phototagging
11552.406299999999	0.005000000001018634	trials	phototagging
11553.4071	0.004999999999199645	trials	phototagging
11554.4079	0.004999999999199645	trials	phototagging
11555.408666666666	0.005033333332903567	trials	phototagging
11556.409466666666	0.005000000001018634	trials	phototagging
11557.410266666666	0.005000000001018634	trials	phototagging
11558.411066666666	0.005000000001018634	trials	phototagging
11559.411866666665	0.005000000001018634	trials	phototagging
11560.412633333333	0.004999999999199645	trials	phototagging
11561.413433333333	0.004999999999199645	trials	phototagging
11562.414233333333	0.004999999999199645	trials	phototagging
11563.415033333333	0.005000000001018634	trials	phototagging
11564.415833333333	0.005000000001018634	trials	phototagging
11565.4166	0.004999999999199645	trials	phototagging
11566.4174	0.004999999999199645	trials	phototagging
11567.4182	0.004999999999199645	trials	phototagging
11568.419	0.004999999999199645	trials	phototagging
11569.419766666666	0.005033333332903567	trials	phototagging
11570.420566666666	0.005000000001018634	trials	phototagging
11571.421366666666	0.005000000001018634	trials	phototagging
11582.4301	0.010000000000218279	trials	phototagging
11582.530166666666	0.010000000000218279	trials	phototagging
11582.630233333333	0.010033333332103211	trials	phototagging
11582.730333333333	0.010000000000218279	trials	phototagging
11582.830399999999	0.010000000000218279	trials	phototagging
11582.930466666667	0.010033333332103211	trials	phototagging
11583.030566666666	0.010000000000218279	trials	phototagging
11583.130633333332	0.010000000000218279	trials	phototagging
11583.230733333334	0.00999999999839929	trials	phototagging
11583.3308	0.010000000000218279	trials	phototagging
11583.430866666666	0.010000000000218279	trials	phototagging
11583.530933333333	0.010033333332103211	trials	phototagging
11583.631033333333	0.010000000000218279	trials	phototagging
11583.731099999999	0.010000000000218279	trials	phototagging
11583.831199999999	0.010000000000218279	trials	phototagging
11583.931266666666	0.010000000000218279	trials	phototagging
11584.031366666666	0.010000000000218279	trials	phototagging
11584.131433333332	0.010000000000218279	trials	phototagging
11584.2315	0.0100333333339222	trials	phototagging
11584.3316	0.010000000000218279	trials	phototagging
11584.431666666665	0.010000000000218279	trials	phototagging
11584.531733333333	0.010033333332103211	trials	phototagging
11584.631833333333	0.010000000000218279	trials	phototagging
11584.731899999999	0.010000000000218279	trials	phototagging
11584.832	0.00999999999839929	trials	phototagging
11584.932066666666	0.010000000000218279	trials	phototagging
11585.032133333332	0.0100333333339222	trials	phototagging
11585.132233333334	0.00999999999839929	trials	phototagging
11585.2323	0.010000000000218279	trials	phototagging
11585.332366666666	0.0100333333339222	trials	phototagging
