onset	duration	nwb_table	trial_type
94.90343333333476	0.1600333333317394	trials	port_entry
131.79346666666788	0.25	trials	port_entry
162.48350000000028	0.22999999999956344	trials	port_entry
188.4834333333347	0.5100666666658071	trials	port_entry
189.16353333333427	0.4400000000005093	trials	port_entry
193.6835333333347	0.790033333332758	trials	port_entry
194.77356666666674	0.5300333333343588	trials	port_entry
196.57353333333413	0.6400333333331218	trials	port_entry
198.22353333333376	0.4899666666660778	trials	port_entry
200.41350000000057	0.3100333333331946	trials	port_entry
203.4435333333331	1.1700000000000728	trials	port_entry
204.66353333333427	0.1499999999996362	trials	port_entry
204.83353333333434	0.6099999999987631	trials	port_entry
205.51353333333464	0.049999999999272404	trials	port_entry
216.4935666666679	0.06999999999970896	trials	port_entry
216.8035666666674	0.20999999999912689	trials	port_entry
217.03353333333325	0.07999999999992724	trials	port_entry
219.2435666666679	0.41996666666636884	trials	port_entry
219.98353333333398	0.05999999999949068	trials	port_entry
220.36353333333318	0.4700333333348681	trials	port_entry
221.04349999999977	1.75	trials	port_entry
223.72353333333376	0.4800666666669713	trials	port_entry
224.2536	0.18000000000029104	trials	port_entry
224.5036	0.23999999999978172	trials	port_entry
225.1235333333334	0.43003333333399496	trials	port_entry
226.1835666666666	0.8800000000010186	trials	port_entry
227.17356666666637	0.3600000000005821	trials	port_entry
227.63356666666732	0.20999999999912689	trials	port_entry
227.9335666666666	0.11996666666709643	trials	port_entry
228.51356666666652	0.25996666666651436	trials	port_entry
228.83356666666805	0.14996666666593228	trials	port_entry
229.6735333333345	0.44003333333239425	trials	port_entry
230.1835333333347	0.060033333333194605	trials	port_entry
230.3135333333339	0.38003333333290357	trials	port_entry
230.75356666666812	0.06999999999970896	trials	port_entry
235.51353333333464	0.4399999999986903	trials	port_entry
236.04353333333347	2.3800666666666075	trials	port_entry
255.26360000000022	1.1599999999998545	trials	port_entry
256.47360000000117	0.34993333333295595	trials	port_entry
256.9435333333331	1.040066666668281	trials	port_entry
279.5136000000002	0.17000000000007276	trials	port_entry
279.8535333333348	0.7400666666653706	trials	port_entry
280.71360000000095	0.12999999999919964	trials	port_entry
280.90360000000146	1.2399999999997817	trials	port_entry
290.09360000000015	0.43000000000029104	trials	port_entry
290.5436333333346	0.1499999999996362	trials	port_entry
312.4936666666672	0.6599999999998545	trials	port_entry
325.1236333333345	9.170000000000073	trials	reward_stimulus_presentation
326.1236000000008	0.8000666666666802	trials	reward_delivery
333.8936333333331	5.150000000001455	trials	port_entry
340.40363333333335	1.9500333333344315	trials	port_entry
358.9936666666672	0.7999999999992724	trials	port_entry
360.0736666666671	0.17000000000007276	trials	port_entry
360.5636666666669	2.220000000001164	trials	port_entry
372.02369999999974	0.019966666666732635	trials	port_entry
372.15356666666776	0.6200666666663892	trials	port_entry
373.4436666666679	0.09999999999854481	trials	port_entry
387.3736333333345	0.7500333333318849	trials	port_entry
394.863666666668	0.31999999999970896	trials	port_entry
410.2937000000002	0.5099333333328104	trials	port_entry
415.1237000000001	3.9099999999998545	trials	reward_stimulus_presentation
416.1236666666664	0.8000000000010914	trials	reward_delivery
418.6337000000003	8.05999999999949	trials	port_entry
427.0537000000004	1.749966666666296	trials	port_entry
430.0637333333343	0.20999999999912689	trials	port_entry
430.6337666666677	0.6898999999993976	trials	port_entry
440.15370000000075	0.1499999999996362	trials	port_entry
440.34370000000126	1.139999999999418	trials	port_entry
446.1737666666668	0.529933333333247	trials	port_entry
457.1237333333338	0.43000000000029104	trials	port_entry
468.46373333333395	0.11000000000058208	trials	port_entry
468.7537000000011	0.75	trials	port_entry
481.27373333333344	0.7700000000004366	trials	port_entry
486.8137333333343	0.2999999999992724	trials	port_entry
499.063766666668	0.4599999999991269	trials	port_entry
505.1237333333338	4.820033333333413	trials	reward_stimulus_presentation
506.1237333333338	0.7999999999992724	trials	reward_delivery
509.5437666666676	0.3400000000001455	trials	port_entry
521.2637666666669	0.47999999999956344	trials	port_entry
530.2537666666667	0.33003333333363116	trials	port_entry
530.6537666666663	0.16000000000167347	trials	port_entry
541.4037666666663	0.5200000000004366	trials	port_entry
546.1738000000005	0.2000000000007276	trials	port_entry
546.4037666666663	3.330033333333631	trials	port_entry
560.4237666666668	1.4800333333332674	trials	port_entry
580.5938000000006	0.2600333333339222	trials	port_entry
587.4238000000005	0.42000000000007276	trials	port_entry
595.1238333333331	20.0	trials	neutral_stimulus_presentation
599.1337666666677	0.20006666666631645	trials	port_entry
619.5938333333343	0.03996666666716919	trials	port_entry
619.6538333333338	0.049999999999272404	trials	port_entry
619.7838000000011	0.48003333333326736	trials	port_entry
627.1437999999998	0.34006666666755336	trials	port_entry
636.7739000000001	0.5199333333330287	trials	port_entry
651.2838666666667	0.4100333333335584	trials	port_entry
668.3538666666664	2.110000000000582	trials	port_entry
679.5637999999999	0.9099999999998545	trials	port_entry
680.1238333333331	11.580033333333631	trials	reward_stimulus_presentation
681.1239000000005	0.7999666666673875	trials	reward_delivery
691.3038666666671	0.13999999999941792	trials	port_entry
691.5238666666664	0.030000000000654836	trials	port_entry
691.633866666667	5.630033333332904	trials	port_entry
697.4338666666681	1.1500333333333401	trials	port_entry
707.7538999999997	1.4100000000016735	trials	port_entry
719.0239000000001	0.5100000000002183	trials	port_entry
728.4739000000009	0.3600000000005821	trials	port_entry
740.043966666668	0.5799666666662233	trials	port_entry
750.4539333333341	0.31999999999970896	trials	port_entry
767.9939333333332	1.1600333333335584	trials	port_entry
770.1240333333335	20.002000000000407	trials	shock_stimulus_presentation
789.9239666666672	0.2999999999992724	trials	shock_relay
801.043966666668	0.019999999998617568	trials	port_entry
810.3540000000012	0.8099999999994907	trials	port_entry
828.9040666666679	0.25996666666651436	trials	port_entry
829.2840666666671	0.2900000000008731	trials	port_entry
856.064033333334	0.4999666666662961	trials	port_entry
865.1240666666672	6.019966666666733	trials	reward_stimulus_presentation
866.1240333333335	0.7999999999992724	trials	reward_delivery
870.7440333333325	6.340033333333849	trials	port_entry
877.7940333333354	1.0700333333334129	trials	port_entry
882.3840333333355	1.5399666666635312	trials	port_entry
886.1840333333348	0.16996666666454985	trials	port_entry
886.4340333333348	0.7000333333307935	trials	port_entry
890.1440666666676	0.5400000000008731	trials	port_entry
916.4740666666657	0.14996666666775127	trials	port_entry
916.6640666666681	0.790066666664643	trials	port_entry
917.5541000000012	0.4500000000007276	trials	port_entry
938.2940999999992	0.5600000000013097	trials	port_entry
955.1241000000009	20.0	trials	neutral_stimulus_presentation
999.4840666666678	0.48999999999796273	trials	port_entry
1007.7241333333332	0.22999999999956344	trials	port_entry
1020.8941999999988	0.16000000000349246	trials	port_entry
1021.0941999999995	0.12000000000261934	trials	port_entry
1035.1241666666683	13.969966666663822	trials	reward_stimulus_presentation
1036.1241666666683	0.7999999999992724	trials	reward_delivery
1048.694166666668	7.66996666666455	trials	port_entry
1057.3642	1.4799999999995634	trials	port_entry
1068.6741666666676	2.209966666665423	trials	port_entry
1073.1641666666656	0.09003333333384944	trials	port_entry
1073.314166666667	0.3100333333350136	trials	port_entry
1074.1341666666667	0.4000333333351591	trials	port_entry
1087.814166666667	1.0000666666674078	trials	port_entry
1089.0642000000007	2.099999999998545	trials	port_entry
1093.0142000000014	1.970066666664934	trials	port_entry
1107.664233333333	1.1000000000021828	trials	port_entry
1117.4141999999993	0.3100000000013097	trials	port_entry
1117.744200000001	1.7600333333321032	trials	port_entry
1123.4542666666675	0.930000000000291	trials	port_entry
1125.1242666666658	20.002400000001217	trials	shock_stimulus_presentation
1137.794233333334	0.040000000000873115	trials	port_entry
1144.924233333335	0.3000333333329763	trials	shock_relay
1168.2842999999993	0.2800000000024738	trials	port_entry
1178.974266666668	4.120033333332685	trials	port_entry
1184.8842666666678	7.850033333332249	trials	port_entry
1205.4642999999996	0.4000000000014552	trials	port_entry
1225.1243333333332	4.639966666665714	trials	reward_stimulus_presentation
1226.1242999999995	0.8000333333329763	trials	reward_delivery
1229.364300000001	0.1600333333335584	trials	port_entry
1229.5943000000007	11.630033333334723	trials	port_entry
1243.8943	0.9100333333335584	trials	port_entry
1254.764299999999	2.460000000002765	trials	port_entry
1264.3743333333332	1.2700333333341405	trials	port_entry
1273.7043666666686	0.7799999999988358	trials	port_entry
1274.584366666666	0.6000000000021828	trials	port_entry
1278.6443333333336	1.110000000000582	trials	port_entry
1284.3443000000007	1.1000666666659527	trials	port_entry
1299.4043666666657	3.2800333333361777	trials	port_entry
1306.334366666666	1.6200333333363233	trials	port_entry
1315.1244333333343	19.999966666666296	trials	neutral_stimulus_presentation
1320.1043666666665	0.4900000000016007	trials	port_entry
1345.7244666666666	0.3399333333327377	trials	port_entry
1361.4944333333333	0.7799999999988358	trials	port_entry
1369.6344333333327	0.37000000000261934	trials	port_entry
1382.484433333335	0.22999999999956344	trials	port_entry
1388.0344666666679	1.2400333333316667	trials	port_entry
1405.124466666668	0.4899666666642588	trials	reward_stimulus_presentation
1405.2144666666682	0.4899666666642588	trials	port_entry
1406.124466666668	0.7999999999992724	trials	reward_delivery
1418.8244999999988	4.5	trials	port_entry
1427.4044333333331	1.3300333333354502	trials	port_entry
1440.5944999999992	0.7400000000016007	trials	port_entry
1447.4544333333324	0.580100000002858	trials	port_entry
1456.2445000000007	0.47999999999956344	trials	port_entry
1465.7845000000016	0.8499999999985448	trials	port_entry
1484.4445333333351	0.3899999999994179	trials	port_entry
1489.6145333333334	0.3899999999994179	trials	port_entry
1495.1245666666655	20.00260000000344	trials	shock_stimulus_presentation
1514.9245333333347	0.2999999999992724	trials	shock_relay
1537.9445333333351	2.8400333333338494	trials	port_entry
1542.784566666669	0.2699999999967986	trials	port_entry
1545.244566666668	1.3299999999981083	trials	port_entry
1552.1245999999992	0.7099666666690609	trials	port_entry
1564.7945333333337	1.3401000000012573	trials	port_entry
1580.1245999999992	20.0	trials	neutral_stimulus_presentation
1607.4745666666677	1.97003333333123	trials	port_entry
1632.894566666666	1.3500666666695906	trials	port_entry
1635.594633333334	1.4599999999991269	trials	port_entry
1645.9246333333322	0.3600000000005821	trials	port_entry
1647.2946333333348	1.8699999999989814	trials	port_entry
1656.344633333334	0.3700333333326853	trials	port_entry
1662.2546666666676	0.3700666666663892	trials	port_entry
1670.124733333334	20.002199999998993	trials	shock_stimulus_presentation
1680.1146666666682	0.1499999999978172	trials	port_entry
1687.7747000000018	2.3099999999976717	trials	port_entry
1689.9246999999996	0.2999999999992724	trials	shock_relay
1699.8846666666686	0.2700333333305025	trials	port_entry
1700.1746666666659	0.47999999999956344	trials	port_entry
1704.814666666669	0.5199999999967986	trials	port_entry
1710.2347000000009	1.4599999999991269	trials	port_entry
1711.7346666666672	0.10003333333224873	trials	port_entry
1712.3747000000003	0.3400000000001455	trials	port_entry
1734.824700000001	5.639999999999418	trials	port_entry
1765.1247666666677	20.002566666666098	trials	shock_stimulus_presentation
1784.9247333333333	0.2999999999992724	trials	shock_relay
1786.3347333333331	0.04003333333457704	trials	port_entry
1807.0947666666689	2.25	trials	port_entry
1832.0148333333345	0.22999999999956344	trials	port_entry
1855.1248000000014	20.000033333333704	trials	neutral_stimulus_presentation
1908.864833333333	0.2500333333337039	trials	port_entry
1909.454866666667	0.18000000000029104	trials	port_entry
1921.1448333333356	0.9100333333299204	trials	port_entry
1929.8948333333356	0.3700333333326853	trials	port_entry
1935.1248666666688	15.140066666666826	trials	reward_stimulus_presentation
1936.1248666666688	0.8000333333329763	trials	reward_delivery
1949.8649333333342	0.11000000000058208	trials	port_entry
1950.144933333333	9.449966666667024	trials	port_entry
1959.6949000000022	3.9699666666638223	trials	port_entry
1964.4649333333327	1.4099666666661506	trials	port_entry
1969.5748999999996	1.9700000000011642	trials	port_entry
1973.134900000001	0.9599999999991269	trials	port_entry
1992.8649000000005	2.2800333333325398	trials	port_entry
1995.184933333334	0.9900000000016007	trials	port_entry
1996.7848999999987	2.0500000000029104	trials	port_entry
1999.0549333333329	0.7900000000008731	trials	port_entry
2000.1649333333335	0.7900000000008731	trials	port_entry
2002.6049333333322	0.5500000000029104	trials	port_entry
2005.7949333333345	0.5999666666648409	trials	port_entry
2015.4249333333355	0.5199999999967986	trials	port_entry
2016.0349333333324	0.030000000002473826	trials	port_entry
2016.654933333335	0.3099999999976717	trials	port_entry
2025.1249666666663	20.0	trials	neutral_stimulus_presentation
2027.0949666666675	2.569999999999709	trials	port_entry
2029.704966666668	8.119999999998981	trials	port_entry
2053.2750000000015	0.2999999999992724	trials	port_entry
2074.404999999999	0.25996666666833335	trials	port_entry
2075.2549333333336	0.14003333333312185	trials	port_entry
2075.414966666667	0.09000000000014552	trials	port_entry
2075.5249666666678	0.040000000000873115	trials	port_entry
2093.7649666666657	0.3100333333350136	trials	port_entry
2107.7050000000017	0.41999999999825377	trials	port_entry
2108.1749999999993	0.8400000000001455	trials	port_entry
2118.175033333333	1.2999999999992724	trials	port_entry
2119.585033333333	1.7800000000024738	trials	port_entry
2125.1250333333337	20.0	trials	neutral_stimulus_presentation
2134.294966666668	0.25006666666740784	trials	port_entry
2135.835033333333	0.020000000000436557	trials	port_entry
2154.505000000001	0.40003333333152113	trials	port_entry
2173.9253333333327	0.26970000000073924	trials	port_entry
2185.3150333333324	0.24006666666900855	trials	port_entry
2187.775066666669	0.21996666666382225	trials	port_entry
2188.0550666666677	0.49003333333166665	trials	port_entry
2199.6950333333334	0.13003333333472256	trials	port_entry
2215.1251666666685	20.002133333331585	trials	shock_stimulus_presentation
2233.2851333333347	0.15996666666615056	trials	port_entry
2234.925133333334	0.2999666666655685	trials	shock_relay
2262.705133333333	0.3100000000013097	trials	port_entry
2264.255133333332	0.9400000000023283	trials	port_entry
2291.4151666666658	0.27000000000043656	trials	port_entry
2292.395166666669	1.0799999999981083	trials	port_entry
2305.1251666666685	4.5	trials	reward_stimulus_presentation
2306.1251666666685	0.7999999999992724	trials	reward_delivery
2309.225166666667	19.209966666665423	trials	port_entry
2330.0351333333347	4.760033333332103	trials	port_entry
2337.985199999999	2.720000000001164	trials	port_entry
2347.7052000000003	0.43000000000029104	trials	port_entry
2357.6651999999995	1.9799999999995634	trials	port_entry
2371.6152	0.4099999999998545	trials	port_entry
2383.2252333333345	0.25996666666469537	trials	port_entry
2395.125266666666	17.08996666666644	trials	reward_stimulus_presentation
2396.1252333333323	0.8000000000029104	trials	reward_delivery
2411.8152333333346	9.969999999997526	trials	port_entry
2422.335299999999	1.3599333333368122	trials	port_entry
2441.215266666666	0.5400000000008731	trials	port_entry
2450.815200000001	0.7000333333344315	trials	port_entry
2462.725300000002	0.3999999999978172	trials	port_entry
2474.3752999999997	0.3600000000005821	trials	port_entry
2474.7953000000016	0.5399999999972351	trials	port_entry
2480.1253333333334	20.0	trials	neutral_stimulus_presentation
2502.2153	0.610033333334286	trials	port_entry
2519.595300000001	2.790033333334577	trials	port_entry
2538.105333333333	0.2900000000008731	trials	port_entry
2551.0353333333333	1.3800333333347226	trials	port_entry
2556.915366666668	0.21999999999752617	trials	port_entry
2557.295366666669	0.08999999999650754	trials	port_entry
2566.9153333333343	0.35003333333224873	trials	port_entry
2570.1254333333345	19.999966666666296	trials	reward_stimulus_presentation
2571.125366666667	0.7999999999992724	trials	reward_delivery
2604.795366666669	5.170033333331958	trials	port_entry
2615.2354000000014	0.3600000000005821	trials	port_entry
2631.175433333334	0.5999999999985448	trials	port_entry
2654.5354000000007	0.6300333333347226	trials	port_entry
2655.7054333333326	0.019966666666732635	trials	port_entry
2661.055433333335	0.41999999999825377	trials	port_entry
2665.1254333333345	4.4099999999998545	trials	reward_stimulus_presentation
2666.1254333333345	0.7999999999992724	trials	reward_delivery
2669.135433333333	13.979999999999563	trials	port_entry
2684.155466666667	2.359966666666878	trials	port_entry
2698.8354333333336	0.5500333333329763	trials	port_entry
2707.3354666666673	0.3100000000013097	trials	port_entry
2712.7654666666676	1.2600333333321032	trials	port_entry
2722.3755333333356	0.5099333333309914	trials	port_entry
2733.1355000000003	1.3599666666668782	trials	port_entry
2742.2754999999997	0.5800000000017462	trials	port_entry
2743.325499999999	0.04993333333550254	trials	port_entry
2743.3955000000024	0.029999999998835847	trials	port_entry
2744.7255000000005	1.2600333333321032	trials	port_entry
2746.355533333335	1.0698999999985972	trials	port_entry
2751.8955000000024	1.9900333333316667	trials	port_entry
2755.1255333333356	20.002066666664177	trials	shock_stimulus_presentation
2774.925500000001	0.3000333333329763	trials	shock_relay
2785.8155333333343	0.8499999999985448	trials	port_entry
2804.655566666668	0.8700333333326853	trials	port_entry
2812.5855333333348	1.8400000000001455	trials	port_entry
2822.5755666666664	1.8700000000026193	trials	port_entry
2831.4855333333326	0.9700333333348681	trials	port_entry
2832.5855666666685	0.8099666666639678	trials	port_entry
2835.1255999999994	20.0	trials	neutral_stimulus_presentation
2878.945599999999	0.3000000000029104	trials	port_entry
2879.2855333333355	0.34003333333021146	trials	port_entry
2879.6755666666686	0.029999999998835847	trials	port_entry
2892.775600000001	0.31999999999970896	trials	port_entry
2905.7956000000013	0.569966666666005	trials	port_entry
2925.125633333333	20.0	trials	neutral_stimulus_presentation
2931.915633333334	0.7099999999991269	trials	port_entry
2945.705633333335	0.48999999999796273	trials	port_entry
3008.7557000000015	0.8499999999985448	trials	port_entry
3025.1257000000005	20.002066666667815	trials	shock_stimulus_presentation
3034.9757333333328	0.21000000000276486	trials	port_entry
3037.9657000000007	0.12003333333268529	trials	port_entry
3041.0357666666678	3.1499666666677513	trials	port_entry
3044.9257333333335	0.2999999999992724	trials	shock_relay
3054.635699999999	0.6600333333335584	trials	port_entry
3063.735733333335	0.23999999999796273	trials	port_entry
3066.865733333332	0.9900000000016007	trials	port_entry
3067.895700000001	0.23003333333326736	trials	port_entry
3068.245733333333	0.27000000000043656	trials	port_entry
3070.225666666669	0.0400999999983469	trials	port_entry
3070.2857666666678	0.1499999999978172	trials	port_entry
3070.8457666666654	0.020000000000436557	trials	port_entry
3085.0757666666686	0.13999999999941792	trials	port_entry
3105.665766666669	0.20999999999912689	trials	port_entry
3115.1258333333353	19.999966666666296	trials	neutral_stimulus_presentation
3128.0257666666657	0.18996666666862438	trials	port_entry
3135.0458	0.22000000000116415	trials	port_entry
3135.8158000000003	0.4699333333337563	trials	port_entry
3136.505799999999	0.019966666666732635	trials	port_entry
3136.5757666666686	0.04003333333093906	trials	port_entry
3136.6357666666663	0.03003333333253977	trials	port_entry
3137.165799999999	0.019933333336666692	trials	port_entry
3137.345799999999	0.23000000000320142	trials	port_entry
3179.9357999999993	0.38000000000101863	trials	port_entry
3200.515800000001	0.2999999999992724	trials	port_entry
3205.1258333333353	8.549999999999272	trials	reward_stimulus_presentation
3206.1258000000016	0.7999999999992724	trials	reward_delivery
3213.275833333333	6.549999999999272	trials	port_entry
3220.8258333333324	6.240000000001601	trials	port_entry
3233.405866666668	6.259999999998399	trials	port_entry
3240.835866666668	1.0299999999988358	trials	port_entry
3255.875866666669	3.249966666666296	trials	port_entry
3274.4158666666663	0.5800000000017462	trials	port_entry
3286.7658666666684	1.110000000000582	trials	port_entry
3295.125866666669	20.002066666664177	trials	shock_stimulus_presentation
3303.7259000000013	0.049999999999272404	trials	port_entry
3314.9258666666683	0.2999999999992724	trials	shock_relay
3328.505933333334	1.3599666666668782	trials	port_entry
3341.4159333333337	0.36999999999898137	trials	port_entry
3361.065933333335	1.9199666666645498	trials	port_entry
3370.6459333333332	0.4400000000023283	trials	port_entry
3372.805933333333	0.12000000000261934	trials	port_entry
3373.0859333333356	0.7699999999967986	trials	port_entry
3374.0359333333327	0.040000000000873115	trials	port_entry
3374.2059333333345	0.9099999999998545	trials	port_entry
3380.126	1.4499333333333198	trials	reward_stimulus_presentation
3381.125933333333	0.8000000000029104	trials	reward_delivery
3381.1759333333357	0.6599999999998545	trials	port_entry
3382.125933333333	0.02003333333414048	trials	port_entry
3391.515900000002	9.390066666666826	trials	port_entry
3405.845933333334	1.9800333333332674	trials	port_entry
3420.2459666666655	2.7299666666694975	trials	port_entry
3429.765966666666	0.31999999999970896	trials	port_entry
3430.1059333333324	0.110033333334286	trials	port_entry
3430.236000000001	0.03996666666716919	trials	port_entry
3430.555966666667	0.20999999999912689	trials	port_entry
3443.206000000002	0.4699999999975262	trials	port_entry
3451.666000000001	0.41996666666454985	trials	port_entry
3464.2259999999987	0.6099666666668782	trials	port_entry
3470.126	16.819966666666005	trials	reward_stimulus_presentation
3471.126	0.7999999999992724	trials	reward_delivery
3486.5459666666684	8.62999999999738	trials	port_entry
3497.375933333333	0.9000333333351591	trials	port_entry
3502.5859999999993	0.42000000000189175	trials	port_entry
3511.4860333333345	0.47999999999956344	trials	port_entry
3517.836033333333	0.6900000000023283	trials	port_entry
3527.3660999999993	0.4099999999998545	trials	port_entry
3533.3560333333335	0.4399999999986903	trials	port_entry
3534.336033333333	0.08000000000174623	trials	port_entry
3534.4560333333357	0.029999999998835847	trials	port_entry
3540.416033333335	0.36999999999898137	trials	port_entry
3565.1260666666676	9.930033333333995	trials	reward_stimulus_presentation
3566.1260666666676	0.7999999999992724	trials	reward_delivery
3574.6561	8.139966666665714	trials	port_entry
3583.7261	0.819966666666005	trials	port_entry
3588.7261	1.610000000000582	trials	port_entry
3604.2661000000007	1.2400000000016007	trials	port_entry
3615.926166666668	1.1499333333340473	trials	port_entry
3620.7060666666657	0.3600666666679899	trials	port_entry
3625.376133333335	0.7399999999979627	trials	port_entry
3633.4161333333323	0.8300000000017462	trials	port_entry
3646.406133333334	0.7000000000007276	trials	port_entry
3655.1261666666687	20.002300000000105	trials	shock_stimulus_presentation
3673.1960333333336	0.3000333333329763	trials	port_entry
3674.926166666668	0.3000333333329763	trials	shock_relay
3703.796166666667	0.9200333333319577	trials	port_entry
3721.1161666666667	0.33003333333545015	trials	port_entry
3730.876199999999	0.6000000000021828	trials	port_entry
3733.5261666666665	0.02003333333414048	trials	port_entry
3734.4562333333342	0.019933333333028713	trials	port_entry
3735.126199999999	1.9600000000027649	trials	reward_stimulus_presentation
3736.126199999999	0.8000000000029104	trials	reward_delivery
3736.6862	0.020000000000436557	trials	port_entry
3738.7762000000002	10.03003333333254	trials	port_entry
3754.8462	3.0900000000001455	trials	port_entry
3758.216199999999	0.3100000000013097	trials	port_entry
3758.556199999999	0.030000000002473826	trials	port_entry
3769.6562000000013	1.2099999999991269	trials	port_entry
3778.946200000002	0.5	trials	port_entry
3779.8261999999995	0.22003333333486808	trials	port_entry
3789.5862333333353	0.819999999999709	trials	port_entry
3802.6661999999997	0.7000000000007276	trials	port_entry
3818.486233333333	0.819999999999709	trials	port_entry
3822.996266666669	0.47999999999956344	trials	port_entry
3825.1262333333325	20.000033333333704	trials	neutral_stimulus_presentation
3832.5162666666656	0.4099999999998545	trials	port_entry
3835.5362333333323	0.030000000002473826	trials	port_entry
3850.6662333333334	0.5700333333334129	trials	port_entry
3878.796300000002	0.7199666666638223	trials	port_entry
3888.9062666666687	0.3000333333329763	trials	port_entry
3902.8562999999995	0.360033333334286	trials	port_entry
3913.426299999999	1.3100000000013097	trials	port_entry
3922.546300000002	0.3099999999976717	trials	port_entry
3925.1263	20.002233333332697	trials	shock_stimulus_presentation
3944.926299999999	0.3000000000029104	trials	shock_relay
3946.4463333333333	0.20999999999912689	trials	port_entry
3967.4363666666686	0.5499666666655685	trials	port_entry
3979.2763666666688	0.2799666666651319	trials	port_entry
3979.576366666668	0.25996666666469537	trials	port_entry
3984.446366666667	0.2999999999992724	trials	port_entry
3984.816366666666	0.10003333333588671	trials	port_entry
3984.9964	0.29993333333550254	trials	port_entry
3995.7763666666688	0.2999999999992724	trials	port_entry
4015.1263666666673	20.0	trials	neutral_stimulus_presentation
4052.8964000000014	0.569999999999709	trials	port_entry
4083.096400000002	0.31999999999970896	trials	port_entry
4093.256400000002	0.6999999999970896	trials	port_entry
4099.806433333335	0.2999999999992724	trials	port_entry
4102.716500000002	0.8699333333315735	trials	port_entry
4105.126466666668	19.999966666666296	trials	reward_stimulus_presentation
4106.126400000001	0.8000333333329763	trials	reward_delivery
4125.046433333333	4.930033333333995	trials	port_entry
4130.706433333333	1.080066666669154	trials	port_entry
4138.586466666668	0.7000000000007276	trials	port_entry
4145.876466666668	0.4100333333335584	trials	port_entry
4146.5465	0.09999999999854481	trials	port_entry
4146.886533333334	0.8799333333336108	trials	port_entry
4178.126500000002	0.5399999999972351	trials	port_entry
4178.696500000002	0.039999999997235136	trials	port_entry
4186.026466666666	0.5000333333337039	trials	port_entry
4191.296533333334	0.4799666666658595	trials	port_entry
4195.126533333332	2.6299666666673147	trials	reward_stimulus_presentation
4196.126533333332	0.7999666666692065	trials	reward_delivery
4197.356466666668	12.309999999997672	trials	port_entry
4209.6865333333335	1.9700000000011642	trials	port_entry
4214.536533333336	2.209999999999127	trials	port_entry
4231.2564999999995	1.139999999999418	trials	port_entry
4247.726533333334	1.0299999999988358	trials	port_entry
4261.476533333334	0.819966666666005	trials	port_entry
4276.6165666666675	0.6899666666649864	trials	port_entry
4280.126500000002	12.040066666664643	trials	reward_stimulus_presentation
4281.126500000002	0.8000333333329763	trials	reward_delivery
4291.766566666669	5.1599999999998545	trials	port_entry
4298.006566666667	0.3400000000001455	trials	port_entry
4316.686566666667	0.9900000000016007	trials	port_entry
4325.4965666666685	0.5599999999976717	trials	port_entry
4334.496600000002	0.8999999999978172	trials	port_entry
4342.396566666666	1.3000333333329763	trials	port_entry
4359.2966000000015	0.5400000000008731	trials	port_entry
4363.7966000000015	0.5799999999981083	trials	port_entry
4367.456666666669	0.41999999999825377	trials	port_entry
4370.126633333333	20.001899999999296	trials	shock_stimulus_presentation
4389.926633333333	0.3000000000029104	trials	shock_relay
4393.556633333334	0.040000000000873115	trials	port_entry
4393.656633333332	0.11000000000058208	trials	port_entry
4393.786599999999	0.02003333333414048	trials	port_entry
4402.086633333332	0.6300000000010186	trials	port_entry
4406.786666666667	0.8800000000010186	trials	port_entry
4419.226666666666	0.46000000000276486	trials	port_entry
4436.086666666666	0.37000000000261934	trials	port_entry
4447.436666666668	0.41999999999825377	trials	port_entry
4465.126700000001	4.099966666664841	trials	reward_stimulus_presentation
4466.126666666667	0.7999999999992724	trials	reward_delivery
4468.826700000001	6.319999999999709	trials	port_entry
4475.666700000002	0.8799999999973807	trials	port_entry
4486.826700000001	2.830033333331812	trials	port_entry
4501.6767	1.930033333333995	trials	port_entry
4514.346700000002	0.4399999999986903	trials	port_entry
4533.096766666666	0.5599666666676058	trials	port_entry
4549.986733333335	0.27000000000043656	trials	port_entry
4555.126766666668	17.029933333331428	trials	reward_stimulus_presentation
4556.126766666668	0.7999999999992724	trials	reward_delivery
4571.756733333335	3.3800333333310846	trials	port_entry
4575.156766666667	0.6599999999998545	trials	port_entry
4589.036800000002	1.9799666666658595	trials	port_entry
4595.186766666666	0.5500000000029104	trials	port_entry
4596.076766666669	0.04003333333093906	trials	port_entry
4600.1767	0.29003333333457704	trials	port_entry
4606.676766666667	0.39003333333312185	trials	port_entry
4607.1968000000015	0.020000000000436557	trials	port_entry
4613.7268	0.2599999999983993	trials	port_entry
4621.036800000002	0.4599999999991269	trials	port_entry
4621.746800000001	0.020000000000436557	trials	port_entry
4623.826799999999	0.020000000000436557	trials	port_entry
4623.896800000002	0.01999999999679858	trials	port_entry
4624.5668000000005	0.040000000000873115	trials	port_entry
4624.856800000001	0.16999999999825377	trials	port_entry
4625.1968000000015	0.020000000000436557	trials	port_entry
4625.776766666666	0.6200333333363233	trials	port_entry
4626.526766666666	0.2700333333341405	trials	port_entry
4626.956766666666	0.060033333335013594	trials	port_entry
4627.036800000002	0.020000000000436557	trials	port_entry
4634.9968333333345	0.5799666666644043	trials	port_entry
4635.126866666666	0.26996666666673264	trials	reward_stimulus_presentation
4636.1268333333355	0.7999999999992724	trials	reward_delivery
4643.606800000001	7.090033333333849	trials	port_entry
4656.526833333333	1.5301333333336515	trials	port_entry
4674.186833333333	1.000033333333704	trials	port_entry
4682.436833333333	0.7200000000011642	trials	port_entry
4695.176766666667	0.37010000000009313	trials	port_entry
4701.696866666669	0.5099999999983993	trials	port_entry
4710.6669	0.22999999999956344	trials	port_entry
4719.186866666667	0.6199999999989814	trials	port_entry
4725.126866666666	12.83003333333545	trials	reward_stimulus_presentation
4726.126899999999	0.8000000000029104	trials	reward_delivery
4737.5569	5.870000000002619	trials	port_entry
4744.2569	0.17996666666658712	trials	port_entry
4744.456900000001	0.8100000000013097	trials	port_entry
4758.706900000001	0.6699999999982538	trials	port_entry
4759.496900000002	0.6299666666636767	trials	port_entry
4761.356899999999	0.020000000000436557	trials	port_entry
4777.466933333333	0.8500000000021828	trials	port_entry
4788.346933333334	0.569999999999709	trials	port_entry
4796.176966666666	0.34996666666847887	trials	port_entry
4809.356933333333	0.4100333333335584	trials	port_entry
4820.496933333336	0.8499999999985448	trials	port_entry
4825.127033333334	20.00243333333492	trials	shock_stimulus_presentation
4844.926966666666	0.3000000000029104	trials	shock_relay
4846.766966666666	0.09000000000014552	trials	port_entry
4846.876966666667	0.27999999999883585	trials	port_entry
4856.386999999999	0.47000000000116415	trials	port_entry
4862.476999999999	0.35993333333317423	trials	port_entry
4875.526966666668	2.099999999998545	trials	port_entry
4877.706966666668	0.039999999997235136	trials	port_entry
4890.937000000002	0.7299999999995634	trials	port_entry
4898.407033333333	0.5900000000001455	trials	port_entry
4899.506966666668	0.020000000000436557	trials	port_entry
4904.097000000002	0.2599999999983993	trials	port_entry
4904.667000000001	0.06999999999970896	trials	port_entry
4905.127	0.540033333334577	trials	port_entry
4905.987033333335	0.019966666666732635	trials	port_entry
4915.127066666668	9.269966666666733	trials	reward_stimulus_presentation
4916.127033333334	0.7999333333318646	trials	reward_delivery
4923.997033333333	5.200000000000728	trials	port_entry
4931.007033333335	2.5099666666646954	trials	port_entry
4941.037033333334	1.2999999999992724	trials	port_entry
4958.807033333334	0.5500333333329763	trials	port_entry
4969.187033333335	0.5399999999972351	trials	port_entry
4988.3270666666685	0.6500333333315211	trials	port_entry
4999.1271000000015	0.46996666666746023	trials	port_entry
5005.007033333335	0.3800333333310846	trials	port_entry
5005.1271000000015	20.0	trials	neutral_stimulus_presentation
5025.827100000002	0.48999999999796273	trials	port_entry
5034.537133333335	0.4999666666662961	trials	port_entry
5051.487133333332	0.3600000000005821	trials	port_entry
5059.9971000000005	0.2700333333341405	trials	port_entry
5070.217166666665	0.7599666666683333	trials	port_entry
5082.697166666669	0.4099999999998545	trials	port_entry
5089.877166666669	0.9600333333328308	trials	port_entry
5095.127166666669	20.002466666664986	trials	shock_stimulus_presentation
5106.397133333336	0.25	trials	port_entry
5110.6071666666685	0.15999999999985448	trials	port_entry
5111.1071666666685	0.020000000000436557	trials	port_entry
5114.927166666668	0.2999999999992724	trials	shock_relay
5133.7271666666675	0.5000666666674078	trials	port_entry
5142.467166666665	0.2400000000016007	trials	port_entry
5160.177200000002	0.2999999999992724	trials	port_entry
5161.377199999999	0.020000000000436557	trials	port_entry
5175.497233333335	0.4399999999986903	trials	port_entry
5175.997233333335	0.11999999999898137	trials	port_entry
5176.157233333335	0.4299666666665871	trials	port_entry
5180.127233333333	11.71996666666746	trials	reward_stimulus_presentation
5181.127199999999	0.8000000000029104	trials	reward_delivery
5191.447233333332	5.069999999999709	trials	port_entry
5198.067233333335	2.4799999999995634	trials	port_entry
5225.137266666668	1.680000000000291	trials	port_entry
5239.037266666666	0.5400000000008731	trials	port_entry
5253.487266666667	0.47000000000116415	trials	port_entry
5253.977266666669	0.1499999999978172	trials	port_entry
5270.127333333334	19.999966666666296	trials	neutral_stimulus_presentation
5272.567266666669	0.5299999999988358	trials	port_entry
5282.687333333335	0.3499666666648409	trials	port_entry
5297.077366666668	0.2999999999992724	trials	port_entry
5312.227366666666	0.6799666666665871	trials	port_entry
5313.207333333336	0.22999999999956344	trials	port_entry
5326.057366666668	0.6699999999982538	trials	port_entry
5350.8673666666655	0.7100000000027649	trials	port_entry
5362.817366666666	0.35996666666687815	trials	port_entry
5365.127333333334	20.00010000000111	trials	neutral_stimulus_presentation
5375.477333333332	0.9100666666672623	trials	port_entry
5388.827400000002	0.569999999999709	trials	port_entry
5396.447400000001	1.1699999999982538	trials	port_entry
5407.037400000001	0.5599999999976717	trials	port_entry
5449.407433333334	0.8400000000001455	trials	port_entry
5455.127466666669	6.519966666666733	trials	reward_stimulus_presentation
5456.127400000001	0.8000333333329763	trials	reward_delivery
5461.247433333334	12.109933333333174	trials	port_entry
5474.3375000000015	1.7999666666655685	trials	port_entry
5478.307466666669	0.5899666666664416	trials	port_entry
5493.057433333335	1.680000000000291	trials	port_entry
5503.3375000000015	0.709966666665423	trials	port_entry
5504.277466666666	0.3600000000005821	trials	port_entry
5515.657500000001	0.639966666665714	trials	port_entry
5527.257466666666	1.6300000000010186	trials	port_entry
5535.127533333332	20.00203333333411	trials	shock_stimulus_presentation
5554.337533333335	0.7920333333313465	trials	port_entry
5554.927500000002	0.2999999999992724	trials	shock_relay
5565.977500000001	1.360000000000582	trials	port_entry
5567.4575	0.06000000000130967	trials	port_entry
5583.557533333333	0.31999999999970896	trials	port_entry
5593.677533333335	0.2700333333305025	trials	port_entry
5594.187566666667	0.019966666666732635	trials	port_entry
5594.427566666669	0.05996666666396777	trials	port_entry
5611.117566666668	0.3999999999978172	trials	port_entry
5622.277533333334	0.6900333333323942	trials	port_entry
5625.127566666666	12.409999999999854	trials	reward_stimulus_presentation
5626.127533333332	0.8000333333366143	trials	reward_delivery
5637.137566666668	4.4500333333307935	trials	port_entry
5642.637600000002	0.4599999999991269	trials	port_entry
5653.1975999999995	4.009966666668333	trials	port_entry
5658.217566666666	0.5499999999992724	trials	port_entry
5683.4475999999995	0.540033333334577	trials	port_entry
5694.107633333333	0.5799666666680423	trials	port_entry
5695.7376	0.020000000000436557	trials	port_entry
5696.417600000001	0.040000000000873115	trials	port_entry
5696.507600000001	0.049999999999272404	trials	port_entry
5709.057633333334	0.8100333333350136	trials	port_entry
5711.517633333333	0.020000000000436557	trials	port_entry
5711.587633333333	0.020000000000436557	trials	port_entry
5711.6376333333355	0.03003333333253977	trials	port_entry
5712.027633333335	0.049999999999272404	trials	port_entry
5723.517633333333	0.43003333333399496	trials	port_entry
5725.1276333333335	20.000033333333704	trials	neutral_stimulus_presentation
5742.047633333335	0.5199999999967986	trials	port_entry
5756.857666666667	0.5700333333334129	trials	port_entry
5793.607733333334	0.959966666665423	trials	port_entry
5802.397700000001	0.6399999999994179	trials	port_entry
5806.207699999999	0.020000000000436557	trials	port_entry
5811.8177	0.7400666666690086	trials	port_entry
5815.127766666668	19.999966666666296	trials	neutral_stimulus_presentation
5832.997733333334	0.22999999999956344	trials	port_entry
5842.657800000001	0.5099999999983993	trials	port_entry
5869.367766666666	0.5499999999992724	trials	port_entry
5884.787766666668	1.0100333333321032	trials	port_entry
5893.8478	0.7299999999995634	trials	port_entry
5894.737799999999	0.11000000000058208	trials	port_entry
5894.937766666666	0.08003333333545015	trials	port_entry
5895.177800000001	0.930000000000291	trials	port_entry
5896.257799999999	0.030000000002473826	trials	port_entry
5898.807800000002	1.0899666666664416	trials	port_entry
5900.567800000001	0.020000000000436557	trials	port_entry
5905.127833333332	20.00233333333381	trials	shock_stimulus_presentation
5924.927800000001	0.3000333333329763	trials	shock_relay
5927.647766666669	1.080066666665516	trials	port_entry
5939.277833333334	0.27999999999883585	trials	port_entry
5944.807766666669	0.3000333333329763	trials	port_entry
5945.507866666667	0.020000000000436557	trials	port_entry
5945.547766666667	0.45010000000183936	trials	port_entry
5947.047833333334	0.019966666666732635	trials	port_entry
5954.017833333335	0.2999666666655685	trials	port_entry
5954.547766666667	0.02003333333414048	trials	port_entry
5955.017833333335	0.20999999999912689	trials	port_entry
5955.247833333335	0.05996666666760575	trials	port_entry
5955.337833333335	0.22999999999956344	trials	port_entry
5955.857833333335	0.01999999999679858	trials	port_entry
5956.137833333334	0.020000000000436557	trials	port_entry
5956.537833333336	0.029966666665131925	trials	port_entry
5957.997833333335	0.059999999997671694	trials	port_entry
5969.977866666668	0.25993333333099145	trials	port_entry
5970.6978666666655	0.020000000000436557	trials	port_entry
5971.997866666668	0.06999999999970896	trials	port_entry
5972.627866666666	0.040000000000873115	trials	port_entry
5972.787800000002	0.020066666664206423	trials	port_entry
5973.487833333333	0.09003333333384944	trials	port_entry
5973.597833333333	0.13999999999941792	trials	port_entry
5978.317866666668	0.09999999999854481	trials	port_entry
5988.607766666668	0.2800666666662437	trials	port_entry
5989.017833333335	0.09996666666484089	trials	port_entry
5989.1378	0.040000000000873115	trials	port_entry
5989.517800000001	0.20009999999820138	trials	port_entry
5989.737833333333	0.12006666666638921	trials	port_entry
5990.1679	0.01989999999932479	trials	port_entry
5991.247866666668	0.03996666666716919	trials	port_entry
5991.667866666667	0.019966666666732635	trials	port_entry
5995.057866666666	0.27000000000043656	trials	port_entry
5995.1278999999995	19.999966666666296	trials	neutral_stimulus_presentation
6000.767866666669	0.3099999999976717	trials	port_entry
6009.997866666668	0.7899999999972351	trials	port_entry
6010.857866666669	0.3800333333310846	trials	port_entry
6011.277866666667	1.0600000000013097	trials	port_entry
6023.6978666666655	0.37003333333632327	trials	port_entry
6042.3879000000015	0.6899999999986903	trials	port_entry
6057.4879	0.47000000000116415	trials	port_entry
6079.517933333333	0.8000333333329763	trials	port_entry
6080.127966666667	10.629966666667315	trials	reward_stimulus_presentation
6081.127933333333	0.7999999999992724	trials	reward_delivery
6090.357933333333	7.290033333334577	trials	port_entry
6098.847933333334	1.790033333334577	trials	port_entry
6110.747966666666	3.25	trials	port_entry
6132.067966666666	3.819966666669643	trials	port_entry
6142.008000000002	1.0399999999972351	trials	port_entry
6143.078000000001	0.3999999999978172	trials	port_entry
6153.307966666667	0.6200333333326853	trials	port_entry
6155.018	0.019966666666732635	trials	port_entry
6155.868000000002	0.019966666666732635	trials	port_entry
6161.477999999999	0.46000000000276486	trials	port_entry
6170.128033333334	20.00216666666529	trials	shock_stimulus_presentation
6189.9279333333325	0.3000000000029104	trials	shock_relay
6200.568033333333	1.5900333333338494	trials	port_entry
6204.338033333333	0.040000000000873115	trials	port_entry
6227.168033333335	0.5300333333325398	trials	port_entry
6227.768066666667	0.5400000000008731	trials	port_entry
6247.428100000001	0.7599999999983993	trials	port_entry
6265.128066666668	5.590033333333849	trials	reward_stimulus_presentation
6266.128033333334	0.8000666666666802	trials	reward_delivery
6270.318133333334	18.139966666665714	trials	port_entry
6293.398100000002	2.4199999999982538	trials	port_entry
6299.528133333333	0.139966666665714	trials	port_entry
6299.728033333333	0.32013333333452465	trials	port_entry
6300.068133333334	0.050033333332976326	trials	port_entry
6317.238133333332	2.640000000003056	trials	port_entry
6339.668133333333	0.5900000000001455	trials	port_entry
6343.3282	0.019966666666732635	trials	port_entry
6343.458200000001	0.020000000000436557	trials	port_entry
6343.6882000000005	0.020000000000436557	trials	port_entry
6353.918166666666	0.5800000000017462	trials	port_entry
6355.128199999999	19.999900000002526	trials	neutral_stimulus_presentation
6374.088233333336	0.6099333333331742	trials	port_entry
6406.798233333335	0.8799999999973807	trials	port_entry
6423.178233333332	0.49993333333623013	trials	port_entry
6431.728233333335	0.7100333333328308	trials	port_entry
6435.128266666667	7.569966666666005	trials	reward_stimulus_presentation
6436.128266666667	0.7999999999992724	trials	reward_delivery
6442.298233333335	13.02003333333414	trials	port_entry
6456.528266666668	1.819999999999709	trials	port_entry
6471.698266666666	1.7199666666674602	trials	port_entry
6477.498266666666	0.7000000000007276	trials	port_entry
6493.408299999999	0.7000000000007276	trials	port_entry
6503.648300000001	0.5999999999985448	trials	port_entry
6509.6083	0.43000000000029104	trials	port_entry
6510.318299999999	0.11000000000058208	trials	port_entry
6525.128333333334	1.5899666666664416	trials	reward_stimulus_presentation
6526.128333333334	0.7999999999992724	trials	reward_delivery
6526.318333333333	0.37000000000261934	trials	port_entry
6531.270033333334	8.448300000000017	trials	port_entry
6551.358333333334	2.319999999999709	trials	port_entry
6573.558300000001	0.5200333333341405	trials	port_entry
6592.538366666668	0.4000000000014552	trials	port_entry
6616.638366666666	0.5200333333341405	trials	port_entry
6625.128466666669	20.00186666666559	trials	shock_stimulus_presentation
6644.928333333333	0.30006666666668025	trials	shock_relay
6647.168333333335	0.39006666666682577	trials	port_entry
6653.128433333335	0.04993333333186456	trials	port_entry
6653.328466666666	0.020000000000436557	trials	port_entry
6653.418400000002	0.039999999997235136	trials	port_entry
6653.708466666667	0.029999999998835847	trials	port_entry
6653.758399999999	0.030000000002473826	trials	port_entry
6653.878466666669	0.059999999997671694	trials	port_entry
6654.718400000002	0.020000000000436557	trials	port_entry
6654.758399999999	0.030000000002473826	trials	port_entry
6654.808433333335	0.039966666663531214	trials	port_entry
6669.208466666667	0.5099666666683333	trials	port_entry
6697.548466666667	0.3700333333326853	trials	port_entry
6698.038499999999	0.3000000000029104	trials	port_entry
6705.508466666666	0.5	trials	port_entry
6715.128466666669	20.000033333330066	trials	neutral_stimulus_presentation
6728.238433333336	1.0900666666639154	trials	port_entry
6748.858500000002	0.36999999999898137	trials	port_entry
6768.268500000002	0.4099999999998545	trials	port_entry
6783.278533333334	1.1500000000014552	trials	port_entry
6800.928566666666	0.4099999999998545	trials	port_entry
6805.128566666666	4.400000000001455	trials	reward_stimulus_presentation
6806.128566666666	0.7999999999992724	trials	reward_delivery
6809.128566666666	18.409999999999854	trials	port_entry
6827.628566666666	0.13000000000101863	trials	port_entry
6829.068566666669	1.2399666666642588	trials	port_entry
6830.5386	0.33000000000174623	trials	port_entry
6844.058566666667	0.5200000000004366	trials	port_entry
6864.468700000001	1.4699000000000524	trials	port_entry
6870.238600000001	0.4500000000007276	trials	port_entry
6895.128633333334	0.9399999999986903	trials	reward_stimulus_presentation
6895.668600000001	0.43000000000029104	trials	port_entry
6896.1286	0.7999999999992724	trials	reward_delivery
6902.298600000002	9.310033333331376	trials	port_entry
6912.068600000002	1.000033333330066	trials	port_entry
6917.838599999999	1.1401000000005297	trials	port_entry
6928.798633333336	2.6200333333326853	trials	port_entry
6936.528666666669	0.5199999999967986	trials	port_entry
6938.978666666666	0.05000000000291038	trials	port_entry
6939.168600000001	0.08003333333181217	trials	port_entry
6939.358633333333	0.029999999998835847	trials	port_entry
6952.988666666668	0.5499666666655685	trials	port_entry
6968.098666666669	0.7199999999975262	trials	port_entry
6979.798699999999	2.3000333333329763	trials	port_entry
6980.128733333335	20.002133333331585	trials	shock_stimulus_presentation
6987.488666666668	0.02003333333414048	trials	port_entry
6987.8387	0.5299999999988358	trials	port_entry
6999.9287	0.2999999999992724	trials	shock_relay
7007.9887666666655	0.5500000000029104	trials	port_entry
7024.848766666666	0.08000000000174623	trials	port_entry
7035.238733333335	0.7099999999991269	trials	port_entry
7054.808733333335	0.35003333333224873	trials	port_entry
7061.108733333334	0.6900333333323942	trials	port_entry
7061.968766666669	0.01999999999679858	trials	port_entry
7062.048733333333	0.030000000002473826	trials	port_entry
7069.128800000002	0.28999999999723514	trials	port_entry
7070.128800000002	20.0	trials	reward_stimulus_presentation
7071.128800000002	0.7999999999992724	trials	reward_delivery
7101.4388	2.4500000000007276	trials	port_entry
7103.908800000001	0.13003333333108458	trials	port_entry
7104.068800000001	1.9900333333316667	trials	port_entry
7109.3488	0.5	trials	port_entry
7114.198833333336	0.3499666666648409	trials	port_entry
7136.3488	1.610033333334286	trials	port_entry
7165.1289	14.009966666668333	trials	reward_stimulus_presentation
7166.128866666666	0.8000000000029104	trials	reward_delivery
7178.738833333333	1.4600333333328308	trials	port_entry
7189.648866666666	1.1900000000023283	trials	port_entry
7224.458900000001	0.9199666666645498	trials	port_entry
7247.168933333334	0.48993333333419287	trials	port_entry
7255.128966666667	20.002066666667815	trials	shock_stimulus_presentation
7274.928933333333	0.3000333333329763	trials	shock_relay
7280.468933333334	0.6500000000014552	trials	port_entry
7290.868966666669	1.7599999999983993	trials	port_entry
7311.279000000002	0.389966666665714	trials	port_entry
7324.099000000002	0.37999999999738066	trials	port_entry
7335.129000000001	13.720000000001164	trials	reward_stimulus_presentation
7336.129000000001	0.7999999999992724	trials	reward_delivery
7348.4490000000005	14.619999999998981	trials	port_entry
7364.798999999999	1.3300000000017462	trials	port_entry
7366.679	0.6500000000014552	trials	port_entry
7369.539033333334	1.2299999999995634	trials	port_entry
7371.199033333334	0.9799999999995634	trials	port_entry
7372.6190333333325	0.4000000000014552	trials	port_entry
7381.289066666668	2.1599999999998545	trials	port_entry
7384.219066666668	0.3999666666641133	trials	port_entry
7386.549033333333	0.48003333333326736	trials	port_entry
7413.1790666666675	0.9700000000011642	trials	port_entry
7414.1690666666655	1.3500000000021828	trials	port_entry
7417.289066666668	0.03996666666716919	trials	port_entry
7417.489066666669	0.09999999999854481	trials	port_entry
7418.129066666668	0.020000000000436557	trials	port_entry
7425.129100000002	20.0	trials	neutral_stimulus_presentation
7427.5590666666685	0.5900000000001455	trials	port_entry
7428.539066666668	0.25	trials	port_entry
7442.129100000002	0.48999999999796273	trials	port_entry
7447.879100000002	0.5399999999972351	trials	port_entry
7463.709066666666	0.2600333333357412	trials	port_entry
7465.749100000001	1.569999999999709	trials	port_entry
7496.789166666666	1.0399666666671692	trials	port_entry
7504.579166666666	0.27000000000043656	trials	port_entry
7505.249166666668	0.019966666666732635	trials	port_entry
7505.469133333332	0.10003333333588671	trials	port_entry
7505.709133333334	0.4500333333344315	trials	port_entry
7506.319100000001	0.0200666666678444	trials	port_entry
7506.399166666666	0.11996666666891542	trials	port_entry
7506.889133333334	0.0899666666664416	trials	port_entry
7518.709166666667	1.3299999999981083	trials	port_entry
7525.129233333333	6.149933333334047	trials	reward_stimulus_presentation
7526.129199999999	0.8000000000029104	trials	reward_delivery
7530.879166666666	13.920000000001892	trials	port_entry
7547.259166666667	1.2799999999988358	trials	port_entry
7557.209200000001	0.8299999999981083	trials	port_entry
7569.1692	0.47999999999956344	trials	port_entry
7597.599266666668	0.7999999999992724	trials	port_entry
7611.089200000002	0.5399666666635312	trials	port_entry
7615.129266666667	2.350000000002183	trials	reward_stimulus_presentation
7616.129233333333	0.8000333333329763	trials	reward_delivery
7617.0792666666675	0.43000000000029104	trials	port_entry
7633.1992666666665	5.799999999999272	trials	port_entry
7639.129233333333	1.4100333333335584	trials	port_entry
7645.469266666667	3.470033333334868	trials	port_entry
7658.019266666666	1.5700333333334129	trials	port_entry
7674.399300000001	0.7000000000007276	trials	port_entry
7680.029300000002	1.180000000000291	trials	port_entry
7687.0493333333325	0.5999666666684789	trials	port_entry
7705.129333333334	20.0	trials	neutral_stimulus_presentation
7714.559300000001	0.7500333333337039	trials	port_entry
7734.379366666668	1.319999999999709	trials	port_entry
7736.769366666667	0.029999999998835847	trials	port_entry
7756.669366666669	0.46996666666382225	trials	port_entry
7771.559400000002	0.28999999999723514	trials	port_entry
7786.649366666668	0.48999999999796273	trials	port_entry
7792.1194	0.3400000000001455	trials	port_entry
7795.129400000002	20.001966666666704	trials	shock_stimulus_presentation
7814.929400000001	0.2999999999992724	trials	shock_relay
7824.459433333333	1.0900000000001455	trials	port_entry
7849.9694333333355	0.2599999999983993	trials	port_entry
7857.909433333334	0.8899999999994179	trials	port_entry
7859.2194333333355	0.039999999997235136	trials	port_entry
7873.749466666668	0.3199333333323011	trials	port_entry
7876.049466666667	0.029999999998835847	trials	port_entry
7876.629499999999	0.019966666666732635	trials	port_entry
7876.729466666668	0.029966666665131925	trials	port_entry
7877.179433333335	0.020000000000436557	trials	port_entry
7880.129499999999	10.31000000000131	trials	reward_stimulus_presentation
7881.129466666669	0.7999999999992724	trials	reward_delivery
7890.039466666669	2.4399666666649864	trials	port_entry
7893.109533333332	5.209966666669061	trials	port_entry
7912.339500000002	1.3699999999989814	trials	port_entry
7914.5095	0.04003333333457704	trials	port_entry
7915.299500000001	0.020000000000436557	trials	port_entry
7915.4195	0.020000000000436557	trials	port_entry
7915.4895	0.020000000000436557	trials	port_entry
7917.069500000001	0.7200333333312301	trials	port_entry
7931.769500000002	0.7400333333316667	trials	port_entry
7932.889533333335	0.029999999998835847	trials	port_entry
7941.039533333333	0.3899999999994179	trials	port_entry
7941.869533333334	0.049999999999272404	trials	port_entry
7941.9495333333325	0.6599999999998545	trials	port_entry
7942.699499999999	0.030033333336177748	trials	port_entry
7942.779533333334	0.020000000000436557	trials	port_entry
7942.909533333335	0.01999999999679858	trials	port_entry
7943.659500000002	0.0200333333305025	trials	port_entry
7943.699499999999	0.1500333333351591	trials	port_entry
7949.289499999999	0.6700000000018917	trials	port_entry
7950.299533333335	0.020000000000436557	trials	port_entry
7950.359466666669	0.8000333333329763	trials	port_entry
7951.599566666668	0.06999999999970896	trials	port_entry
7951.749533333335	0.09003333333021146	trials	port_entry
7952.369566666668	0.20999999999912689	trials	port_entry
7953.249533333335	0.7999999999992724	trials	port_entry
7954.179533333332	0.05000000000291038	trials	port_entry
7954.649533333333	0.5400000000008731	trials	port_entry
7955.309533333333	0.2000000000007276	trials	port_entry
7955.549533333335	0.09999999999854481	trials	port_entry
7955.9495333333325	0.1600333333335584	trials	port_entry
7970.1295666666665	20.002633333333506	trials	shock_stimulus_presentation
7987.649700000002	2.4298666666654753	trials	port_entry
7989.929566666666	0.3000000000029104	trials	shock_relay
8000.329566666667	1.4399999999986903	trials	port_entry
8001.7896	0.03996666666716919	trials	port_entry
8020.2896	0.6199999999989814	trials	port_entry
8041.159666666666	0.3899999999994179	trials	port_entry
8046.149600000001	0.049999999999272404	trials	port_entry
8046.2196	0.18000000000029104	trials	port_entry
8065.129633333334	9.869999999998981	trials	reward_stimulus_presentation
8066.129633333334	0.7999999999992724	trials	reward_delivery
8074.599633333335	12.140033333333122	trials	port_entry
8091.029666666665	1.0799666666680423	trials	port_entry
8097.909666666666	0.5900000000001455	trials	port_entry
8122.709699999999	0.5199666666667326	trials	port_entry
8123.2497	0.3499999999985448	trials	port_entry
8130.6397	0.3100000000013097	trials	port_entry
8141.989700000002	0.48999999999796273	trials	port_entry
8155.129733333335	20.0	trials	neutral_stimulus_presentation
8162.029733333333	0.5100000000020373	trials	port_entry
8206.679766666668	0.41999999999825377	trials	port_entry
8221.0498	0.3100000000013097	trials	port_entry
8230.919766666666	0.40996666666615056	trials	port_entry
8235.129766666669	15.870033333332685	trials	reward_stimulus_presentation
8236.129799999999	0.7999333333355025	trials	reward_delivery
8250.599833333334	3.169966666668188	trials	port_entry
8264.509833333334	0.5099666666683333	trials	port_entry
8271.809799999999	0.3000333333366143	trials	port_entry
8276.1398	1.1500000000014552	trials	port_entry
8277.519766666668	0.03003333333253977	trials	port_entry
8278.789800000002	0.039999999997235136	trials	port_entry
8279.019800000002	0.020000000000436557	trials	port_entry
8279.659800000001	0.04996666666556848	trials	port_entry
8280.379799999999	0.040000000000873115	trials	port_entry
8287.939833333334	0.38000000000101863	trials	port_entry
8289.499766666668	0.5900666666675534	trials	port_entry
8290.329833333333	0.019933333333028713	trials	port_entry
8290.839833333335	0.059999999997671694	trials	port_entry
8291.0098	0.44003333333239425	trials	port_entry
8291.489866666667	0.06000000000130967	trials	port_entry
8291.639833333335	0.14003333333312185	trials	port_entry
8291.819866666669	0.6899333333312825	trials	port_entry
8292.6398	0.029999999998835847	trials	port_entry
8292.7998	0.13000000000101863	trials	port_entry
8310.189866666668	3.5899666666664416	trials	port_entry
8325.129866666666	4.459966666669061	trials	reward_stimulus_presentation
8326.129866666666	0.7999999999992724	trials	reward_delivery
8329.189833333334	21.660100000000966	trials	port_entry
8355.129866666666	0.5900000000001455	trials	port_entry
8362.3299	2.279999999998836	trials	port_entry
8383.479933333332	0.8000000000029104	trials	port_entry
8400.1699	1.7999999999992724	trials	port_entry
8402.099900000001	0.06999999999970896	trials	port_entry
8420.909933333332	0.4000333333351591	trials	port_entry
8425.129933333334	20.000033333333704	trials	neutral_stimulus_presentation
8432.509966666668	0.5599999999976717	trials	port_entry
8439.82	0.9699666666674602	trials	port_entry
8463.699933333333	0.9600333333328308	trials	port_entry
8473.619966666669	1.8700333333326853	trials	port_entry
8501.740000000002	0.569999999999709	trials	port_entry
8508.740000000002	0.0200333333305025	trials	port_entry
8510.43	0.43000000000029104	trials	port_entry
8515.130066666668	12.580033333331812	trials	reward_stimulus_presentation
8516.130033333335	0.7999999999992724	trials	reward_delivery
8527.310033333335	11.869999999998981	trials	port_entry
8543.350033333332	3.4400000000023283	trials	port_entry
8552.900033333335	0.47999999999956344	trials	port_entry
8564.590066666668	0.8400000000001455	trials	port_entry
8584.680066666668	1.8800333333310846	trials	port_entry
8598.7801	0.819966666666005	trials	port_entry
8605.130133333332	20.00186666666923	trials	shock_stimulus_presentation
8609.490099999999	0.22000000000116415	trials	port_entry
8610.400099999999	0.3600000000005821	trials	port_entry
8624.930133333335	0.2999999999992724	trials	shock_relay
8626.310099999999	0.9800333333369053	trials	port_entry
8658.720100000002	0.28999999999723514	trials	port_entry
8660.140166666668	0.03003333333253977	trials	port_entry
8693.810133333332	0.4300666666676989	trials	port_entry
8695.130233333333	4.159966666666151	trials	reward_stimulus_presentation
8696.1302	0.7999999999992724	trials	reward_delivery
8698.890200000002	5.289999999997235	trials	port_entry
8710.4202	9.730066666666971	trials	port_entry
8722.680233333333	4.200000000000728	trials	port_entry
8736.530233333335	1.139966666665714	trials	port_entry
8754.590266666666	0.4000000000014552	trials	port_entry
8761.550233333335	0.5799999999981083	trials	port_entry
8769.940266666668	0.6399999999994179	trials	port_entry
8780.1303	7.859966666666878	trials	reward_stimulus_presentation
8781.130266666667	0.7999666666655685	trials	reward_delivery
8787.590233333332	8.460000000002765	trials	port_entry
8799.010300000002	2.4499999999970896	trials	port_entry
8801.740300000001	1.1300000000010186	trials	port_entry
8809.070333333333	0.6399333333356481	trials	port_entry
8818.120300000002	1.819999999999709	trials	port_entry
8827.7303	0.2000000000007276	trials	port_entry
8828.060300000001	0.16999999999825377	trials	port_entry
8828.460299999999	2.0900000000001455	trials	port_entry
8836.460299999999	0.43000000000029104	trials	port_entry
8853.6103	0.5	trials	port_entry
8870.130366666668	20.002799999998388	trials	shock_stimulus_presentation
8887.450333333334	0.5299999999988358	trials	port_entry
8889.930333333334	0.2999999999992724	trials	shock_relay
8890.070333333333	0.020000000000436557	trials	port_entry
8899.300366666666	1.0099666666683333	trials	port_entry
8949.470433333336	0.3599999999969441	trials	port_entry
8965.130433333336	0.5999999999985448	trials	reward_stimulus_presentation
8965.330399999999	0.5300333333361777	trials	port_entry
8966.130366666668	0.8000666666666802	trials	reward_delivery
8984.860433333335	4.230033333333267	trials	port_entry
8989.250466666668	3.179966666666587	trials	port_entry
9017.480466666668	0.9700000000011642	trials	port_entry
9037.5305	0.4099999999998545	trials	port_entry
9049.6505	0.5300000000024738	trials	port_entry
9055.130533333333	20.00243333333492	trials	shock_stimulus_presentation
9065.920533333334	0.6599666666661506	trials	port_entry
9069.3105	0.25	trials	port_entry
9069.980500000001	0.049999999999272404	trials	port_entry
9070.200499999999	0.6200000000026193	trials	port_entry
9074.930500000002	0.2999999999992724	trials	shock_relay
9090.580533333334	0.43000000000029104	trials	port_entry
9105.390500000001	0.290066666664643	trials	port_entry
9106.530566666668	0.019966666666732635	trials	port_entry
9106.700566666666	0.06999999999970896	trials	port_entry
9106.940533333334	0.019966666666732635	trials	port_entry
9107.220566666667	0.029999999998835847	trials	port_entry
9107.280533333334	0.050033333332976326	trials	port_entry
9108.200533333333	0.06999999999970896	trials	port_entry
9108.370566666668	0.2399666666642588	trials	port_entry
9108.630533333333	0.08000000000174623	trials	port_entry
9117.860566666666	0.4099999999998545	trials	port_entry
9129.930566666666	1.140000000003056	trials	port_entry
9131.310533333333	0.15999999999985448	trials	port_entry
9135.130566666667	9.190000000002328	trials	reward_stimulus_presentation
9136.130566666667	0.7999999999992724	trials	reward_delivery
9143.920566666668	9.610033333334286	trials	port_entry
9157.100566666668	3.0300333333325398	trials	port_entry
9175.150533333333	2.120133333333797	trials	port_entry
9185.1806	0.5600000000013097	trials	port_entry
9205.830600000001	0.27999999999883585	trials	port_entry
9208.900633333335	0.4699999999975262	trials	port_entry
9209.460633333332	0.020000000000436557	trials	port_entry
9210.7206	0.03003333333253977	trials	port_entry
9211.650633333335	0.019966666666732635	trials	port_entry
9212.030633333336	0.059999999997671694	trials	port_entry
9212.190633333335	0.029999999998835847	trials	port_entry
9212.320633333333	0.1900000000023283	trials	port_entry
9212.600633333335	0.1099999999969441	trials	port_entry
9213.140633333333	0.1900000000023283	trials	port_entry
9225.130666666668	20.0	trials	neutral_stimulus_presentation
9228.100666666669	0.5399999999972351	trials	port_entry
9235.760699999999	0.35993333333317423	trials	port_entry
9243.620666666666	0.37000000000261934	trials	port_entry
9262.340666666667	1.0799666666680423	trials	port_entry
9278.440666666665	0.47000000000116415	trials	port_entry
9287.4407	0.5	trials	port_entry
9301.930733333335	0.639966666665714	trials	port_entry
9320.7507	0.3000333333329763	trials	port_entry
9325.130799999999	4.4099666666697885	trials	reward_stimulus_presentation
9326.130733333335	0.8000333333329763	trials	reward_delivery
9329.140733333334	10.460066666666535	trials	port_entry
9340.740733333332	3.3100333333350136	trials	port_entry
9349.790733333335	1.3099999999976717	trials	port_entry
9353.720766666665	0.900066666668863	trials	port_entry
9370.060766666666	0.8000333333366143	trials	port_entry
9385.110766666668	0.5100333333321032	trials	port_entry
9390.680800000002	0.4699333333337563	trials	port_entry
9391.5808	0.13000000000101863	trials	port_entry
9400.3708	0.40003333333152113	trials	port_entry
9407.610766666668	0.430033333330357	trials	port_entry
9415.130833333333	8.239966666667897	trials	reward_stimulus_presentation
9416.130799999999	0.7999666666692065	trials	reward_delivery
9422.9708	4.540033333334577	trials	port_entry
9438.840833333335	1.4499999999970896	trials	port_entry
9459.630866666666	1.4299666666665871	trials	port_entry
9475.120866666668	0.38000000000101863	trials	port_entry
9489.380866666666	0.2600333333357412	trials	port_entry
9494.170866666667	0.7099999999991269	trials	port_entry
9504.260900000001	1.139966666665714	trials	port_entry
9505.1309	19.61999999999898	trials	reward_stimulus_presentation
9506.130866666666	0.7999999999992724	trials	reward_delivery
9524.350900000001	3.2000000000007276	trials	port_entry
9534.690900000001	1.4899999999979627	trials	port_entry
9556.870933333335	0.07999999999810825	trials	port_entry
9557.330933333335	0.049999999999272404	trials	port_entry
9557.400933333334	0.1500000000014552	trials	port_entry
9578.650933333334	0.6199999999989814	trials	port_entry
9585.850966666669	0.3599999999969441	trials	port_entry
9595.131000000001	5.009966666664695	trials	reward_stimulus_presentation
9596.130966666668	0.7999999999992724	trials	reward_delivery
9599.740966666668	0.07999999999810825	trials	port_entry
9599.940966666669	3.5199999999967986	trials	port_entry
9604.260966666669	3.849999999998545	trials	port_entry
9611.530966666669	1.0399999999972351	trials	port_entry
9616.900966666668	1.1600333333335584	trials	port_entry
9621.560966666668	0.5099999999983993	trials	port_entry
9631.881000000001	1.0999666666648409	trials	port_entry
9645.441033333333	0.4699333333337563	trials	port_entry
9655.481033333333	0.5499999999992724	trials	port_entry
9669.591033333334	0.680000000000291	trials	port_entry
9678.621066666667	0.27000000000043656	trials	port_entry
9680.131033333335	20.00266666666721	trials	shock_stimulus_presentation
9698.711033333333	0.9700333333348681	trials	port_entry
9699.931033333334	0.2999999999992724	trials	shock_relay
9716.111066666668	0.3800333333310846	trials	port_entry
9734.521100000002	0.4399999999986903	trials	port_entry
9770.131133333332	3.390000000003056	trials	reward_stimulus_presentation
9771.131133333332	0.8000000000029104	trials	reward_delivery
9773.121133333334	0.38000000000101863	trials	port_entry
9777.5511	6.650033333331521	trials	port_entry
9793.761133333333	1.3100000000013097	trials	port_entry
9803.021166666666	0.46000000000276486	trials	port_entry
9816.131166666666	0.6599666666661506	trials	port_entry
9816.871133333334	0.27000000000043656	trials	port_entry
9830.0812	0.40996666666615056	trials	port_entry
9838.5612	0.2000000000007276	trials	port_entry
9838.7912	0.3699333333352115	trials	port_entry
9849.591166666669	0.7399999999979627	trials	port_entry
9860.641200000002	0.6000333333322487	trials	port_entry
9862.5112	0.049999999999272404	trials	port_entry
9865.1312	20.000033333333704	trials	neutral_stimulus_presentation
9893.051233333335	0.3400000000001455	trials	port_entry
9914.481200000002	0.25006666666376987	trials	port_entry
9932.461266666669	0.16999999999825377	trials	port_entry
9943.681266666666	0.6800666666676989	trials	port_entry
9944.781333333332	0.17000000000189175	trials	port_entry
9955.131266666667	20.002633333333506	trials	shock_stimulus_presentation
9974.931266666666	0.3000333333329763	trials	shock_relay
9993.781299999999	1.140000000003056	trials	port_entry
10005.291333333334	0.4999666666662961	trials	port_entry
10025.911366666667	0.39993333333404735	trials	port_entry
10027.111333333334	0.029999999998835847	trials	port_entry
10035.131333333335	20.000066666667408	trials	reward_stimulus_presentation
10036.131333333335	0.8000333333329763	trials	reward_delivery
10054.881400000002	2.3400000000001455	trials	port_entry
10097.131400000002	0.8599999999969441	trials	port_entry
10104.921433333333	0.05993333333390183	trials	port_entry
10105.0714	0.14003333333312185	trials	port_entry
10105.521400000001	0.019966666666732635	trials	port_entry
10105.9114	0.03996666666716919	trials	port_entry
10123.131433333332	0.7000333333344315	trials	port_entry
10125.131466666666	5.069999999999709	trials	reward_stimulus_presentation
10126.131433333332	0.8000000000029104	trials	reward_delivery
10129.801433333334	10.159999999999854	trials	port_entry
10140.931433333335	3.3800333333310846	trials	port_entry
10151.741399999999	0.7700666666678444	trials	port_entry
10152.551433333334	0.029999999998835847	trials	port_entry
10168.751500000002	0.6198999999978696	trials	port_entry
10175.981466666668	0.4099999999998545	trials	port_entry
10191.751466666668	1.360033333330648	trials	port_entry
10202.5615	0.47999999999956344	trials	port_entry
10218.831533333334	0.3400000000001455	trials	port_entry
10225.1315	7.210033333332831	trials	reward_stimulus_presentation
10226.131466666666	0.8000666666666802	trials	reward_delivery
10231.941533333335	5.739999999997963	trials	port_entry
10240.991533333334	3.709999999999127	trials	port_entry
10251.771533333333	0.5500000000029104	trials	port_entry
10253.141500000002	0.03003333333253977	trials	port_entry
10255.621533333335	0.02003333333414048	trials	port_entry
10260.291533333333	0.6900000000023283	trials	port_entry
10262.221533333333	0.02003333333414048	trials	port_entry
10263.781566666668	0.019966666666732635	trials	port_entry
10269.921566666668	0.5399333333334653	trials	port_entry
10280.881566666667	0.5399333333334653	trials	port_entry
10297.301533333335	0.4700333333312301	trials	port_entry
10305.0916	0.7099999999991269	trials	port_entry
10315.1316	20.00186666666559	trials	shock_stimulus_presentation
10334.9316	0.3000333333329763	trials	shock_relay
10344.921633333335	0.5499999999992724	trials	port_entry
10356.101633333335	0.7199999999975262	trials	port_entry
10376.801666666666	0.20999999999912689	trials	port_entry
10405.131700000002	7.599999999998545	trials	reward_stimulus_presentation
10406.131700000002	0.7999999999992724	trials	reward_delivery
10412.331699999999	7.769966666666733	trials	port_entry
10420.861700000001	1.2799999999988358	trials	port_entry
10428.611700000001	1.8599666666668782	trials	port_entry
10430.591633333333	0.04006666666828096	trials	port_entry
10430.691666666666	0.020000000000436557	trials	port_entry
10430.731666666667	0.23003333333326736	trials	port_entry
10450.341733333335	0.5900000000001455	trials	port_entry
10460.2617	0.4600333333364688	trials	port_entry
10474.8517	0.34003333333384944	trials	port_entry
10479.201733333335	0.40003333333152113	trials	port_entry
10487.061766666666	0.4799333333357936	trials	port_entry
10495.131766666665	20.000033333333704	trials	neutral_stimulus_presentation
10501.671733333333	0.3200333333334129	trials	port_entry
10502.091766666668	0.039999999997235136	trials	port_entry
10532.181800000002	0.48999999999796273	trials	port_entry
10550.131733333335	0.7799999999988358	trials	port_entry
10566.321733333334	0.8100000000013097	trials	port_entry
10575.361833333332	0.3699666666689154	trials	port_entry
10580.131833333333	15.950033333334432	trials	reward_stimulus_presentation
10581.131833333333	0.7999999999992724	trials	reward_delivery
10595.681833333332	0.75	trials	port_entry
10614.581833333334	0.31999999999970896	trials	port_entry
10638.001933333333	0.48993333333419287	trials	port_entry
10649.391866666669	0.5	trials	port_entry
10669.641866666669	0.5000333333337039	trials	port_entry
10670.1319	20.000033333333704	trials	neutral_stimulus_presentation
10682.5919	0.27000000000043656	trials	port_entry
10694.151866666667	0.5200666666678444	trials	port_entry
10712.021966666667	0.6200333333326853	trials	port_entry
10719.311933333334	0.6199999999989814	trials	port_entry
10740.631933333334	1.0500666666666802	trials	port_entry
10756.151966666668	2.220066666664934	trials	port_entry
10765.132000000001	20.002433333331282	trials	shock_stimulus_presentation
10784.932	0.2999999999992724	trials	shock_relay
10802.692033333333	0.8600000000005821	trials	port_entry
10812.172000000002	0.4700333333312301	trials	port_entry
10820.672033333332	0.5	trials	port_entry
10840.082000000002	0.5500333333329763	trials	port_entry
10851.782033333333	0.540033333334577	trials	port_entry
10855.132099999999	20.000200000002224	trials	neutral_stimulus_presentation
10868.212066666667	0.7200000000011642	trials	port_entry
10871.032066666667	0.020000000000436557	trials	port_entry
10872.582033333332	0.019966666666732635	trials	port_entry
10873.052	0.020000000000436557	trials	port_entry
10906.1521	0.6599999999998545	trials	port_entry
10907.0521	0.3000333333329763	trials	port_entry
10914.3321	0.24003333333530463	trials	port_entry
10935.132166666666	20.002000000000407	trials	shock_stimulus_presentation
10954.932166666666	0.3000000000029104	trials	shock_relay
10956.862166666666	0.6599999999998545	trials	port_entry
10967.6522	0.4999666666662961	trials	port_entry
10969.352166666667	0.389966666665714	trials	port_entry
10970.052166666668	0.22999999999956344	trials	port_entry
10983.932133333336	0.3999999999978172	trials	port_entry
11014.522166666666	1.7100333333364688	trials	port_entry
11025.132233333334	2.0200000000004366	trials	reward_stimulus_presentation
11026.132233333334	0.7999666666655685	trials	reward_delivery
11026.752233333333	0.6200000000026193	trials	port_entry
11039.692233333335	6.889966666665714	trials	port_entry
11048.412166666669	1.0200666666642064	trials	port_entry
11062.762200000001	0.75	trials	port_entry
11087.232266666666	1.5600000000013097	trials	port_entry
11103.102266666669	0.5300333333325398	trials	port_entry
11122.0923	0.3600000000005821	trials	port_entry
11238.163266666666	0.27866666666886886	trials	phototagging
11238.7219	0.22753333333457704	trials	phototagging
11240.492766666666	0.10016666666706442	trials	phototagging
11241.494300000002	0.10016666666342644	trials	phototagging
11242.495833333334	0.10016666666706442	trials	phototagging
11243.497366666666	0.10016666666706442	trials	phototagging
11244.498900000002	0.1001333333333605	trials	phototagging
11245.500433333335	0.10016666666706442	trials	phototagging
11246.501966666667	0.1001333333333605	trials	phototagging
11247.503499999999	0.1001333333333605	trials	phototagging
11248.505033333335	0.1001333333333605	trials	phototagging
11249.506533333333	0.10016666666706442	trials	phototagging
11250.508066666669	0.10016666666342644	trials	phototagging
11251.509600000001	0.10016666666706442	trials	phototagging
11262.526433333333	0.005000000001018634	trials	phototagging
11262.536466666668	0.004999999997380655	trials	phototagging
11262.546466666667	0.005033333334722556	trials	phototagging
11262.556499999999	0.005000000001018634	trials	phototagging
11262.5665	0.005000000001018634	trials	phototagging
11262.576533333333	0.005000000001018634	trials	phototagging
11262.586533333335	0.004999999997380655	trials	phototagging
11262.596566666667	0.005000000001018634	trials	phototagging
11262.606566666665	0.005000000001018634	trials	phototagging
11262.616600000001	0.005000000001018634	trials	phototagging
11262.6266	0.005000000001018634	trials	phototagging
11262.636633333335	0.004999999997380655	trials	phototagging
11262.646633333334	0.005000000001018634	trials	phototagging
11262.656666666666	0.005000000001018634	trials	phototagging
11262.666666666668	0.005000000001018634	trials	phototagging
11262.676666666666	0.005000000001018634	trials	phototagging
11262.686700000002	0.004999999997380655	trials	phototagging
11262.6967	0.005033333334722556	trials	phototagging
11262.706733333333	0.005000000001018634	trials	phototagging
11262.716733333335	0.005000000001018634	trials	phototagging
11262.726766666667	0.005000000001018634	trials	phototagging
11262.736766666669	0.004999999997380655	trials	phototagging
11262.7468	0.005000000001018634	trials	phototagging
11262.7568	0.005000000001018634	trials	phototagging
11262.766800000001	0.005033333331084577	trials	phototagging
11262.776833333333	0.005000000001018634	trials	phototagging
11262.786833333335	0.005033333331084577	trials	phototagging
11262.796866666667	0.005000000001018634	trials	phototagging
11262.806866666666	0.005000000001018634	trials	phototagging
11262.816900000002	0.004999999997380655	trials	phototagging
11272.842233333333	0.010000000002037268	trials	phototagging
11272.942366666666	0.01003333333574119	trials	phototagging
11273.042533333333	0.010000000002037268	trials	phototagging
11273.142666666667	0.01003333333574119	trials	phototagging
11273.242833333334	0.00999999999839929	trials	phototagging
11273.342966666667	0.010033333332103211	trials	phototagging
11273.443133333334	0.00999999999839929	trials	phototagging
11273.543300000001	0.00999999999839929	trials	phototagging
11273.643433333335	0.00999999999839929	trials	phototagging
11273.743600000002	0.00999999999839929	trials	phototagging
11273.843733333335	0.010033333332103211	trials	phototagging
11273.943900000002	0.00999999999839929	trials	phototagging
11274.044033333335	0.010033333332103211	trials	phototagging
11274.144199999999	0.01003333333574119	trials	phototagging
11274.244366666666	0.010000000002037268	trials	phototagging
11274.3445	0.01003333333574119	trials	phototagging
11274.444666666666	0.010000000002037268	trials	phototagging
11274.5448	0.01003333333574119	trials	phototagging
11274.644966666667	0.010000000002037268	trials	phototagging
11274.745133333334	0.00999999999839929	trials	phototagging
11274.8453	0.00999999999839929	trials	phototagging
11274.945433333334	0.00999999999839929	trials	phototagging
11275.045566666668	0.010033333332103211	trials	phototagging
11275.145733333335	0.00999999999839929	trials	phototagging
11275.245866666668	0.010033333332103211	trials	phototagging
11275.346033333335	0.00999999999839929	trials	phototagging
11275.446200000002	0.00999999999839929	trials	phototagging
11275.546333333335	0.010033333332103211	trials	phototagging
11275.646499999999	0.01003333333574119	trials	phototagging
11275.746666666666	0.010000000002037268	trials	phototagging
11285.862100000002	0.005033333331084577	trials	phototagging
11286.863633333334	0.005033333334722556	trials	phototagging
11287.865166666666	0.005000000001018634	trials	phototagging
11288.866700000002	0.004999999997380655	trials	phototagging
11289.868233333335	0.005000000001018634	trials	phototagging
11290.869766666667	0.005000000001018634	trials	phototagging
11291.871299999999	0.005000000001018634	trials	phototagging
11292.872833333335	0.004999999997380655	trials	phototagging
11293.874366666667	0.005000000001018634	trials	phototagging
11294.8759	0.005000000001018634	trials	phototagging
11295.877400000001	0.005033333331084577	trials	phototagging
11296.878966666667	0.005000000001018634	trials	phototagging
11297.880466666666	0.005033333334722556	trials	phototagging
11298.882000000001	0.004999999997380655	trials	phototagging
11299.883533333334	0.005033333334722556	trials	phototagging
11300.885066666666	0.005000000001018634	trials	phototagging
11301.886600000002	0.004999999997380655	trials	phototagging
11302.888133333334	0.005000000001018634	trials	phototagging
11303.889666666666	0.005000000001018634	trials	phototagging
11304.891200000002	0.004999999997380655	trials	phototagging
11305.892733333334	0.005000000001018634	trials	phototagging
11306.894266666666	0.005000000001018634	trials	phototagging
11307.895800000002	0.004999999997380655	trials	phototagging
11308.8973	0.005033333334722556	trials	phototagging
11309.898833333333	0.005000000001018634	trials	phototagging
11310.900366666669	0.004999999997380655	trials	phototagging
11311.9019	0.005000000001018634	trials	phototagging
11312.903433333333	0.005000000001018634	trials	phototagging
11313.904966666669	0.004999999997380655	trials	phototagging
11314.906500000001	0.005000000001018634	trials	phototagging
11325.923333333332	0.005000000001018634	trials	phototagging
11326.924866666668	0.004999999997380655	trials	phototagging
11327.9264	0.005000000001018634	trials	phototagging
11328.927933333332	0.005000000001018634	trials	phototagging
11329.929466666668	0.004999999997380655	trials	phototagging
11330.931	0.005000000001018634	trials	phototagging
11331.932533333333	0.005000000001018634	trials	phototagging
11332.934033333335	0.005033333331084577	trials	phototagging
11333.9356	0.005000000001018634	trials	phototagging
11334.9371	0.005033333334722556	trials	phototagging
11335.938633333335	0.005033333331084577	trials	phototagging
11336.940166666667	0.005033333334722556	trials	phototagging
11337.9417	0.005000000001018634	trials	phototagging
11338.943233333335	0.004999999997380655	trials	phototagging
11339.944766666667	0.005000000001018634	trials	phototagging
11340.9463	0.005000000001018634	trials	phototagging
11341.947833333335	0.004999999997380655	trials	phototagging
11342.949366666668	0.005000000001018634	trials	phototagging
11343.9509	0.005000000001018634	trials	phototagging
11344.952433333336	0.004999999997380655	trials	phototagging
11345.953966666668	0.005000000001018634	trials	phototagging
11346.9555	0.005000000001018634	trials	phototagging
11347.957000000002	0.005033333331084577	trials	phototagging
11348.958533333334	0.005000000001018634	trials	phototagging
11349.960066666667	0.005000000001018634	trials	phototagging
11350.961600000002	0.004999999997380655	trials	phototagging
11351.963133333335	0.005000000001018634	trials	phototagging
11352.964666666667	0.005000000001018634	trials	phototagging
11353.966199999999	0.005000000001018634	trials	phototagging
11354.967733333335	0.004999999997380655	trials	phototagging
11365.984566666666	0.01003333333574119	trials	phototagging
11366.084733333333	0.010000000002037268	trials	phototagging
11366.184866666666	0.01003333333574119	trials	phototagging
11366.285033333334	0.010000000002037268	trials	phototagging
11366.385166666667	0.010033333332103211	trials	phototagging
11366.485333333334	0.00999999999839929	trials	phototagging
11366.585466666667	0.010033333332103211	trials	phototagging
11366.685633333334	0.010033333332103211	trials	phototagging
11366.785800000001	0.00999999999839929	trials	phototagging
11366.885933333335	0.010033333332103211	trials	phototagging
11366.986100000002	0.00999999999839929	trials	phototagging
11367.086266666669	0.00999999999839929	trials	phototagging
11367.186400000002	0.010033333332103211	trials	phototagging
11367.286566666666	0.010000000002037268	trials	phototagging
11367.3867	0.01003333333574119	trials	phototagging
11367.486866666666	0.010000000002037268	trials	phototagging
11367.587	0.01003333333574119	trials	phototagging
11367.687166666667	0.01003333333574119	trials	phototagging
11367.787333333334	0.010000000002037268	trials	phototagging
11367.887466666667	0.010033333332103211	trials	phototagging
11367.987633333334	0.00999999999839929	trials	phototagging
11368.087766666667	0.010033333332103211	trials	phototagging
11368.187933333335	0.00999999999839929	trials	phototagging
11368.288100000002	0.00999999999839929	trials	phototagging
11368.388233333335	0.00999999999839929	trials	phototagging
11368.488400000002	0.00999999999839929	trials	phototagging
11368.588533333335	0.010033333332103211	trials	phototagging
11368.688699999999	0.010000000002037268	trials	phototagging
11368.788833333332	0.01003333333574119	trials	phototagging
11368.889	0.010000000002037268	trials	phototagging
11379.004466666669	0.004999999997380655	trials	phototagging
11380.006000000001	0.005000000001018634	trials	phototagging
11381.007533333333	0.005000000001018634	trials	phototagging
11382.009066666666	0.005000000001018634	trials	phototagging
11383.010566666668	0.005033333331084577	trials	phototagging
11384.012133333334	0.005000000001018634	trials	phototagging
11385.013633333332	0.005033333334722556	trials	phototagging
11386.015166666668	0.005033333331084577	trials	phototagging
11387.016733333334	0.005000000001018634	trials	phototagging
11388.018233333332	0.005000000001018634	trials	phototagging
11389.019766666668	0.004999999997380655	trials	phototagging
11390.0213	0.005000000001018634	trials	phototagging
11391.022833333333	0.005000000001018634	trials	phototagging
11392.024366666668	0.004999999997380655	trials	phototagging
11393.0259	0.005000000001018634	trials	phototagging
11394.027433333333	0.005000000001018634	trials	phototagging
11395.028966666669	0.004999999997380655	trials	phototagging
11396.030466666667	0.005033333334722556	trials	phototagging
11397.032033333333	0.005000000001018634	trials	phototagging
11398.033533333335	0.004999999997380655	trials	phototagging
11399.035066666667	0.005000000001018634	trials	phototagging
11400.0366	0.005000000001018634	trials	phototagging
11401.038133333335	0.004999999997380655	trials	phototagging
11402.039666666667	0.005000000001018634	trials	phototagging
11403.0412	0.005000000001018634	trials	phototagging
11404.042733333335	0.004999999997380655	trials	phototagging
11405.044266666668	0.005000000001018634	trials	phototagging
11406.0458	0.005000000001018634	trials	phototagging
11407.047300000002	0.005033333331084577	trials	phototagging
11408.048866666668	0.005000000001018634	trials	phototagging
11419.0657	0.005000000001018634	trials	phototagging
11419.075700000001	0.005000000001018634	trials	phototagging
11419.085733333333	0.005000000001018634	trials	phototagging
11419.095733333335	0.004999999997380655	trials	phototagging
11419.105733333334	0.005033333334722556	trials	phototagging
11419.115766666666	0.005000000001018634	trials	phototagging
11419.125800000002	0.004999999997380655	trials	phototagging
11419.1358	0.005000000001018634	trials	phototagging
11419.145800000002	0.005033333331084577	trials	phototagging
11419.155833333334	0.005000000001018634	trials	phototagging
11419.165833333333	0.005033333334722556	trials	phototagging
11419.175866666668	0.004999999997380655	trials	phototagging
11419.185866666667	0.005000000001018634	trials	phototagging
11419.195899999999	0.005000000001018634	trials	phototagging
11419.2059	0.005000000001018634	trials	phototagging
11419.215933333333	0.005000000001018634	trials	phototagging
11419.225933333335	0.004999999997380655	trials	phototagging
11419.235966666667	0.005000000001018634	trials	phototagging
11419.245966666665	0.005000000001018634	trials	phototagging
11419.255966666668	0.005033333334722556	trials	phototagging
11419.266	0.005000000001018634	trials	phototagging
11419.276000000002	0.004999999997380655	trials	phototagging
11419.286033333334	0.005000000001018634	trials	phototagging
11419.296033333332	0.005000000001018634	trials	phototagging
11419.306066666668	0.005000000001018634	trials	phototagging
11419.316066666666	0.005000000001018634	trials	phototagging
11419.326100000002	0.004999999997380655	trials	phototagging
11419.3361	0.005000000001018634	trials	phototagging
11419.346099999999	0.005033333334722556	trials	phototagging
11419.356133333335	0.005000000001018634	trials	phototagging
11429.381466666666	0.010000000002037268	trials	phototagging
11429.4816	0.01003333333574119	trials	phototagging
11429.581766666666	0.010000000002037268	trials	phototagging
11429.6819	0.01003333333574119	trials	phototagging
11429.782066666667	0.010033333332103211	trials	phototagging
11429.882233333334	0.00999999999839929	trials	phototagging
11429.982366666667	0.010033333332103211	trials	phototagging
11430.082533333334	0.00999999999839929	trials	phototagging
11430.182666666668	0.010033333332103211	trials	phototagging
11430.282833333335	0.00999999999839929	trials	phototagging
11430.382966666668	0.010033333332103211	trials	phototagging
11430.483133333335	0.010033333332103211	trials	phototagging
11430.583300000002	0.00999999999839929	trials	phototagging
11430.683433333335	0.010033333332103211	trials	phototagging
11430.783599999999	0.01003333333574119	trials	phototagging
11430.883766666666	0.010000000002037268	trials	phototagging
11430.9839	0.01003333333574119	trials	phototagging
11431.084066666666	0.010000000002037268	trials	phototagging
11431.1842	0.01003333333574119	trials	phototagging
11431.284366666667	0.010000000002037268	trials	phototagging
11431.384533333334	0.00999999999839929	trials	phototagging
11431.484666666667	0.010033333332103211	trials	phototagging
11431.584833333334	0.00999999999839929	trials	phototagging
11431.684966666668	0.010033333332103211	trials	phototagging
11431.785133333335	0.00999999999839929	trials	phototagging
11431.885266666668	0.010033333332103211	trials	phototagging
11431.985433333335	0.010033333332103211	trials	phototagging
11432.085600000002	0.00999999999839929	trials	phototagging
11432.185733333336	0.010033333332103211	trials	phototagging
11432.285899999999	0.010000000002037268	trials	phototagging
11442.401366666669	0.1001333333333605	trials	phototagging
11443.402900000001	0.1001333333333605	trials	phototagging
11444.4044	0.10016666666706442	trials	phototagging
11445.405933333335	0.10016666666706442	trials	phototagging
11446.407466666667	0.10016666666706442	trials	phototagging
11447.409	0.10016666666706442	trials	phototagging
11448.410533333335	0.10016666666342644	trials	phototagging
11449.412066666668	0.1001333333333605	trials	phototagging
11450.4136	0.10016666666706442	trials	phototagging
11451.415133333336	0.10013333332972252	trials	phototagging
11452.416666666668	0.1001333333333605	trials	phototagging
11453.4182	0.1001333333333605	trials	phototagging
11464.435033333335	0.004999999997380655	trials	phototagging
11464.445033333333	0.005000000001018634	trials	phototagging
11464.455066666666	0.005000000001018634	trials	phototagging
11464.465066666668	0.005000000001018634	trials	phototagging
11464.4751	0.005000000001018634	trials	phototagging
11464.485100000002	0.004999999997380655	trials	phototagging
11464.4951	0.005033333334722556	trials	phototagging
11464.505133333332	0.005000000001018634	trials	phototagging
11464.515133333334	0.005033333334722556	trials	phototagging
11464.525166666666	0.005000000001018634	trials	phototagging
11464.535166666668	0.005033333331084577	trials	phototagging
11464.5452	0.005000000001018634	trials	phototagging
11464.555199999999	0.005000000001018634	trials	phototagging
11464.565233333335	0.005000000001018634	trials	phototagging
11464.575233333333	0.005033333334722556	trials	phototagging
11464.585266666669	0.004999999997380655	trials	phototagging
11464.595266666667	0.005000000001018634	trials	phototagging
11464.605266666666	0.005033333334722556	trials	phototagging
11464.615300000001	0.005000000001018634	trials	phototagging
11464.625333333333	0.005000000001018634	trials	phototagging
11464.635333333335	0.004999999997380655	trials	phototagging
11464.645333333334	0.005033333334722556	trials	phototagging
11464.655366666666	0.005000000001018634	trials	phototagging
11464.665366666668	0.005033333331084577	trials	phototagging
11464.6754	0.005000000001018634	trials	phototagging
11464.685400000002	0.005033333331084577	trials	phototagging
11464.695433333334	0.005000000001018634	trials	phototagging
11464.705433333333	0.005000000001018634	trials	phototagging
11464.715466666668	0.004999999997380655	trials	phototagging
11464.725466666667	0.005000000001018634	trials	phototagging
11474.750800000002	0.1001333333333605	trials	phototagging
11475.752333333334	0.1001333333333605	trials	phototagging
11476.753866666666	0.1001333333333605	trials	phototagging
11477.755366666668	0.10016666666706442	trials	phototagging
11478.7569	0.10016666666706442	trials	phototagging
11479.758433333333	0.10016666666706442	trials	phototagging
11480.759966666668	0.10016666666706442	trials	phototagging
11481.7615	0.10016666666706442	trials	phototagging
11482.763033333333	0.10016666666706442	trials	phototagging
11483.764566666669	0.1001333333333605	trials	phototagging
11484.7661	0.1001333333333605	trials	phototagging
11485.767633333333	0.1001333333333605	trials	phototagging
11496.784466666668	0.010033333332103211	trials	phototagging
11496.884600000001	0.010033333332103211	trials	phototagging
11496.984766666668	0.00999999999839929	trials	phototagging
11497.084933333335	0.00999999999839929	trials	phototagging
11497.185066666669	0.010033333332103211	trials	phototagging
11497.285233333332	0.010000000002037268	trials	phototagging
11497.385366666666	0.01003333333574119	trials	phototagging
11497.485533333333	0.010000000002037268	trials	phototagging
11497.585666666666	0.01003333333574119	trials	phototagging
11497.685833333333	0.01003333333574119	trials	phototagging
11497.786	0.010000000002037268	trials	phototagging
11497.886133333333	0.010033333332103211	trials	phototagging
11497.9863	0.00999999999839929	trials	phototagging
11498.086433333334	0.010033333332103211	trials	phototagging
11498.1866	0.00999999999839929	trials	phototagging
11498.286766666668	0.00999999999839929	trials	phototagging
11498.386900000001	0.010033333332103211	trials	phototagging
11498.487066666668	0.00999999999839929	trials	phototagging
11498.587200000002	0.010033333332103211	trials	phototagging
11498.687366666669	0.010033333332103211	trials	phototagging
11498.787533333332	0.010000000002037268	trials	phototagging
11498.887666666666	0.01003333333574119	trials	phototagging
11498.987833333333	0.010000000002037268	trials	phototagging
11499.087966666666	0.01003333333574119	trials	phototagging
11499.188133333333	0.01003333333574119	trials	phototagging
11499.2883	0.010000000002037268	trials	phototagging
11499.388433333334	0.010033333332103211	trials	phototagging
11499.4886	0.00999999999839929	trials	phototagging
11499.588766666668	0.00999999999839929	trials	phototagging
11499.688900000001	0.010033333332103211	trials	phototagging
11509.804366666667	0.005000000001018634	trials	phototagging
11510.8059	0.005000000001018634	trials	phototagging
11511.807433333335	0.004999999997380655	trials	phototagging
11512.808933333334	0.005033333334722556	trials	phototagging
11513.810466666666	0.005000000001018634	trials	phototagging
11514.812000000002	0.005033333331084577	trials	phototagging
11515.813533333334	0.005000000001018634	trials	phototagging
11516.815066666666	0.005000000001018634	trials	phototagging
11517.816600000002	0.004999999997380655	trials	phototagging
11518.818133333334	0.005000000001018634	trials	phototagging
11519.819666666666	0.005000000001018634	trials	phototagging
11520.821200000002	0.004999999997380655	trials	phototagging
11521.822733333334	0.005000000001018634	trials	phototagging
11522.824266666667	0.005000000001018634	trials	phototagging
11523.825766666669	0.005033333331084577	trials	phototagging
11524.8273	0.005033333334722556	trials	phototagging
11525.828833333333	0.005000000001018634	trials	phototagging
11526.830366666669	0.005033333331084577	trials	phototagging
11527.831900000001	0.005000000001018634	trials	phototagging
11528.833433333333	0.005000000001018634	trials	phototagging
11529.834966666665	0.005000000001018634	trials	phototagging
11530.836500000001	0.005000000001018634	trials	phototagging
11531.838033333333	0.005000000001018634	trials	phototagging
11532.839566666666	0.005000000001018634	trials	phototagging
11533.841100000001	0.004999999997380655	trials	phototagging
11534.8426	0.005033333334722556	trials	phototagging
11535.844133333332	0.005033333334722556	trials	phototagging
11536.845666666668	0.005000000001018634	trials	phototagging
11537.8472	0.005033333334722556	trials	phototagging
11538.848733333332	0.005000000001018634	trials	phototagging
11549.865566666667	0.005000000001018634	trials	phototagging
11550.8671	0.005000000001018634	trials	phototagging
11551.868633333335	0.004999999997380655	trials	phototagging
11552.870166666668	0.005000000001018634	trials	phototagging
11553.8717	0.005000000001018634	trials	phototagging
11554.873233333336	0.004999999997380655	trials	phototagging
11555.874766666668	0.005000000001018634	trials	phototagging
11556.8763	0.005000000001018634	trials	phototagging
11557.877800000002	0.005033333331084577	trials	phototagging
11558.879333333334	0.005033333334722556	trials	phototagging
11559.880866666666	0.005000000001018634	trials	phototagging
11560.882400000002	0.005033333331084577	trials	phototagging
11561.883933333334	0.005000000001018634	trials	phototagging
11562.885466666667	0.005000000001018634	trials	phototagging
11563.886999999999	0.005000000001018634	trials	phototagging
11564.888533333335	0.005000000001018634	trials	phototagging
11565.890066666667	0.005000000001018634	trials	phototagging
11566.891599999999	0.005000000001018634	trials	phototagging
11567.893133333335	0.004999999997380655	trials	phototagging
11568.894633333333	0.005033333334722556	trials	phototagging
11569.896166666666	0.005033333334722556	trials	phototagging
11570.897700000001	0.005000000001018634	trials	phototagging
11571.899233333334	0.005033333334722556	trials	phototagging
11572.900766666666	0.005000000001018634	trials	phototagging
11573.902300000002	0.004999999997380655	trials	phototagging
11574.903833333334	0.005033333334722556	trials	phototagging
11575.905366666666	0.005000000001018634	trials	phototagging
11576.906900000002	0.004999999997380655	trials	phototagging
11577.908433333334	0.005000000001018634	trials	phototagging
11578.909966666666	0.005000000001018634	trials	phototagging
11589.926800000001	0.00999999999839929	trials	phototagging
11590.026933333334	0.010033333332103211	trials	phototagging
11590.127100000002	0.00999999999839929	trials	phototagging
11590.227233333335	0.010033333332103211	trials	phototagging
11590.327400000002	0.010033333332103211	trials	phototagging
11590.427566666669	0.00999999999839929	trials	phototagging
11590.527700000002	0.010033333332103211	trials	phototagging
11590.627866666666	0.010000000002037268	trials	phototagging
11590.728	0.01003333333574119	trials	phototagging
11590.828166666666	0.010000000002037268	trials	phototagging
11590.9283	0.01003333333574119	trials	phototagging
11591.028466666667	0.010033333332103211	trials	phototagging
11591.128633333334	0.00999999999839929	trials	phototagging
11591.228766666667	0.010033333332103211	trials	phototagging
11591.328933333334	0.010033333332103211	trials	phototagging
11591.429100000001	0.00999999999839929	trials	phototagging
11591.529233333335	0.010033333332103211	trials	phototagging
11591.629400000002	0.00999999999839929	trials	phototagging
11591.729533333335	0.010033333332103211	trials	phototagging
11591.829700000002	0.00999999999839929	trials	phototagging
11591.929866666665	0.010000000002037268	trials	phototagging
11592.029999999999	0.01003333333574119	trials	phototagging
11592.130166666666	0.010000000002037268	trials	phototagging
11592.2303	0.01003333333574119	trials	phototagging
11592.330466666666	0.010000000002037268	trials	phototagging
11592.4306	0.01003333333574119	trials	phototagging
11592.530766666667	0.010000000002037268	trials	phototagging
11592.630933333334	0.00999999999839929	trials	phototagging
11592.731066666667	0.010033333332103211	trials	phototagging
11592.831233333334	0.00999999999839929	trials	phototagging
11640.914133333335	0.1001333333333605	trials	phototagging
11641.915633333334	0.10016666666706442	trials	phototagging
11642.9172	0.1001333333333605	trials	phototagging
11643.918700000002	0.10016666666342644	trials	phototagging
11644.920233333334	0.10016666666706442	trials	phototagging
11645.921766666666	0.10016666666706442	trials	phototagging
11646.923300000002	0.1001333333333605	trials	phototagging
11647.924833333334	0.1001333333333605	trials	phototagging
11648.926366666667	0.1001333333333605	trials	phototagging
11649.927899999999	0.1001333333333605	trials	phototagging
11650.9294	0.10016666666706442	trials	phototagging
11651.930966666667	0.1001333333333605	trials	phototagging
11662.947766666668	0.005033333331084577	trials	phototagging
11662.9578	0.005000000001018634	trials	phototagging
11662.967800000002	0.004999999997380655	trials	phototagging
11662.977833333334	0.005000000001018634	trials	phototagging
11662.987833333333	0.005000000001018634	trials	phototagging
11662.997866666668	0.004999999997380655	trials	phototagging
11663.007866666667	0.005000000001018634	trials	phototagging
11663.017866666669	0.005033333331084577	trials	phototagging
11663.027900000001	0.005000000001018634	trials	phototagging
11663.0379	0.005033333334722556	trials	phototagging
11663.047933333335	0.004999999997380655	trials	phototagging
11663.057933333333	0.005033333334722556	trials	phototagging
11663.067966666666	0.005000000001018634	trials	phototagging
11663.077966666668	0.005000000001018634	trials	phototagging
11663.088	0.005000000001018634	trials	phototagging
11663.098000000002	0.005033333331084577	trials	phototagging
11663.108033333334	0.005000000001018634	trials	phototagging
11663.118033333332	0.005000000001018634	trials	phototagging
11663.128066666668	0.005000000001018634	trials	phototagging
11663.138066666666	0.005000000001018634	trials	phototagging
11663.148100000002	0.004999999997380655	trials	phototagging
11663.1581	0.005000000001018634	trials	phototagging
11663.168133333333	0.005000000001018634	trials	phototagging
11663.178133333335	0.004999999997380655	trials	phototagging
11663.188133333333	0.005033333334722556	trials	phototagging
11663.198166666669	0.004999999997380655	trials	phototagging
11663.208166666667	0.005000000001018634	trials	phototagging
11663.2182	0.005000000001018634	trials	phototagging
11663.228200000001	0.004999999997380655	trials	phototagging
11663.238233333333	0.005000000001018634	trials	phototagging
11673.263533333335	0.010033333332103211	trials	phototagging
11673.363700000002	0.00999999999839929	trials	phototagging
11673.463833333335	0.010033333332103211	trials	phototagging
11673.564000000002	0.00999999999839929	trials	phototagging
11673.664133333335	0.010033333332103211	trials	phototagging
11673.764299999999	0.01003333333574119	trials	phototagging
11673.864466666666	0.010000000002037268	trials	phototagging
11673.9646	0.01003333333574119	trials	phototagging
11674.064766666666	0.010000000002037268	trials	phototagging
11674.164933333333	0.010000000002037268	trials	phototagging
11674.265066666667	0.010033333332103211	trials	phototagging
11674.365233333334	0.00999999999839929	trials	phototagging
11674.465366666667	0.010033333332103211	trials	phototagging
11674.565533333334	0.00999999999839929	trials	phototagging
11674.665666666668	0.010033333332103211	trials	phototagging
11674.765833333335	0.00999999999839929	trials	phototagging
11674.866000000002	0.00999999999839929	trials	phototagging
11674.966133333335	0.010033333332103211	trials	phototagging
11675.066300000002	0.00999999999839929	trials	phototagging
11675.166433333336	0.010033333332103211	trials	phototagging
11675.266599999999	0.010000000002037268	trials	phototagging
11675.366766666666	0.010000000002037268	trials	phototagging
11675.4669	0.010000000002037268	trials	phototagging
11675.567066666667	0.010000000002037268	trials	phototagging
11675.6672	0.01003333333574119	trials	phototagging
11675.767366666667	0.010000000002037268	trials	phototagging
11675.8675	0.010033333332103211	trials	phototagging
11675.967666666667	0.00999999999839929	trials	phototagging
11676.067833333334	0.00999999999839929	trials	phototagging
11676.167966666668	0.010033333332103211	trials	phototagging
11686.283433333334	0.005000000001018634	trials	phototagging
11687.284966666666	0.005000000001018634	trials	phototagging
11688.286500000002	0.004999999997380655	trials	phototagging
11689.288	0.005033333334722556	trials	phototagging
11690.289533333333	0.005033333334722556	trials	phototagging
11691.291066666668	0.005033333331084577	trials	phototagging
11692.2926	0.005000000001018634	trials	phototagging
11693.294133333333	0.005000000001018634	trials	phototagging
11694.295666666669	0.004999999997380655	trials	phototagging
11695.2972	0.005000000001018634	trials	phototagging
11696.298733333333	0.005000000001018634	trials	phototagging
11697.300266666669	0.004999999997380655	trials	phototagging
11698.301766666667	0.005033333334722556	trials	phototagging
11699.3033	0.005033333334722556	trials	phototagging
11700.304833333335	0.004999999997380655	trials	phototagging
11701.306366666668	0.005033333334722556	trials	phototagging
11702.3079	0.005000000001018634	trials	phototagging
11703.309433333336	0.004999999997380655	trials	phototagging
11704.310966666668	0.005000000001018634	trials	phototagging
11705.3125	0.005000000001018634	trials	phototagging
11706.314033333332	0.005000000001018634	trials	phototagging
11707.315566666668	0.005000000001018634	trials	phototagging
11708.317066666667	0.005033333334722556	trials	phototagging
11709.318600000002	0.005033333331084577	trials	phototagging
11710.320133333335	0.005033333331084577	trials	phototagging
11711.321666666667	0.005033333334722556	trials	phototagging
11712.323199999999	0.005000000001018634	trials	phototagging
11713.324733333335	0.004999999997380655	trials	phototagging
11714.326266666667	0.005000000001018634	trials	phototagging
11715.3278	0.005000000001018634	trials	phototagging
11726.344633333334	0.005000000001018634	trials	phototagging
11727.346166666666	0.005000000001018634	trials	phototagging
11728.347700000002	0.004999999997380655	trials	phototagging
11729.349233333334	0.005000000001018634	trials	phototagging
11730.350766666666	0.005000000001018634	trials	phototagging
11731.352266666669	0.004999999997380655	trials	phototagging
11732.3538	0.005000000001018634	trials	phototagging
11733.355333333333	0.005000000001018634	trials	phototagging
11734.356866666669	0.004999999997380655	trials	phototagging
11735.358400000001	0.005000000001018634	trials	phototagging
11736.359933333333	0.005000000001018634	trials	phototagging
11737.361466666669	0.004999999997380655	trials	phototagging
11738.363000000001	0.005000000001018634	trials	phototagging
11739.3645	0.005033333334722556	trials	phototagging
11740.366066666666	0.005000000001018634	trials	phototagging
11741.367566666668	0.005033333331084577	trials	phototagging
11742.3691	0.005000000001018634	trials	phototagging
11743.370633333332	0.005000000001018634	trials	phototagging
11744.372166666668	0.005000000001018634	trials	phototagging
11745.3737	0.005000000001018634	trials	phototagging
11746.375233333332	0.005000000001018634	trials	phototagging
11747.376766666668	0.004999999997380655	trials	phototagging
11748.378266666667	0.005033333334722556	trials	phototagging
11749.379799999999	0.005033333334722556	trials	phototagging
11750.381333333335	0.005033333331084577	trials	phototagging
11751.382866666667	0.005033333334722556	trials	phototagging
11752.384399999999	0.005000000001018634	trials	phototagging
11753.385933333335	0.004999999997380655	trials	phototagging
11754.387466666667	0.005000000001018634	trials	phototagging
11755.389	0.005000000001018634	trials	phototagging
11766.405833333334	0.00999999999839929	trials	phototagging
11766.505966666668	0.010033333332103211	trials	phototagging
11766.606133333335	0.010033333332103211	trials	phototagging
11766.706300000002	0.00999999999839929	trials	phototagging
11766.806433333335	0.010033333332103211	trials	phototagging
11766.906600000002	0.00999999999839929	trials	phototagging
11767.006733333335	0.010033333332103211	trials	phototagging
11767.106899999999	0.010000000002037268	trials	phototagging
11767.207066666666	0.010000000002037268	trials	phototagging
11767.3072	0.01003333333574119	trials	phototagging
11767.407366666666	0.010000000002037268	trials	phototagging
11767.5075	0.01003333333574119	trials	phototagging
11767.607666666667	0.010000000002037268	trials	phototagging
11767.707833333334	0.00999999999839929	trials	phototagging
11767.807966666667	0.010033333332103211	trials	phototagging
11767.908133333334	0.00999999999839929	trials	phototagging
11768.008266666668	0.010033333332103211	trials	phototagging
11768.108433333335	0.010033333332103211	trials	phototagging
11768.208566666668	0.010033333332103211	trials	phototagging
11768.308733333335	0.00999999999839929	trials	phototagging
11768.408900000002	0.00999999999839929	trials	phototagging
11768.509033333336	0.010033333332103211	trials	phototagging
11768.609199999999	0.010000000002037268	trials	phototagging
11768.709333333332	0.01003333333574119	trials	phototagging
11768.8095	0.010000000002037268	trials	phototagging
11768.909666666666	0.010000000002037268	trials	phototagging
11769.0098	0.010000000002037268	trials	phototagging
11769.109966666667	0.010000000002037268	trials	phototagging
11769.2101	0.010033333332103211	trials	phototagging
11769.310266666667	0.00999999999839929	trials	phototagging
11779.4257	0.005033333334722556	trials	phototagging
11780.427266666666	0.005000000001018634	trials	phototagging
11781.428766666668	0.005000000001018634	trials	phototagging
11782.4303	0.005000000001018634	trials	phototagging
11783.431833333332	0.005000000001018634	trials	phototagging
11784.433366666668	0.005000000001018634	trials	phototagging
11785.4349	0.005000000001018634	trials	phototagging
11786.436433333332	0.005000000001018634	trials	phototagging
11787.437966666668	0.004999999997380655	trials	phototagging
11788.4395	0.005000000001018634	trials	phototagging
11789.440999999999	0.005033333334722556	trials	phototagging
11790.442533333335	0.005033333331084577	trials	phototagging
11791.444066666667	0.005033333334722556	trials	phototagging
11792.4456	0.005000000001018634	trials	phototagging
11793.447133333335	0.004999999997380655	trials	phototagging
11794.448666666667	0.005000000001018634	trials	phototagging
11795.4502	0.005000000001018634	trials	phototagging
11796.451733333335	0.004999999997380655	trials	phototagging
11797.453266666667	0.005000000001018634	trials	phototagging
11798.4548	0.005000000001018634	trials	phototagging
11799.456333333335	0.004999999997380655	trials	phototagging
11800.457833333334	0.005033333334722556	trials	phototagging
11801.4594	0.005000000001018634	trials	phototagging
11802.460900000002	0.004999999997380655	trials	phototagging
11803.462433333334	0.005000000001018634	trials	phototagging
11804.463966666666	0.005000000001018634	trials	phototagging
11805.465500000002	0.004999999997380655	trials	phototagging
11806.467033333334	0.005000000001018634	trials	phototagging
11807.468566666666	0.005000000001018634	trials	phototagging
11808.470100000002	0.004999999997380655	trials	phototagging
11819.486933333334	0.005000000001018634	trials	phototagging
11819.496933333336	0.004999999997380655	trials	phototagging
11819.506966666668	0.005000000001018634	trials	phototagging
11819.516966666666	0.005000000001018634	trials	phototagging
11819.526966666668	0.005033333331084577	trials	phototagging
11819.537	0.005000000001018634	trials	phototagging
11819.547000000002	0.005033333331084577	trials	phototagging
11819.557033333334	0.005000000001018634	trials	phototagging
11819.567033333333	0.005000000001018634	trials	phototagging
11819.577066666669	0.004999999997380655	trials	phototagging
11819.587066666667	0.005000000001018634	trials	phototagging
11819.597099999999	0.005000000001018634	trials	phototagging
11819.607100000001	0.005000000001018634	trials	phototagging
11819.617133333333	0.005000000001018634	trials	phototagging
11819.627133333335	0.004999999997380655	trials	phototagging
11819.637133333334	0.005033333334722556	trials	phototagging
11819.647166666666	0.005000000001018634	trials	phototagging
11819.657200000001	0.004999999997380655	trials	phototagging
11819.6672	0.005000000001018634	trials	phototagging
11819.677200000002	0.005033333331084577	trials	phototagging
11819.687233333334	0.005000000001018634	trials	phototagging
11819.697233333332	0.005033333334722556	trials	phototagging
11819.707266666668	0.004999999997380655	trials	phototagging
11819.717266666667	0.005033333334722556	trials	phototagging
11819.727300000002	0.004999999997380655	trials	phototagging
11819.7373	0.005000000001018634	trials	phototagging
11819.747333333333	0.005000000001018634	trials	phototagging
11819.757333333335	0.004999999997380655	trials	phototagging
11819.767366666667	0.005000000001018634	trials	phototagging
11819.777366666669	0.004999999997380655	trials	phototagging
11829.802666666666	0.01003333333574119	trials	phototagging
11829.902833333334	0.010033333332103211	trials	phototagging
11830.003	0.00999999999839929	trials	phototagging
11830.103133333334	0.010033333332103211	trials	phototagging
11830.203300000001	0.00999999999839929	trials	phototagging
11830.303433333334	0.010033333332103211	trials	phototagging
11830.403600000001	0.00999999999839929	trials	phototagging
11830.503733333335	0.010033333332103211	trials	phototagging
11830.603900000002	0.010033333332103211	trials	phototagging
11830.704066666669	0.00999999999839929	trials	phototagging
11830.804200000002	0.010033333332103211	trials	phototagging
11830.904366666666	0.01003333333574119	trials	phototagging
11831.0045	0.01003333333574119	trials	phototagging
11831.104666666666	0.01003333333574119	trials	phototagging
11831.204833333333	0.010000000002037268	trials	phototagging
11831.304966666667	0.01003333333574119	trials	phototagging
11831.405133333334	0.010000000002037268	trials	phototagging
11831.5053	0.00999999999839929	trials	phototagging
11831.605433333334	0.010033333332103211	trials	phototagging
11831.705600000001	0.00999999999839929	trials	phototagging
11831.805733333335	0.010033333332103211	trials	phototagging
11831.905900000002	0.00999999999839929	trials	phototagging
11832.006066666669	0.00999999999839929	trials	phototagging
11832.106200000002	0.010033333332103211	trials	phototagging
11832.206366666665	0.010000000002037268	trials	phototagging
11832.306499999999	0.01003333333574119	trials	phototagging
11832.406666666666	0.010000000002037268	trials	phototagging
11832.506833333333	0.010000000002037268	trials	phototagging
11832.606966666666	0.010000000002037268	trials	phototagging
11832.707133333333	0.010000000002037268	trials	phototagging
11842.822566666666	0.10016666666706442	trials	phototagging
11843.824100000002	0.10016666666706442	trials	phototagging
11844.825633333334	0.1001333333333605	trials	phototagging
11845.827166666666	0.10016666666706442	trials	phototagging
11846.828700000002	0.1001333333333605	trials	phototagging
11847.830233333334	0.1001333333333605	trials	phototagging
11848.831766666666	0.1001333333333605	trials	phototagging
11849.833266666668	0.10016666666706442	trials	phototagging
11850.834833333334	0.1001333333333605	trials	phototagging
11851.836333333333	0.10016666666706442	trials	phototagging
11852.837866666669	0.10016666666706442	trials	phototagging
11853.8394	0.10016666666706442	trials	phototagging
11864.856233333336	0.004999999997380655	trials	phototagging
11864.866266666668	0.005000000001018634	trials	phototagging
11864.876266666666	0.005000000001018634	trials	phototagging
11864.886300000002	0.004999999997380655	trials	phototagging
11864.8963	0.005000000001018634	trials	phototagging
11864.906333333332	0.005000000001018634	trials	phototagging
11864.916333333334	0.005000000001018634	trials	phototagging
11864.926333333333	0.005033333334722556	trials	phototagging
11864.936366666669	0.004999999997380655	trials	phototagging
11864.946366666667	0.005000000001018634	trials	phototagging
11864.9564	0.005000000001018634	trials	phototagging
11864.966400000001	0.005000000001018634	trials	phototagging
11864.976433333333	0.005000000001018634	trials	phototagging
11864.986433333335	0.004999999997380655	trials	phototagging
11864.996433333334	0.005033333334722556	trials	phototagging
11865.006466666666	0.005000000001018634	trials	phototagging
11865.016466666668	0.005033333331084577	trials	phototagging
11865.0265	0.005000000001018634	trials	phototagging
11865.036500000002	0.004999999997380655	trials	phototagging
11865.046533333334	0.005000000001018634	trials	phototagging
11865.056533333332	0.005000000001018634	trials	phototagging
11865.066566666668	0.004999999997380655	trials	phototagging
11865.076566666667	0.005000000001018634	trials	phototagging
11865.086600000002	0.004999999997380655	trials	phototagging
11865.0966	0.005000000001018634	trials	phototagging
11865.1066	0.005033333334722556	trials	phototagging
11865.116633333335	0.004999999997380655	trials	phototagging
11865.126666666667	0.005000000001018634	trials	phototagging
11865.136666666665	0.005000000001018634	trials	phototagging
11865.146666666667	0.005000000001018634	trials	phototagging
11875.172000000002	0.1001333333333605	trials	phototagging
11876.173533333334	0.1001333333333605	trials	phototagging
11877.175066666667	0.1001333333333605	trials	phototagging
11878.176566666669	0.10016666666342644	trials	phototagging
11879.178100000001	0.10016666666706442	trials	phototagging
11880.179633333333	0.10016666666706442	trials	phototagging
11881.181166666669	0.10016666666342644	trials	phototagging
11882.182700000001	0.10016666666706442	trials	phototagging
11883.184233333333	0.1001333333333605	trials	phototagging
11884.185766666666	0.10016666666706442	trials	phototagging
11885.187300000001	0.1001333333333605	trials	phototagging
11886.188833333334	0.1001333333333605	trials	phototagging
11897.205666666669	0.00999999999839929	trials	phototagging
11897.305800000002	0.010033333332103211	trials	phototagging
11897.405966666669	0.00999999999839929	trials	phototagging
11897.506100000002	0.010033333332103211	trials	phototagging
11897.606266666666	0.010000000002037268	trials	phototagging
11897.706433333333	0.010000000002037268	trials	phototagging
11897.806566666666	0.010000000002037268	trials	phototagging
11897.906733333333	0.010000000002037268	trials	phototagging
11898.006866666667	0.01003333333574119	trials	phototagging
11898.107033333334	0.00999999999839929	trials	phototagging
11898.207166666667	0.010033333332103211	trials	phototagging
11898.307333333334	0.010033333332103211	trials	phototagging
11898.407500000001	0.00999999999839929	trials	phototagging
11898.507633333335	0.010033333332103211	trials	phototagging
11898.607800000002	0.00999999999839929	trials	phototagging
11898.707966666669	0.00999999999839929	trials	phototagging
11898.808100000002	0.00999999999839929	trials	phototagging
11898.908266666665	0.010000000002037268	trials	phototagging
11899.008399999999	0.01003333333574119	trials	phototagging
11899.108566666666	0.010000000002037268	trials	phototagging
11899.2087	0.01003333333574119	trials	phototagging
11899.308866666666	0.010000000002037268	trials	phototagging
11899.409	0.01003333333574119	trials	phototagging
11899.509166666667	0.010033333332103211	trials	phototagging
11899.609333333334	0.00999999999839929	trials	phototagging
11899.709466666667	0.010033333332103211	trials	phototagging
11899.809633333334	0.00999999999839929	trials	phototagging
11899.909766666668	0.010033333332103211	trials	phototagging
11900.009933333335	0.00999999999839929	trials	phototagging
11900.110100000002	0.00999999999839929	trials	phototagging
11910.225533333334	0.005033333334722556	trials	phototagging
11911.227066666666	0.005000000001018634	trials	phototagging
11912.228600000002	0.004999999997380655	trials	phototagging
11913.230133333334	0.005000000001018634	trials	phototagging
11914.231666666667	0.005000000001018634	trials	phototagging
11915.233199999999	0.005000000001018634	trials	phototagging
11916.234733333335	0.005000000001018634	trials	phototagging
11917.236233333333	0.005033333334722556	trials	phototagging
11918.237799999999	0.005000000001018634	trials	phototagging
11919.239300000001	0.005033333331084577	trials	phototagging
11920.240833333333	0.005000000001018634	trials	phototagging
11921.242366666665	0.005000000001018634	trials	phototagging
11922.243900000001	0.005033333331084577	trials	phototagging
11923.245433333333	0.005000000001018634	trials	phototagging
11924.246966666666	0.005000000001018634	trials	phototagging
11925.248500000002	0.004999999997380655	trials	phototagging
11926.250033333334	0.005000000001018634	trials	phototagging
11927.251566666666	0.005000000001018634	trials	phototagging
11928.253100000002	0.004999999997380655	trials	phototagging
11929.2546	0.005033333334722556	trials	phototagging
11930.256133333332	0.005000000001018634	trials	phototagging
11931.257666666668	0.005033333331084577	trials	phototagging
11932.2592	0.005000000001018634	trials	phototagging
11933.260733333333	0.005000000001018634	trials	phototagging
11934.262266666668	0.004999999997380655	trials	phototagging
11935.2638	0.005000000001018634	trials	phototagging
11936.265333333333	0.005000000001018634	trials	phototagging
11937.266866666669	0.004999999997380655	trials	phototagging
11938.2684	0.005000000001018634	trials	phototagging
11939.269933333333	0.005000000001018634	trials	phototagging
11950.286766666668	0.005000000001018634	trials	phototagging
11951.288266666666	0.005033333334722556	trials	phototagging
11952.289800000002	0.005033333331084577	trials	phototagging
11953.291333333334	0.005000000001018634	trials	phototagging
11954.292866666667	0.005000000001018634	trials	phototagging
11955.294399999999	0.005000000001018634	trials	phototagging
11956.295933333335	0.005000000001018634	trials	phototagging
11957.297466666667	0.005000000001018634	trials	phototagging
11958.298999999999	0.005000000001018634	trials	phototagging
11959.300533333335	0.004999999997380655	trials	phototagging
11960.302066666667	0.005000000001018634	trials	phototagging
11961.303566666666	0.005033333334722556	trials	phototagging
11962.305100000001	0.005033333331084577	trials	phototagging
11963.306633333334	0.005033333334722556	trials	phototagging
11964.308166666666	0.005000000001018634	trials	phototagging
11965.309700000002	0.004999999997380655	trials	phototagging
11966.311233333334	0.005000000001018634	trials	phototagging
11967.312766666666	0.005000000001018634	trials	phototagging
11968.314300000002	0.004999999997380655	trials	phototagging
11969.315833333334	0.005000000001018634	trials	phototagging
11970.317366666666	0.005000000001018634	trials	phototagging
11971.318900000002	0.004999999997380655	trials	phototagging
11972.3204	0.005033333334722556	trials	phototagging
11973.321966666666	0.005000000001018634	trials	phototagging
11974.323466666669	0.004999999997380655	trials	phototagging
11975.325	0.005000000001018634	trials	phototagging
11976.326533333333	0.005000000001018634	trials	phototagging
11977.328066666669	0.004999999997380655	trials	phototagging
11978.329600000001	0.005000000001018634	trials	phototagging
11979.331133333333	0.005000000001018634	trials	phototagging
11990.347966666668	0.00999999999839929	trials	phototagging
11990.448133333335	0.00999999999839929	trials	phototagging
11990.548266666668	0.00999999999839929	trials	phototagging
11990.648433333336	0.00999999999839929	trials	phototagging
11990.748566666669	0.010033333332103211	trials	phototagging
11990.848733333332	0.010000000002037268	trials	phototagging
11990.948866666666	0.01003333333574119	trials	phototagging
11991.049033333333	0.010000000002037268	trials	phototagging
11991.149166666666	0.01003333333574119	trials	phototagging
11991.249333333333	0.01003333333574119	trials	phototagging
11991.3495	0.010000000002037268	trials	phototagging
11991.449633333334	0.010033333332103211	trials	phototagging
11991.5498	0.00999999999839929	trials	phototagging
11991.649966666668	0.00999999999839929	trials	phototagging
11991.750100000001	0.010033333332103211	trials	phototagging
11991.850266666668	0.00999999999839929	trials	phototagging
11991.950400000002	0.010033333332103211	trials	phototagging
11992.050566666669	0.00999999999839929	trials	phototagging
11992.150700000002	0.010033333332103211	trials	phototagging
11992.250866666669	0.010033333332103211	trials	phototagging
11992.351033333332	0.010000000002037268	trials	phototagging
11992.451166666666	0.01003333333574119	trials	phototagging
11992.551333333333	0.010000000002037268	trials	phototagging
11992.6515	0.010000000002037268	trials	phototagging
11992.751633333333	0.010033333332103211	trials	phototagging
11992.8518	0.00999999999839929	trials	phototagging
11992.951933333334	0.010033333332103211	trials	phototagging
11993.0521	0.00999999999839929	trials	phototagging
11993.152266666668	0.00999999999839929	trials	phototagging
11993.252400000001	0.010033333332103211	trials	phototagging
