onset	duration	nwb_table	trial_type
72.60873333333075	0.13003333333472256	trials	port_entry
86.56876666666358	0.12000000000261934	trials	port_entry
183.77906666666604	0.059999999997671694	trials	port_entry
295.3993666666647	1.430033333333995	trials	port_entry
301.02943333333315	18.950033333330794	trials	reward_stimulus_presentation
303.02939999999944	0.7999666666655685	trials	reward_delivery
319.5793999999987	0.060033333331375616	trials	port_entry
334.67949999999837	2.470033333334868	trials	port_entry
340.2795333333306	0.46996666666746023	trials	port_entry
340.8194999999978	0.4500000000007276	trials	port_entry
363.43949999999677	0.03006666666988167	trials	port_entry
363.53949999999895	0.09006666666755336	trials	port_entry
378.0295666666643	0.2100333333328308	trials	port_entry
378.3195999999989	2.900033333331521	trials	port_entry
382.1796333333332	0.019966666666732635	trials	port_entry
382.34963333333144	0.06999999999970896	trials	port_entry
382.959633333332	0.2600333333321032	trials	port_entry
383.259666666665	0.10996666666687815	trials	port_entry
383.579633333331	0.48003333333326736	trials	port_entry
391.02969999999914	20.000033333333704	trials	reward_stimulus_presentation
393.02966666666543	0.7999999999992724	trials	reward_delivery
415.3397333333305	2.720000000001164	trials	port_entry
454.40986666666504	2.0099999999983993	trials	port_entry
461.3098666666665	0.039999999997235136	trials	port_entry
462.17983333333177	0.13003333333472256	trials	port_entry
462.35986666666577	0.2999999999992724	trials	port_entry
481.02996666666513	10.299999999999272	trials	reward_stimulus_presentation
483.02999999999884	0.7999333333318646	trials	reward_delivery
490.9299333333329	2.75	trials	port_entry
511.3199999999997	1.9599999999991269	trials	port_entry
561.8601666666655	0.11000000000058208	trials	port_entry
571.0301999999974	19.999966666666296	trials	neutral_stimulus_presentation
601.9602666666651	0.07996666666804231	trials	port_entry
602.2502999999997	0.09996666666484089	trials	port_entry
643.5603666666648	0.09000000000014552	trials	port_entry
644.0303666666659	0.2399666666642588	trials	port_entry
644.3403999999973	2.3400000000001455	trials	port_entry
656.0304666666634	20.0	trials	reward_stimulus_presentation
658.0303999999996	0.8000333333329763	trials	reward_delivery
679.3804999999993	3.039999999997235	trials	port_entry
688.8905333333314	0.040000000000873115	trials	port_entry
703.8205666666654	0.26996666666673264	trials	port_entry
704.3105333333333	0.01999999999679858	trials	port_entry
704.7705333333324	0.24003333333166665	trials	port_entry
705.0305666666645	0.33000000000174623	trials	port_entry
706.2305666666653	0.16999999999825377	trials	port_entry
706.4405666666644	0.06000000000130967	trials	port_entry
706.5405666666666	0.4899666666642588	trials	port_entry
708.0005666666657	0.029999999998835847	trials	port_entry
708.050566666665	0.049999999999272404	trials	port_entry
746.030733333333	20.001933333333	trials	shock_stimulus_presentation
750.7606666666652	0.4599999999991269	trials	port_entry
765.830766666666	0.2999999999992724	trials	shock_relay
767.7107666666634	0.17000000000189175	trials	port_entry
767.9207666666662	0.09999999999854481	trials	port_entry
768.0406999999977	0.04006666666828096	trials	port_entry
768.2307666666638	2.2600000000020373	trials	port_entry
771.330766666666	0.06999999999970896	trials	port_entry
775.6307666666653	0.07999999999810825	trials	port_entry
776.0107333333326	0.9100666666672623	trials	port_entry
777.2407666666659	0.04996666666556848	trials	port_entry
777.5507999999973	2.0800000000017462	trials	port_entry
779.6707999999999	2.7399999999979627	trials	port_entry
782.4807999999975	1.0	trials	port_entry
783.9807999999975	0.6399999999994179	trials	port_entry
796.2208333333328	0.019966666666732635	trials	port_entry
796.2907999999989	0.0700666666671168	trials	port_entry
796.6608333333315	0.3100000000013097	trials	port_entry
802.7807999999968	1.0500666666666802	trials	port_entry
803.8708666666644	1.7199666666674602	trials	port_entry
823.3008999999984	0.040000000000873115	trials	port_entry
823.6208666666644	3.470066666668572	trials	port_entry
828.0109333333312	1.180000000000291	trials	port_entry
829.7109333333319	0.13999999999941792	trials	port_entry
829.8909666666659	0.09996666666484089	trials	port_entry
835.2208999999966	6.580066666669154	trials	port_entry
841.0310333333327	1.5399333333334653	trials	reward_stimulus_presentation
842.1709666666648	0.2999999999992724	trials	port_entry
842.8109333333305	0.05000000000291038	trials	port_entry
842.8909666666659	0.06996666666600504	trials	port_entry
843.0309666666653	0.7999999999992724	trials	reward_delivery
843.1109666666634	0.10000000000218279	trials	port_entry
848.6610000000001	8.080033333331812	trials	port_entry
859.7109666666656	0.020066666664206423	trials	port_entry
859.9310333333306	0.049999999999272404	trials	port_entry
879.1010999999999	0.0698999999985972	trials	port_entry
884.8810999999987	0.2000000000007276	trials	port_entry
886.3410999999978	0.029999999998835847	trials	port_entry
886.8111333333327	1.8399666666664416	trials	port_entry
924.8612333333331	0.31996666666600504	trials	port_entry
925.4411999999975	0.09000000000014552	trials	port_entry
925.5712333333322	1.9699333333337563	trials	port_entry
929.5012333333325	1.8799999999973807	trials	port_entry
931.031266666665	20.000033333333704	trials	neutral_stimulus_presentation
931.5011999999988	0.04003333333457704	trials	port_entry
932.0212333333329	0.2999666666655685	trials	port_entry
932.4412333333312	0.3500000000021828	trials	port_entry
949.8712999999989	0.07999999999810825	trials	port_entry
950.2212666666637	1.0500000000029104	trials	port_entry
952.3012999999992	0.04996666666556848	trials	port_entry
952.4712666666637	1.3300333333354502	trials	port_entry
957.9913333333316	0.15999999999985448	trials	port_entry
960.6013333333321	0.11999999999898137	trials	port_entry
960.8812666666636	0.2300666666669713	trials	port_entry
961.881333333331	7.690000000002328	trials	port_entry
969.8612999999968	0.030000000002473826	trials	port_entry
973.641333333333	0.06996666666600504	trials	port_entry
973.8713666666663	0.049999999999272404	trials	port_entry
974.2413333333316	0.2599999999983993	trials	port_entry
974.5913333333301	3.4500333333344315	trials	port_entry
979.8913666666667	0.04996666666556848	trials	port_entry
980.0113666666657	0.11996666666527744	trials	port_entry
980.7113666666664	1.1999666666633857	trials	port_entry
986.1613999999972	0.049999999999272404	trials	port_entry
987.2813999999998	0.0899666666664416	trials	port_entry
987.4613333333327	0.970066666664934	trials	port_entry
988.5213333333304	0.030033333336177748	trials	port_entry
988.5813333333317	0.03003333333253977	trials	port_entry
988.681366666664	0.049999999999272404	trials	port_entry
992.7013999999981	0.30996666666760575	trials	port_entry
993.0813999999991	0.09999999999854481	trials	port_entry
993.4213999999993	0.27999999999883585	trials	port_entry
993.8313999999991	0.049999999999272404	trials	port_entry
994.0713999999971	0.7100333333328308	trials	port_entry
995.5213999999978	0.04003333333457704	trials	port_entry
998.7514666666648	0.1299666666673147	trials	port_entry
999.2114333333302	0.1400000000030559	trials	port_entry
999.5214333333315	1.5400000000008731	trials	port_entry
1004.9514666666655	0.1299666666673147	trials	port_entry
1009.3114666666661	0.15993333333244664	trials	port_entry
1011.0314999999973	1.9199666666681878	trials	reward_stimulus_presentation
1012.551466666664	0.17003333333559567	trials	port_entry
1013.0314999999973	0.7999333333355025	trials	reward_delivery
1013.6514333333325	0.020000000000436557	trials	port_entry
1013.7114333333302	0.22000000000116415	trials	port_entry
1013.9514333333318	0.049999999999272404	trials	port_entry
1014.0214666666652	2.5200000000004366	trials	port_entry
1016.5714666666645	2.720033333334868	trials	port_entry
1020.2414999999964	0.1900000000023283	trials	port_entry
1026.2514999999985	2.5099999999983993	trials	port_entry
1029.6315333333332	1.819999999999709	trials	port_entry
1031.5515333333315	0.06999999999970896	trials	port_entry
1101.031799999997	20.002166666668927	trials	shock_stimulus_presentation
1105.3317666666662	0.27999999999883585	trials	port_entry
1105.6717333333327	0.24003333333166665	trials	port_entry
1120.8317666666662	0.3000333333329763	trials	shock_relay
1140.0618666666633	0.05000000000291038	trials	port_entry
1141.5617999999995	0.029999999998835847	trials	port_entry
1141.6318666666666	0.01999999999679858	trials	port_entry
1142.3318666666637	0.040000000000873115	trials	port_entry
1160.1718666666638	0.09010000000125729	trials	port_entry
1177.4119666666666	0.16993333333084593	trials	port_entry
1178.131966666664	0.2000000000007276	trials	port_entry
1178.4019333333308	4.719933333333756	trials	port_entry
1201.0320666666667	4.849966666664841	trials	reward_stimulus_presentation
1203.032033333333	0.7999999999992724	trials	reward_delivery
1205.48203333333	17.550033333336614	trials	port_entry
1223.5320999999967	3.7599666666683333	trials	port_entry
1231.9020999999993	0.1899666666649864	trials	port_entry
1232.632099999999	0.020000000000436557	trials	port_entry
1232.6720999999998	0.029999999998835847	trials	port_entry
1252.3521666666638	0.08000000000174623	trials	port_entry
1258.2821666666641	2.069999999999709	trials	port_entry
1290.2922666666636	0.029966666668769903	trials	port_entry
1290.3522999999986	0.05996666666760575	trials	port_entry
1290.4622666666655	0.7399333333341929	trials	port_entry
1291.0322333333315	20.000066666667408	trials	neutral_stimulus_presentation
1293.1422999999995	0.24993333333259216	trials	port_entry
1293.5322666666652	0.8200333333334129	trials	port_entry
1295.4922666666644	0.07003333333341288	trials	port_entry
1295.6322999999975	0.09000000000014552	trials	port_entry
1326.7323666666634	0.15999999999985448	trials	port_entry
1332.512366666666	0.07003333333341288	trials	port_entry
1332.6523666666653	0.16999999999825377	trials	port_entry
1332.902399999999	0.6100000000005821	trials	port_entry
1350.7324333333308	0.15999999999985448	trials	port_entry
1352.4424666666637	1.3400000000001455	trials	port_entry
1353.8124666666663	0.050033333332976326	trials	port_entry
1353.932499999999	3.0199666666667326	trials	port_entry
1373.1525333333302	0.1400000000030559	trials	port_entry
1374.1524999999965	0.06996666666964302	trials	port_entry
1374.2925333333333	1.1899999999986903	trials	port_entry
1377.3425333333325	0.029999999998835847	trials	port_entry
1380.3025333333317	0.040000000000873115	trials	port_entry
1381.0325999999986	4.459899999998015	trials	reward_stimulus_presentation
1383.0325999999986	0.7999666666655685	trials	reward_delivery
1385.0925666666662	15.800033333332976	trials	port_entry
1403.7725999999966	0.22000000000116415	trials	port_entry
1404.0325999999986	0.03996666666716919	trials	port_entry
1404.0926	2.390033333333122	trials	port_entry
1408.8426	0.15003333333152113	trials	port_entry
1415.4826666666631	0.11000000000058208	trials	port_entry
1416.032666666666	0.19999999999708962	trials	port_entry
1416.522666666664	0.9500000000007276	trials	port_entry
1417.512633333332	0.02003333333414048	trials	port_entry
1417.6026666666658	0.029999999998835847	trials	port_entry
1417.652666666665	1.4700000000011642	trials	port_entry
1419.7026666666643	0.2000000000007276	trials	port_entry
1419.9326666666639	0.3699666666689154	trials	port_entry
1420.4526333333306	0.15996666666615056	trials	port_entry
1420.722633333331	0.2400000000016007	trials	port_entry
1421.102633333332	0.06999999999970896	trials	port_entry
1422.3126333333312	0.35003333333224873	trials	port_entry
1422.8426666666637	0.10000000000218279	trials	port_entry
1423.9926666666652	0.09996666666484089	trials	port_entry
1424.5225999999966	0.220066666668572	trials	port_entry
1424.7926999999981	1.4499666666670237	trials	port_entry
1426.4726666666647	0.17000000000189175	trials	port_entry
1426.8426666666637	0.030033333336177748	trials	port_entry
1427.0526999999965	0.019966666666732635	trials	port_entry
1427.0926999999974	2.4400000000023283	trials	port_entry
1429.6826999999976	0.04990000000179862	trials	port_entry
1429.7526999999973	0.09993333333477494	trials	port_entry
1429.8727	0.06999999999970896	trials	port_entry
1429.9726999999984	0.47999999999956344	trials	port_entry
1430.5526999999965	5.790000000000873	trials	port_entry
1436.4026999999987	0.1499999999978172	trials	port_entry
1436.6726666666655	2.7400666666653706	trials	port_entry
1439.5227333333314	0.11999999999898137	trials	port_entry
1439.8127333333323	0.19003333333239425	trials	port_entry
1440.052766666664	0.13999999999941792	trials	port_entry
1440.332699999999	0.1299666666673147	trials	port_entry
1440.6127333333316	0.06000000000130967	trials	port_entry
1440.8727	0.2200333333312301	trials	port_entry
1445.0727333333307	0.09000000000014552	trials	port_entry
1445.1827333333313	0.13000000000101863	trials	port_entry
1445.4827333333305	0.1900000000023283	trials	port_entry
1447.1527333333324	4.060033333331376	trials	port_entry
1451.2327666666642	0.31996666666600504	trials	port_entry
1451.642766666664	0.5499999999992724	trials	port_entry
1452.252733333331	1.1500000000014552	trials	port_entry
1468.2627666666667	0.22999999999956344	trials	port_entry
1468.562766666666	0.5500333333329763	trials	port_entry
1469.252833333332	0.09999999999854481	trials	port_entry
1469.4428333333308	0.7000000000007276	trials	port_entry
1470.5027999999984	0.029999999998835847	trials	port_entry
1470.8827666666657	0.06999999999970896	trials	port_entry
1471.0227999999988	0.1700333333319577	trials	port_entry
1471.0328666666646	20.00249999999869	trials	shock_stimulus_presentation
1490.8328333333302	0.30006666666668025	trials	shock_relay
1513.5628999999972	0.19003333333603223	trials	port_entry
1526.2929666666641	0.3899999999994179	trials	port_entry
1526.8229666666666	0.1099999999969441	trials	port_entry
1526.9629333333323	1.000033333333704	trials	port_entry
1528.0029666666633	0.10000000000218279	trials	port_entry
1529.9229666666652	0.09000000000014552	trials	port_entry
1531.7329666666665	0.039999999997235136	trials	port_entry
1532.1729666666652	0.06999999999970896	trials	port_entry
1532.2829666666657	0.12999999999738066	trials	port_entry
1532.832966666665	0.049999999999272404	trials	port_entry
1541.5629999999983	0.4799666666658595	trials	port_entry
1542.143	3.6000333333322487	trials	port_entry
1547.3629999999976	0.10003333333224873	trials	port_entry
1550.7630333333327	0.4599999999991269	trials	port_entry
1556.0330666666632	20.000066666667408	trials	neutral_stimulus_presentation
1570.0430666666653	1.4000000000014552	trials	port_entry
1588.803133333331	0.08003333333545015	trials	port_entry
1589.1231666666645	0.11999999999898137	trials	port_entry
1589.3231666666652	0.040000000000873115	trials	port_entry
1589.4531666666662	0.19999999999708962	trials	port_entry
1589.8131666666632	0.07996666666804231	trials	port_entry
1590.0531666666648	0.029999999998835847	trials	port_entry
1612.6832333333332	1.359999999996944	trials	port_entry
1620.003233333333	1.0900333333338494	trials	port_entry
1628.5032666666666	0.5299999999988358	trials	port_entry
1629.1532333333307	0.5900333333338494	trials	port_entry
1634.643266666666	3.029999999998836	trials	port_entry
1639.193299999999	1.25	trials	port_entry
1640.5032999999967	1.4600000000027649	trials	port_entry
1643.4632999999994	1.4800333333332674	trials	port_entry
1646.0333999999966	20.002166666668927	trials	shock_stimulus_presentation
1656.5633666666654	0.20999999999912689	trials	port_entry
1656.8333666666658	0.25	trials	port_entry
1657.23333333333	0.02003333333414048	trials	port_entry
1665.8333999999995	0.2999666666655685	trials	shock_relay
1680.0433999999987	0.15003333333152113	trials	port_entry
1680.2933999999987	0.5999999999985448	trials	port_entry
1723.9935666666643	0.08000000000174623	trials	port_entry
1729.263533333331	0.1299666666673147	trials	port_entry
1741.0336333333325	20.002533333332394	trials	shock_stimulus_presentation
1760.8336666666655	0.2999999999992724	trials	shock_relay
1771.643699999997	0.2000000000007276	trials	port_entry
1781.4836666666633	0.12003333333632327	trials	port_entry
1785.7136999999966	0.030033333336177748	trials	port_entry
1799.173733333333	0.060033333331375616	trials	port_entry
1819.4738333333298	0.030000000002473826	trials	port_entry
1819.6638333333321	0.11999999999898137	trials	port_entry
1821.8537666666634	0.5200666666678444	trials	port_entry
1822.4138666666659	0.07999999999810825	trials	port_entry
1831.0338333333311	20.000066666667408	trials	neutral_stimulus_presentation
1833.8538333333308	0.029966666668769903	trials	port_entry
1833.9538666666667	0.059999999997671694	trials	port_entry
1834.493866666664	27.430033333333995	trials	port_entry
1862.2639666666655	0.13999999999941792	trials	port_entry
1862.4239666666654	4.1599999999998545	trials	port_entry
1866.783966666666	0.28003333333253977	trials	port_entry
1867.3239666666632	0.10003333333588671	trials	port_entry
1868.8539999999994	0.020000000000436557	trials	port_entry
1868.9739999999983	0.36996666666527744	trials	port_entry
1873.0439666666643	0.13999999999941792	trials	port_entry
1873.3539666666657	0.20999999999912689	trials	port_entry
1873.613966666664	2.040033333334577	trials	port_entry
1893.2940333333318	0.09999999999854481	trials	port_entry
1893.46403333333	1.0200000000004366	trials	port_entry
1894.6940333333332	0.059999999997671694	trials	port_entry
1911.0341666666645	10.069966666666005	trials	reward_stimulus_presentation
1913.0341333333308	0.7999999999992724	trials	reward_delivery
1920.7041333333327	12.690033333332394	trials	port_entry
1937.0641666666634	0.2399666666678968	trials	port_entry
1955.2242333333306	0.3600000000005821	trials	port_entry
1998.7343	0.03003333333253977	trials	port_entry
2001.0343999999968	20.000033333333704	trials	neutral_stimulus_presentation
2013.6743666666662	0.029999999998835847	trials	port_entry
2014.26443333333	0.01990000000296277	trials	port_entry
2014.8544333333302	0.019966666666732635	trials	port_entry
2020.5444333333326	0.13999999999941792	trials	port_entry
2020.9243666666662	0.3400000000001455	trials	port_entry
2021.5143666666663	0.03006666666624369	trials	port_entry
2023.4343666666646	0.05006666666668025	trials	port_entry
2023.564433333333	0.029999999998835847	trials	port_entry
2023.684433333332	0.029999999998835847	trials	port_entry
2023.7344333333313	0.020000000000436557	trials	port_entry
2026.0943999999981	2.6700333333319577	trials	port_entry
2029.0044666666654	0.7200000000011642	trials	port_entry
2029.7444666666634	0.030000000002473826	trials	port_entry
2035.3044666666647	0.019933333333028713	trials	port_entry
2046.29453333333	0.029966666668769903	trials	port_entry
2046.534499999998	0.5499999999992724	trials	port_entry
2047.3544999999976	0.020000000000436557	trials	port_entry
2056.3644333333323	0.020066666664206423	trials	port_entry
2058.314566666664	0.04990000000179862	trials	port_entry
2067.584533333331	0.1500000000014552	trials	port_entry
2094.444599999999	0.18003333333399496	trials	port_entry
2094.924633333332	0.07999999999810825	trials	port_entry
2095.084633333332	2.1199666666652774	trials	port_entry
2101.0346666666665	20.0	trials	neutral_stimulus_presentation
2145.134766666666	1.2700000000004366	trials	port_entry
2148.2947999999997	0.039966666663531214	trials	port_entry
2150.714799999998	1.529933333335066	trials	port_entry
2155.0247999999992	0.5999999999985448	trials	port_entry
2158.7447999999968	1.5500333333366143	trials	port_entry
2161.5948333333326	0.08003333333181217	trials	port_entry
2178.3348666666643	0.35003333333224873	trials	port_entry
2184.6848999999966	0.17000000000189175	trials	port_entry
2190.584899999998	0.029999999998835847	trials	port_entry
2190.8848666666636	0.720066666668572	trials	port_entry
2191.0349333333324	20.00216666666529	trials	shock_stimulus_presentation
2210.8349666666654	0.2999999999992724	trials	shock_relay
2212.3049666666666	0.12996666666367673	trials	port_entry
2212.6249666666663	0.930000000000291	trials	port_entry
2260.2550999999985	0.27999999999883585	trials	port_entry
2272.215166666665	0.8600000000005821	trials	port_entry
2273.1051666666644	1.9900000000016007	trials	port_entry
2275.2251666666634	0.6000000000021828	trials	port_entry
2276.745166666664	0.10000000000218279	trials	port_entry
2277.0251666666663	0.1099999999969441	trials	port_entry
2277.3151666666636	0.05993333333390183	trials	port_entry
2277.9751666666634	0.030000000002473826	trials	port_entry
2278.0251666666663	0.5999666666648409	trials	port_entry
2278.65513333333	0.48003333333326736	trials	port_entry
2279.185166666666	0.19996666666702367	trials	port_entry
2279.4751666666634	0.5399666666671692	trials	port_entry
2280.135133333333	0.059999999997671694	trials	port_entry
2280.255166666666	0.09000000000014552	trials	port_entry
2280.3651666666665	1.5200333333305025	trials	port_entry
2281.0351666666647	1.3400000000001455	trials	reward_stimulus_presentation
2281.9751666666634	0.18003333333399496	trials	port_entry
2282.885199999997	0.2400000000016007	trials	port_entry
2283.0351999999984	0.7999999999992724	trials	reward_delivery
2283.1451666666653	1.0600333333313756	trials	port_entry
2284.3351333333303	0.13003333333472256	trials	port_entry
2284.6451666666653	14.790033333334577	trials	port_entry
2304.5952666666635	0.04990000000179862	trials	port_entry
2304.705266666664	0.06999999999970896	trials	port_entry
2340.30533333333	0.8000000000029104	trials	port_entry
2360.545399999999	0.27999999999883585	trials	port_entry
2360.9253666666664	0.29003333333093906	trials	port_entry
2361.2353999999978	2.040000000000873	trials	port_entry
2366.7253999999994	0.3400000000001455	trials	port_entry
2371.0354666666644	5.349933333334775	trials	reward_stimulus_presentation
2373.0354666666644	0.7999999999992724	trials	reward_delivery
2375.985466666665	10.930000000000291	trials	port_entry
2456.0357333333304	20.000066666667408	trials	neutral_stimulus_presentation
2471.525733333332	0.13000000000101863	trials	port_entry
2487.4557999999997	0.039999999997235136	trials	port_entry
2490.3957999999984	0.06999999999970896	trials	port_entry
2490.865733333332	0.02003333333414048	trials	port_entry
2492.1358	0.039966666663531214	trials	port_entry
2492.405799999997	0.3900000000030559	trials	port_entry
2521.6058999999987	0.11999999999898137	trials	port_entry
2526.7958666666636	0.040000000000873115	trials	port_entry
2526.895866666666	0.050033333332976326	trials	port_entry
2526.9858999999997	2.430000000000291	trials	port_entry
2531.805933333333	0.5099999999983993	trials	port_entry
2532.965933333333	0.020000000000436557	trials	port_entry
2534.5659333333315	0.8300000000017462	trials	port_entry
2535.6959333333325	0.09000000000014552	trials	port_entry
2546.036	14.799999999999272	trials	reward_stimulus_presentation
2548.0359333333327	0.8000333333329763	trials	reward_delivery
2560.435999999998	0.029999999998835847	trials	port_entry
2560.525999999998	5.0200333333341405	trials	port_entry
2595.9060999999965	0.1500000000014552	trials	port_entry
2598.3160666666663	0.3000333333329763	trials	port_entry
2598.696133333331	3.1299666666673147	trials	port_entry
2606.0461333333333	0.029999999998835847	trials	port_entry
2606.1761333333307	0.030000000002473826	trials	port_entry
2610.3461333333325	0.12999999999738066	trials	port_entry
2610.616133333333	0.049999999999272404	trials	port_entry
2616.206133333333	0.17999999999665306	trials	port_entry
2641.0362333333323	20.0	trials	reward_stimulus_presentation
2643.036266666666	0.7999999999992724	trials	reward_delivery
2673.666333333331	2.8699999999989814	trials	port_entry
2731.0364999999983	20.002133333331585	trials	shock_stimulus_presentation
2736.606499999998	0.12006666666638921	trials	port_entry
2750.836566666665	0.2999999999992724	trials	shock_relay
2797.8966999999975	0.15996666666615056	trials	port_entry
2798.1767	1.5199999999967986	trials	port_entry
2811.036699999997	20.000066666667408	trials	neutral_stimulus_presentation
2839.406799999997	0.13003333333472256	trials	port_entry
2839.686833333333	2.1499666666641133	trials	port_entry
2844.4568	0.13999999999941792	trials	port_entry
2871.2369	0.09996666666484089	trials	port_entry
2871.5068999999967	0.030033333336177748	trials	port_entry
2871.6368999999977	0.08000000000174623	trials	port_entry
2871.9268999999986	1.0400000000008731	trials	port_entry
2874.7968999999975	0.17996666666658712	trials	port_entry
2875.186899999997	0.030033333336177748	trials	port_entry
2897.9869666666636	0.11000000000058208	trials	port_entry
2898.166966666664	0.06000000000130967	trials	port_entry
2899.5969666666642	0.9099999999998545	trials	port_entry
2901.0369666666666	20.00006666666377	trials	neutral_stimulus_presentation
2904.7869999999966	0.4900000000016007	trials	port_entry
2911.886999999999	0.9099999999998545	trials	port_entry
2932.077066666665	0.27999999999883585	trials	port_entry
2932.5870666666633	1.5600333333350136	trials	port_entry
2938.497033333333	0.1300666666647885	trials	port_entry
3000.87733333333	0.09993333333477494	trials	port_entry
3001.0373666666637	20.002066666667815	trials	shock_stimulus_presentation
3001.1072333333323	0.09006666666755336	trials	port_entry
3020.8373666666666	0.29993333333186456	trials	shock_relay
3033.1772999999994	0.059999999997671694	trials	port_entry
3042.7473999999966	0.08000000000174623	trials	port_entry
3043.367399999999	0.040000000000873115	trials	port_entry
3049.9674333333314	0.020000000000436557	trials	port_entry
3053.9374333333326	1.1299666666673147	trials	port_entry
3064.337499999998	2.739900000000489	trials	port_entry
3067.1074999999983	1.5999999999985448	trials	port_entry
3076.0074999999997	0.07999999999810825	trials	port_entry
3079.2875333333322	0.11000000000058208	trials	port_entry
3081.2075333333305	0.6399999999994179	trials	port_entry
3082.0875333333315	0.2900000000008731	trials	port_entry
3087.397533333333	0.019966666666732635	trials	port_entry
3087.7475333333314	0.020000000000436557	trials	port_entry
3087.8774999999987	0.029999999998835847	trials	port_entry
3089.367566666664	0.5100000000020373	trials	port_entry
3090.067566666665	0.11000000000058208	trials	port_entry
3090.267599999999	0.019966666666732635	trials	port_entry
3091.0375999999997	19.999966666666296	trials	neutral_stimulus_presentation
3092.997566666665	0.020000000000436557	trials	port_entry
3093.6875666666638	0.030000000002473826	trials	port_entry
3093.8075666666664	0.2999999999992724	trials	port_entry
3094.2275666666646	0.020000000000436557	trials	port_entry
3096.537566666666	0.05996666666396777	trials	port_entry
3096.617566666664	0.02993333333506598	trials	port_entry
3097.3875666666645	0.22000000000116415	trials	port_entry
3097.6875666666638	0.03996666666716919	trials	port_entry
3100.637599999998	0.09999999999854481	trials	port_entry
3101.0075333333334	0.029999999998835847	trials	port_entry
3101.1675666666633	0.4600333333364688	trials	port_entry
3125.3276666666643	0.049999999999272404	trials	port_entry
3133.827699999998	0.06000000000130967	trials	port_entry
3136.9276999999965	0.030000000002473826	trials	port_entry
3137.0076666666646	0.020000000000436557	trials	port_entry
3137.057666666664	0.06999999999970896	trials	port_entry
3143.0176999999967	0.060033333335013594	trials	port_entry
3149.7576999999983	0.02003333333414048	trials	port_entry
3151.8177333333333	0.01999999999679858	trials	port_entry
3152.4777666666632	0.019966666666732635	trials	port_entry
3166.6977666666644	0.019966666666732635	trials	port_entry
3181.037833333332	16.439933333331282	trials	reward_stimulus_presentation
3183.037833333332	0.7999999999992724	trials	reward_delivery
3197.077799999999	6.280066666666244	trials	port_entry
3232.867933333331	0.10000000000218279	trials	port_entry
3257.5480333333326	0.03996666666716919	trials	port_entry
3257.7880333333305	0.030000000002473826	trials	port_entry
3257.8880333333327	0.04996666666556848	trials	port_entry
3259.3780333333307	0.030000000002473826	trials	port_entry
3271.038099999998	20.00203333333411	trials	shock_stimulus_presentation
3290.838133333331	0.2999666666655685	trials	shock_relay
3331.0682666666653	0.11000000000058208	trials	port_entry
3339.458233333331	0.110033333334286	trials	port_entry
3339.6582666666654	2.0799999999981083	trials	port_entry
3356.038366666664	13.790033333334577	trials	reward_stimulus_presentation
3358.0383333333302	0.8000000000029104	trials	reward_delivery
3369.4283666666634	3.9400000000023283	trials	port_entry
3394.898433333332	0.049999999999272404	trials	port_entry
3396.618433333333	0.0899666666664416	trials	port_entry
3396.7884333333313	0.26000000000203727	trials	port_entry
3419.8485	0.0200333333305025	trials	port_entry
3439.2685666666657	0.09999999999854481	trials	port_entry
3442.978566666665	0.02003333333414048	trials	port_entry
3443.0785666666634	0.02003333333414048	trials	port_entry
3446.03863333333	20.0	trials	reward_stimulus_presentation
3448.0386	0.7999666666655685	trials	reward_delivery
3504.0287666666663	2.959999999999127	trials	port_entry
3510.808799999999	1.0099999999983993	trials	port_entry
3511.858799999998	0.8199333333323011	trials	port_entry
3514.728799999997	0.030000000002473826	trials	port_entry
3516.348766666666	0.03003333333253977	trials	port_entry
3541.0388999999996	14.239966666664259	trials	reward_stimulus_presentation
3543.0388999999996	0.7999999999992724	trials	reward_delivery
3554.878866666666	0.41999999999825377	trials	port_entry
3555.338899999999	0.06999999999970896	trials	port_entry
3555.428899999999	0.0899666666664416	trials	port_entry
3555.5388999999996	2.4100333333335584	trials	port_entry
3563.898966666664	0.279933333335066	trials	port_entry
3564.2889666666633	0.040000000000873115	trials	port_entry
3564.748966666666	0.3400000000001455	trials	port_entry
3582.2489333333324	0.049999999999272404	trials	port_entry
3620.2490999999973	0.06996666666600504	trials	port_entry
3631.039133333332	20.002466666664986	trials	shock_stimulus_presentation
3639.159133333331	0.540033333334577	trials	port_entry
3639.969166666666	2.010033333332103	trials	port_entry
3646.139199999998	0.019933333333028713	trials	port_entry
3650.839133333331	0.30006666666668025	trials	shock_relay
3669.5592333333334	1.4899999999979627	trials	port_entry
3672.8992666666636	0.12000000000261934	trials	port_entry
3673.0692666666655	0.819999999999709	trials	port_entry
3687.7492999999995	0.11999999999898137	trials	port_entry
3697.5993333333317	0.9900000000016007	trials	port_entry
3703.3893666666663	0.20999999999912689	trials	port_entry
3703.619366666666	0.7399999999979627	trials	port_entry
3711.039366666664	5.619999999998981	trials	reward_stimulus_presentation
3713.039366666664	0.7999999999992724	trials	reward_delivery
3716.2593666666653	10.890033333333122	trials	port_entry
3743.5994666666666	0.07999999999810825	trials	port_entry
3764.819499999998	1.8300000000017462	trials	port_entry
3770.799533333331	0.8400000000001455	trials	port_entry
3801.039666666664	20.0	trials	neutral_stimulus_presentation
3824.1896666666653	0.09000000000014552	trials	port_entry
3824.469699999998	2.4200000000018917	trials	port_entry
3829.4397333333327	0.05996666666396777	trials	port_entry
3833.529733333333	0.13999999999941792	trials	port_entry
3834.089699999997	0.9800333333332674	trials	port_entry
3838.119733333333	0.06999999999970896	trials	port_entry
3852.8997666666655	0.10003333333224873	trials	port_entry
3853.6897333333327	0.029999999998835847	trials	port_entry
3853.909766666664	0.7100333333328308	trials	port_entry
3854.6497666666655	0.2999999999992724	trials	port_entry
3894.71993333333	1.0100000000020373	trials	port_entry
3901.03993333333	20.002366666667513	trials	shock_stimulus_presentation
3920.8399999999965	0.3000000000029104	trials	shock_relay
3942.0700333333334	0.059999999997671694	trials	port_entry
3942.390033333333	0.049999999999272404	trials	port_entry
3942.50003333333	0.2800000000024738	trials	port_entry
3947.91003333333	0.17003333333559567	trials	port_entry
3954.810099999999	0.019933333333028713	trials	port_entry
3958.340066666664	0.08003333333545015	trials	port_entry
3960.700099999998	0.11000000000058208	trials	port_entry
3965.9301333333315	0.5400000000008731	trials	port_entry
3991.0401666666658	20.000066666667408	trials	neutral_stimulus_presentation
4006.1802333333326	0.0899666666664416	trials	port_entry
4040.4603333333325	0.020000000000436557	trials	port_entry
4040.5303333333322	0.20999999999912689	trials	port_entry
4066.3604333333315	0.03993333333346527	trials	port_entry
4081.0404666666655	16.170033333331958	trials	reward_stimulus_presentation
4083.0404666666655	0.7999999999992724	trials	reward_delivery
4096.8105	4.53003333333254	trials	port_entry
4101.40053333333	1.5300000000024738	trials	port_entry
4105.060533333333	1.250033333330066	trials	port_entry
4111.380533333333	0.06999999999970896	trials	port_entry
4112.070533333332	3.1699999999982538	trials	port_entry
4115.300566666665	0.16996666666818783	trials	port_entry
4116.680533333332	1.2700000000004366	trials	port_entry
4131.4306	0.5299999999988358	trials	port_entry
4132.920633333331	0.019966666666732635	trials	port_entry
4138.170633333331	0.020000000000436557	trials	port_entry
4171.040766666665	16.180033333333995	trials	reward_stimulus_presentation
4173.040766666665	0.7999333333318646	trials	reward_delivery
4186.82073333333	3.680033333333995	trials	port_entry
4219.560866666667	0.139966666665714	trials	port_entry
4221.610866666666	0.09999999999854481	trials	port_entry
4221.8408666666655	1.7299999999995634	trials	port_entry
4234.650899999997	1.4800333333332674	trials	port_entry
4237.6109	0.15999999999985448	trials	port_entry
4237.810866666667	1.4200666666656616	trials	port_entry
4252.630966666664	1.1500000000014552	trials	port_entry
4256.041033333331	11.849933333334775	trials	reward_stimulus_presentation
4258.040966666664	0.8000000000029104	trials	reward_delivery
4267.490999999998	0.139966666665714	trials	port_entry
4267.960966666666	2.889999999999418	trials	port_entry
4271.270999999997	1.9099666666661506	trials	port_entry
4306.111133333332	0.09999999999854481	trials	port_entry
4306.781233333331	2.16990000000078	trials	port_entry
4310.041133333332	0.4699999999975262	trials	port_entry
4311.811133333333	0.7000333333307935	trials	port_entry
4328.331133333333	0.49003333333166665	trials	port_entry
4329.731166666665	0.029999999998835847	trials	port_entry
4329.791166666666	0.5099999999983993	trials	port_entry
4333.6911999999975	0.36999999999898137	trials	port_entry
4335.7011999999995	0.75	trials	port_entry
4339.571233333332	0.11000000000058208	trials	port_entry
4346.041299999997	20.001933333333	trials	shock_stimulus_presentation
4365.8413	0.2999999999992724	trials	shock_relay
4367.171299999998	1.0600000000013097	trials	port_entry
4397.611366666664	0.2800000000024738	trials	port_entry
4404.411433333331	0.17996666666658712	trials	port_entry
4404.681399999998	0.8200333333334129	trials	port_entry
4407.421433333333	0.39993333333040937	trials	port_entry
4411.441433333333	0.05996666666396777	trials	port_entry
4415.111399999998	0.49003333333530463	trials	port_entry
4415.62143333333	0.6200000000026193	trials	port_entry
4416.341433333331	0.03996666666716919	trials	port_entry
4416.581433333333	0.020000000000436557	trials	port_entry
4416.791399999998	0.22003333333486808	trials	port_entry
4420.471466666666	0.1499666666641133	trials	port_entry
4420.751433333331	0.4900000000016007	trials	port_entry
4421.311433333332	0.2900000000008731	trials	port_entry
4421.9414666666635	0.459933333335357	trials	port_entry
4422.4414666666635	0.4299666666665871	trials	port_entry
4423.80143333333	0.07003333333341288	trials	port_entry
4423.9414666666635	0.1400000000030559	trials	port_entry
4424.631466666666	0.13999999999941792	trials	port_entry
4424.791466666666	0.029999999998835847	trials	port_entry
4424.981466666664	0.22999999999956344	trials	port_entry
4430.231466666664	1.3699999999989814	trials	port_entry
4433.8814999999995	0.10996666666687815	trials	port_entry
4434.461499999998	0.1500333333351591	trials	port_entry
4435.771499999999	0.029999999998835847	trials	port_entry
4436.201499999999	0.06999999999970896	trials	port_entry
4436.391499999998	0.13999999999941792	trials	port_entry
4436.611499999999	0.04003333333093906	trials	port_entry
4437.761499999997	0.09000000000014552	trials	port_entry
4438.051499999998	0.5299999999988358	trials	port_entry
4441.041533333333	14.409999999999854	trials	reward_stimulus_presentation
4443.041533333333	0.7999999999992724	trials	reward_delivery
4455.0515333333315	3.720033333334868	trials	port_entry
4459.6115666666665	0.029999999998835847	trials	port_entry
4459.961566666665	0.09999999999854481	trials	port_entry
4460.131599999997	0.20996666666906094	trials	port_entry
4460.661533333332	0.19003333333239425	trials	port_entry
4488.8416	2.6000666666659527	trials	port_entry
4491.461633333332	0.03996666666716919	trials	port_entry
4493.581666666665	0.03003333333253977	trials	port_entry
4530.511733333333	0.0899666666664416	trials	port_entry
4531.041766666665	1.279966666665132	trials	reward_stimulus_presentation
4531.921766666666	1.7899999999972351	trials	port_entry
4533.041733333332	0.8001000000003842	trials	reward_delivery
4533.951766666665	11.410033333333558	trials	port_entry
4567.241899999997	2.139966666669352	trials	port_entry
4574.881899999997	1.2300000000032014	trials	port_entry
4588.281933333332	0.11999999999898137	trials	port_entry
4591.621966666666	0.7700000000004366	trials	port_entry
4592.70193333333	0.2301000000006752	trials	port_entry
4610.442033333333	0.4699333333337563	trials	port_entry
4611.042033333331	1.6500000000014552	trials	reward_stimulus_presentation
4612.292033333331	0.11999999999898137	trials	port_entry
4612.712033333333	0.6399333333320101	trials	port_entry
4613.042033333331	0.7999999999992724	trials	reward_delivery
4616.532033333333	8.609999999996944	trials	port_entry
4638.1021	0.9900333333316667	trials	port_entry
4644.112133333332	1.7599999999983993	trials	port_entry
4645.912133333331	0.09999999999854481	trials	port_entry
4646.062133333333	0.8599999999969441	trials	port_entry
4667.442199999998	0.040000000000873115	trials	port_entry
4687.762199999997	1.8200666666671168	trials	port_entry
4701.042266666664	2.7400333333353046	trials	reward_stimulus_presentation
4703.042299999997	0.7999666666692065	trials	reward_delivery
4703.3822999999975	0.10000000000218279	trials	port_entry
4703.592299999997	11.570000000003347	trials	port_entry
4716.91233333333	1.1900000000023283	trials	port_entry
4719.75233333333	0.7700000000004366	trials	port_entry
4725.272366666664	0.020000000000436557	trials	port_entry
4749.44243333333	2.0500000000029104	trials	port_entry
4754.922466666663	0.08990000000267173	trials	port_entry
4756.12243333333	0.680033333333995	trials	port_entry
4787.532533333331	0.06999999999970896	trials	port_entry
4787.942533333331	0.049999999999272404	trials	port_entry
4789.752533333332	1.0400000000008731	trials	port_entry
4801.042599999997	20.002566666666098	trials	shock_stimulus_presentation
4803.272599999997	0.14996666666775127	trials	port_entry
4803.5725999999995	2.779999999998836	trials	port_entry
4806.452599999997	0.07996666666804231	trials	port_entry
4820.84263333333	0.3000000000029104	trials	shock_relay
4829.172633333332	0.09999999999854481	trials	port_entry
4843.2827	1.139999999999418	trials	port_entry
4844.442666666666	0.8300333333318122	trials	port_entry
4846.6227	1.1699999999982538	trials	port_entry
4860.182733333331	2.1600333333335584	trials	port_entry
4862.432733333331	0.029999999998835847	trials	port_entry
4862.802766666664	0.22999999999956344	trials	port_entry
4863.132766666666	0.06999999999970896	trials	port_entry
4863.832733333333	0.23003333333326736	trials	port_entry
4865.752766666665	0.5900000000001455	trials	port_entry
4867.6627666666645	0.15999999999985448	trials	port_entry
4867.842766666665	0.7599999999983993	trials	port_entry
4868.632766666666	0.36999999999898137	trials	port_entry
4869.052766666664	0.17000000000189175	trials	port_entry
4869.952766666665	0.6699999999982538	trials	port_entry
4870.752766666665	0.08000000000174623	trials	port_entry
4870.922733333333	0.0200333333305025	trials	port_entry
4875.4827333333305	0.040000000000873115	trials	port_entry
4877.572799999998	0.709966666665423	trials	port_entry
4878.302766666664	0.31999999999970896	trials	port_entry
4884.292799999999	0.24003333333166665	trials	port_entry
4886.612799999999	0.029999999998835847	trials	port_entry
4886.662799999998	0.060033333335013594	trials	port_entry
4886.752866666666	0.1499666666641133	trials	port_entry
4887.552833333331	1.5299999999988358	trials	port_entry
4889.212833333331	0.42000000000189175	trials	port_entry
4891.042866666667	2.469999999997526	trials	reward_stimulus_presentation
4893.042866666667	0.7999999999992724	trials	reward_delivery
4893.112799999999	0.15003333333152113	trials	port_entry
4896.862866666666	0.039999999997235136	trials	port_entry
4897.182866666666	10.959999999999127	trials	port_entry
4911.5028999999995	0.020000000000436557	trials	port_entry
4911.602899999998	0.020000000000436557	trials	port_entry
4981.043099999999	20.00010000000111	trials	neutral_stimulus_presentation
4991.303133333331	0.11000000000058208	trials	port_entry
4991.533133333331	0.030000000002473826	trials	port_entry
4992.413099999998	0.25006666666740784	trials	port_entry
4992.773133333332	2.3500333333322487	trials	port_entry
4999.223166666667	0.04993333333186456	trials	port_entry
5014.483199999999	0.2000000000007276	trials	port_entry
5022.463233333332	0.019966666666732635	trials	port_entry
5029.643199999999	0.09999999999854481	trials	port_entry
5048.5432666666675	0.18999999999505235	trials	port_entry
5071.043366666665	20.002599999999802	trials	shock_stimulus_presentation
5075.483399999997	0.06999999999970896	trials	port_entry
5076.1734	0.12999999999738066	trials	port_entry
5076.393333333333	0.04003333333093906	trials	port_entry
5076.463366666663	6.120033333332685	trials	port_entry
5090.843433333328	0.29996666667284444	trials	shock_relay
5096.5034333333315	0.12999999999738066	trials	port_entry
5096.813433333329	0.9700000000011642	trials	port_entry
5101.063399999999	0.2200333333312301	trials	port_entry
5101.343433333328	0.7100000000064028	trials	port_entry
5102.313433333329	2.330033333339088	trials	port_entry
5105.043466666662	1.7400000000052387	trials	port_entry
5107.023433333328	0.3399666666664416	trials	port_entry
5108.143466666668	0.01999999999679858	trials	port_entry
5108.443466666664	4.440000000002328	trials	port_entry
5114.183466666662	0.9800333333332674	trials	port_entry
5115.303500000002	0.6999666666597477	trials	port_entry
5116.133466666666	0.08003333333181217	trials	port_entry
5119.893499999998	0.4400000000023283	trials	port_entry
5120.553500000002	0.13999999999941792	trials	port_entry
5122.313499999997	0.029999999998835847	trials	port_entry
5122.363466666662	0.3500333333358867	trials	port_entry
5122.753499999999	0.33000000000174623	trials	port_entry
5123.1235000000015	0.13999999999941792	trials	port_entry
5124.893533333328	0.029966666668769903	trials	port_entry
5127.663533333332	0.1500000000014552	trials	port_entry
5130.353533333335	0.049999999995634425	trials	port_entry
5131.623566666662	0.06993333333957708	trials	port_entry
5131.783566666665	0.23999999999796273	trials	port_entry
5132.213533333328	0.08000000000174623	trials	port_entry
5132.333566666668	0.10999999999330612	trials	port_entry
5156.043633333335	19.34003333333385	trials	reward_stimulus_presentation
5158.043633333335	0.7999999999956344	trials	reward_delivery
5174.983666666667	3.680033333330357	trials	port_entry
5218.8338	0.11999999999534339	trials	port_entry
5219.013800000001	2.470000000001164	trials	port_entry
5222.313799999996	0.40996666666615056	trials	port_entry
5240.533866666665	0.04993333333550254	trials	port_entry
5240.633866666663	0.6300000000046566	trials	port_entry
5241.283899999995	0.2699333333366667	trials	port_entry
5246.043933333334	20.000033333330066	trials	neutral_stimulus_presentation
5260.473933333335	0.04003333333093906	trials	port_entry
5260.543933333334	0.13999999999941792	trials	port_entry
5260.933933333334	0.2599999999947613	trials	port_entry
5261.233933333329	0.0900000000037835	trials	port_entry
5261.3439	0.060033333335013594	trials	port_entry
5294.364000000001	0.39003333332948387	trials	port_entry
5294.794000000002	1.9399999999950523	trials	port_entry
5332.7841333333345	1.2399999999979627	trials	port_entry
5337.3341	0.08006666666187812	trials	port_entry
5341.044199999997	20.000033333337342	trials	neutral_stimulus_presentation
5341.964166666665	1.1599666666661506	trials	port_entry
5347.714199999995	0.1900000000023283	trials	port_entry
5347.994200000001	0.2199999999938882	trials	port_entry
5348.284200000002	0.2999999999956344	trials	port_entry
5348.664199999999	0.0899666666664416	trials	port_entry
5348.8442	0.049999999995634425	trials	port_entry
5348.934199999996	0.07996666667168029	trials	port_entry
5349.074166666665	0.0700333333297749	trials	port_entry
5349.254199999996	0.27000000000407454	trials	port_entry
5349.564133333333	0.15006666666158708	trials	port_entry
5349.744200000001	0.12999999999738066	trials	port_entry
5349.914199999999	0.6200000000026193	trials	port_entry
5350.8442	0.10996666666324018	trials	port_entry
5353.784200000002	0.06999999999970896	trials	port_entry
5354.914233333329	0.03996666667080717	trials	port_entry
5360.044199999997	0.11000000000058208	trials	port_entry
5360.45423333333	0.8499999999985448	trials	port_entry
5365.004233333333	0.5400000000008731	trials	port_entry
5367.504266666663	0.13999999999941792	trials	port_entry
5367.77423333333	0.7500333333373419	trials	port_entry
5370.244233333331	0.2399666666678968	trials	port_entry
5373.134266666668	1.7599999999947613	trials	port_entry
5380.854266666662	0.31000000000494765	trials	port_entry
5381.2042666666675	0.2599999999947613	trials	port_entry
5381.544266666664	0.1500000000014552	trials	port_entry
5382.294233333334	0.019966666666732635	trials	port_entry
5382.404199999997	0.27000000000407454	trials	port_entry
5382.7042	0.06996666666236706	trials	port_entry
5384.464266666662	0.10003333333588671	trials	port_entry
5384.724266666664	4.150000000001455	trials	port_entry
5394.564333333328	2.8999666666713892	trials	port_entry
5403.024299999997	0.08003333333181217	trials	port_entry
5403.334333333332	0.4700333333312301	trials	port_entry
5405.974366666662	0.040000000000873115	trials	port_entry
5413.444366666663	1.3000333333329763	trials	port_entry
5418.804366666664	0.05000000000291038	trials	port_entry
5424.004366666668	1.930033333330357	trials	port_entry
5426.0144	0.039966666663531214	trials	port_entry
5426.144399999997	3.2000000000043656	trials	port_entry
5429.554366666664	2.550100000000384	trials	port_entry
5431.044399999999	3.5500333333329763	trials	reward_stimulus_presentation
5433.044433333329	0.8000000000029104	trials	reward_delivery
5434.19443333333	0.08000000000174623	trials	port_entry
5434.364433333329	12.520066666671482	trials	port_entry
5469.434533333333	2.1599999999962165	trials	port_entry
5481.454566666667	0.8500333333286108	trials	port_entry
5503.264633333332	0.8499999999985448	trials	port_entry
5505.514666666662	0.6500000000014552	trials	port_entry
5511.0446666666685	20.00216666666529	trials	shock_stimulus_presentation
5513.214666666667	0.3499999999985448	trials	port_entry
5516.234700000001	0.029966666661493946	trials	port_entry
5530.224699999999	0.4499999999970896	trials	port_entry
5530.8447333333315	0.2999666666655685	trials	shock_relay
5561.714833333332	0.22996666666585952	trials	port_entry
5562.054799999998	1.6600333333335584	trials	port_entry
5567.45483333333	0.20999999999912689	trials	port_entry
5567.724833333334	0.8100999999951455	trials	port_entry
5569.294799999996	0.8100333333350136	trials	port_entry
5574.424833333331	0.5999999999985448	trials	port_entry
5575.084833333334	0.1599999999962165	trials	port_entry
5576.094866666666	3.330033333331812	trials	port_entry
5583.914899999996	1.0600000000049477	trials	port_entry
5585.084900000002	1.3299999999944703	trials	port_entry
5601.044933333331	2.1699999999982538	trials	reward_stimulus_presentation
5602.814933333335	0.07999999999447027	trials	port_entry
5602.974933333331	0.029999999998835847	trials	port_entry
5603.044966666668	0.7999666666655685	trials	reward_delivery
5607.474933333331	8.980033333333267	trials	port_entry
5669.3151	0.23999999999796273	trials	port_entry
5696.145199999999	1.8399999999965075	trials	port_entry
5701.0452333333305	20.000033333337342	trials	neutral_stimulus_presentation
5729.365299999998	0.18000000000029104	trials	port_entry
5729.605299999996	0.4899666666678968	trials	port_entry
5751.805366666667	1.029966666661494	trials	port_entry
5791.045466666663	20.000066666667408	trials	neutral_stimulus_presentation
5818.715599999996	0.019966666666732635	trials	port_entry
5818.865599999997	0.5399666666708072	trials	port_entry
5829.075633333334	0.03993333333346527	trials	port_entry
5842.105633333333	0.6599999999962165	trials	port_entry
5845.1856666666645	0.360033333330648	trials	port_entry
5849.275666666668	0.01999999999679858	trials	port_entry
5849.345666666668	0.06996666666236706	trials	port_entry
5849.475666666665	0.5100000000020373	trials	port_entry
5856.775699999998	1.1299999999973807	trials	port_entry
5859.315666666662	0.040000000000873115	trials	port_entry
5862.515699999996	0.9599999999991269	trials	port_entry
5869.175666666662	0.02003333333414048	trials	port_entry
5869.875699999997	0.040000000000873115	trials	port_entry
5870.095699999998	0.029999999998835847	trials	port_entry
5872.7557000000015	0.09996666666120291	trials	port_entry
5873.155733333333	0.019966666666732635	trials	port_entry
5881.0457666666625	20.00250000000233	trials	shock_stimulus_presentation
5899.215799999998	0.06999999999970896	trials	port_entry
5900.845833333333	0.2999999999956344	trials	shock_relay
5920.995866666664	1.3099333333302638	trials	port_entry
5940.875899999999	0.7400333333353046	trials	port_entry
5951.5659333333315	0.9100000000034925	trials	port_entry
5952.505933333334	0.16999999999825377	trials	port_entry
5966.855933333332	1.3200999999971827	trials	port_entry
5969.78603333333	0.04996666666556848	trials	port_entry
5969.896033333331	0.1500000000014552	trials	port_entry
5971.046066666662	20.0	trials	neutral_stimulus_presentation
6052.056233333329	0.060033333335013594	trials	port_entry
6052.226233333335	0.049999999995634425	trials	port_entry
6052.836233333328	0.43003333333763294	trials	port_entry
6056.046300000002	15.960033333329193	trials	reward_stimulus_presentation
6058.046266666664	0.8000000000029104	trials	reward_delivery
6071.6063333333295	3.959966666669061	trials	port_entry
6107.356366666667	0.14003333332948387	trials	port_entry
6107.516366666663	2.0200333333341405	trials	port_entry
6122.436466666666	0.01999999999679858	trials	port_entry
6146.0466000000015	20.002499999995052	trials	shock_stimulus_presentation
6158.866566666664	0.09999999999854481	trials	port_entry
6159.916566666667	1.8100333333350136	trials	port_entry
6165.846599999997	0.3000000000029104	trials	shock_relay
6168.9666	0.9000000000014552	trials	port_entry
6169.906599999995	0.05000000000291038	trials	port_entry
6174.39663333333	0.020000000004074536	trials	port_entry
6174.556633333334	0.040000000000873115	trials	port_entry
6175.3466333333345	0.569999999999709	trials	port_entry
6176.556633333334	2.8299999999944703	trials	port_entry
6181.946599999996	0.060033333335013594	trials	port_entry
6182.066633333328	0.37000000000261934	trials	port_entry
6187.196666666663	0.16000000000349246	trials	port_entry
6207.596700000002	0.06999999999970896	trials	port_entry
6207.856699999997	1.860000000000582	trials	port_entry
6211.526699999995	0.12003333333996125	trials	port_entry
6211.746699999996	0.6699666666681878	trials	port_entry
6232.536766666664	0.9100000000034925	trials	port_entry
6241.046799999996	4.230033333333267	trials	reward_stimulus_presentation
6243.046766666666	0.8000333333329763	trials	reward_delivery
6244.876833333328	10.240000000005239	trials	port_entry
6260.456866666667	0.019966666666732635	trials	port_entry
6273.816899999998	1.8500333333358867	trials	port_entry
6312.467033333334	1.1899999999950523	trials	port_entry
6331.047099999996	20.000033333337342	trials	neutral_stimulus_presentation
6343.137066666663	0.040033333338215016	trials	port_entry
6343.417066666661	0.6700333333355957	trials	port_entry
6351.727133333334	0.48999999999796273	trials	port_entry
6356.157133333334	0.430033333330357	trials	port_entry
6358.3571666666685	1.1599999999962165	trials	port_entry
6362.2971666666635	0.9500333333344315	trials	port_entry
6366.337200000002	0.16996666666091187	trials	port_entry
6366.537199999999	0.07996666666440433	trials	port_entry
6366.867200000001	0.01999999999679858	trials	port_entry
6366.947199999995	0.040000000000873115	trials	port_entry
6369.637166666667	0.23999999999796273	trials	port_entry
6370.1071666666685	0.029999999998835847	trials	port_entry
6384.297233333331	0.7300000000032014	trials	port_entry
6400.2072666666645	0.9000000000014552	trials	port_entry
6411.047333333328	6.560000000004948	trials	reward_stimulus_presentation
6413.047333333328	0.8000000000029104	trials	reward_delivery
6417.207333333332	11.970000000001164	trials	port_entry
6478.677533333328	0.03996666667080717	trials	port_entry
6478.75753333333	0.020000000004074536	trials	port_entry
6501.047566666668	5.44999999999709	trials	reward_stimulus_presentation
6503.047599999998	0.7999333333355025	trials	reward_delivery
6506.097600000001	4.7299999999959255	trials	port_entry
6511.257599999997	3.510033333332103	trials	port_entry
6514.857599999996	0.02003333333414048	trials	port_entry
6514.927633333333	0.01999999999679858	trials	port_entry
6564.007766666662	2.5200000000040745	trials	port_entry
6566.607766666668	0.4900666666653706	trials	port_entry
6586.93783333333	0.639966666669352	trials	port_entry
6599.147866666666	0.6300333333347226	trials	port_entry
6601.047933333335	20.00206666666054	trials	shock_stimulus_presentation
6612.8079	0.26000000000203727	trials	port_entry
6613.1278999999995	1.8400333333338494	trials	port_entry
6619.217933333333	0.029999999998835847	trials	port_entry
6620.847900000001	0.3000333333329763	trials	shock_relay
6621.567933333332	1.819966666669643	trials	port_entry
6624.647899999996	23.620100000000093	trials	port_entry
6648.377999999997	0.020000000004074536	trials	port_entry
6648.428	0.31999999999970896	trials	port_entry
6649.608	0.02003333333414048	trials	port_entry
6655.7880333333305	0.04003333333093906	trials	port_entry
6655.908066666663	0.09999999999854481	trials	port_entry
6656.5380333333305	2.39003333333676	trials	port_entry
6658.99803333333	0.4800000000032014	trials	port_entry
6659.508033333332	1.8700333333326853	trials	port_entry
6661.628033333334	0.06003333332773764	trials	port_entry
6661.728066666663	0.47000000000116415	trials	port_entry
6662.238066666665	0.6999999999970896	trials	port_entry
6663.388033333329	0.1500000000014552	trials	port_entry
6663.728033333333	0.26000000000203727	trials	port_entry
6688.588133333331	0.8400000000037835	trials	port_entry
6691.048199999997	20.0	trials	neutral_stimulus_presentation
6697.548166666667	0.9599999999991269	trials	port_entry
6698.598133333333	0.040000000000873115	trials	port_entry
6743.398266666663	1.2399999999979627	trials	port_entry
6781.0484	1.6699999999982538	trials	reward_stimulus_presentation
6782.3183999999965	1.0500000000029104	trials	port_entry
6783.0484	0.7999999999956344	trials	reward_delivery
6787.008399999999	12.700066666664497	trials	port_entry
6805.248433333334	0.14003333332948387	trials	port_entry
6824.668566666667	0.019966666666732635	trials	port_entry
6867.778599999998	0.3800666666647885	trials	port_entry
6871.048666666662	14.400033333338797	trials	reward_stimulus_presentation
6873.048699999999	0.7999999999956344	trials	reward_delivery
6885.048699999999	4.449966666667024	trials	port_entry
6891.238733333332	0.3399666666664416	trials	port_entry
6891.648733333328	1.1199666666725534	trials	port_entry
6915.508799999996	0.12000000000261934	trials	port_entry
6915.6687999999995	0.01999999999679858	trials	port_entry
6916.2088	0.01999999999679858	trials	port_entry
6916.338799999998	0.020000000004074536	trials	port_entry
6916.768799999998	0.01999999999679858	trials	port_entry
6956.048966666662	20.00243333333492	trials	shock_stimulus_presentation
6975.848966666665	0.3000000000029104	trials	shock_relay
6986.819033333333	1.9399999999950523	trials	port_entry
6988.899033333335	0.01999999999679858	trials	port_entry
6993.849033333332	1.3300333333318122	trials	port_entry
6996.799033333329	0.16000000000349246	trials	port_entry
6998.90903333333	1.1900333333323942	trials	port_entry
7000.169066666662	3.6600000000034925	trials	port_entry
7003.959066666663	0.05000000000291038	trials	port_entry
7004.089066666667	0.8899999999994179	trials	port_entry
7007.219066666665	0.1500000000014552	trials	port_entry
7007.439066666666	0.029966666668769903	trials	port_entry
7007.4990333333335	2.5600333333350136	trials	port_entry
7010.169066666662	0.23000000000320142	trials	port_entry
7010.619066666666	0.08999999999650754	trials	port_entry
7010.829099999995	0.1300000000046566	trials	port_entry
7014.829099999995	1.8400000000037835	trials	port_entry
7016.739099999999	0.5100000000020373	trials	port_entry
7019.849099999999	0.46003333332919283	trials	port_entry
7023.879133333328	0.15996666667342652	trials	port_entry
7024.109133333332	0.1799333333328832	trials	port_entry
7026.27913333333	5.419999999998254	trials	port_entry
7033.729133333334	0.5999999999985448	trials	port_entry
7034.45913333333	0.0899666666664416	trials	port_entry
7035.149133333332	0.029966666668769903	trials	port_entry
7040.6491666666625	0.9299666666702251	trials	port_entry
7042.4091666666645	0.2900000000008731	trials	port_entry
7042.929166666661	2.110000000000582	trials	port_entry
7045.109166666662	2.430000000000291	trials	port_entry
7046.049200000001	1.9499666666670237	trials	reward_stimulus_presentation
7047.599166666667	0.20999999999912689	trials	port_entry
7048.049166666664	0.8000333333329763	trials	reward_delivery
7049.099166666667	0.11999999999534339	trials	port_entry
7049.449166666665	0.050033333332976326	trials	port_entry
7049.629166666666	15.500066666667408	trials	port_entry
7068.159266666662	0.24996666666993406	trials	port_entry
7068.599266666664	3.2399999999979627	trials	port_entry
7083.389266666665	5.190033333332394	trials	port_entry
7132.699433333335	1.7899999999935972	trials	port_entry
7134.509466666663	0.11996666666527744	trials	port_entry
7136.0294333333295	0.5500333333329763	trials	port_entry
7138.099466666667	0.1500000000014552	trials	port_entry
7138.309399999998	1.2600333333321032	trials	port_entry
7141.049466666664	3.7600000000020373	trials	reward_stimulus_presentation
7143.049466666664	0.8000333333329763	trials	reward_delivery
7144.409466666664	0.25	trials	port_entry
7144.709499999997	0.20000000000436557	trials	port_entry
7144.979466666664	15.330066666669154	trials	port_entry
7163.479500000001	0.5299999999988358	trials	port_entry
7164.099466666667	0.02003333333414048	trials	port_entry
7166.979533333331	2.7699999999967986	trials	port_entry
7185.6296	0.13996666666207602	trials	port_entry
7190.729599999999	0.040000000000873115	trials	port_entry
7191.599600000001	0.049999999995634425	trials	port_entry
7192.009599999998	0.02003333333414048	trials	port_entry
7200.399633333334	0.05996666666032979	trials	port_entry
7200.479566666661	2.5200666666714824	trials	port_entry
7209.399666666664	0.26000000000203727	trials	port_entry
7209.779666666662	0.8800000000046566	trials	port_entry
7210.8096000000005	0.020066666664206423	trials	port_entry
7210.979599999999	0.10006666666595265	trials	port_entry
7211.889666666662	0.020000000004074536	trials	port_entry
7212.0496333333285	0.019966666666732635	trials	port_entry
7212.889633333332	0.029999999998835847	trials	port_entry
7231.049699999996	20.00243333333492	trials	shock_stimulus_presentation
7250.849799999996	0.2999666666655685	trials	shock_relay
7287.249866666665	0.7099999999991269	trials	port_entry
7304.899899999997	0.8000333333329763	trials	port_entry
7311.049966666666	20.0	trials	reward_stimulus_presentation
7313.049966666666	0.8000000000029104	trials	reward_delivery
7355.7500999999975	4.869966666665277	trials	port_entry
7360.660066666664	0.09003333333384944	trials	port_entry
7361.530133333334	0.9199999999982538	trials	port_entry
7366.080099999999	1.0999666666684789	trials	port_entry
7393.410199999998	1.3000000000029104	trials	port_entry
7401.050233333335	20.0	trials	neutral_stimulus_presentation
7401.270199999999	1.3700333333326853	trials	port_entry
7412.820266666662	0.12000000000261934	trials	port_entry
7412.9602666666615	0.4400000000023283	trials	port_entry
7422.820266666662	0.040033333338215016	trials	port_entry
7427.590299999996	0.31000000000494765	trials	port_entry
7439.090366666664	0.20000000000436557	trials	port_entry
7439.400333333331	0.5999666666684789	trials	port_entry
7456.790399999998	1.4199999999982538	trials	port_entry
7459.580366666662	0.10003333333588671	trials	port_entry
7460.850399999996	0.16996666666818783	trials	port_entry
7468.970433333328	1.0400000000008731	trials	port_entry
7475.430433333335	1.1599999999962165	trials	port_entry
7477.460433333334	0.27999999999883585	trials	port_entry
7501.050499999998	2.0599999999976717	trials	reward_stimulus_presentation
7502.710533333331	0.08000000000174623	trials	port_entry
7503.050533333335	0.7999666666655685	trials	reward_delivery
7503.670466666663	0.17003333333559567	trials	port_entry
7503.890500000001	10.780066666666244	trials	port_entry
7562.650666666668	0.029966666661493946	trials	port_entry
7563.920699999995	0.3299666666716803	trials	port_entry
7566.360699999997	0.26996666666673264	trials	port_entry
7566.670699999995	0.019966666666732635	trials	port_entry
7571.450733333331	0.029999999998835847	trials	port_entry
7591.050766666667	5.260033333332103	trials	reward_stimulus_presentation
7593.050766666667	0.7999999999956344	trials	reward_delivery
7595.910766666668	8.529999999998836	trials	port_entry
7642.690966666662	0.24996666666993406	trials	port_entry
7642.960899999998	0.060033333335013594	trials	port_entry
7643.29093333333	1.4700000000011642	trials	port_entry
7652.640933333329	0.06000000000494765	trials	port_entry
7652.72093333333	0.029999999998835847	trials	port_entry
7652.770933333333	0.040000000000873115	trials	port_entry
7652.960933333328	0.20003333333443152	trials	port_entry
7653.180933333329	0.029999999998835847	trials	port_entry
7653.400966666668	0.4599999999991269	trials	port_entry
7663.701000000001	0.32999999999447027	trials	port_entry
7664.841	0.01999999999679858	trials	port_entry
7670.261033333329	0.040000000000873115	trials	port_entry
7681.0510333333295	20.000066666667408	trials	neutral_stimulus_presentation
7687.561099999999	0.7999666666655685	trials	port_entry
7688.731066666667	0.06999999999970896	trials	port_entry
7712.041133333332	1.4199999999982538	trials	port_entry
7715.4211	1.0300666666662437	trials	port_entry
7716.471166666663	0.04996666666556848	trials	port_entry
7718.631133333329	0.75	trials	port_entry
7721.631133333329	0.020000000004074536	trials	port_entry
7721.681133333332	0.5199999999967986	trials	port_entry
7722.221133333333	0.20999999999912689	trials	port_entry
7722.661166666665	0.26996666666673264	trials	port_entry
7725.491166666667	2.070033333329775	trials	port_entry
7733.5812000000005	1.069999999999709	trials	port_entry
7735.961233333328	0.4000000000014552	trials	port_entry
7746.8312000000005	0.040000000000873115	trials	port_entry
7746.891199999998	0.3900333333367598	trials	port_entry
7747.961266666665	0.05996666666760575	trials	port_entry
7771.051299999999	20.002366666667513	trials	shock_stimulus_presentation
7780.811333333331	1.0199999999967986	trials	port_entry
7784.461333333333	0.5399666666635312	trials	port_entry
7790.851333333332	0.3000000000029104	trials	shock_relay
7794.001366666664	0.9600333333364688	trials	port_entry
7795.541400000002	0.10999999999330612	trials	port_entry
7795.741366666662	0.22000000000116415	trials	port_entry
7796.171366666662	2.070033333337051	trials	port_entry
7798.6014	0.06999999999970896	trials	port_entry
7799.491399999999	0.27999999999883585	trials	port_entry
7799.821400000001	0.8399999999965075	trials	port_entry
7801.021399999998	0.06996666666964302	trials	port_entry
7801.141366666663	0.6200333333326853	trials	port_entry
7801.811399999999	0.09999999999854481	trials	port_entry
7825.501466666668	1.139999999999418	trials	port_entry
7843.321533333328	1.25	trials	port_entry
7844.691500000001	2.47003333333123	trials	port_entry
7852.021533333333	0.08000000000174623	trials	port_entry
7852.171566666664	0.5900000000037835	trials	port_entry
7855.001566666666	0.6299666666673147	trials	port_entry
7855.6515	1.3400333333338494	trials	port_entry
7856.051599999999	2.679966666662949	trials	reward_stimulus_presentation
7858.0515666666615	0.8000000000029104	trials	reward_delivery
7858.331566666668	1.5799666666644043	trials	port_entry
7859.931533333329	1.5300000000061118	trials	port_entry
7862.161566666662	1.4100000000034925	trials	port_entry
7865.8715666666685	1.7099999999991269	trials	port_entry
7869.521566666663	0.4000000000014552	trials	port_entry
7870.811600000001	0.8399999999965075	trials	port_entry
7871.761599999998	0.11000000000058208	trials	port_entry
7911.8317333333325	0.7200000000011642	trials	port_entry
7915.701733333335	3.9199999999982538	trials	port_entry
7937.161833333332	0.13996666666935198	trials	port_entry
7938.1918000000005	0.4100333333335584	trials	port_entry
7944.791799999999	0.12003333333268529	trials	port_entry
7945.001833333328	0.21000000000640284	trials	port_entry
7945.361833333329	3.4099666666661506	trials	port_entry
7946.0518666666685	20.001933333333	trials	shock_stimulus_presentation
7950.061833333333	0.11000000000058208	trials	port_entry
7950.281833333334	0.22999999999592546	trials	port_entry
7950.611799999999	0.17003333333559567	trials	port_entry
7950.90183333333	0.26996666666673264	trials	port_entry
7951.221766666662	0.18003333333763294	trials	port_entry
7951.491799999996	0.17003333333559567	trials	port_entry
7953.661833333332	1.5	trials	port_entry
7955.351833333334	0.059999999997671694	trials	port_entry
7957.4918333333335	0.029999999998835847	trials	port_entry
7957.541833333329	5.920033333335596	trials	port_entry
7965.851866666664	0.2999666666655685	trials	shock_relay
7967.131866666663	1.290033333338215	trials	port_entry
7968.571899999995	0.5100000000020373	trials	port_entry
7969.561900000001	0.6299999999973807	trials	port_entry
7970.331899999997	0.11000000000058208	trials	port_entry
7973.981899999999	0.08000000000174623	trials	port_entry
7974.361899999996	0.20000000000436557	trials	port_entry
7974.581899999997	0.020000000004074536	trials	port_entry
7977.371866666668	3.7700666666642064	trials	port_entry
7983.531933333332	0.029999999998835847	trials	port_entry
7983.581933333335	0.13999999999941792	trials	port_entry
7983.801933333329	0.28003333333617775	trials	port_entry
7984.101966666662	1.709966666669061	trials	port_entry
7986.031933333332	0.6399999999994179	trials	port_entry
7988.4019333333345	0.03999999999359716	trials	port_entry
7988.461899999995	0.040000000000873115	trials	port_entry
7988.6019000000015	0.03999999999359716	trials	port_entry
7988.691933333328	0.020000000004074536	trials	port_entry
7989.061933333331	0.06999999999970896	trials	port_entry
7989.20193333333	0.06999999999970896	trials	port_entry
7989.361933333334	7.210033333329193	trials	port_entry
8003.991966666668	1.820033333329775	trials	port_entry
8006.142	0.8699999999953434	trials	port_entry
8016.282033333329	0.8100000000049477	trials	port_entry
8025.772099999995	0.07996666667168029	trials	port_entry
8026.752066666668	0.059999999997671694	trials	port_entry
8027.0121	0.029933333331428003	trials	port_entry
8027.082033333332	1.5200333333341405	trials	port_entry
8028.952066666665	0.5100000000020373	trials	port_entry
8030.752066666668	0.049999999995634425	trials	port_entry
8031.102033333329	0.020000000004074536	trials	port_entry
8033.712066666667	0.049999999995634425	trials	port_entry
8033.8120666666655	0.21996666666382225	trials	port_entry
8037.212099999997	0.029966666668769903	trials	port_entry
8037.2620333333325	0.0700666666671168	trials	port_entry
8037.392066666667	0.07996666666440433	trials	port_entry
8037.5720666666675	0.01999999999679858	trials	port_entry
8041.052133333331	10.260000000002037	trials	reward_stimulus_presentation
8043.052133333331	0.8000000000029104	trials	reward_delivery
8050.912133333331	9.799966666665568	trials	port_entry
8082.83213333333	2.3300000000017462	trials	port_entry
8103.462266666662	1.0800333333390881	trials	port_entry
8123.582333333332	0.08993333333637565	trials	port_entry
8123.772333333334	0.8300333333318122	trials	port_entry
8129.692366666663	0.49996666666993406	trials	port_entry
8130.642366666667	0.23999999999796273	trials	port_entry
8131.0524000000005	20.000033333330066	trials	neutral_stimulus_presentation
8137.612366666668	0.5300333333289018	trials	port_entry
8138.2624	0.5999999999985448	trials	port_entry
8175.022499999999	0.8300000000017462	trials	port_entry
8178.622499999998	0.6999999999970896	trials	port_entry
8179.452499999999	0.09999999999854481	trials	port_entry
8179.592499999999	0.040000000000873115	trials	port_entry
8202.052533333328	1.8800333333347226	trials	port_entry
8210.372599999995	0.3600000000005821	trials	port_entry
8211.052633333333	15.610000000000582	trials	reward_stimulus_presentation
8213.052633333333	0.7999999999956344	trials	reward_delivery
8226.262633333332	9.630033333334723	trials	port_entry
8238.622666666663	0.10000000000582077	trials	port_entry
8238.782666666666	1.7299999999959255	trials	port_entry
8240.892666666667	0.1499666666641133	trials	port_entry
8241.822666666667	0.13999999999941792	trials	port_entry
8266.282733333333	1.6200333333326853	trials	port_entry
8279.3128	0.08999999999650754	trials	port_entry
8279.5628	0.5899999999965075	trials	port_entry
8281.7028	0.47000000000116415	trials	port_entry
8285.912833333328	0.11000000000058208	trials	port_entry
8286.672766666663	0.7000666666717734	trials	port_entry
8297.322833333332	0.19999999999708962	trials	port_entry
8297.542833333333	0.5000666666674078	trials	port_entry
8298.232833333328	0.020000000004074536	trials	port_entry
8298.302833333335	0.04003333333093906	trials	port_entry
8298.472833333333	0.7200000000011642	trials	port_entry
8299.332833333334	0.7699999999967986	trials	port_entry
8301.052866666665	5.1600000000034925	trials	reward_stimulus_presentation
8303.052866666665	0.8000000000029104	trials	reward_delivery
8305.812933333335	0.10993333333317423	trials	port_entry
8305.942833333334	9.850066666665953	trials	port_entry
8322.242899999997	1.5600333333350136	trials	port_entry
8356.533033333333	1.569999999999709	trials	port_entry
8388.403133333333	1.1999999999970896	trials	port_entry
8391.843133333328	0.020000000004074536	trials	port_entry
8391.893133333331	0.059999999997671694	trials	port_entry
8395.303166666665	1.4100000000034925	trials	port_entry
8397.443133333334	0.48999999999796273	trials	port_entry
8398.583099999996	1.3900333333367598	trials	port_entry
8401.053166666665	20.0	trials	neutral_stimulus_presentation
8444.363266666667	0.050033333332976326	trials	port_entry
8444.623266666662	0.040033333338215016	trials	port_entry
8444.683266666667	0.6199333333279355	trials	port_entry
8455.513333333329	0.5200000000040745	trials	port_entry
8460.083333333328	0.6700000000055297	trials	port_entry
8469.193333333329	0.9900333333353046	trials	port_entry
8473.153366666666	0.819999999999709	trials	port_entry
8491.053433333334	20.000033333330066	trials	reward_stimulus_presentation
8493.053399999997	0.7999666666655685	trials	reward_delivery
8515.603499999997	3.249966666669934	trials	port_entry
8518.913466666665	0.11000000000058208	trials	port_entry
8519.073466666669	0.5299999999988358	trials	port_entry
8519.663499999995	0.7900000000008731	trials	port_entry
8526.553500000002	0.01999999999679858	trials	port_entry
8527.383533333334	0.029999999998835847	trials	port_entry
8527.733466666665	0.21009999999660067	trials	port_entry
8535.513566666668	0.01999999999679858	trials	port_entry
8536.103566666665	0.20999999999912689	trials	port_entry
8540.623533333332	0.01999999999679858	trials	port_entry
8540.893533333328	1.0500666666703182	trials	port_entry
8581.053699999997	20.002233333332697	trials	shock_stimulus_presentation
8600.853766666667	0.2999666666655685	trials	shock_relay
8606.593766666665	0.9499999999970896	trials	port_entry
8609.823766666668	0.10999999999330612	trials	port_entry
8610.393766666668	0.11000000000058208	trials	port_entry
8610.723766666662	1.4099666666661506	trials	port_entry
8612.1538	3.599966666668479	trials	port_entry
8618.203799999996	0.7400000000052387	trials	port_entry
8618.963799999998	0.16999999999825377	trials	port_entry
8619.233800000002	0.4099999999962165	trials	port_entry
8619.743799999997	0.020000000004074536	trials	port_entry
8619.783799999997	1.7000000000043656	trials	port_entry
8622.2238	2.77996666666877	trials	port_entry
8625.123800000001	4.72003333333123	trials	port_entry
8630.0838	2.360000000000582	trials	port_entry
8635.053833333332	0.029966666668769903	trials	port_entry
8635.153866666667	0.029999999998835847	trials	port_entry
8635.663866666662	0.06999999999970896	trials	port_entry
8636.113866666667	0.2900000000008731	trials	port_entry
8636.593833333332	2.6000333333358867	trials	port_entry
8639.583866666668	0.03999999999359716	trials	port_entry
8640.243866666664	0.03993333333346527	trials	port_entry
8640.493866666664	5.340033333333849	trials	port_entry
8647.123899999999	0.040000000000873115	trials	port_entry
8647.453866666663	0.5500333333329763	trials	port_entry
8656.5239	0.039966666663531214	trials	port_entry
8657.543899999997	0.1500000000014552	trials	port_entry
8658.063933333331	0.07996666666440433	trials	port_entry
8658.183899999996	0.17000000000552973	trials	port_entry
8660.7039	0.1599999999962165	trials	port_entry
8661.063866666664	1.4900333333353046	trials	port_entry
8662.613899999997	0.5700333333370509	trials	port_entry
8667.16393333333	0.06999999999970896	trials	port_entry
8671.053999999996	6.509933333334629	trials	reward_stimulus_presentation
8673.053966666666	0.7999666666655685	trials	reward_delivery
8677.163966666667	13.360000000000582	trials	port_entry
8714.774033333335	0.09003333332657348	trials	port_entry
8714.934099999999	1.9700000000011642	trials	port_entry
8719.744066666666	0.1500000000014552	trials	port_entry
8719.944033333333	0.470066666668572	trials	port_entry
8723.954099999995	0.13999999999941792	trials	port_entry
8724.114099999999	0.059999999997671694	trials	port_entry
8725.294066666662	1.2700333333341405	trials	port_entry
8732.304100000001	1.2600333333321032	trials	port_entry
8736.314133333333	0.25	trials	port_entry
8738.714166666665	0.7899666666635312	trials	port_entry
8741.634099999996	0.09006666667119134	trials	port_entry
8745.614166666666	0.22999999999592546	trials	port_entry
8745.964166666665	0.1899666666649864	trials	port_entry
8746.384133333333	0.03003333332890179	trials	port_entry
8746.924166666664	0.03993333333346527	trials	port_entry
8747.214133333335	0.01999999999679858	trials	port_entry
8747.434099999999	0.08003333333181217	trials	port_entry
8747.554166666661	0.03996666667080717	trials	port_entry
8747.664166666662	0.17000000000552973	trials	port_entry
8756.054233333329	4.469966666671098	trials	reward_stimulus_presentation
8758.054133333331	0.8000666666703182	trials	reward_delivery
8760.124199999998	8.990033333335305	trials	port_entry
8777.934266666663	0.10996666667051613	trials	port_entry
8778.064266666668	1.5399999999935972	trials	port_entry
8797.014299999995	0.020000000004074536	trials	port_entry
8802.494333333329	0.1300000000046566	trials	port_entry
8811.474300000002	0.7800666666662437	trials	port_entry
8828.134399999995	1.680000000000291	trials	port_entry
8846.054533333328	20.00220000000263	trials	shock_stimulus_presentation
8853.754466666665	0.22000000000116415	trials	port_entry
8854.404466666667	0.8499999999985448	trials	port_entry
8865.854500000001	0.2999999999956344	trials	shock_relay
8866.044533333334	0.059999999997671694	trials	port_entry
8866.5245	1.1999999999970896	trials	port_entry
8867.764499999997	0.5999999999985448	trials	port_entry
8868.404499999997	0.1900000000023283	trials	port_entry
8868.664533333329	0.05000000000291038	trials	port_entry
8868.804499999998	0.0700666666671168	trials	port_entry
8873.734499999999	0.029966666668769903	trials	port_entry
8874.394433333335	12.280133333333652	trials	port_entry
8887.714566666662	0.22000000000116415	trials	port_entry
8887.984566666666	0.029966666668769903	trials	port_entry
8889.244566666668	0.6099999999933061	trials	port_entry
8889.964566666662	4.8400000000037835	trials	port_entry
8896.634599999998	0.3600000000005821	trials	port_entry
8897.084599999995	0.0900000000037835	trials	port_entry
8897.264599999995	4.060000000004948	trials	port_entry
8901.584633333332	0.040000000000873115	trials	port_entry
8901.674599999998	0.7500333333300659	trials	port_entry
8903.994633333328	0.8700000000026193	trials	port_entry
8905.354633333329	0.05996666666760575	trials	port_entry
8907.50463333333	0.06000000000494765	trials	port_entry
8908.414633333334	0.27996666666149395	trials	port_entry
8908.71463333333	0.07993333333433839	trials	port_entry
8909.594599999997	0.5000666666674078	trials	port_entry
8910.834666666662	0.040000000000873115	trials	port_entry
8911.07463333333	0.029966666668769903	trials	port_entry
8911.1446	0.060033333335013594	trials	port_entry
8911.224600000001	0.06003333332773764	trials	port_entry
8916.324666666667	1.0499999999956344	trials	port_entry
8919.904666666662	1.3400000000037835	trials	port_entry
8925.994666666666	0.5800333333318122	trials	port_entry
8926.604699999996	0.43000000000029104	trials	port_entry
8930.5147	0.059999999997671694	trials	port_entry
8938.244733333333	0.029966666668769903	trials	port_entry
8938.314733333333	0.01999999999679858	trials	port_entry
8938.724733333329	0.040000000000873115	trials	port_entry
8941.05473333333	12.000033333337342	trials	reward_stimulus_presentation
8943.054766666668	0.7999999999956344	trials	reward_delivery
8952.654766666667	2.4399999999950523	trials	port_entry
8986.274866666667	0.18999999999505235	trials	port_entry
8986.564866666668	2.6199666666652774	trials	port_entry
8992.834866666664	0.020000000004074536	trials	port_entry
8999.0049	0.3099999999976717	trials	port_entry
8999.754866666663	0.060033333335013594	trials	port_entry
8999.874899999995	0.5400000000008731	trials	port_entry
9008.494933333335	0.01999999999679858	trials	port_entry
9015.084933333332	0.04003333333093906	trials	port_entry
9015.814966666665	0.6999999999970896	trials	port_entry
9031.055	20.001933333333	trials	shock_stimulus_presentation
9032.805	2.7999999999956344	trials	port_entry
9050.855066666663	0.2999666666655685	trials	shock_relay
9051.805066666668	3.1200333333326853	trials	port_entry
9062.645066666664	1.3700333333326853	trials	port_entry
9069.9551	2.180066666667699	trials	port_entry
9072.155133333334	0.049999999995634425	trials	port_entry
9072.235099999998	0.02003333333414048	trials	port_entry
9072.285100000001	4.200033333327156	trials	port_entry
9076.505133333332	0.11000000000058208	trials	port_entry
9076.6351	3.510066666662169	trials	port_entry
9080.465100000001	0.06003333332773764	trials	port_entry
9080.695166666665	2.279999999998836	trials	port_entry
9111.055233333333	0.5299999999988358	trials	reward_stimulus_presentation
9111.18523333333	0.8700000000026193	trials	port_entry
9112.195233333332	0.27999999999883585	trials	port_entry
9112.79523333333	0.18000000000029104	trials	port_entry
9113.055233333333	0.7999999999956344	trials	reward_delivery
9130.255266666667	10.230033333333267	trials	port_entry
9187.485466666665	0.6200000000026193	trials	port_entry
9188.125466666665	0.05000000000291038	trials	port_entry
9201.055466666665	20.000066666667408	trials	neutral_stimulus_presentation
9222.675499999998	0.09999999999854481	trials	port_entry
9222.925566666665	1.680000000000291	trials	port_entry
9226.175599999995	0.8000000000029104	trials	port_entry
9245.455533333334	0.8701000000000931	trials	port_entry
9249.605633333333	0.8700333333326853	trials	port_entry
9253.135666666662	0.040000000000873115	trials	port_entry
9253.425666666662	0.5300000000061118	trials	port_entry
9265.945699999997	0.029966666668769903	trials	port_entry
9284.975733333333	0.7600000000020373	trials	port_entry
9301.055799999995	1.4200000000055297	trials	reward_stimulus_presentation
9302.075766666661	0.9800333333332674	trials	port_entry
9303.055799999995	0.8000000000029104	trials	reward_delivery
9303.715799999998	0.08999999999650754	trials	port_entry
9303.9058	17.500033333330066	trials	port_entry
9323.855866666665	0.08999999999650754	trials	port_entry
9323.985866666662	0.7700000000040745	trials	port_entry
9331.015866666668	1.6099666666632402	trials	port_entry
9333.785899999995	0.5300000000061118	trials	port_entry
9335.7059	2.040066666661005	trials	port_entry
9341.965899999996	1.1599666666661506	trials	port_entry
9343.1659	1.0299999999988358	trials	port_entry
9344.2759	0.23999999999796273	trials	port_entry
9363.695999999996	2.0799666666716803	trials	port_entry
9365.795966666665	0.5599999999976717	trials	port_entry
9369.085999999996	0.569999999999709	trials	port_entry
9378.606	0.7799999999988358	trials	port_entry
9391.056033333334	20.000066666667408	trials	reward_stimulus_presentation
9393.056066666664	0.8000000000029104	trials	reward_delivery
9413.276133333333	5.0899999999965075	trials	port_entry
9419.716133333335	0.9499666666597477	trials	port_entry
9420.716099999998	0.19003333333239425	trials	port_entry
9420.926133333334	0.8299999999944703	trials	port_entry
9423.706133333333	0.6300333333347226	trials	port_entry
9446.406199999998	0.030033333336177748	trials	port_entry
9446.586199999998	1.6200000000026193	trials	port_entry
9466.916299999997	1.27996666666877	trials	port_entry
9471.036266666662	0.41000000000349246	trials	port_entry
9471.556299999997	0.3800000000046566	trials	port_entry
9472.096299999997	1.7600000000020373	trials	port_entry
9481.056333333334	8.209999999999127	trials	reward_stimulus_presentation
9483.056299999997	0.8000333333329763	trials	reward_delivery
9488.866333333332	0.050033333332976326	trials	port_entry
9488.9663	8.94006666666246	trials	port_entry
9510.066433333333	0.34993333333113696	trials	port_entry
9510.486366666664	0.02003333333414048	trials	port_entry
9518.306433333331	1.639999999999418	trials	port_entry
9525.776433333333	0.049999999995634425	trials	port_entry
9537.636466666663	0.7600000000020373	trials	port_entry
9546.156499999997	0.06999999999970896	trials	port_entry
9546.246466666664	0.40003333333152113	trials	port_entry
9551.266466666668	0.1300333333274466	trials	port_entry
9551.48653333333	0.06999999999970896	trials	port_entry
9551.73653333333	0.6299333333372488	trials	port_entry
9557.536533333332	0.22996666666585952	trials	port_entry
9557.786533333332	0.6500000000014552	trials	port_entry
9571.056599999996	7.080033333331812	trials	reward_stimulus_presentation
9573.056599999996	0.8000000000029104	trials	reward_delivery
9577.736599999997	0.11996666666527744	trials	port_entry
9577.946633333333	8.109933333333174	trials	port_entry
9615.216733333335	0.07996666666440433	trials	port_entry
9615.6267	2.1900333333323942	trials	port_entry
9624.826733333335	0.2699999999967986	trials	port_entry
9656.056866666666	20.00216666666529	trials	shock_stimulus_presentation
9661.836866666665	0.1600333333335584	trials	port_entry
9662.076866666663	1.1599666666661506	trials	port_entry
9666.356866666662	0.8999666666713892	trials	port_entry
9667.286866666662	0.030000000006111804	trials	port_entry
9670.536866666662	0.4800000000032014	trials	port_entry
9671.776899999997	0.06996666666964302	trials	port_entry
9674.126866666666	0.18000000000029104	trials	port_entry
9675.856866666662	0.3000666666703182	trials	shock_relay
9676.946899999995	0.7900000000008731	trials	port_entry
9677.7569	0.20999999999912689	trials	port_entry
9679.946899999995	0.10003333333588671	trials	port_entry
9680.196933333333	0.2999999999956344	trials	port_entry
9680.726933333332	0.5299999999988358	trials	port_entry
9706.216999999997	0.9899333333378308	trials	port_entry
9721.217033333334	1.930033333330357	trials	port_entry
9746.057166666666	16.149966666664113	trials	reward_stimulus_presentation
9748.057133333328	0.7999666666728444	trials	reward_delivery
9761.807133333328	9.720066666668572	trials	port_entry
9775.657200000001	0.6199666666652774	trials	port_entry
9777.707166666667	1.790033333330939	trials	port_entry
9803.637266666665	2.180033333330357	trials	port_entry
9807.737266666663	2.6200333333326853	trials	port_entry
9810.427266666666	0.22999999999592546	trials	port_entry
9810.707300000002	0.0899666666664416	trials	port_entry
9818.2373	1.6599999999962165	trials	port_entry
9823.6273	0.6000333333286108	trials	port_entry
9824.287333333334	0.040000000000873115	trials	port_entry
9841.057399999998	20.0	trials	neutral_stimulus_presentation
9841.937366666665	0.7200000000011642	trials	port_entry
9844.987399999998	1.1500000000014552	trials	port_entry
9849.127399999998	0.059999999997671694	trials	port_entry
9849.627399999998	0.11000000000058208	trials	port_entry
9853.187433333333	0.039966666663531214	trials	port_entry
9853.267399999997	0.8300333333318122	trials	port_entry
9854.147433333332	0.2399666666678968	trials	port_entry
9854.417399999998	0.1500000000014552	trials	port_entry
9858.837433333334	0.9099999999962165	trials	port_entry
9863.287433333331	0.3499999999985448	trials	port_entry
9865.427466666668	1.5499999999956344	trials	port_entry
9869.13743333333	0.819999999999709	trials	port_entry
9870.137466666667	0.06999999999970896	trials	port_entry
9870.237466666666	0.9199666666681878	trials	port_entry
9879.377499999995	0.02993333333870396	trials	port_entry
9884.817499999997	2.3700333333326853	trials	port_entry
9887.247533333335	0.20999999999912689	trials	port_entry
9893.82753333333	1.5500000000029104	trials	port_entry
9895.487533333333	0.01999999999679858	trials	port_entry
9899.187566666667	1.6499666666641133	trials	port_entry
9931.057666666668	20.00209999999788	trials	shock_stimulus_presentation
9948.647700000001	0.4599999999991269	trials	port_entry
9950.8577	0.2999666666655685	trials	shock_relay
9974.5478	3.419966666668188	trials	port_entry
9988.557799999995	0.23003333333326736	trials	port_entry
10007.567833333334	0.11003333333064802	trials	port_entry
10011.057866666662	2.900000000001455	trials	reward_stimulus_presentation
10013.057833333332	0.8000666666630423	trials	reward_delivery
10013.557866666662	0.0900000000037835	trials	port_entry
10018.067900000002	0.07999999999447027	trials	port_entry
10018.3779	4.780033333328902	trials	port_entry
10032.927966666663	2.819966666669643	trials	port_entry
10039.577933333334	1.4199999999982538	trials	port_entry
10068.568066666667	1.6699999999982538	trials	port_entry
10081.198033333334	0.05006666666304227	trials	port_entry
10083.588066666664	0.02003333333414048	trials	port_entry
10083.668099999995	0.029966666668769903	trials	port_entry
10101.058133333332	20.000033333330066	trials	reward_stimulus_presentation
10103.058166666662	0.7999333333355025	trials	reward_delivery
10122.498200000002	0.3899999999994179	trials	port_entry
10122.908199999998	2.5100000000020373	trials	port_entry
10126.148233333333	1.4799999999959255	trials	port_entry
10146.038266666663	1.8399666666664416	trials	port_entry
10158.268299999996	1.3100000000049477	trials	port_entry
10159.708266666668	0.3400666666639154	trials	port_entry
10163.458333333328	1.1000000000058208	trials	port_entry
10180.858366666667	1.1199999999953434	trials	port_entry
10193.788399999998	1.4000333333315211	trials	port_entry
10197.028433333333	0.08999999999650754	trials	port_entry
10197.198433333331	1.6200000000026193	trials	port_entry
10198.83843333333	0.05000000000291038	trials	port_entry
10201.058466666662	0.49996666666993406	trials	reward_stimulus_presentation
10201.158366666663	0.15006666666886304	trials	port_entry
10201.58843333333	0.029999999998835847	trials	port_entry
10201.8384	0.25003333333006594	trials	port_entry
10202.348399999995	0.540033333338215	trials	port_entry
10203.058466666662	0.7999333333355025	trials	reward_delivery
10205.54843333333	11.870033333332685	trials	port_entry
10221.26843333333	0.35006666666595265	trials	port_entry
10221.698533333329	1.8099666666676058	trials	port_entry
10291.058733333331	20.00233333333017	trials	shock_stimulus_presentation
10301.9487	1.540033333330939	trials	port_entry
10305.428699999997	0.21003333333646879	trials	port_entry
10305.678733333334	1.2900000000008731	trials	port_entry
10310.11873333333	0.050033333332976326	trials	port_entry
10310.298766666667	0.1599999999962165	trials	port_entry
10310.538799999995	0.5599333333375398	trials	port_entry
10310.858800000002	0.2999333333282266	trials	shock_relay
10314.298766666667	0.6899999999950523	trials	port_entry
10317.888766666663	0.03996666667080717	trials	port_entry
10318.048766666667	0.06996666666236706	trials	port_entry
10329.66883333333	0.8300000000017462	trials	port_entry
10330.578833333333	0.18993333333492046	trials	port_entry
10333.77883333333	0.029999999998835847	trials	port_entry
10334.20883333333	0.09999999999854481	trials	port_entry
10334.328766666666	0.11006666666798992	trials	port_entry
10334.498833333331	0.040000000000873115	trials	port_entry
10334.678833333332	0.029999999998835847	trials	port_entry
10334.808833333329	0.06999999999970896	trials	port_entry
10335.068833333331	0.029999999998835847	trials	port_entry
10351.398866666663	0.040033333338215016	trials	port_entry
10351.518866666665	1.1299666666673147	trials	port_entry
10355.408866666665	0.25	trials	port_entry
10355.688866666664	0.0900000000037835	trials	port_entry
10370.598899999997	0.059999999997671694	trials	port_entry
10376.32893333333	0.029999999998835847	trials	port_entry
10381.058933333334	9.910033333333558	trials	reward_stimulus_presentation
10383.059000000001	0.7999333333282266	trials	reward_delivery
10390.568966666666	7.010033333332103	trials	port_entry
10403.859033333334	1.0199999999967986	trials	port_entry
10406.689033333329	0.020000000004074536	trials	port_entry
10414.489033333331	0.4700333333312301	trials	port_entry
10415.059066666669	0.019966666659456678	trials	port_entry
10415.97903333333	0.09003333333384944	trials	port_entry
10420.889066666663	0.05000000000291038	trials	port_entry
10459.5792	1.319999999999709	trials	port_entry
10463.879166666666	0.5299999999988358	trials	port_entry
10465.419199999997	0.1299666666673147	trials	port_entry
10465.609199999999	0.5400000000008731	trials	port_entry
10468.839166666665	1.1900333333323942	trials	port_entry
10471.059199999996	20.000066666667408	trials	neutral_stimulus_presentation
10472.349233333334	0.6399999999994179	trials	port_entry
10474.489233333334	0.09999999999854481	trials	port_entry
10490.029266666665	0.4899666666678968	trials	port_entry
10501.739300000001	0.7199666666638223	trials	port_entry
10509.539333333334	0.06999999999970896	trials	port_entry
10520.569333333333	0.12003333333268529	trials	port_entry
10520.709366666662	0.8799666666673147	trials	port_entry
10531.479366666666	0.06999999999970896	trials	port_entry
10532.939366666666	0.7000333333344315	trials	port_entry
10536.759399999995	0.27000000000407454	trials	port_entry
10537.689399999996	0.33000000000174623	trials	port_entry
10556.059466666666	13.700033333334432	trials	reward_stimulus_presentation
10558.059499999996	0.8000000000029104	trials	reward_delivery
10569.359499999999	3.7699999999967986	trials	port_entry
10608.669566666664	2.2100666666665347	trials	port_entry
10613.359633333333	0.5999999999985448	trials	port_entry
10646.059766666665	20.000033333330066	trials	neutral_stimulus_presentation
10665.779766666667	2.1600333333335584	trials	port_entry
10668.8698	0.33999999999650754	trials	port_entry
10669.229833333331	0.03996666667080717	trials	port_entry
10670.7998	1.0899999999965075	trials	port_entry
10684.529833333334	0.14003333332948387	trials	port_entry
10691.199833333332	0.5700333333297749	trials	port_entry
10696.459866666664	0.06999999999970896	trials	port_entry
10700.699866666662	0.12000000000261934	trials	port_entry
10701.049866666668	0.08999999999650754	trials	port_entry
10702.109866666666	0.02003333333414048	trials	port_entry
10706.029900000001	0.03999999999359716	trials	port_entry
10714.87993333333	0.2199666666710982	trials	port_entry
10715.179933333333	1.069999999999709	trials	port_entry
10741.059999999998	20.00209999999788	trials	shock_stimulus_presentation
10750.900033333332	0.16999999999825377	trials	port_entry
10751.14	1.0100333333321032	trials	port_entry
10754.259999999995	0.13003333333472256	trials	port_entry
10757.690066666662	0.18000000000029104	trials	port_entry
10758.020066666664	0.31999999999970896	trials	port_entry
10758.360066666668	1.930000000000291	trials	port_entry
10760.860066666668	0.3000333333329763	trials	shock_relay
10814.150199999996	0.4500333333344315	trials	port_entry
10817.460266666661	0.7299666666731355	trials	port_entry
10831.060333333335	19.999966666662658	trials	neutral_stimulus_presentation
10839.030299999999	2.0100000000020373	trials	port_entry
10841.170299999998	0.039966666663531214	trials	port_entry
10861.640366666667	0.9099999999962165	trials	port_entry
10880.41043333333	1.1299999999973807	trials	port_entry
10883.360433333335	0.6499666666641133	trials	port_entry
10897.010466666667	0.08000000000174623	trials	port_entry
10897.420466666663	0.040000000000873115	trials	port_entry
10897.790466666665	1.5899666666664416	trials	port_entry
10905.790499999996	0.13999999999941792	trials	port_entry
10905.950499999999	0.6900000000023283	trials	port_entry
10911.060566666667	20.00266666666721	trials	shock_stimulus_presentation
10915.300533333335	0.07999999999447027	trials	port_entry
10927.56053333333	0.08000000000174623	trials	port_entry
10930.860533333333	0.2999999999956344	trials	shock_relay
10953.6806	1.0300333333289018	trials	port_entry
10992.400733333328	0.23000000000320142	trials	port_entry
10998.520766666668	0.9399999999950523	trials	port_entry
11001.06083333333	3.9399333333349205	trials	reward_stimulus_presentation
11003.0608	0.7999999999956344	trials	reward_delivery
11004.600766666663	14.270100000001548	trials	port_entry
11020.080833333333	1.9699666666638223	trials	port_entry
11025.890833333331	0.5999999999985448	trials	port_entry
11083.820899999999	1.1600333333335584	trials	port_entry
11087.281033333333	2.5100000000020373	trials	port_entry
11092.920966666665	0.7900999999983469	trials	port_entry
11153.675466666667	0.2783999999955995	trials	phototagging
11154.23363333333	0.22733333333599148	trials	phototagging
11155.511899999998	0.10006666666595265	trials	phototagging
11156.512600000002	0.10006666666595265	trials	phototagging
11157.513266666661	0.10006666667322861	trials	phototagging
11158.513966666666	0.10006666666595265	trials	phototagging
11159.514666666662	0.10006666666595265	trials	phototagging
11160.515366666667	0.10006666666595265	trials	phototagging
11161.516033333333	0.10006666666595265	trials	phototagging
11162.51673333333	0.10006666666595265	trials	phototagging
11163.517433333334	0.10006666666595265	trials	phototagging
11164.518133333331	0.10006666666595265	trials	phototagging
11165.518799999998	0.10010000000329455	trials	phototagging
11166.519499999995	0.10006666667322861	trials	phototagging
11177.52713333333	0.005000000004656613	trials	phototagging
11177.537133333331	0.005033333334722556	trials	phototagging
11177.547133333333	0.005033333334722556	trials	phototagging
11177.557166666666	0.004999999997380655	trials	phototagging
11177.567166666668	0.004999999997380655	trials	phototagging
11177.577166666662	0.005000000004656613	trials	phototagging
11177.587166666664	0.004999999997380655	trials	phototagging
11177.597199999997	0.005000000004656613	trials	phototagging
11177.607199999999	0.004999999997380655	trials	phototagging
11177.6172	0.004999999997380655	trials	phototagging
11177.627199999995	0.005000000004656613	trials	phototagging
11177.637199999997	0.005033333334722556	trials	phototagging
11177.64723333333	0.005000000004656613	trials	phototagging
11177.657233333332	0.004999999997380655	trials	phototagging
11177.667233333334	0.004999999997380655	trials	phototagging
11177.677233333328	0.005033333334722556	trials	phototagging
11177.68723333333	0.005033333334722556	trials	phototagging
11177.697266666662	0.005000000004656613	trials	phototagging
11177.707266666665	0.004999999997380655	trials	phototagging
11177.717266666667	0.004999999997380655	trials	phototagging
11177.727266666661	0.005000000004656613	trials	phototagging
11177.737266666663	0.005033333334722556	trials	phototagging
11177.747299999995	0.005000000004656613	trials	phototagging
11177.757299999997	0.004999999997380655	trials	phototagging
11177.7673	0.004999999997380655	trials	phototagging
11177.777300000002	0.0050333333274465986	trials	phototagging
11177.787299999996	0.005033333334722556	trials	phototagging
11177.797333333328	0.005000000004656613	trials	phototagging
11177.80733333333	0.005000000004656613	trials	phototagging
11177.817333333332	0.004999999997380655	trials	phototagging
11187.834266666665	0.010033333332103211	trials	phototagging
11187.93433333333	0.010033333332103211	trials	phototagging
11188.034399999997	0.010033333332103211	trials	phototagging
11188.1345	0.00999999999476131	trials	phototagging
11188.234566666666	0.010000000002037268	trials	phototagging
11188.334633333332	0.010000000002037268	trials	phototagging
11188.434699999998	0.010000000002037268	trials	phototagging
11188.534766666664	0.010000000002037268	trials	phototagging
11188.63483333333	0.010000000002037268	trials	phototagging
11188.734899999996	0.010000000002037268	trials	phototagging
11188.834966666662	0.010000000002037268	trials	phototagging
11188.935033333335	0.00999999999476131	trials	phototagging
11189.035100000001	0.010033333332103211	trials	phototagging
11189.135166666667	0.010033333332103211	trials	phototagging
11189.235233333333	0.010033333332103211	trials	phototagging
11189.335299999999	0.010033333332103211	trials	phototagging
11189.435399999995	0.010000000002037268	trials	phototagging
11189.535466666668	0.00999999999476131	trials	phototagging
11189.635533333334	0.00999999999476131	trials	phototagging
11189.7356	0.00999999999476131	trials	phototagging
11189.835666666666	0.010000000002037268	trials	phototagging
11189.935733333332	0.010000000002037268	trials	phototagging
11190.035799999998	0.010000000002037268	trials	phototagging
11190.135866666664	0.010000000002037268	trials	phototagging
11190.23593333333	0.010033333332103211	trials	phototagging
11190.335999999996	0.010033333339379169	trials	phototagging
11190.436066666662	0.010033333339379169	trials	phototagging
11190.536166666665	0.010000000002037268	trials	phototagging
11190.6362	0.010033333332103211	trials	phototagging
11190.736299999997	0.010000000002037268	trials	phototagging
11200.8433	0.004999999997380655	trials	phototagging
11201.843966666667	0.0050333333274465986	trials	phototagging
11202.844666666664	0.004999999997380655	trials	phototagging
11203.845366666668	0.004999999997380655	trials	phototagging
11204.846066666665	0.004999999997380655	trials	phototagging
11205.846766666662	0.005000000004656613	trials	phototagging
11206.847466666666	0.004999999997380655	trials	phototagging
11207.848133333333	0.004999999997380655	trials	phototagging
11208.84883333333	0.005000000004656613	trials	phototagging
11209.849533333334	0.004999999997380655	trials	phototagging
11210.85023333333	0.004999999997380655	trials	phototagging
11211.850933333335	0.004999999997380655	trials	phototagging
11212.851600000002	0.004999999997380655	trials	phototagging
11213.852299999999	0.004999999997380655	trials	phototagging
11214.852999999996	0.005000000004656613	trials	phototagging
11215.8537	0.004999999997380655	trials	phototagging
11216.854399999997	0.005000000004656613	trials	phototagging
11217.855066666663	0.005033333334722556	trials	phototagging
11218.855766666667	0.004999999997380655	trials	phototagging
11219.856466666664	0.004999999997380655	trials	phototagging
11220.857166666668	0.004999999997380655	trials	phototagging
11221.857866666665	0.004999999997380655	trials	phototagging
11222.858533333332	0.005033333334722556	trials	phototagging
11223.859233333329	0.005033333334722556	trials	phototagging
11224.859933333333	0.004999999997380655	trials	phototagging
11225.86063333333	0.005000000004656613	trials	phototagging
11226.861333333334	0.004999999997380655	trials	phototagging
11227.862000000001	0.0050333333274465986	trials	phototagging
11228.862699999998	0.005033333334722556	trials	phototagging
11229.863399999995	0.005000000004656613	trials	phototagging
11240.87103333333	0.005000000004656613	trials	phototagging
11241.871733333333	0.004999999997380655	trials	phototagging
11242.87243333333	0.005000000004656613	trials	phototagging
11243.873099999997	0.005033333334722556	trials	phototagging
11244.873800000001	0.004999999997380655	trials	phototagging
11245.874499999998	0.004999999997380655	trials	phototagging
11246.875199999995	0.005000000004656613	trials	phototagging
11247.8759	0.004999999997380655	trials	phototagging
11248.876566666666	0.005033333334722556	trials	phototagging
11249.877266666663	0.005000000004656613	trials	phototagging
11250.877966666667	0.004999999997380655	trials	phototagging
11251.878666666664	0.005000000004656613	trials	phototagging
11252.879366666668	0.004999999997380655	trials	phototagging
11253.880033333335	0.0050333333274465986	trials	phototagging
11254.880733333332	0.005033333334722556	trials	phototagging
11255.881433333328	0.005000000004656613	trials	phototagging
11256.882133333333	0.004999999997380655	trials	phototagging
11257.88283333333	0.005000000004656613	trials	phototagging
11258.883499999996	0.005033333334722556	trials	phototagging
11259.8842	0.004999999997380655	trials	phototagging
11260.884899999997	0.004999999997380655	trials	phototagging
11261.885600000001	0.004999999997380655	trials	phototagging
11262.886299999998	0.004999999997380655	trials	phototagging
11263.886999999995	0.005000000004656613	trials	phototagging
11264.887666666662	0.005000000004656613	trials	phototagging
11265.888366666666	0.004999999997380655	trials	phototagging
11266.889066666663	0.005000000004656613	trials	phototagging
11267.889766666667	0.004999999997380655	trials	phototagging
11268.890466666664	0.004999999997380655	trials	phototagging
11269.89113333333	0.004999999997380655	trials	phototagging
11280.898766666665	0.010033333332103211	trials	phototagging
11280.998833333331	0.010033333332103211	trials	phototagging
11281.098899999997	0.010033333332103211	trials	phototagging
11281.199	0.00999999999476131	trials	phototagging
11281.299066666666	0.010000000002037268	trials	phototagging
11281.399133333332	0.010000000002037268	trials	phototagging
11281.499199999998	0.010000000002037268	trials	phototagging
11281.599266666664	0.010000000002037268	trials	phototagging
11281.69933333333	0.010000000002037268	trials	phototagging
11281.799399999996	0.010000000002037268	trials	phototagging
11281.899466666662	0.010000000002037268	trials	phototagging
11281.999533333328	0.010033333339379169	trials	phototagging
11282.099600000001	0.010033333332103211	trials	phototagging
11282.199666666667	0.00999999999476131	trials	phototagging
11282.299733333333	0.010033333332103211	trials	phototagging
11282.39983333333	0.010000000002037268	trials	phototagging
11282.499866666665	0.010033333332103211	trials	phototagging
11282.599933333331	0.010033333332103211	trials	phototagging
11282.700033333334	0.00999999999476131	trials	phototagging
11282.8001	0.00999999999476131	trials	phototagging
11282.900166666666	0.010000000002037268	trials	phototagging
11283.000233333332	0.010000000002037268	trials	phototagging
11283.100299999998	0.010000000002037268	trials	phototagging
11283.200366666664	0.010000000002037268	trials	phototagging
11283.30043333333	0.010000000002037268	trials	phototagging
11283.400499999996	0.010000000002037268	trials	phototagging
11283.500566666662	0.010033333339379169	trials	phototagging
11283.600633333328	0.010033333339379169	trials	phototagging
11283.700700000001	0.010033333332103211	trials	phototagging
11283.800799999997	0.010000000002037268	trials	phototagging
11293.9078	0.004999999997380655	trials	phototagging
11294.908466666668	0.0050333333274465986	trials	phototagging
11295.909166666665	0.004999999997380655	trials	phototagging
11296.909866666661	0.005000000004656613	trials	phototagging
11297.910566666666	0.004999999997380655	trials	phototagging
11298.911266666662	0.005000000004656613	trials	phototagging
11299.91193333333	0.005033333334722556	trials	phototagging
11300.912633333333	0.004999999997380655	trials	phototagging
11301.91333333333	0.005000000004656613	trials	phototagging
11302.914033333334	0.004999999997380655	trials	phototagging
11303.914733333331	0.004999999997380655	trials	phototagging
11304.915399999998	0.005033333334722556	trials	phototagging
11305.916133333332	0.004999999997380655	trials	phototagging
11306.916799999999	0.004999999997380655	trials	phototagging
11307.917499999996	0.005000000004656613	trials	phototagging
11308.9182	0.004999999997380655	trials	phototagging
11309.918866666667	0.005033333334722556	trials	phototagging
11310.919600000001	0.004999999997380655	trials	phototagging
11311.920266666668	0.004999999997380655	trials	phototagging
11312.920966666665	0.004999999997380655	trials	phototagging
11313.921666666662	0.005000000004656613	trials	phototagging
11314.922333333328	0.005033333334722556	trials	phototagging
11315.923066666663	0.005000000004656613	trials	phototagging
11316.92373333333	0.005000000004656613	trials	phototagging
11317.924433333334	0.004999999997380655	trials	phototagging
11318.92513333333	0.005000000004656613	trials	phototagging
11319.925833333335	0.004999999997380655	trials	phototagging
11320.926533333331	0.004999999997380655	trials	phototagging
11321.927199999998	0.005033333334722556	trials	phototagging
11322.927899999995	0.005000000004656613	trials	phototagging
11333.93553333333	0.005000000004656613	trials	phototagging
11333.945533333332	0.005033333334722556	trials	phototagging
11333.955533333334	0.005033333334722556	trials	phototagging
11333.965566666666	0.004999999997380655	trials	phototagging
11333.975566666668	0.004999999997380655	trials	phototagging
11333.985566666663	0.005000000004656613	trials	phototagging
11333.995566666665	0.004999999997380655	trials	phototagging
11334.005599999997	0.005000000004656613	trials	phototagging
11334.015599999999	0.004999999997380655	trials	phototagging
11334.0256	0.004999999997380655	trials	phototagging
11334.035599999996	0.005000000004656613	trials	phototagging
11334.045633333335	0.004999999997380655	trials	phototagging
11334.0556	0.005033333334722556	trials	phototagging
11334.065633333332	0.004999999997380655	trials	phototagging
11334.075633333334	0.004999999997380655	trials	phototagging
11334.085633333329	0.005033333334722556	trials	phototagging
11334.09563333333	0.005033333334722556	trials	phototagging
11334.105666666663	0.005000000004656613	trials	phototagging
11334.115666666665	0.004999999997380655	trials	phototagging
11334.125666666667	0.004999999997380655	trials	phototagging
11334.135666666662	0.005033333334722556	trials	phototagging
11334.145700000001	0.004999999997380655	trials	phototagging
11334.155699999996	0.005000000004656613	trials	phototagging
11334.165699999998	0.004999999997380655	trials	phototagging
11334.1757	0.004999999997380655	trials	phototagging
11334.185700000002	0.0050333333274465986	trials	phototagging
11334.195699999997	0.005033333334722556	trials	phototagging
11334.205733333329	0.005000000004656613	trials	phototagging
11334.21573333333	0.004999999997380655	trials	phototagging
11334.225733333333	0.004999999997380655	trials	phototagging
11344.242666666665	0.010033333332103211	trials	phototagging
11344.342766666668	0.00999999999476131	trials	phototagging
11344.442833333334	0.00999999999476131	trials	phototagging
11344.5429	0.00999999999476131	trials	phototagging
11344.642966666666	0.010000000002037268	trials	phototagging
11344.743033333332	0.010000000002037268	trials	phototagging
11344.843099999998	0.010033333332103211	trials	phototagging
11344.943166666664	0.010000000002037268	trials	phototagging
11345.04323333333	0.010000000002037268	trials	phototagging
11345.143299999996	0.010033333332103211	trials	phototagging
11345.2434	0.010000000002037268	trials	phototagging
11345.343433333328	0.010033333339379169	trials	phototagging
11345.443500000001	0.010033333332103211	trials	phototagging
11345.543599999997	0.010000000002037268	trials	phototagging
11345.643666666663	0.010000000002037268	trials	phototagging
11345.74373333333	0.010000000002037268	trials	phototagging
11345.843799999995	0.010000000002037268	trials	phototagging
11345.943866666668	0.00999999999476131	trials	phototagging
11346.043933333334	0.00999999999476131	trials	phototagging
11346.144	0.00999999999476131	trials	phototagging
11346.244066666666	0.010000000002037268	trials	phototagging
11346.344133333332	0.010033333332103211	trials	phototagging
11346.444199999998	0.010033333332103211	trials	phototagging
11346.544266666664	0.010033333332103211	trials	phototagging
11346.64433333333	0.010033333332103211	trials	phototagging
11346.744433333333	0.00999999999476131	trials	phototagging
11346.8445	0.010000000002037268	trials	phototagging
11346.944566666665	0.010000000002037268	trials	phototagging
11347.044633333331	0.010000000002037268	trials	phototagging
11347.144699999997	0.010000000002037268	trials	phototagging
11357.2517	0.10006666666595265	trials	phototagging
11358.252399999998	0.10006666666595265	trials	phototagging
11359.253100000002	0.10006666666595265	trials	phototagging
11360.253799999999	0.10006666666595265	trials	phototagging
11361.254466666665	0.1000999999960186	trials	phototagging
11362.255166666662	0.10010000000329455	trials	phototagging
11363.255866666666	0.10006666666595265	trials	phototagging
11364.256566666663	0.10006666666595265	trials	phototagging
11365.257266666667	0.10006666666595265	trials	phototagging
11366.257966666664	0.10006666666595265	trials	phototagging
11367.258633333331	0.10010000000329455	trials	phototagging
11368.259333333335	0.10006666666595265	trials	phototagging
11379.266966666662	0.005000000004656613	trials	phototagging
11379.276966666665	0.004999999997380655	trials	phototagging
11379.286999999997	0.005000000004656613	trials	phototagging
11379.296999999999	0.004999999997380655	trials	phototagging
11379.307	0.004999999997380655	trials	phototagging
11379.316999999995	0.005000000004656613	trials	phototagging
11379.326999999997	0.005033333334722556	trials	phototagging
11379.33703333333	0.005000000004656613	trials	phototagging
11379.347033333332	0.004999999997380655	trials	phototagging
11379.357033333334	0.004999999997380655	trials	phototagging
11379.367033333328	0.005000000004656613	trials	phototagging
11379.37703333333	0.005033333334722556	trials	phototagging
11379.387066666663	0.005000000004656613	trials	phototagging
11379.397066666665	0.004999999997380655	trials	phototagging
11379.407066666667	0.004999999997380655	trials	phototagging
11379.417066666661	0.005000000004656613	trials	phototagging
11379.427066666663	0.005033333334722556	trials	phototagging
11379.437099999996	0.005000000004656613	trials	phototagging
11379.447099999998	0.004999999997380655	trials	phototagging
11379.4571	0.004999999997380655	trials	phototagging
11379.467100000002	0.004999999997380655	trials	phototagging
11379.477099999996	0.005033333334722556	trials	phototagging
11379.487133333329	0.005000000004656613	trials	phototagging
11379.49713333333	0.005000000004656613	trials	phototagging
11379.507133333333	0.004999999997380655	trials	phototagging
11379.517133333335	0.0050333333274465986	trials	phototagging
11379.52713333333	0.005033333334722556	trials	phototagging
11379.537166666662	0.005000000004656613	trials	phototagging
11379.547166666664	0.005000000004656613	trials	phototagging
11379.557166666666	0.004999999997380655	trials	phototagging
11389.574099999998	0.10010000000329455	trials	phototagging
11390.574799999995	0.10006666667322861	trials	phototagging
11391.575499999999	0.10006666666595265	trials	phototagging
11392.576199999996	0.10006666666595265	trials	phototagging
11393.5769	0.10006666666595265	trials	phototagging
11394.577566666667	0.1000999999960186	trials	phototagging
11395.578266666664	0.10010000000329455	trials	phototagging
11396.578966666668	0.1000999999960186	trials	phototagging
11397.579666666665	0.10006666666595265	trials	phototagging
11398.580366666662	0.10006666667322861	trials	phototagging
11399.581066666666	0.10006666666595265	trials	phototagging
11400.581733333333	0.1000999999960186	trials	phototagging
11411.589366666667	0.010033333332103211	trials	phototagging
11411.689466666663	0.010000000002037268	trials	phototagging
11411.789533333329	0.010000000002037268	trials	phototagging
11411.889599999995	0.010000000002037268	trials	phototagging
11411.989666666668	0.00999999999476131	trials	phototagging
11412.089733333334	0.00999999999476131	trials	phototagging
11412.1898	0.00999999999476131	trials	phototagging
11412.289866666666	0.010000000002037268	trials	phototagging
11412.389933333332	0.010000000002037268	trials	phototagging
11412.489999999998	0.010033333332103211	trials	phototagging
11412.590066666664	0.010033333332103211	trials	phototagging
11412.69013333333	0.010033333332103211	trials	phototagging
11412.790199999996	0.010033333339379169	trials	phototagging
11412.890266666662	0.010033333339379169	trials	phototagging
11412.990366666665	0.010000000002037268	trials	phototagging
11413.090433333331	0.010000000002037268	trials	phototagging
11413.190499999997	0.010000000002037268	trials	phototagging
11413.290566666663	0.010000000002037268	trials	phototagging
11413.390633333329	0.010000000002037268	trials	phototagging
11413.490699999995	0.010000000002037268	trials	phototagging
11413.590766666668	0.00999999999476131	trials	phototagging
11413.690833333334	0.00999999999476131	trials	phototagging
11413.7909	0.010033333332103211	trials	phototagging
11413.890966666666	0.010033333332103211	trials	phototagging
11413.991033333332	0.010033333332103211	trials	phototagging
11414.091099999998	0.010033333332103211	trials	phototagging
11414.191200000001	0.00999999999476131	trials	phototagging
11414.291266666667	0.00999999999476131	trials	phototagging
11414.391333333333	0.010000000002037268	trials	phototagging
11414.491399999999	0.010000000002037268	trials	phototagging
11424.598399999995	0.005000000004656613	trials	phototagging
11425.5991	0.004999999997380655	trials	phototagging
11426.599799999996	0.005000000004656613	trials	phototagging
11427.6005	0.004999999997380655	trials	phototagging
11428.601199999997	0.004999999997380655	trials	phototagging
11429.601866666664	0.005033333334722556	trials	phototagging
11430.602566666668	0.004999999997380655	trials	phototagging
11431.603266666665	0.004999999997380655	trials	phototagging
11432.603966666662	0.005000000004656613	trials	phototagging
11433.604666666666	0.004999999997380655	trials	phototagging
11434.605366666663	0.005000000004656613	trials	phototagging
11435.60603333333	0.005000000004656613	trials	phototagging
11436.606733333334	0.004999999997380655	trials	phototagging
11437.60743333333	0.004999999997380655	trials	phototagging
11438.608133333335	0.004999999997380655	trials	phototagging
11439.608833333332	0.004999999997380655	trials	phototagging
11440.609499999999	0.004999999997380655	trials	phototagging
11441.610199999996	0.005000000004656613	trials	phototagging
11442.6109	0.004999999997380655	trials	phototagging
11443.611599999997	0.005000000004656613	trials	phototagging
11444.6123	0.004999999997380655	trials	phototagging
11445.612966666667	0.0050333333274465986	trials	phototagging
11446.613666666664	0.004999999997380655	trials	phototagging
11447.614366666669	0.004999999997380655	trials	phototagging
11448.615066666665	0.004999999997380655	trials	phototagging
11449.615766666662	0.005000000004656613	trials	phototagging
11450.616466666666	0.004999999997380655	trials	phototagging
11451.617133333333	0.005033333334722556	trials	phototagging
11452.61783333333	0.005000000004656613	trials	phototagging
11453.618533333334	0.004999999997380655	trials	phototagging
11464.626166666661	0.005000000004656613	trials	phototagging
11465.626866666666	0.004999999997380655	trials	phototagging
11466.627566666662	0.005000000004656613	trials	phototagging
11467.628266666667	0.004999999997380655	trials	phototagging
11468.628933333333	0.005033333334722556	trials	phototagging
11469.62963333333	0.005000000004656613	trials	phototagging
11470.630333333334	0.004999999997380655	trials	phototagging
11471.631033333331	0.004999999997380655	trials	phototagging
11472.631733333328	0.005000000004656613	trials	phototagging
11473.632433333332	0.004999999997380655	trials	phototagging
11474.6331	0.005033333334722556	trials	phototagging
11475.633799999996	0.005000000004656613	trials	phototagging
11476.6345	0.004999999997380655	trials	phototagging
11477.635199999997	0.005000000004656613	trials	phototagging
11478.635900000001	0.004999999997380655	trials	phototagging
11479.636599999998	0.004999999997380655	trials	phototagging
11480.637266666665	0.005033333334722556	trials	phototagging
11481.637966666662	0.005033333334722556	trials	phototagging
11482.638666666666	0.004999999997380655	trials	phototagging
11483.639366666663	0.005000000004656613	trials	phototagging
11484.640066666667	0.004999999997380655	trials	phototagging
11485.640766666664	0.005000000004656613	trials	phototagging
11486.64143333333	0.005033333334722556	trials	phototagging
11487.642133333335	0.004999999997380655	trials	phototagging
11488.642833333332	0.004999999997380655	trials	phototagging
11489.643533333328	0.005000000004656613	trials	phototagging
11490.644233333333	0.004999999997380655	trials	phototagging
11491.6449	0.005033333334722556	trials	phototagging
11492.645599999996	0.005033333334722556	trials	phototagging
11493.6463	0.004999999997380655	trials	phototagging
11504.653933333335	0.010033333332103211	trials	phototagging
11504.75403333333	0.010000000002037268	trials	phototagging
11504.854099999997	0.010000000002037268	trials	phototagging
11504.954133333333	0.010033333332103211	trials	phototagging
11505.054233333329	0.010000000002037268	trials	phototagging
11505.154299999995	0.010000000002037268	trials	phototagging
11505.254366666668	0.00999999999476131	trials	phototagging
11505.354433333334	0.00999999999476131	trials	phototagging
11505.4545	0.010000000002037268	trials	phototagging
11505.554566666666	0.010000000002037268	trials	phototagging
11505.654633333332	0.010000000002037268	trials	phototagging
11505.754699999998	0.010000000002037268	trials	phototagging
11505.854766666664	0.010033333332103211	trials	phototagging
11505.95483333333	0.010033333332103211	trials	phototagging
11506.054899999996	0.010033333339379169	trials	phototagging
11506.154966666661	0.010033333339379169	trials	phototagging
11506.255066666665	0.010000000002037268	trials	phototagging
11506.35513333333	0.010000000002037268	trials	phototagging
11506.455199999997	0.010000000002037268	trials	phototagging
11506.555266666663	0.010000000002037268	trials	phototagging
11506.655333333329	0.010000000002037268	trials	phototagging
11506.755400000002	0.00999999999476131	trials	phototagging
11506.855466666668	0.00999999999476131	trials	phototagging
11506.955533333334	0.00999999999476131	trials	phototagging
11507.0556	0.010033333332103211	trials	phototagging
11507.155666666666	0.010033333332103211	trials	phototagging
11507.255733333332	0.010033333332103211	trials	phototagging
11507.355833333335	0.00999999999476131	trials	phototagging
11507.4559	0.00999999999476131	trials	phototagging
11507.555966666667	0.00999999999476131	trials	phototagging
11617.317233333335	0.1000999999960186	trials	phototagging
11618.317933333332	0.10010000000329455	trials	phototagging
11619.318633333329	0.10006666666595265	trials	phototagging
11620.319333333333	0.10006666666595265	trials	phototagging
11621.32003333333	0.10006666666595265	trials	phototagging
11622.320699999997	0.10010000000329455	trials	phototagging
11623.3214	0.10006666666595265	trials	phototagging
11624.322099999998	0.10006666666595265	trials	phototagging
11625.322800000002	0.10006666666595265	trials	phototagging
11626.323499999999	0.10006666666595265	trials	phototagging
11627.324199999995	0.10006666666595265	trials	phototagging
11628.324866666662	0.10010000000329455	trials	phototagging
11639.332533333334	0.004999999997380655	trials	phototagging
11639.342533333329	0.005000000004656613	trials	phototagging
11639.352533333331	0.004999999997380655	trials	phototagging
11639.362533333333	0.005033333334722556	trials	phototagging
11639.372566666665	0.004999999997380655	trials	phototagging
11639.382566666667	0.004999999997380655	trials	phototagging
11639.392566666662	0.005000000004656613	trials	phototagging
11639.402566666664	0.004999999997380655	trials	phototagging
11639.412566666666	0.005033333334722556	trials	phototagging
11639.422599999998	0.004999999997380655	trials	phototagging
11639.4326	0.004999999997380655	trials	phototagging
11639.442599999995	0.005000000004656613	trials	phototagging
11639.452599999997	0.005000000004656613	trials	phototagging
11639.462599999999	0.005033333334722556	trials	phototagging
11639.472633333331	0.004999999997380655	trials	phototagging
11639.482633333333	0.004999999997380655	trials	phototagging
11639.492633333335	0.004999999997380655	trials	phototagging
11639.50263333333	0.005000000004656613	trials	phototagging
11639.512633333332	0.005033333334722556	trials	phototagging
11639.522666666664	0.004999999997380655	trials	phototagging
11639.532666666666	0.004999999997380655	trials	phototagging
11639.542666666668	0.004999999997380655	trials	phototagging
11639.552666666663	0.005000000004656613	trials	phototagging
11639.562666666665	0.005033333334722556	trials	phototagging
11639.572699999997	0.005000000004656613	trials	phototagging
11639.582699999999	0.004999999997380655	trials	phototagging
11639.592700000001	0.004999999997380655	trials	phototagging
11639.602699999996	0.005000000004656613	trials	phototagging
11639.612733333335	0.004999999997380655	trials	phototagging
11639.62273333333	0.005000000004656613	trials	phototagging
11649.639666666662	0.010033333339379169	trials	phototagging
11649.739733333328	0.010033333339379169	trials	phototagging
11649.839833333332	0.010000000002037268	trials	phototagging
11649.939866666668	0.010033333332103211	trials	phototagging
11650.039966666664	0.010000000002037268	trials	phototagging
11650.14003333333	0.010000000002037268	trials	phototagging
11650.240099999995	0.010000000002037268	trials	phototagging
11650.340166666661	0.010000000002037268	trials	phototagging
11650.440233333335	0.00999999999476131	trials	phototagging
11650.5403	0.00999999999476131	trials	phototagging
11650.640366666667	0.010033333332103211	trials	phototagging
11650.740433333332	0.010000000002037268	trials	phototagging
11650.840499999998	0.010033333332103211	trials	phototagging
11650.940566666664	0.010033333332103211	trials	phototagging
11651.04063333333	0.010033333332103211	trials	phototagging
11651.140733333334	0.00999999999476131	trials	phototagging
11651.2408	0.010000000002037268	trials	phototagging
11651.340866666666	0.010000000002037268	trials	phototagging
11651.440933333331	0.010000000002037268	trials	phototagging
11651.540999999997	0.010000000002037268	trials	phototagging
11651.641066666663	0.010000000002037268	trials	phototagging
11651.74113333333	0.010000000002037268	trials	phototagging
11651.841199999995	0.010000000002037268	trials	phototagging
11651.941266666669	0.010033333332103211	trials	phototagging
11652.041333333334	0.010033333332103211	trials	phototagging
11652.1414	0.010033333332103211	trials	phototagging
11652.241466666666	0.010033333332103211	trials	phototagging
11652.341566666662	0.010000000002037268	trials	phototagging
11652.441633333328	0.010000000002037268	trials	phototagging
11652.541700000002	0.00999999999476131	trials	phototagging
11662.648699999998	0.004999999997380655	trials	phototagging
11663.649399999995	0.005000000004656613	trials	phototagging
11664.650099999999	0.004999999997380655	trials	phototagging
11665.650799999996	0.005000000004656613	trials	phototagging
11666.6515	0.004999999997380655	trials	phototagging
11667.652166666667	0.005033333334722556	trials	phototagging
11668.652866666664	0.005000000004656613	trials	phototagging
11669.653566666668	0.004999999997380655	trials	phototagging
11670.654266666665	0.004999999997380655	trials	phototagging
11671.654966666661	0.005000000004656613	trials	phototagging
11672.655666666666	0.004999999997380655	trials	phototagging
11673.656333333332	0.005033333334722556	trials	phototagging
11674.65703333333	0.005000000004656613	trials	phototagging
11675.657733333333	0.004999999997380655	trials	phototagging
11676.65843333333	0.005000000004656613	trials	phototagging
11677.659133333334	0.004999999997380655	trials	phototagging
11678.659833333331	0.004999999997380655	trials	phototagging
11679.660499999998	0.005033333334722556	trials	phototagging
11680.661199999995	0.005033333334722556	trials	phototagging
11681.6619	0.004999999997380655	trials	phototagging
11682.662599999996	0.005000000004656613	trials	phototagging
11683.6633	0.004999999997380655	trials	phototagging
11684.663999999997	0.005000000004656613	trials	phototagging
11685.664700000001	0.004999999997380655	trials	phototagging
11686.665366666668	0.0050333333274465986	trials	phototagging
11687.666066666665	0.004999999997380655	trials	phototagging
11688.666766666662	0.005000000004656613	trials	phototagging
11689.667466666666	0.004999999997380655	trials	phototagging
11690.668166666663	0.005000000004656613	trials	phototagging
11691.668866666667	0.004999999997380655	trials	phototagging
11702.676500000001	0.004999999997380655	trials	phototagging
11703.677199999998	0.004999999997380655	trials	phototagging
11704.677899999995	0.005000000004656613	trials	phototagging
11705.6786	0.004999999997380655	trials	phototagging
11706.679266666666	0.005033333334722556	trials	phototagging
11707.679966666663	0.005033333334722556	trials	phototagging
11708.680666666667	0.004999999997380655	trials	phototagging
11709.681366666664	0.004999999997380655	trials	phototagging
11710.682066666668	0.004999999997380655	trials	phototagging
11711.682766666665	0.004999999997380655	trials	phototagging
11712.683433333332	0.005033333334722556	trials	phototagging
11713.684133333329	0.005000000004656613	trials	phototagging
11714.684833333333	0.004999999997380655	trials	phototagging
11715.68553333333	0.005000000004656613	trials	phototagging
11716.686233333334	0.004999999997380655	trials	phototagging
11717.68693333333	0.004999999997380655	trials	phototagging
11718.687599999997	0.005033333334722556	trials	phototagging
11719.688300000002	0.0050333333274465986	trials	phototagging
11720.688999999998	0.004999999997380655	trials	phototagging
11721.689699999995	0.005000000004656613	trials	phototagging
11722.6904	0.004999999997380655	trials	phototagging
11723.691099999996	0.005000000004656613	trials	phototagging
11724.691766666663	0.005033333334722556	trials	phototagging
11725.692466666667	0.0050333333274465986	trials	phototagging
11726.693166666664	0.004999999997380655	trials	phototagging
11727.693866666668	0.004999999997380655	trials	phototagging
11728.694566666665	0.004999999997380655	trials	phototagging
11729.695266666662	0.005000000004656613	trials	phototagging
11730.695966666666	0.004999999997380655	trials	phototagging
11731.696666666663	0.005000000004656613	trials	phototagging
11742.704299999998	0.010000000002037268	trials	phototagging
11742.804366666664	0.010000000002037268	trials	phototagging
11742.90443333333	0.010033333332103211	trials	phototagging
11743.004499999995	0.010000000002037268	trials	phototagging
11743.104566666661	0.010033333339379169	trials	phototagging
11743.204633333335	0.010033333332103211	trials	phototagging
11743.3047	0.010033333332103211	trials	phototagging
11743.404766666667	0.010033333332103211	trials	phototagging
11743.504866666663	0.010000000002037268	trials	phototagging
11743.604933333329	0.010000000002037268	trials	phototagging
11743.705000000002	0.00999999999476131	trials	phototagging
11743.805066666668	0.00999999999476131	trials	phototagging
11743.905133333334	0.00999999999476131	trials	phototagging
11744.0052	0.010000000002037268	trials	phototagging
11744.105266666666	0.010000000002037268	trials	phototagging
11744.205333333332	0.010033333332103211	trials	phototagging
11744.305399999997	0.010033333332103211	trials	phototagging
11744.405466666663	0.010033333332103211	trials	phototagging
11744.50553333333	0.010033333332103211	trials	phototagging
11744.605633333333	0.010000000002037268	trials	phototagging
11744.705699999999	0.010000000002037268	trials	phototagging
11744.805766666665	0.010000000002037268	trials	phototagging
11744.90583333333	0.010000000002037268	trials	phototagging
11745.005899999996	0.010000000002037268	trials	phototagging
11745.105966666662	0.010000000002037268	trials	phototagging
11745.206033333328	0.010000000002037268	trials	phototagging
11745.306100000002	0.00999999999476131	trials	phototagging
11745.406166666668	0.010033333332103211	trials	phototagging
11745.506233333334	0.010033333332103211	trials	phototagging
11745.6063	0.010033333332103211	trials	phototagging
11755.713333333333	0.004999999997380655	trials	phototagging
11756.71403333333	0.005000000004656613	trials	phototagging
11757.714733333334	0.004999999997380655	trials	phototagging
11758.715433333331	0.004999999997380655	trials	phototagging
11759.716133333335	0.004999999997380655	trials	phototagging
11760.716799999995	0.005033333334722556	trials	phototagging
11761.717499999999	0.004999999997380655	trials	phototagging
11762.718199999996	0.005000000004656613	trials	phototagging
11763.7189	0.004999999997380655	trials	phototagging
11764.719599999997	0.005000000004656613	trials	phototagging
11765.7203	0.004999999997380655	trials	phototagging
11766.720966666668	0.0050333333274465986	trials	phototagging
11767.721666666665	0.005033333334722556	trials	phototagging
11768.722366666661	0.005000000004656613	trials	phototagging
11769.723066666666	0.004999999997380655	trials	phototagging
11770.723766666662	0.005000000004656613	trials	phototagging
11771.724466666667	0.004999999997380655	trials	phototagging
11772.725133333333	0.005033333334722556	trials	phototagging
11773.72583333333	0.005033333334722556	trials	phototagging
11774.726533333334	0.004999999997380655	trials	phototagging
11775.727233333331	0.004999999997380655	trials	phototagging
11776.727933333328	0.005000000004656613	trials	phototagging
11777.728633333332	0.004999999997380655	trials	phototagging
11778.72933333333	0.005000000004656613	trials	phototagging
11779.730033333333	0.004999999997380655	trials	phototagging
11780.7307	0.005033333334722556	trials	phototagging
11781.731399999997	0.005000000004656613	trials	phototagging
11782.732100000001	0.004999999997380655	trials	phototagging
11783.732799999998	0.004999999997380655	trials	phototagging
11784.733499999995	0.005000000004656613	trials	phototagging
11795.74113333333	0.005000000004656613	trials	phototagging
11795.751133333331	0.005033333334722556	trials	phototagging
11795.761166666663	0.005000000004656613	trials	phototagging
11795.771166666666	0.004999999997380655	trials	phototagging
11795.781166666668	0.004999999997380655	trials	phototagging
11795.791166666662	0.005000000004656613	trials	phototagging
11795.801166666664	0.005033333334722556	trials	phototagging
11795.811166666666	0.005033333334722556	trials	phototagging
11795.821199999998	0.004999999997380655	trials	phototagging
11795.8312	0.004999999997380655	trials	phototagging
11795.841199999995	0.005000000004656613	trials	phototagging
11795.851199999997	0.004999999997380655	trials	phototagging
11795.86123333333	0.005000000004656613	trials	phototagging
11795.871233333331	0.004999999997380655	trials	phototagging
11795.881233333334	0.004999999997380655	trials	phototagging
11795.891233333328	0.005000000004656613	trials	phototagging
11795.901266666668	0.004999999997380655	trials	phototagging
11795.911233333332	0.005033333334722556	trials	phototagging
11795.921266666664	0.004999999997380655	trials	phototagging
11795.931266666666	0.004999999997380655	trials	phototagging
11795.941266666669	0.0050333333274465986	trials	phototagging
11795.9513	0.004999999997380655	trials	phototagging
11795.961299999995	0.005000000004656613	trials	phototagging
11795.971299999997	0.004999999997380655	trials	phototagging
11795.9813	0.004999999997380655	trials	phototagging
11795.991300000002	0.0050333333274465986	trials	phototagging
11796.001333333334	0.004999999997380655	trials	phototagging
11796.011333333328	0.005000000004656613	trials	phototagging
11796.02133333333	0.005000000004656613	trials	phototagging
11796.031333333332	0.004999999997380655	trials	phototagging
11806.048299999995	0.010000000002037268	trials	phototagging
11806.148366666668	0.00999999999476131	trials	phototagging
11806.248433333334	0.00999999999476131	trials	phototagging
11806.3485	0.00999999999476131	trials	phototagging
11806.448566666666	0.010033333332103211	trials	phototagging
11806.548633333332	0.010000000002037268	trials	phototagging
11806.648699999998	0.010033333332103211	trials	phototagging
11806.748800000001	0.00999999999476131	trials	phototagging
11806.848866666667	0.00999999999476131	trials	phototagging
11806.948933333333	0.010000000002037268	trials	phototagging
11807.048999999999	0.010000000002037268	trials	phototagging
11807.149066666665	0.010000000002037268	trials	phototagging
11807.249133333331	0.010000000002037268	trials	phototagging
11807.349199999997	0.010000000002037268	trials	phototagging
11807.449266666663	0.010000000002037268	trials	phototagging
11807.549333333329	0.010033333339379169	trials	phototagging
11807.649399999995	0.010033333339379169	trials	phototagging
11807.749466666668	0.010033333332103211	trials	phototagging
11807.849533333334	0.010033333332103211	trials	phototagging
11807.94963333333	0.010000000002037268	trials	phototagging
11808.049699999996	0.010000000002037268	trials	phototagging
11808.149766666662	0.010000000002037268	trials	phototagging
11808.249833333335	0.00999999999476131	trials	phototagging
11808.349900000001	0.00999999999476131	trials	phototagging
11808.449966666667	0.00999999999476131	trials	phototagging
11808.550033333333	0.010000000002037268	trials	phototagging
11808.650099999999	0.010000000002037268	trials	phototagging
11808.750166666665	0.010033333332103211	trials	phototagging
11808.85023333333	0.010033333332103211	trials	phototagging
11808.950299999997	0.010033333332103211	trials	phototagging
11819.05733333333	0.10006666666595265	trials	phototagging
11820.058033333335	0.10006666666595265	trials	phototagging
11821.058733333331	0.10006666666595265	trials	phototagging
11822.059433333328	0.10006666667322861	trials	phototagging
11823.060099999995	0.10010000000329455	trials	phototagging
11824.0608	0.10006666666595265	trials	phototagging
11825.061499999996	0.10006666666595265	trials	phototagging
11826.0622	0.10006666666595265	trials	phototagging
11827.062899999997	0.10006666666595265	trials	phototagging
11828.063566666664	0.10010000000329455	trials	phototagging
11829.064266666668	0.1000999999960186	trials	phototagging
11830.064966666665	0.10010000000329455	trials	phototagging
11841.07263333333	0.005000000004656613	trials	phototagging
11841.082633333332	0.004999999997380655	trials	phototagging
11841.092633333334	0.004999999997380655	trials	phototagging
11841.102633333328	0.005033333334722556	trials	phototagging
11841.112666666668	0.004999999997380655	trials	phototagging
11841.122666666663	0.005000000004656613	trials	phototagging
11841.132666666665	0.004999999997380655	trials	phototagging
11841.142666666667	0.004999999997380655	trials	phototagging
11841.152699999999	0.004999999997380655	trials	phototagging
11841.1627	0.004999999997380655	trials	phototagging
11841.172699999996	0.005000000004656613	trials	phototagging
11841.182699999998	0.004999999997380655	trials	phototagging
11841.1927	0.005033333334722556	trials	phototagging
11841.202733333332	0.004999999997380655	trials	phototagging
11841.212733333334	0.004999999997380655	trials	phototagging
11841.222733333329	0.005000000004656613	trials	phototagging
11841.23273333333	0.005000000004656613	trials	phototagging
11841.242733333333	0.005033333334722556	trials	phototagging
11841.252766666665	0.004999999997380655	trials	phototagging
11841.262766666667	0.004999999997380655	trials	phototagging
11841.272766666661	0.005000000004656613	trials	phototagging
11841.282766666664	0.005000000004656613	trials	phototagging
11841.292766666666	0.005033333334722556	trials	phototagging
11841.302799999998	0.004999999997380655	trials	phototagging
11841.3128	0.004999999997380655	trials	phototagging
11841.322800000002	0.004999999997380655	trials	phototagging
11841.332799999996	0.005000000004656613	trials	phototagging
11841.342799999999	0.005033333334722556	trials	phototagging
11841.3528	0.0050333333274465986	trials	phototagging
11841.362833333333	0.004999999997380655	trials	phototagging
11851.379799999995	0.10006666667322861	trials	phototagging
11852.380466666662	0.10010000000329455	trials	phototagging
11853.381166666666	0.10006666666595265	trials	phototagging
11854.381866666663	0.10010000000329455	trials	phototagging
11855.382566666667	0.10006666666595265	trials	phototagging
11856.383266666664	0.10006666666595265	trials	phototagging
11857.383966666668	0.10006666666595265	trials	phototagging
11858.384666666665	0.10006666666595265	trials	phototagging
11859.385333333332	0.10010000000329455	trials	phototagging
11860.386033333329	0.10006666667322861	trials	phototagging
11861.386733333333	0.10006666666595265	trials	phototagging
11862.38743333333	0.10006666666595265	trials	phototagging
11873.395100000002	0.00999999999476131	trials	phototagging
11873.495166666668	0.00999999999476131	trials	phototagging
11873.595233333333	0.00999999999476131	trials	phototagging
11873.6953	0.010000000002037268	trials	phototagging
11873.795366666665	0.010000000002037268	trials	phototagging
11873.895433333331	0.010000000002037268	trials	phototagging
11873.995499999997	0.010000000002037268	trials	phototagging
11874.095566666663	0.010000000002037268	trials	phototagging
11874.19563333333	0.010033333339379169	trials	phototagging
11874.295699999995	0.010033333339379169	trials	phototagging
11874.395766666668	0.010033333332103211	trials	phototagging
11874.495833333334	0.010033333332103211	trials	phototagging
11874.5959	0.010033333332103211	trials	phototagging
11874.695966666666	0.010033333332103211	trials	phototagging
11874.796066666662	0.010000000002037268	trials	phototagging
11874.896133333328	0.010000000002037268	trials	phototagging
11874.996200000001	0.00999999999476131	trials	phototagging
11875.096266666667	0.00999999999476131	trials	phototagging
11875.196333333333	0.00999999999476131	trials	phototagging
11875.2964	0.010000000002037268	trials	phototagging
11875.396466666665	0.010033333332103211	trials	phototagging
11875.496533333331	0.010000000002037268	trials	phototagging
11875.596599999997	0.010033333332103211	trials	phototagging
11875.696666666663	0.010033333332103211	trials	phototagging
11875.796766666666	0.010000000002037268	trials	phototagging
11875.896833333332	0.010000000002037268	trials	phototagging
11875.996899999998	0.010000000002037268	trials	phototagging
11876.096966666664	0.010000000002037268	trials	phototagging
11876.19703333333	0.010000000002037268	trials	phototagging
11876.297099999996	0.010000000002037268	trials	phototagging
11886.40413333333	0.005000000004656613	trials	phototagging
11887.404799999997	0.005033333334722556	trials	phototagging
11888.40553333333	0.004999999997380655	trials	phototagging
11889.406199999998	0.004999999997380655	trials	phototagging
11890.406900000002	0.004999999997380655	trials	phototagging
11891.407599999999	0.004999999997380655	trials	phototagging
11892.408299999996	0.005000000004656613	trials	phototagging
11893.409	0.004999999997380655	trials	phototagging
11894.409699999997	0.005000000004656613	trials	phototagging
11895.410366666663	0.005033333334722556	trials	phototagging
11896.411066666667	0.0050333333274465986	trials	phototagging
11897.411766666664	0.004999999997380655	trials	phototagging
11898.412466666668	0.004999999997380655	trials	phototagging
11899.413166666665	0.004999999997380655	trials	phototagging
11900.413866666662	0.005000000004656613	trials	phototagging
11901.414533333329	0.005033333334722556	trials	phototagging
11902.415233333333	0.005033333334722556	trials	phototagging
11903.41593333333	0.005000000004656613	trials	phototagging
11904.416633333334	0.004999999997380655	trials	phototagging
11905.417333333331	0.004999999997380655	trials	phototagging
11906.418033333335	0.004999999997380655	trials	phototagging
11907.418733333332	0.004999999997380655	trials	phototagging
11908.419433333329	0.005000000004656613	trials	phototagging
11909.420133333333	0.004999999997380655	trials	phototagging
11910.4208	0.005033333334722556	trials	phototagging
11911.421499999997	0.005033333334722556	trials	phototagging
11912.4222	0.004999999997380655	trials	phototagging
11913.422899999998	0.004999999997380655	trials	phototagging
11914.423600000002	0.004999999997380655	trials	phototagging
11915.424299999999	0.004999999997380655	trials	phototagging
11926.431933333333	0.004999999997380655	trials	phototagging
11927.43263333333	0.005000000004656613	trials	phototagging
11928.433333333334	0.004999999997380655	trials	phototagging
11929.434033333331	0.004999999997380655	trials	phototagging
11930.434733333328	0.005000000004656613	trials	phototagging
11931.435399999995	0.005033333334722556	trials	phototagging
11932.436099999999	0.005033333334722556	trials	phototagging
11933.436799999996	0.005000000004656613	trials	phototagging
11934.4375	0.004999999997380655	trials	phototagging
11935.438199999997	0.005000000004656613	trials	phototagging
11936.438900000001	0.004999999997380655	trials	phototagging
11937.439599999998	0.004999999997380655	trials	phototagging
11938.440299999995	0.005000000004656613	trials	phototagging
11939.440966666662	0.005033333334722556	trials	phototagging
11940.441666666666	0.004999999997380655	trials	phototagging
11941.442366666663	0.005000000004656613	trials	phototagging
11942.443066666667	0.004999999997380655	trials	phototagging
11943.443766666664	0.005000000004656613	trials	phototagging
11944.444466666668	0.004999999997380655	trials	phototagging
11945.445166666665	0.004999999997380655	trials	phototagging
11946.445833333331	0.005033333334722556	trials	phototagging
11947.446533333328	0.005000000004656613	trials	phototagging
11948.447233333332	0.004999999997380655	trials	phototagging
11949.44793333333	0.005000000004656613	trials	phototagging
11950.448633333333	0.004999999997380655	trials	phototagging
11951.44933333333	0.005000000004656613	trials	phototagging
11952.449999999997	0.005033333334722556	trials	phototagging
11953.450700000001	0.0050333333274465986	trials	phototagging
11954.451399999998	0.004999999997380655	trials	phototagging
11955.452099999995	0.005000000004656613	trials	phototagging
11966.459766666667	0.00999999999476131	trials	phototagging
11966.559833333333	0.010000000002037268	trials	phototagging
11966.659899999999	0.010000000002037268	trials	phototagging
11966.759966666665	0.010000000002037268	trials	phototagging
11966.86003333333	0.010000000002037268	trials	phototagging
11966.960099999997	0.010000000002037268	trials	phototagging
11967.060166666663	0.010033333332103211	trials	phototagging
11967.160233333329	0.010000000002037268	trials	phototagging
11967.260300000002	0.010033333332103211	trials	phototagging
11967.360366666668	0.010033333332103211	trials	phototagging
11967.460433333334	0.010033333332103211	trials	phototagging
11967.5605	0.010033333332103211	trials	phototagging
11967.660599999996	0.010000000002037268	trials	phototagging
11967.760666666662	0.010000000002037268	trials	phototagging
11967.860733333335	0.00999999999476131	trials	phototagging
11967.9608	0.00999999999476131	trials	phototagging
11968.060866666667	0.00999999999476131	trials	phototagging
11968.160933333333	0.010000000002037268	trials	phototagging
11968.260999999999	0.010000000002037268	trials	phototagging
11968.361066666665	0.010000000002037268	trials	phototagging
11968.46113333333	0.010033333332103211	trials	phototagging
11968.561199999996	0.010033333332103211	trials	phototagging
11968.661266666662	0.010033333339379169	trials	phototagging
11968.761333333328	0.010033333339379169	trials	phototagging
11968.861433333332	0.010000000002037268	trials	phototagging
11968.961499999998	0.010000000002037268	trials	phototagging
11969.061566666664	0.010000000002037268	trials	phototagging
11969.16163333333	0.010000000002037268	trials	phototagging
11969.261699999995	0.010000000002037268	trials	phototagging
11969.361766666661	0.010000000002037268	trials	phototagging
