onset	duration	nwb_table	trial_type
266.0976	20.000033333333363	trials	reward_stimulus_presentation
267.0975666666667	1.0	trials	reward_delivery
326.5076666666667	1.1399666666666803	trials	port_entry
356.09766666666667	20.000033333333363	trials	reward_stimulus_presentation
357.09770000000003	0.9999333333333311	trials	reward_delivery
392.9277333333334	4.96999999999997	trials	port_entry
434.7878	0.4300000000000068	trials	port_entry
446.0977666666667	2.65003333333334	trials	reward_stimulus_presentation
447.0978	1.0	trials	reward_delivery
448.3478	5.069933333333381	trials	port_entry
535.1178666666666	0.2400000000000091	trials	port_entry
535.4678666666666	7.039999999999964	trials	port_entry
536.0979	17.16999999999996	trials	reward_stimulus_presentation
537.0978666666666	1.0	trials	reward_delivery
552.8679	0.2999999999999545	trials	port_entry
554.0278333333333	1.9800666666666302	trials	port_entry
556.2479	3.6399666666666235	trials	port_entry
608.6979333333333	1.6400000000001	trials	port_entry
613.0579333333333	1.7599666666667417	trials	port_entry
615.0479333333333	0.029999999999972715	trials	port_entry
615.0979333333333	0.17999999999994998	trials	port_entry
617.4379333333333	0.08000000000004093	trials	port_entry
619.5679333333333	0.10000000000002274	trials	port_entry
620.0779333333332	0.06000000000005912	trials	port_entry
620.2479333333333	1.419999999999959	trials	port_entry
621.0979666666666	1.4999666666667508	trials	reward_stimulus_presentation
622.0979666666666	0.999933333333388	trials	reward_delivery
622.1979333333333	0.0900333333333947	trials	port_entry
622.3079333333333	0.04000000000007731	trials	port_entry
622.3779	0.030033333333335577	trials	port_entry
622.4379666666666	5.7000000000000455	trials	port_entry
634.4279333333333	0.08993333333330611	trials	port_entry
665.478	0.07000000000005002	trials	port_entry
666.2679999999999	0.04000000000007731	trials	port_entry
666.7479999999999	0.4600000000000364	trials	port_entry
693.2379999999999	0.12999999999999545	trials	port_entry
693.5579	0.4400666666666666	trials	port_entry
695.0280333333333	0.3000000000000682	trials	port_entry
695.6479333333333	1.4000999999999522	trials	port_entry
697.2180333333333	0.03999999999996362	trials	port_entry
697.6680333333333	1.1299999999999955	trials	port_entry
699.6680333333333	2.0599666666666963	trials	port_entry
711.0980333333333	20.001066666666702	trials	shock_stimulus_presentation
730.8980333333333	0.3000000000000682	trials	shock_relay
734.9680666666667	0.31999999999993634	trials	port_entry
751.3880333333333	0.4599666666666735	trials	port_entry
752.0380333333333	0.16000000000008185	trials	port_entry
779.8580666666667	0.23996666666664623	trials	port_entry
780.2080666666666	0.020000000000095497	trials	port_entry
780.3780666666667	0.7100333333332856	trials	port_entry
781.3880666666666	0.7599999999999909	trials	port_entry
782.2380666666667	0.1499666666666144	trials	port_entry
799.1980666666666	0.5800333333334038	trials	port_entry
800.0681	0.04003333333332648	trials	port_entry
806.0981333333333	1.7300000000000182	trials	reward_stimulus_presentation
807.0980999999999	1.0	trials	reward_delivery
807.4281	6.239966666666646	trials	port_entry
815.1281333333333	0.04000000000007731	trials	port_entry
815.2081333333333	0.9399999999999409	trials	port_entry
816.1881333333333	0.11996666666664169	trials	port_entry
827.3181666666667	0.35989999999992506	trials	port_entry
827.8680999999999	0.020000000000095497	trials	port_entry
843.6581333333334	0.31999999999993634	trials	port_entry
862.2281666666667	0.32999999999992724	trials	port_entry
862.7481666666666	3.019999999999982	trials	port_entry
890.3781666666666	0.08000000000004093	trials	port_entry
891.6981999999999	0.40993333333335613	trials	port_entry
892.5681999999999	3.3500000000000227	trials	port_entry
896.0982	20.000766666666664	trials	shock_stimulus_presentation
897.6182	0.33999999999991815	trials	port_entry
897.9882	0.6199666666666417	trials	port_entry
902.1782333333333	0.6599666666666053	trials	port_entry
915.8981666666666	0.29996666666670535	trials	shock_relay
933.6382333333333	0.33999999999991815	trials	port_entry
951.8982	1.740033333333372	trials	port_entry
956.8982333333333	0.049999999999954525	trials	port_entry
959.3181666666667	0.28006666666658475	trials	port_entry
959.6582666666666	0.37000000000000455	trials	port_entry
960.2482333333332	0.2700000000000955	trials	port_entry
976.0982666666667	4.5499999999999545	trials	reward_stimulus_presentation
977.0982333333333	1.0	trials	reward_delivery
980.2482666666666	9.869966666666642	trials	port_entry
1039.5483000000002	0.13003333333335831	trials	port_entry
1051.8283000000001	0.18000000000006366	trials	port_entry
1052.4383333333335	1.3999999999998636	trials	port_entry
1054.6183333333333	0.7899999999999636	trials	port_entry
1055.4383333333335	12.309999999999945	trials	port_entry
1066.0983666666668	20.00133333333315	trials	shock_stimulus_presentation
1068.0583333333334	1.5599999999999454	trials	port_entry
1069.9583333333335	5.899999999999864	trials	port_entry
1076.0683333333334	10.010033333333467	trials	port_entry
1085.8983	0.2999999999999545	trials	shock_relay
1165.7084333333335	0.2599999999999909	trials	port_entry
1166.0984666666668	0.009966666666514357	trials	reward_stimulus_presentation
1167.0984	1.0000333333332492	trials	reward_delivery
1169.1084333333333	5.3400000000001455	trials	port_entry
1182.1084333333333	0.21003333333351293	trials	port_entry
1183.3984333333335	0.32999999999992724	trials	port_entry
1183.7684000000002	0.21003333333328555	trials	port_entry
1184.2784333333334	44.990066666666735	trials	port_entry
1230.8985	0.3100000000001728	trials	port_entry
1231.2285000000002	12.619933333333165	trials	port_entry
1244.3785	197.4601333333335	trials	port_entry
1256.0984666666668	20.0000666666665	trials	reward_stimulus_presentation
1257.0984333333333	1.0	trials	reward_delivery
1346.0986	20.0	trials	reward_stimulus_presentation
1436.0987	20.000800000000027	trials	shock_stimulus_presentation
1445.6886333333334	0.040033333333212795	trials	port_entry
1455.8986666666667	0.3000333333334311	trials	shock_relay
1488.1386666666667	0.23003333333326736	trials	port_entry
1521.0987666666667	20.001133333333428	trials	shock_stimulus_presentation
1535.8187666666668	0.12999999999988177	trials	port_entry
1540.8987333333334	0.2999999999999545	trials	shock_relay
1542.3387333333335	0.5000333333332492	trials	port_entry
1543.2387666666668	0.3999999999998636	trials	port_entry
1549.4787666666668	0.6700333333333219	trials	port_entry
1550.5387666666668	2.520033333333231	trials	port_entry
1553.4087666666667	0.04003333333344017	trials	port_entry
1563.1687666666667	0.04003333333344017	trials	port_entry
1563.2587666666668	0.08999999999991815	trials	port_entry
1563.3987666666667	0.050033333333431074	trials	port_entry
1563.5587333333335	60.91009999999983	trials	port_entry
1611.0988333333335	20.001433333333352	trials	shock_stimulus_presentation
1630.8988333333334	0.2999333333332288	trials	shock_relay
1632.3088333333335	0.2400000000000091	trials	port_entry
1634.1888333333334	2.4099666666666053	trials	port_entry
1637.1088333333335	29.49000000000001	trials	port_entry
1666.7988333333335	5.65003333333334	trials	port_entry
1686.8289	0.43000000000006366	trials	port_entry
1706.0989000000002	20.000866666666525	trials	shock_stimulus_presentation
1709.8989000000001	0.06999999999993634	trials	port_entry
1723.0689333333335	0.2599333333332652	trials	port_entry
1725.8989000000001	0.3000333333332037	trials	shock_relay
1728.4389333333334	0.049999999999954525	trials	port_entry
1728.6389333333334	45.1400666666666	trials	port_entry
1773.8089666666667	46.250066666666726	trials	port_entry
1796.0989333333334	20.000099999999975	trials	reward_stimulus_presentation
1797.0989000000002	1.000099999999975	trials	reward_delivery
1820.0790333333334	0.2400000000000091	trials	port_entry
1827.1290333333334	1.579966666666678	trials	port_entry
1828.729	0.03999999999996362	trials	port_entry
1829.3089333333335	0.05009999999992942	trials	port_entry
1829.3990333333334	0.08000000000015461	trials	port_entry
1829.5090333333335	0.05999999999994543	trials	port_entry
1832.9990333333335	1.759999999999991	trials	port_entry
1837.2890333333335	0.2300000000000182	trials	port_entry
1837.5690000000002	46.0000666666665	trials	port_entry
1876.0991000000001	10.20996666666656	trials	reward_stimulus_presentation
1877.0990666666667	1.0	trials	reward_delivery
1885.9090333333334	12.110033333333377	trials	port_entry
1898.2090666666668	0.01999999999998181	trials	port_entry
1898.4890666666668	0.040033333333212795	trials	port_entry
1902.7891000000002	75.8900666666666	trials	port_entry
1966.0991666666666	20.000733333333528	trials	shock_stimulus_presentation
1982.7691	1.1300333333333583	trials	port_entry
1985.8991333333333	0.3000333333334311	trials	shock_relay
2066.0992666666666	20.0	trials	reward_stimulus_presentation
2067.0992	1.0000666666664983	trials	reward_delivery
2102.9092666666666	5.019999999999982	trials	port_entry
2110.7092666666667	0.21003333333328555	trials	port_entry
2136.3493	0.04000000000041837	trials	port_entry
2137.8993	0.5800333333331764	trials	port_entry
2138.5393333333336	0.03999999999996362	trials	port_entry
2138.6593333333335	0.02999999999974534	trials	port_entry
2138.9592666666667	0.11006666666662568	trials	port_entry
2139.1293	0.23003333333326736	trials	port_entry
2139.4193333333333	0.6700000000000728	trials	port_entry
2141.8193	0.0999333333334107	trials	port_entry
2144.0293	0.8900333333331218	trials	port_entry
2145.6393333333335	0.5499333333332288	trials	port_entry
2151.7593	0.29999999999972715	trials	port_entry
2156.0993333333336	20.00156666666635	trials	shock_stimulus_presentation
2156.1193000000003	0.01999999999998181	trials	port_entry
2160.4593333333332	0.22000000000025466	trials	port_entry
2160.7193333333335	3.0199666666667326	trials	port_entry
2175.899266666667	0.3000333333334311	trials	shock_relay
2223.8794000000003	0.06993333333321061	trials	port_entry
2246.0994333333333	3.87996666666686	trials	reward_stimulus_presentation
2247.0994	1.0	trials	reward_delivery
2249.5794	4.140033333333122	trials	port_entry
2256.0594333333333	0.03000000000020009	trials	port_entry
2298.3294666666666	0.08003333333363116	trials	port_entry
2336.0994333333333	20.000066666666953	trials	reward_stimulus_presentation
2337.0994666666666	1.0	trials	reward_delivery
2391.909466666667	8.530099999999948	trials	port_entry
2401.5095	0.2199999999997999	trials	port_entry
2401.7795333333333	0.0999333333334107	trials	port_entry
2404.199466666667	0.12009999999963838	trials	port_entry
2421.0996	20.001533333333555	trials	shock_stimulus_presentation
2430.5495666666666	0.039966666666714445	trials	port_entry
2440.899566666667	0.29999999999972715	trials	shock_relay
2461.0896333333335	0.06996666666645979	trials	port_entry
2461.2396	0.2699999999999818	trials	port_entry
2461.5996333333333	0.8500000000003638	trials	port_entry
2463.8596333333335	0.0899666666664416	trials	port_entry
2464.1196333333332	0.18000000000029104	trials	port_entry
2464.5196333333333	0.07999999999992724	trials	port_entry
2464.6196333333332	1.8400000000001455	trials	port_entry
2509.2196333333336	0.18999999999959982	trials	port_entry
2511.099666666667	2.119999999999891	trials	reward_stimulus_presentation
2512.0996	1.0	trials	reward_delivery
2512.8196000000003	6.270099999999729	trials	port_entry
2549.5597000000002	0.1499999999996362	trials	port_entry
2558.3097000000002	0.1999999999998181	trials	port_entry
2559.3696	0.05999999999994543	trials	port_entry
2568.4997333333336	0.08999999999969077	trials	port_entry
2569.4997000000003	0.7999999999997272	trials	port_entry
2572.3497	0.4299999999998363	trials	port_entry
2572.8396666666667	0.020033333333230985	trials	port_entry
2574.8397333333332	0.15993333333335613	trials	port_entry
2575.1397	0.040033333333212795	trials	port_entry
2575.2197	0.32999999999992724	trials	port_entry
2575.8697	0.02999999999974534	trials	port_entry
2576.1297	0.14000000000032742	trials	port_entry
2606.0997333333335	9.820000000000164	trials	reward_stimulus_presentation
2607.0997666666667	0.9999666666667508	trials	reward_delivery
2615.5197333333335	0.09999999999990905	trials	port_entry
2615.6797333333334	7.190066666666553	trials	port_entry
2655.3698	0.0500000000001819	trials	port_entry
2663.4998333333333	0.1599666666666053	trials	port_entry
2675.9198	0.15003333333334012	trials	port_entry
2696.0998	20.001533333333555	trials	shock_stimulus_presentation
2715.8998333333334	0.3000000000001819	trials	shock_relay
2716.0498333333335	0.01999999999998181	trials	port_entry
2717.369833333333	0.12000000000034561	trials	port_entry
2724.7198000000003	0.3100333333331946	trials	port_entry
2725.2398333333335	0.1299999999996544	trials	port_entry
2725.3998666666666	5.089933333333647	trials	port_entry
2770.7098666666666	0.1100333333333765	trials	port_entry
2771.2699000000002	0.12003333333314004	trials	port_entry
2771.8499	0.7100000000000364	trials	port_entry
2773.3599	0.3499666666666599	trials	port_entry
2773.9699	22.63000000000011	trials	port_entry
2776.0999	20.0	trials	reward_stimulus_presentation
2777.0999	1.0	trials	reward_delivery
2796.6199	0.03999999999996362	trials	port_entry
2812.9199333333336	52.12006666666639	trials	port_entry
2865.11	0.0499333333332288	trials	port_entry
2865.87	0.03999999999996362	trials	port_entry
2866.1000333333336	20.00116666666645	trials	shock_stimulus_presentation
2867.23	0.5199999999999818	trials	port_entry
2868.59	0.23999999999978172	trials	port_entry
2868.98	0.24000000000023647	trials	port_entry
2869.32	5.7600333333334675	trials	port_entry
2885.9000333333333	0.2999666666669327	trials	shock_relay
2886.6400333333336	0.019966666666277888	trials	port_entry
2886.8	0.4099999999998545	trials	port_entry
2887.2299666666668	86.78009999999995	trials	port_entry
2966.1001	20.001566666666804	trials	shock_stimulus_presentation
2985.9001000000003	0.29999999999972715	trials	shock_relay
2992.5701333333336	0.13999999999987267	trials	port_entry
2993.0701333333336	0.8999999999996362	trials	port_entry
2996.3301333333334	0.13000000000010914	trials	port_entry
2996.5401333333334	0.0500000000001819	trials	port_entry
2996.7401333333332	0.08000000000038199	trials	port_entry
2996.9901333333332	1.4100000000003092	trials	port_entry
2999.1401333333333	103.2501000000002	trials	port_entry
3056.1002	20.0	trials	reward_stimulus_presentation
3057.1001333333334	0.9999666666667508	trials	reward_delivery
3102.4601666666667	0.06006666666689853	trials	port_entry
3102.6302333333333	0.07999999999992724	trials	port_entry
3102.7902333333336	0.08999999999969077	trials	port_entry
3102.9702333333335	0.059966666666696256	trials	port_entry
3103.3302333333336	0.03999999999996362	trials	port_entry
3103.500233333333	0.11000000000012733	trials	port_entry
3103.6502333333333	0.09000000000014552	trials	port_entry
3104.0601666666666	0.030099999999947613	trials	port_entry
3104.3903	0.12989999999990687	trials	port_entry
3104.6302333333333	0.01999999999998181	trials	port_entry
3104.8202	0.03999999999996362	trials	port_entry
3105.5302	0.8100333333331946	trials	port_entry
3106.380166666667	145.10313333333306	trials	port_entry
3236.0833000000002	20.00149999999985	trials	shock_stimulus_presentation
3255.8832333333335	0.30006666666668025	trials	shock_relay
3257.4933	0.2899999999999636	trials	port_entry
3257.9033	65.27006666666693	trials	port_entry
3321.0833333333335	2.7800333333334493	trials	reward_stimulus_presentation
3322.0833333333335	1.0000333333332492	trials	reward_delivery
3323.463366666667	0.33999999999969077	trials	port_entry
3324.113366666667	7.020033333333231	trials	port_entry
3332.1434	9.509966666666969	trials	port_entry
3345.1134	0.2900333333332128	trials	port_entry
3346.073366666667	0.19003333333330374	trials	port_entry
3347.733366666667	0.06999999999970896	trials	port_entry
3347.8834	25.079999999999927	trials	port_entry
3373.2034	0.18000000000029104	trials	port_entry
3373.4034	0.10003333333315823	trials	port_entry
3373.5934	0.10999999999967258	trials	port_entry
3373.7834333333335	66.05003333333343	trials	port_entry
3411.0834333333332	20.000033333333704	trials	reward_stimulus_presentation
3412.0834333333332	1.000033333333704	trials	reward_delivery
3439.853466666667	0.2699999999999818	trials	port_entry
3440.163466666667	0.11999999999989086	trials	port_entry
3440.3434666666667	0.0500000000001819	trials	port_entry
3440.8834666666667	0.059966666666696256	trials	port_entry
3442.1435	0.11000000000012733	trials	port_entry
3448.7335000000003	0.029933333333246992	trials	port_entry
3461.3835333333336	0.03993333333301052	trials	port_entry
3462.4035333333336	0.08999999999969077	trials	port_entry
3462.5235333333335	0.02999999999974534	trials	port_entry
3463.2835	0.01999999999998181	trials	port_entry
3463.9035	1.2400333333334856	trials	port_entry
3465.1635	0.11000000000012733	trials	port_entry
3465.6235	0.09000000000014552	trials	port_entry
3466.5335	0.01999999999998181	trials	port_entry
3466.5835	0.18003333333308547	trials	port_entry
3469.3635333333336	7.129999999999654	trials	port_entry
3478.5235333333335	0.19996666666656893	trials	port_entry
3478.7435333333333	4.130000000000109	trials	port_entry
3483.2035333333333	0.09999999999990905	trials	port_entry
3487.973466666667	0.16006666666680758	trials	port_entry
3488.2435	2.4200000000000728	trials	port_entry
3491.8435	0.1800666666667894	trials	port_entry
3492.213566666667	0.1799999999998363	trials	port_entry
3498.823533333333	0.01999999999998181	trials	port_entry
3498.8735333333334	0.03000000000020009	trials	port_entry
3499.7435333333333	0.0500000000001819	trials	port_entry
3499.9335333333333	0.1299333333336108	trials	port_entry
3500.2235333333333	0.36000000000012733	trials	port_entry
3503.2835	0.15993333333335613	trials	port_entry
3503.5834333333332	0.2700666666669349	trials	port_entry
3503.9135	1.2600333333334675	trials	port_entry
3506.0135333333333	0.01999999999998181	trials	port_entry
3506.073533333333	0.8000000000001819	trials	port_entry
3506.0835666666667	0.32996666666667807	trials	reward_stimulus_presentation
3507.0835333333334	1.0	trials	reward_delivery
3507.3335333333334	0.25999999999976353	trials	port_entry
3507.6635333333334	0.0500000000001819	trials	port_entry
3507.7334666666666	9.030066666666698	trials	port_entry
3521.8335	0.15003333333334012	trials	port_entry
3522.1335333333336	0.38999999999987267	trials	port_entry
3568.0636	0.22000000000025466	trials	port_entry
3568.4536000000003	0.02999999999974534	trials	port_entry
3569.2036333333335	0.15000000000009095	trials	port_entry
3569.6536	0.050033333333431074	trials	port_entry
3570.3736333333336	0.31999999999970896	trials	port_entry
3570.8336333333336	0.4899999999997817	trials	port_entry
3571.5536333333334	1.9199666666668236	trials	port_entry
3573.5336	0.17996666666658712	trials	port_entry
3575.5036	9.270033333333231	trials	port_entry
3596.083666666667	20.0009	trials	shock_stimulus_presentation
3615.8836	0.3000000000001819	trials	shock_relay
3616.853666666667	0.08999999999969077	trials	port_entry
3618.393666666667	0.6599666666666053	trials	port_entry
3619.8336333333336	18.260033333333013	trials	port_entry
3638.143666666667	0.6500333333333401	trials	port_entry
3638.8137	61.23003333333327	trials	port_entry
3676.0837	20.0	trials	reward_stimulus_presentation
3677.0837	1.0000333333332492	trials	reward_delivery
3700.7137333333335	0.8699999999998909	trials	port_entry
3701.7237333333333	53.970033333333504	trials	port_entry
3755.7537666666667	30.36996666666664	trials	port_entry
3766.0838	20.001566666666804	trials	shock_stimulus_presentation
3785.8838333333333	0.2999333333332288	trials	shock_relay
3801.0037666666667	0.4000999999998385	trials	port_entry
3803.4338333333335	0.21000000000003638	trials	port_entry
3803.6838333333335	0.5499999999997272	trials	port_entry
3808.7038333333335	0.01999999999998181	trials	port_entry
3808.8038	0.10003333333315823	trials	port_entry
3809.1538333333333	0.22000000000025466	trials	port_entry
3809.4938333333334	0.15003333333334012	trials	port_entry
3810.3438333333334	0.0500000000001819	trials	port_entry
3812.4938666666667	0.16996666666682358	trials	port_entry
3812.8938333333335	1.150000000000091	trials	port_entry
3816.1038333333336	0.06996666666645979	trials	port_entry
3818.833866666667	6.569999999999709	trials	port_entry
3826.1738333333333	0.08003333333363116	trials	port_entry
3826.6838000000002	0.01999999999998181	trials	port_entry
3828.0539	0.08000000000038199	trials	port_entry
3828.483866666667	12.529999999999745	trials	port_entry
3847.3038666666666	10.200066666666771	trials	port_entry
3858.313866666667	0.030033333333449264	trials	port_entry
3861.1639	11.620033333333595	trials	port_entry
3866.0839	20.00093333333325	trials	shock_stimulus_presentation
3882.313866666667	0.1300666666666075	trials	port_entry
3885.8839000000003	0.29999999999972715	trials	shock_relay
3956.0839666666666	19.940066666667008	trials	reward_stimulus_presentation
3957.0839666666666	1.0	trials	reward_delivery
3975.6240333333335	3.25	trials	port_entry
3978.8940000000002	1.0500333333329763	trials	port_entry
3981.2539333333334	22.500100000000202	trials	port_entry
4005.4940666666666	0.019966666666732635	trials	port_entry
4005.6040333333335	27.639999999999873	trials	port_entry
4033.264	0.10003333333315823	trials	port_entry
4033.3940333333335	0.08003333333317642	trials	port_entry
4033.504066666667	0.04996666666647798	trials	port_entry
4034.194	0.05999999999994543	trials	port_entry
4035.0540333333333	0.20003333333352202	trials	port_entry
4035.294066666667	0.4099999999998545	trials	port_entry
4035.764066666667	16.519999999999527	trials	port_entry
4046.084066666667	6.760000000000218	trials	reward_stimulus_presentation
4047.084066666667	0.9999666666662961	trials	reward_delivery
4052.4440666666665	45.050066666666226	trials	port_entry
4097.514133333333	0.1499999999996362	trials	port_entry
4097.714133333333	0.15999999999985448	trials	port_entry
4097.924133333333	1.1400000000003274	trials	port_entry
4099.1941	0.07003333333341288	trials	port_entry
4099.344099999999	0.04003333333366754	trials	port_entry
4099.464133333333	0.06000000000040018	trials	port_entry
4099.634133333333	0.02999999999974534	trials	port_entry
4099.784133333333	0.030000000000654836	trials	port_entry
4100.244133333333	0.03999999999996362	trials	port_entry
4100.454133333333	0.07000000000061846	trials	port_entry
4102.284133333333	0.03999999999996362	trials	port_entry
4103.234133333333	0.05999999999949068	trials	port_entry
4103.914133333333	0.1500000000005457	trials	port_entry
4104.094133333333	0.019999999999527063	trials	port_entry
4104.1340666666665	0.03999999999996362	trials	port_entry
4104.264133333333	0.10999999999967258	trials	port_entry
4104.454133333333	9.720033333333959	trials	port_entry
4117.1740666666665	39.76009999999951	trials	port_entry
4136.084133333333	20.0000666666665	trials	reward_stimulus_presentation
4137.084133333333	1.000033333333704	trials	reward_delivery
4158.364166666666	41.72006666666675	trials	port_entry
4200.114233333333	0.19000000000050932	trials	port_entry
4200.374233333333	0.31999999999970896	trials	port_entry
4200.974233333333	21.5	trials	port_entry
4221.084266666667	1.939966666665896	trials	reward_stimulus_presentation
4222.084233333333	1.0	trials	reward_delivery
4222.624233333333	0.9099999999998545	trials	port_entry
4223.554233333333	0.08999999999923602	trials	port_entry
4223.6741999999995	0.09003333333384944	trials	port_entry
4223.7842	0.05999999999949068	trials	port_entry
4223.924233333333	21.660066666666353	trials	port_entry
4245.634266666666	0.6200333333335948	trials	port_entry
4246.334266666667	0.07999999999992724	trials	port_entry
4246.484266666666	0.10003333333315823	trials	port_entry
4246.6642999999995	0.07996666666713281	trials	port_entry
4246.834266666667	0.10999999999967258	trials	port_entry
4247.0742666666665	0.1100333333333765	trials	port_entry
4247.3043	0.05999999999949068	trials	port_entry
4247.754266666666	0.1100333333333765	trials	port_entry
4248.0243	0.04996666666647798	trials	port_entry
4248.1142666666665	0.0999999999994543	trials	port_entry
4248.304266666666	0.12003333333359478	trials	port_entry
4248.504266666666	0.09000000000014552	trials	port_entry
4248.664266666667	0.05999999999949068	trials	port_entry
4253.604266666666	0.08993333333364717	trials	port_entry
4253.754233333333	0.04003333333275805	trials	port_entry
4256.2643	0.1598999999996522	trials	port_entry
4256.5342	0.540066666666462	trials	port_entry
4257.354266666666	0.7799999999997453	trials	port_entry
4258.2243	0.14996666666684177	trials	port_entry
4259.674266666666	0.03999999999996362	trials	port_entry
4262.1642999999995	0.1000000000003638	trials	port_entry
4265.4743	0.1499999999996362	trials	port_entry
4268.884266666666	0.020033333333230985	trials	port_entry
4269.824299999999	0.11996666666709643	trials	port_entry
4270.304266666666	0.6100333333333765	trials	port_entry
4271.5243	1.0599999999994907	trials	port_entry
4272.8543	2.6700000000000728	trials	port_entry
4276.244299999999	1.3400000000001455	trials	port_entry
4277.6743	0.06999999999970896	trials	port_entry
4277.7943	0.07999999999992724	trials	port_entry
4277.9743	0.17999999999938154	trials	port_entry
4278.1743	0.8100333333331946	trials	port_entry
4280.1043	0.3200333333334129	trials	port_entry
4281.324299999999	1.0399999999999636	trials	port_entry
4282.5143	0.2299333333330651	trials	port_entry
4283.244299999999	0.019933333333938208	trials	port_entry
4283.3943	1.4899666666660778	trials	port_entry
4284.904366666667	0.06993333333321061	trials	port_entry
4284.994266666667	2.040033333332758	trials	port_entry
4287.724333333333	0.26996666666673264	trials	port_entry
4288.684333333333	0.42000000000007276	trials	port_entry
4289.3843333333325	0.40996666666706005	trials	port_entry
4301.454333333333	0.03999999999996362	trials	port_entry
4301.544333333333	0.019966666666732635	trials	port_entry
4301.704299999999	1.6499666666668418	trials	port_entry
4303.444299999999	6.670033333333777	trials	port_entry
4310.554333333333	4.150000000000546	trials	port_entry
4311.084333333333	20.0015999999996	trials	shock_stimulus_presentation
4314.724333333333	0.15999999999985448	trials	port_entry
4315.084333333333	0.0999999999994543	trials	port_entry
4315.354333333333	0.07999999999992724	trials	port_entry
4315.8443333333325	0.03999999999996362	trials	port_entry
4323.794366666666	5.890000000000327	trials	port_entry
4330.884366666666	0.3000000000001819	trials	shock_relay
4357.754366666666	0.18003333333308547	trials	port_entry
4359.544366666666	0.8500000000003638	trials	port_entry
4360.464366666666	15.850066666666862	trials	port_entry
4376.3744	19.470000000000255	trials	port_entry
4395.8643999999995	0.18000000000029104	trials	port_entry
4396.0844	0.0500000000001819	trials	port_entry
4396.4744	0.049999999999272404	trials	port_entry
4397.184433333333	0.1000000000003638	trials	port_entry
4397.3243999999995	1.9400000000005093	trials	port_entry
4399.3744	0.21000000000003638	trials	port_entry
4401.5144	2.690066666666098	trials	port_entry
4404.274466666667	0.10999999999967258	trials	port_entry
4404.454433333333	2.4600000000000364	trials	port_entry
4406.084466666666	1.3399666666664416	trials	reward_stimulus_presentation
4407.024433333333	0.21000000000003638	trials	port_entry
4407.0844333333325	1.0	trials	reward_delivery
4407.354433333333	29.490033333333486	trials	port_entry
4437.594466666666	0.02999999999974534	trials	port_entry
4437.654466666666	0.03999999999996362	trials	port_entry
4437.784466666666	0.5900000000001455	trials	port_entry
4438.474466666667	58.85003333333316	trials	port_entry
4496.084533333333	2.199999999999818	trials	reward_stimulus_presentation
4497.084533333333	1.0	trials	reward_delivery
4497.884499999999	0.10003333333406772	trials	port_entry
4498.094499999999	5.490000000000691	trials	port_entry
4503.634499999999	0.08003333333363116	trials	port_entry
4503.784533333333	0.0500000000001819	trials	port_entry
4504.094533333333	0.07003333333341288	trials	port_entry
4504.274533333333	0.14003333333312185	trials	port_entry
4504.474533333333	0.25996666666651436	trials	port_entry
4506.094533333333	0.14000000000032742	trials	port_entry
4506.304533333333	0.5500333333329763	trials	port_entry
4506.904533333333	0.07003333333250339	trials	port_entry
4507.064533333333	0.04003333333275805	trials	port_entry
4507.7945666666665	0.07999999999992724	trials	port_entry
4508.064533333333	0.019966666666732635	trials	port_entry
4508.814533333333	7.119999999999891	trials	port_entry
4517.294533333333	0.06000000000040018	trials	port_entry
4517.434533333333	0.0500000000001819	trials	port_entry
4517.504533333333	0.6099666666668782	trials	port_entry
4518.214466666666	17.220066666666753	trials	port_entry
4535.474533333333	0.07999999999992724	trials	port_entry
4535.764566666667	41.32999999999993	trials	port_entry
4576.084599999999	3.009966666667424	trials	reward_stimulus_presentation
4577.084599999999	1.0	trials	reward_delivery
4578.694533333333	0.2100333333328308	trials	port_entry
4578.924566666667	0.06999999999970896	trials	port_entry
4579.084566666666	0.03999999999996362	trials	port_entry
4579.144566666666	0.07999999999992724	trials	port_entry
4579.254833333333	0.06973333333280607	trials	port_entry
4579.374566666666	4.250033333332794	trials	port_entry
4583.6846	0.8599999999996726	trials	port_entry
4584.584599999999	39.200066666667226	trials	port_entry
4623.804633333333	121.09016666666685	trials	port_entry
4666.084633333333	20.0000666666665	trials	reward_stimulus_presentation
4667.084699999999	1.0	trials	reward_delivery
4744.964766666666	0.15003333333334012	trials	port_entry
4745.1348	33.870033333333595	trials	port_entry
4766.0848	20.001266666667107	trials	shock_stimulus_presentation
4785.8848	0.3000000000001819	trials	shock_relay
4856.084866666666	20.000033333333704	trials	reward_stimulus_presentation
4857.084833333333	1.0	trials	reward_delivery
4946.0849	20.001033333332998	trials	shock_stimulus_presentation
4965.8849666666665	0.3000000000001819	trials	shock_relay
5012.915033333333	11.870033333333595	trials	port_entry
5024.875	1.1500666666661346	trials	port_entry
5030.775033333333	0.3099999999994907	trials	port_entry
5036.085099999999	20.001266666667107	trials	shock_stimulus_presentation
5048.765033333333	0.7799999999997453	trials	port_entry
5055.8850999999995	0.3000000000001819	trials	shock_relay
5108.095066666666	0.02003333333414048	trials	port_entry
5119.425133333333	0.11999999999989086	trials	port_entry
5119.785133333333	2.4899999999997817	trials	port_entry
5121.085133333333	1.6799666666665871	trials	reward_stimulus_presentation
5122.0850666666665	1.0000333333327944	trials	reward_delivery
5122.365133333333	5.100000000000364	trials	port_entry
5128.265133333333	0.4000333333333401	trials	port_entry
5134.165133333333	0.8200333333334129	trials	port_entry
5135.545133333333	0.03999999999996362	trials	port_entry
5135.965133333333	0.019966666666732635	trials	port_entry
5137.305166666666	0.33993333333364717	trials	port_entry
5138.205166666667	0.02996666666604142	trials	port_entry
5138.255166666666	0.2399666666669873	trials	port_entry
5138.515133333333	0.07999999999992724	trials	port_entry
5138.615133333333	0.9000333333333401	trials	port_entry
5139.675166666666	0.15993333333335613	trials	port_entry
5139.8651	0.020066666666025412	trials	port_entry
5211.0851999999995	5.210066666666535	trials	reward_stimulus_presentation
5212.085233333333	1.0000333333327944	trials	reward_delivery
5215.895266666666	4.4599666666663325	trials	port_entry
5220.435233333333	0.020000000000436557	trials	port_entry
5220.495233333333	0.029966666666950914	trials	port_entry
5220.565233333333	0.7399999999997817	trials	port_entry
5221.325199999999	1.0900666666666439	trials	port_entry
5224.8552666666665	0.21000000000003638	trials	port_entry
5274.195299999999	0.17000000000007276	trials	port_entry
5281.2453	0.07003333333341288	trials	port_entry
5294.7953	0.019999999999527063	trials	port_entry
5294.8453	0.2799666666660414	trials	port_entry
5306.085366666666	20.001266666667107	trials	shock_stimulus_presentation
5325.8853	0.30006666666668025	trials	shock_relay
5326.965266666666	0.1700666666665711	trials	port_entry
5327.435333333333	0.10996666666687815	trials	port_entry
5327.905366666666	0.32999999999992724	trials	port_entry
5328.415333333333	4.419999999999163	trials	port_entry
5332.905366666666	0.8400000000001455	trials	port_entry
5339.935366666667	1.2499333333325922	trials	port_entry
5341.235366666666	1.2699666666667326	trials	port_entry
5343.005333333333	2.4800666666669713	trials	port_entry
5345.5354	0.07999999999992724	trials	port_entry
5356.5153666666665	40.88006666666661	trials	port_entry
5396.085366666666	1.7300666666669713	trials	reward_stimulus_presentation
5397.085366666666	1.0	trials	reward_delivery
5397.4154	6.4300333333330855	trials	port_entry
5403.925433333333	0.029966666666950914	trials	port_entry
5404.005433333333	3.180000000000291	trials	port_entry
5407.205433333333	0.3400000000001455	trials	port_entry
5407.5754333333325	0.3600000000005821	trials	port_entry
5407.995366666666	0.3800666666666075	trials	port_entry
5408.445433333333	0.31999999999970896	trials	port_entry
5408.835433333333	0.5100000000002183	trials	port_entry
5409.435433333333	0.25	trials	port_entry
5444.8254333333325	13.42006666666748	trials	port_entry
5458.345433333333	0.12996666666640522	trials	port_entry
5476.085499999999	20.000933333333705	trials	shock_stimulus_presentation
5485.515533333333	2.5399999999999636	trials	port_entry
5492.935533333333	0.21000000000003638	trials	port_entry
5495.885499999999	0.3000000000001819	trials	shock_relay
5566.085633333333	20.0	trials	reward_stimulus_presentation
5567.085599999999	1.0	trials	reward_delivery
5588.415633333333	0.03999999999996362	trials	port_entry
5588.4756	4.470000000000255	trials	port_entry
5594.1456	5.020033333333231	trials	port_entry
5599.685633333333	167.92016666666677	trials	port_entry
5666.085666666666	20.000066666667408	trials	reward_stimulus_presentation
5667.0857	0.9999666666662961	trials	reward_delivery
5756.085766666666	20.0009666666665	trials	shock_stimulus_presentation
5775.8858	0.2999999999992724	trials	shock_relay
5777.1957999999995	0.02999999999974534	trials	port_entry
5786.775833333333	0.1999999999998181	trials	port_entry
5787.045833333333	0.030000000000654836	trials	port_entry
5787.095833333333	0.020000000000436557	trials	port_entry
5788.445833333333	0.1999999999998181	trials	port_entry
5788.665833333333	0.029933333334156487	trials	port_entry
5788.785833333333	0.75	trials	port_entry
5789.655833333333	0.03999999999996362	trials	port_entry
5790.445833333333	69.92006666666657	trials	port_entry
5846.085866666666	20.0012999999999	trials	shock_stimulus_presentation
5865.8858666666665	0.3000000000001819	trials	shock_relay
5873.045833333333	0.1901000000007116	trials	port_entry
5873.515899999999	0.4899666666669873	trials	port_entry
5874.085866666666	1.2100666666665347	trials	port_entry
5876.6259	145.11016666666637	trials	port_entry
5936.0859666666665	20.000033333332794	trials	reward_stimulus_presentation
5937.0859666666665	1.0	trials	reward_delivery
6021.086066666667	1.069999999999709	trials	reward_stimulus_presentation
6021.756066666666	103.88010000000031	trials	port_entry
6111.086166666666	20.001266666667107	trials	shock_stimulus_presentation
6130.886166666666	0.3000000000001819	trials	shock_relay
6131.516166666666	12.380033333332904	trials	port_entry
6143.986199999999	0.020000000000436557	trials	port_entry
6144.256166666666	29.180033333333085	trials	port_entry
6174.0862	135.8101666666662	trials	port_entry
6206.0862333333325	20.0	trials	reward_stimulus_presentation
6207.0862333333325	1.0	trials	reward_delivery
6296.086333333333	20.0009666666665	trials	shock_stimulus_presentation
6309.936333333333	0.11999999999989086	trials	port_entry
6315.886333333333	0.3000333333329763	trials	shock_relay
6348.0563999999995	1.569999999999709	trials	port_entry
6349.906366666666	1.770033333333231	trials	port_entry
6352.1864	0.3000000000001819	trials	port_entry
6352.676399999999	0.0500000000001819	trials	port_entry
6364.176399999999	0.11999999999989086	trials	port_entry
6364.546399999999	0.27000000000043656	trials	port_entry
6376.086366666666	4.230066666666971	trials	reward_stimulus_presentation
6377.086399999999	1.000033333333704	trials	reward_delivery
6379.916433333333	4.65996666666706	trials	port_entry
6466.086499999999	6.960000000000036	trials	reward_stimulus_presentation
6467.086466666667	1.0000333333327944	trials	reward_delivery
6472.6465	10.729999999999563	trials	port_entry
6525.826566666667	0.17000000000007276	trials	port_entry
6527.2365666666665	0.15999999999985448	trials	port_entry
6527.496566666667	0.2599999999993088	trials	port_entry
6527.836566666666	0.11000000000058208	trials	port_entry
6528.106566666666	0.4399999999995998	trials	port_entry
6531.856533333333	0.22003333333395858	trials	port_entry
6562.376566666666	0.0600333333341041	trials	port_entry
6566.0866	20.000933333333705	trials	shock_stimulus_presentation
6585.8866	0.3000000000001819	trials	shock_relay
6656.0867	2.619999999999891	trials	reward_stimulus_presentation
6657.0867	1.0	trials	reward_delivery
6658.306699999999	0.09000000000014552	trials	port_entry
6658.5467	3.2299999999995634	trials	port_entry
6746.086766666666	2.869999999999891	trials	reward_stimulus_presentation
6747.086766666666	1.0	trials	reward_delivery
6748.556766666667	3.2599333333328104	trials	port_entry
6751.8367	0.05006666666668025	trials	port_entry
6752.1367666666665	0.4399999999995998	trials	port_entry
6752.616766666666	0.03999999999996362	trials	port_entry
6752.736766666666	0.42000000000007276	trials	port_entry
6790.636799999999	0.09000000000014552	trials	port_entry
6792.4068333333325	0.2000000000007276	trials	port_entry
6793.206833333333	0.8699999999998909	trials	port_entry
6802.976866666666	0.23000000000047294	trials	port_entry
6805.366833333333	0.17000000000007276	trials	port_entry
6805.646833333333	0.1499999999996362	trials	port_entry
6806.786833333333	0.07999999999992724	trials	port_entry
6806.966833333333	2.380000000000109	trials	port_entry
6811.496833333333	0.1999999999998181	trials	port_entry
6811.836833333333	3.3600333333333765	trials	port_entry
6815.226833333333	0.6399666666666235	trials	port_entry
6815.9168	1.290066666666462	trials	port_entry
6821.256833333333	0.21000000000003638	trials	port_entry
6821.486833333333	0.049999999999272404	trials	port_entry
6821.646833333333	0.11999999999989086	trials	port_entry
6827.106833333333	0.13999999999941792	trials	port_entry
6836.086899999999	4.509966666666514	trials	reward_stimulus_presentation
6837.0868666666665	1.0	trials	reward_delivery
6840.196866666666	0.06000000000040018	trials	port_entry
6840.366866666666	5.479999999999563	trials	port_entry
6845.956866666666	0.020033333333230985	trials	port_entry
6846.206899999999	0.5399999999999636	trials	port_entry
6875.0569	0.15999999999985448	trials	port_entry
6883.216899999999	0.020000000000436557	trials	port_entry
6889.0369	0.03999999999996362	trials	port_entry
6889.4869	0.15999999999985448	trials	port_entry
6894.196933333333	0.2899999999999636	trials	port_entry
6895.1469333333325	0.18000000000029104	trials	port_entry
6921.086933333333	20.0012999999999	trials	shock_stimulus_presentation
6930.496933333333	0.23000000000047294	trials	port_entry
6940.706966666667	0.21999999999934516	trials	port_entry
6940.886966666666	0.3000000000001819	trials	shock_relay
6946.596933333333	0.15003333333334012	trials	port_entry
6947.016933333333	0.23999999999978172	trials	port_entry
6947.3369999999995	0.5399333333334653	trials	port_entry
6948.086933333333	5.660033333333558	trials	port_entry
6954.966933333333	0.3700666666663892	trials	port_entry
6955.437	0.6199999999998909	trials	port_entry
6956.086966666667	35.97999999999956	trials	port_entry
6992.146966666666	0.39006666666682577	trials	port_entry
6992.616999999999	0.13000000000010914	trials	port_entry
6992.767	91.36009999999987	trials	port_entry
7011.087033333333	20.0000666666665	trials	reward_stimulus_presentation
7012.087033333333	1.0	trials	reward_delivery
7084.147099999999	97.07010000000082	trials	port_entry
7106.087166666666	20.0	trials	reward_stimulus_presentation
7107.0871	1.0	trials	reward_delivery
7181.247166666666	0.04996666666647798	trials	port_entry
7182.747166666666	0.43000000000029104	trials	port_entry
7183.297166666666	0.12003333333359478	trials	port_entry
7196.087233333333	20.001233333333403	trials	shock_stimulus_presentation
7215.887166666666	0.3000000000001819	trials	shock_relay
7225.607233333333	0.05999999999949068	trials	port_entry
7276.087299999999	14.130033333333813	trials	reward_stimulus_presentation
7277.087299999999	1.0	trials	reward_delivery
7289.8173	4.199999999999818	trials	port_entry
7344.137366666666	0.06996666666691453	trials	port_entry
7366.087399999999	20.0009	trials	shock_stimulus_presentation
7385.8874	0.3000333333329763	trials	shock_relay
7392.787433333333	0.11999999999989086	trials	port_entry
7393.137433333333	1.4899999999997817	trials	port_entry
7394.737433333333	0.07999999999992724	trials	port_entry
7398.627399999999	0.2600000000002183	trials	port_entry
7398.9074	0.15999999999985448	trials	port_entry
7466.087533333333	4.199966666666114	trials	reward_stimulus_presentation
7467.087533333333	0.9998999999997977	trials	reward_delivery
7469.8875	0.04996666666647798	trials	port_entry
7470.067499999999	3.5	trials	port_entry
7546.127566666666	0.09993333333386545	trials	port_entry
7553.927566666666	0.0500000000001819	trials	port_entry
7554.277566666667	0.4099999999998545	trials	port_entry
7556.087566666666	2.0399999999999636	trials	reward_stimulus_presentation
7557.087566666666	1.0	trials	reward_delivery
7557.7275666666665	4.040033333332758	trials	port_entry
7595.567566666667	0.16006666666635283	trials	port_entry
7595.747566666666	0.06006666666689853	trials	port_entry
7595.8876	0.23999999999978172	trials	port_entry
7598.137633333333	0.04003333333366754	trials	port_entry
7625.877633333333	0.14000000000032742	trials	port_entry
7646.0877	1.9099999999998545	trials	reward_stimulus_presentation
7647.087666666666	1.0	trials	reward_delivery
7647.597666666667	0.060033333333194605	trials	port_entry
7647.807666666667	4.460000000000036	trials	port_entry
7652.287666666666	0.5799666666671328	trials	port_entry
7719.727766666666	0.020000000000436557	trials	port_entry
7719.767699999999	0.06006666666689853	trials	port_entry
7723.987766666666	0.02999999999974534	trials	port_entry
7724.927733333333	0.2100333333337403	trials	port_entry
7725.557699999999	1.5000666666664983	trials	port_entry
7728.537733333333	0.21000000000003638	trials	port_entry
7736.0877666666665	20.001266666666197	trials	shock_stimulus_presentation
7738.317766666666	0.25	trials	port_entry
7738.6277666666665	0.38000000000010914	trials	port_entry
7739.977766666666	0.19000000000050932	trials	port_entry
7740.457766666666	0.8600333333333765	trials	port_entry
7755.427733333333	0.10003333333315823	trials	port_entry
7755.887733333333	0.3000333333329763	trials	shock_relay
7821.087866666667	20.0	trials	reward_stimulus_presentation
7822.0877666666665	1.0000666666664983	trials	reward_delivery
7848.827899999999	8.740000000000691	trials	port_entry
7907.357933333333	0.11000000000058208	trials	port_entry
7911.0878999999995	20.000933333333705	trials	shock_stimulus_presentation
7930.887966666666	0.299966666666478	trials	shock_relay
7932.277933333333	0.21000000000003638	trials	port_entry
7935.598	0.339999999999236	trials	port_entry
7935.957966666666	0.4100333333335584	trials	port_entry
7944.017966666666	4.729966666666769	trials	port_entry
7949.068033333333	0.10996666666687815	trials	port_entry
7949.217966666666	9.000033333333704	trials	port_entry
7958.237999999999	0.03993333333346527	trials	port_entry
7958.308	0.049999999999272404	trials	port_entry
7958.977966666666	0.5100333333330127	trials	port_entry
7959.508	0.06999999999970896	trials	port_entry
7959.597933333333	0.020066666666934907	trials	port_entry
7959.687999999999	1.8900000000003274	trials	port_entry
7968.728	0.21999999999934516	trials	port_entry
7969.687999999999	139.34013333333405	trials	port_entry
8006.0880333333325	20.000033333333704	trials	reward_stimulus_presentation
8007.0880333333325	0.9999666666672056	trials	reward_delivery
8096.0881	20.0015999999996	trials	shock_stimulus_presentation
8115.888133333333	0.3000000000001819	trials	shock_relay
8148.328166666666	1.5800333333336312	trials	port_entry
8149.978166666666	0.020000000000436557	trials	port_entry
8150.0182	0.06999999999970896	trials	port_entry
8150.708166666665	0.019966666666732635	trials	port_entry
8150.7582	50.42006666666566	trials	port_entry
8176.0882	20.000033333333704	trials	reward_stimulus_presentation
8177.0882	1.0	trials	reward_delivery
8201.198266666666	0.05999999999949068	trials	port_entry
8201.748266666666	0.019933333334847703	trials	port_entry
8202.288233333333	0.030000000000654836	trials	port_entry
8203.948233333333	0.030000000000654836	trials	port_entry
8204.148233333333	0.029999999998835847	trials	port_entry
8204.358233333332	6.450000000000728	trials	port_entry
8210.848233333332	0.15999999999985448	trials	port_entry
8211.038233333333	0.13000000000101863	trials	port_entry
8211.188233333332	0.21000000000094587	trials	port_entry
8211.418233333334	0.13999999999941792	trials	port_entry
8211.618233333333	0.12000000000080036	trials	port_entry
8211.7982	0.040000000000873115	trials	port_entry
8226.868199999999	0.030000000000654836	trials	port_entry
8227.6583	0.019966666666732635	trials	port_entry
8228.708266666667	0.039999999999054126	trials	port_entry
8228.808266666667	1.2300333333332674	trials	port_entry
8230.068266666667	2.5300333333325398	trials	port_entry
8233.158266666665	1.5	trials	port_entry
8235.988233333333	0.04003333333275805	trials	port_entry
8237.328266666666	1.0500000000010914	trials	port_entry
8242.4483	1.209933333333538	trials	port_entry
8255.198266666666	0.46999999999934516	trials	port_entry
8255.698266666666	0.020000000000436557	trials	port_entry
8255.748266666666	0.5	trials	port_entry
8256.318233333333	0.8701000000000931	trials	port_entry
8257.218266666667	5.610033333332467	trials	port_entry
8262.978299999999	0.06000000000130967	trials	port_entry
8263.168266666666	0.060033333333194605	trials	port_entry
8263.268266666666	0.09003333333384944	trials	port_entry
8263.4083	0.09000000000014552	trials	port_entry
8263.518266666666	0.14003333333312185	trials	port_entry
8264.2483	3.220000000001164	trials	port_entry
8266.0883	1.889999999999418	trials	reward_stimulus_presentation
8267.0883	0.9999666666662961	trials	reward_delivery
8267.5783	3.389933333333829	trials	port_entry
8271.268266666666	0.02003333333414048	trials	port_entry
8271.698333333334	6.769999999998618	trials	port_entry
8279.128333333332	0.030000000000654836	trials	port_entry
8279.568266666667	0.05006666666668025	trials	port_entry
8281.068233333333	0.04006666666646197	trials	port_entry
8281.4183	0.11000000000058208	trials	port_entry
8282.1183	0.039999999999054126	trials	port_entry
8282.1883	0.27000000000043656	trials	port_entry
8282.5682	0.08009999999922002	trials	port_entry
8284.9383	0.030000000000654836	trials	port_entry
8285.9583	0.019999999998617568	trials	port_entry
8287.5483	1.1600333333317394	trials	port_entry
8356.1284	0.20993333333353803	trials	port_entry
8356.438366666665	1.0900000000001455	trials	port_entry
8358.378366666666	0.14003333333312185	trials	port_entry
8359.018366666667	0.2899999999990541	trials	port_entry
8359.368366666666	0.2599333333346294	trials	port_entry
8359.7183	0.11006666666617093	trials	port_entry
8359.908366666667	0.050033333332976326	trials	port_entry
8365.018399999999	8.460000000000946	trials	port_entry
8366.088399999999	8.08996666666826	trials	reward_stimulus_presentation
8367.088399999999	0.9999666666681151	trials	reward_delivery
8373.7784	3.6600333333335584	trials	port_entry
8377.508399999999	2.890000000001237	trials	port_entry
8380.4684	0.049999999999272404	trials	port_entry
8398.128433333333	0.15999999999985448	trials	port_entry
8398.468433333333	0.7999999999992724	trials	port_entry
8399.388433333334	0.029933333333246992	trials	port_entry
8406.958433333333	3.8699999999989814	trials	port_entry
8412.118433333333	0.23999999999978172	trials	port_entry
8414.118433333333	0.3600000000005821	trials	port_entry
8414.498433333332	5.200066666668135	trials	port_entry
8422.418466666666	0.34003333333384944	trials	port_entry
8422.868466666667	0.1499999999996362	trials	port_entry
8423.5284	0.7700666666678444	trials	port_entry
8424.578466666666	0.020000000000436557	trials	port_entry
8424.638466666665	0.08993333333455666	trials	port_entry
8424.828466666666	0.040000000000873115	trials	port_entry
8426.298466666667	0.039999999999054126	trials	port_entry
8427.108466666667	0.19000000000050932	trials	port_entry
8428.548466666667	0.019999999998617568	trials	port_entry
8428.628466666667	0.049999999999272404	trials	port_entry
8429.008466666666	0.020000000000436557	trials	port_entry
8429.768433333333	0.24003333333348564	trials	port_entry
8430.778466666667	0.020000000000436557	trials	port_entry
8430.998466666666	0.05999999999949068	trials	port_entry
8431.598466666666	0.06999999999970896	trials	port_entry
8432.328466666666	0.29996666666738747	trials	port_entry
8433.6985	0.029999999998835847	trials	port_entry
8456.0885	1.5900000000001455	trials	reward_stimulus_presentation
8457.0885	1.000033333333704	trials	reward_delivery
8457.2785	0.049999999999272404	trials	port_entry
8458.1185	12.30999999999949	trials	port_entry
8503.448533333332	0.12000000000080036	trials	port_entry
8503.588533333334	0.039999999999054126	trials	port_entry
8503.828533333333	0.25993333333281043	trials	port_entry
8504.138566666667	0.14996666666593228	trials	port_entry
8546.0886	20.001233333334312	trials	shock_stimulus_presentation
8550.678566666666	1.6200000000008004	trials	port_entry
8565.8886	0.2999999999992724	trials	shock_relay
8568.458633333334	9.379966666665496	trials	port_entry
8586.5301	55.788566666666156	trials	port_entry
8586.5301	52.96853333333274	trials	reward_stimulus_presentation
8713.418766666666	0.0899666666664416	trials	port_entry
8713.798766666667	3.1700000000000728	trials	port_entry
8721.088733333332	1.2600000000002183	trials	reward_stimulus_presentation
8721.948733333333	5.229999999999563	trials	port_entry
8722.0887	1.000033333331885	trials	reward_delivery
8727.968733333333	0.039999999999054126	trials	port_entry
8729.698733333333	0.09003333333384944	trials	port_entry
8734.058766666667	0.10999999999876309	trials	port_entry
8734.648766666667	0.019999999998617568	trials	port_entry
8784.3788	0.019999999998617568	trials	port_entry
8801.648799999999	0.1500000000014552	trials	port_entry
8810.188766666666	0.06006666666689853	trials	port_entry
8810.458833333332	3.1900333333342132	trials	port_entry
8811.088833333333	20.001233333332493	trials	shock_stimulus_presentation
8813.778866666666	1.959966666667242	trials	port_entry
8815.778833333334	0.5	trials	port_entry
8830.888833333333	0.3000333333329763	trials	shock_relay
8887.5489	0.15999999999985448	trials	port_entry
8892.218966666665	0.1299666666673147	trials	port_entry
8892.638933333334	0.039999999999054126	trials	port_entry
8892.838933333333	0.6000000000003638	trials	port_entry
8893.538933333333	0.039999999999054126	trials	port_entry
8894.328933333332	0.6599999999998545	trials	port_entry
8895.158933333332	7.480000000001382	trials	port_entry
8903.788866666666	1.0600333333331946	trials	port_entry
8905.5189	0.050033333332976326	trials	port_entry
8906.088933333333	0.8400000000001455	trials	reward_stimulus_presentation
8906.528933333333	0.039999999999054126	trials	port_entry
8906.588933333333	0.3600000000005821	trials	port_entry
8907.088966666666	0.9999666666662961	trials	reward_delivery
8907.088966666666	0.1899666666668054	trials	port_entry
8907.358933333333	0.360033333332467	trials	port_entry
8907.738933333332	6.470000000001164	trials	port_entry
8917.528866666666	3.300100000000384	trials	port_entry
8920.908933333332	0.050000000001091394	trials	port_entry
8922.068966666666	0.1000000000003638	trials	port_entry
8922.188966666667	0.020000000000436557	trials	port_entry
8922.228966666666	0.03003333333435876	trials	port_entry
8922.278966666667	1.569966666666005	trials	port_entry
8924.138933333334	0.030166666665536468	trials	port_entry
8924.618933333333	0.039999999999054126	trials	port_entry
8931.208966666667	74.08006666666552	trials	port_entry
8996.089066666666	20.000800000001618	trials	shock_stimulus_presentation
9013.779033333332	0.1500000000014552	trials	port_entry
9015.889033333333	0.2999999999992724	trials	shock_relay
9017.099033333334	142.2601666666651	trials	port_entry
9076.089066666666	20.00010000000111	trials	reward_stimulus_presentation
9077.0891	1.0	trials	reward_delivery
9159.469166666666	24.320033333333413	trials	port_entry
9166.0892	20.00153333333219	trials	shock_stimulus_presentation
9185.889166666666	0.3000333333329763	trials	shock_relay
9220.129233333333	1.2999999999992724	trials	port_entry
9221.529233333333	0.4299666666665871	trials	port_entry
9222.339233333332	56.920100000001185	trials	port_entry
9266.0893	13.610033333332467	trials	reward_stimulus_presentation
9267.089266666666	1.0	trials	reward_delivery
9279.299299999999	0.09000000000014552	trials	port_entry
9279.469299999999	0.07999999999992724	trials	port_entry
9279.6593	0.060033333333194605	trials	port_entry
9279.829333333333	0.06996666666600504	trials	port_entry
9280.0093	0.050033333332976326	trials	port_entry
9331.119333333332	0.2000000000007276	trials	port_entry
9428.3524	0.21999999999934516	trials	port_entry
9446.0724	7.1200000000008	trials	reward_stimulus_presentation
9447.0724	1.0	trials	reward_delivery
9452.7924	0.3899999999994179	trials	port_entry
9453.2024	3.2399999999997817	trials	port_entry
9467.482399999999	0.060033333333194605	trials	port_entry
9536.0725	6.829999999999927	trials	reward_stimulus_presentation
9537.072433333333	1.0000666666674078	trials	reward_delivery
9542.5025	3.569999999999709	trials	port_entry
9594.882533333333	0.11999999999898137	trials	port_entry
9621.0726	20.001166666666904	trials	shock_stimulus_presentation
9633.0726	0.07990000000063446	trials	port_entry
9640.872599999999	0.3000000000010914	trials	shock_relay
9642.6426	0.029966666666950914	trials	port_entry
9642.712599999999	0.1400000000012369	trials	port_entry
9642.9726	0.5000333333337039	trials	port_entry
9711.072666666667	14.219999999999345	trials	reward_stimulus_presentation
9712.0726	1.000033333333704	trials	reward_delivery
9724.892666666667	5.869999999998981	trials	port_entry
9806.072766666666	12.600000000000364	trials	reward_stimulus_presentation
9807.072766666666	1.0	trials	reward_delivery
9818.272799999999	4.720000000001164	trials	port_entry
9861.092766666667	0.06999999999970896	trials	port_entry
9882.062833333333	0.10003333333224873	trials	port_entry
9882.252833333332	0.16996666666818783	trials	port_entry
9886.302833333333	0.2700333333323215	trials	port_entry
9886.742833333334	0.09003333333203045	trials	port_entry
9887.372833333333	0.1600333333335584	trials	port_entry
9889.152833333334	3.8099999999994907	trials	port_entry
9893.032866666666	0.05996666666578676	trials	port_entry
9893.172766666667	0.050033333332976326	trials	port_entry
9893.382866666667	0.2600000000002183	trials	port_entry
9896.072866666666	20.00120000000061	trials	shock_stimulus_presentation
9915.132866666667	0.15999999999985448	trials	port_entry
9915.872866666667	0.2999999999992724	trials	shock_relay
9917.102866666666	0.28000000000065484	trials	port_entry
9917.452833333333	0.29003333333275805	trials	port_entry
9917.812866666667	1.5799999999999272	trials	port_entry
9919.482866666667	1.359999999998763	trials	port_entry
9976.072933333333	9.470033333333049	trials	reward_stimulus_presentation
9977.0729	1.0	trials	reward_delivery
9985.142933333333	4.739999999999782	trials	port_entry
10062.983033333332	0.08000000000174623	trials	port_entry
10063.203033333333	0.020000000000436557	trials	port_entry
10063.403033333332	0.1400000000012369	trials	port_entry
10066.073033333332	13.8700000000008	trials	reward_stimulus_presentation
10067.073	1.0	trials	reward_delivery
10079.543033333333	4.119999999998981	trials	port_entry
10128.403066666666	0.04003333333457704	trials	port_entry
10166.073133333333	2.209999999999127	trials	reward_stimulus_presentation
10167.073133333333	1.0	trials	reward_delivery
10167.883066666665	0.0700666666671168	trials	port_entry
10168.113066666667	3.889999999999418	trials	port_entry
10172.053066666665	0.0700666666671168	trials	port_entry
10172.163133333333	1.319999999999709	trials	port_entry
10210.763166666666	0.050000000001091394	trials	port_entry
10236.7732	0.06999999999970896	trials	port_entry
10237.1732	0.040000000000873115	trials	port_entry
10237.233199999999	0.050000000001091394	trials	port_entry
10256.073199999999	20.00153333333401	trials	shock_stimulus_presentation
10257.733199999999	0.18000000000029104	trials	port_entry
10258.163199999999	0.1000000000003638	trials	port_entry
10258.2832	2.0599666666657868	trials	port_entry
10275.433166666666	0.110033333334286	trials	port_entry
10275.8732	0.3000333333329763	trials	shock_relay
10277.843233333333	0.05999999999949068	trials	port_entry
10278.593233333333	92.79010000000017	trials	port_entry
10346.0733	20.000033333333704	trials	reward_stimulus_presentation
10347.0733	1.000033333333704	trials	reward_delivery
10371.753266666667	76.56013333333249	trials	port_entry
10436.0734	20.00120000000061	trials	shock_stimulus_presentation
10448.3534	0.049999999999272404	trials	port_entry
10448.423366666666	0.050000000001091394	trials	port_entry
10448.5434	1.7999666666655685	trials	port_entry
10450.503366666666	0.03003333333435876	trials	port_entry
10450.813433333333	0.15999999999985448	trials	port_entry
10455.8734	0.3000333333329763	trials	shock_relay
10521.073433333333	19.700033333332613	trials	reward_stimulus_presentation
10522.0734	1.0000666666674078	trials	reward_delivery
10540.3735	3.4200000000000728	trials	port_entry
10552.003433333333	0.14006666666682577	trials	port_entry
10568.503533333333	0.4099999999998545	trials	port_entry
10570.253499999999	0.13000000000101863	trials	port_entry
10579.193533333333	0.05999999999949068	trials	port_entry
10584.3135	0.25	trials	port_entry
10601.273566666667	3.5799999999999272	trials	port_entry
10611.073533333332	1.7800000000006548	trials	reward_stimulus_presentation
10612.0735	1.0000999999992928	trials	reward_delivery
10612.453533333333	0.1300666666666075	trials	port_entry
10612.883533333334	3.0600333333331946	trials	port_entry
10643.4836	1.9100333333335584	trials	port_entry
10682.263633333332	0.030000000000654836	trials	port_entry
10701.1336	0.1401000000005297	trials	port_entry
10701.453633333333	2.9600666666665347	trials	port_entry
10704.483666666667	0.07999999999992724	trials	port_entry
10706.073699999999	20.0011333333332	trials	shock_stimulus_presentation
10725.873666666666	0.2999999999992724	trials	shock_relay
10739.8037	0.2899999999990541	trials	port_entry
10763.9637	0.13003333333290357	trials	port_entry
10771.793733333332	0.05993333333390183	trials	port_entry
10784.513766666667	2.9200000000000728	trials	port_entry
10787.663733333333	0.07999999999992724	trials	port_entry
10787.973733333332	0.32999999999992724	trials	port_entry
10788.343733333333	0.11996666666709643	trials	port_entry
10790.093733333333	0.050033333332976326	trials	port_entry
10793.253766666667	0.20996666666542296	trials	port_entry
10793.763733333333	0.15999999999985448	trials	port_entry
10793.973766666666	1.029966666666951	trials	port_entry
10795.043733333332	3.4100333333335584	trials	port_entry
10796.073766666666	20.001500000000306	trials	shock_stimulus_presentation
10810.353766666667	0.0399666666653502	trials	port_entry
10815.873766666666	0.3000000000010914	trials	shock_relay
10853.6738	0.16999999999825377	trials	port_entry
10876.073833333334	20.0007999999998	trials	shock_stimulus_presentation
10895.873833333333	0.2999999999992724	trials	shock_relay
10920.003866666666	0.09000000000014552	trials	port_entry
10921.733866666666	0.08003333333363116	trials	port_entry
10922.253833333332	10.36006666666799	trials	port_entry
10932.633899999999	133.44010000000162	trials	port_entry
10966.0739	20.000066666667408	trials	reward_stimulus_presentation
10967.0739	1.000033333333704	trials	reward_delivery
11392.389333333333	0.27863333333334594	trials	phototagging
11392.947966666667	0.22753333333275805	trials	phototagging
11394.2273	0.1001333333333605	trials	phototagging
11395.228833333333	0.1001333333333605	trials	phototagging
11396.230366666667	0.1001333333333605	trials	phototagging
11397.231899999999	0.1001333333333605	trials	phototagging
11398.233433333333	0.1001333333333605	trials	phototagging
11399.234966666667	0.1001333333333605	trials	phototagging
11400.236499999999	0.1001333333333605	trials	phototagging
11401.238033333333	0.1001333333333605	trials	phototagging
11402.239566666667	0.1001333333333605	trials	phototagging
11403.2411	0.1001333333333605	trials	phototagging
11404.242633333333	0.1001333333333605	trials	phototagging
11405.244166666665	0.1001333333333605	trials	phototagging
11416.261033333332	0.005000000001018634	trials	phototagging
11416.271033333333	0.005033333332903567	trials	phototagging
11416.281066666666	0.004999999999199645	trials	phototagging
11416.291066666667	0.004999999999199645	trials	phototagging
11416.301066666667	0.005033333332903567	trials	phototagging
11416.311099999999	0.005000000001018634	trials	phototagging
11416.321133333333	0.004999999999199645	trials	phototagging
11416.331133333333	0.004999999999199645	trials	phototagging
11416.341133333333	0.005033333332903567	trials	phototagging
11416.351166666665	0.005000000001018634	trials	phototagging
11416.361166666666	0.005033333334722556	trials	phototagging
11416.3712	0.004999999999199645	trials	phototagging
11416.3812	0.005033333332903567	trials	phototagging
11416.391233333334	0.004999999999199645	trials	phototagging
11416.401233333332	0.005000000001018634	trials	phototagging
11416.411266666666	0.005000000001018634	trials	phototagging
11416.421266666666	0.004999999999199645	trials	phototagging
11416.4313	0.004999999999199645	trials	phototagging
11416.4413	0.004999999999199645	trials	phototagging
11416.451299999999	0.005033333334722556	trials	phototagging
11416.461333333333	0.005000000001018634	trials	phototagging
11416.471333333333	0.005033333332903567	trials	phototagging
11416.481366666667	0.004999999999199645	trials	phototagging
11416.491366666667	0.004999999999199645	trials	phototagging
11416.5014	0.005000000001018634	trials	phototagging
11416.5114	0.005000000001018634	trials	phototagging
11416.521433333333	0.004999999999199645	trials	phototagging
11416.531433333334	0.004999999999199645	trials	phototagging
11416.541433333334	0.005033333332903567	trials	phototagging
11416.551466666666	0.005000000001018634	trials	phototagging
11426.576833333333	0.010000000000218279	trials	phototagging
11426.676966666666	0.0100333333339222	trials	phototagging
11426.777133333333	0.010000000000218279	trials	phototagging
11426.877266666666	0.0100333333339222	trials	phototagging
11426.977433333333	0.010000000000218279	trials	phototagging
11427.0776	0.00999999999839929	trials	phototagging
11427.177733333332	0.0100333333339222	trials	phototagging
11427.2779	0.010000000000218279	trials	phototagging
11427.378033333332	0.0100333333339222	trials	phototagging
11427.4782	0.010000000000218279	trials	phototagging
11427.578366666667	0.010000000000218279	trials	phototagging
11427.6785	0.010000000000218279	trials	phototagging
11427.778666666667	0.00999999999839929	trials	phototagging
11427.8788	0.010033333332103211	trials	phototagging
11427.978966666666	0.010000000000218279	trials	phototagging
11428.079133333333	0.010000000000218279	trials	phototagging
11428.179266666666	0.0100333333339222	trials	phototagging
11428.279433333333	0.010000000000218279	trials	phototagging
11428.379566666667	0.0100333333339222	trials	phototagging
11428.479733333334	0.010033333332103211	trials	phototagging
11428.579899999999	0.010000000000218279	trials	phototagging
11428.680033333332	0.0100333333339222	trials	phototagging
11428.7802	0.010000000000218279	trials	phototagging
11428.880366666666	0.010000000000218279	trials	phototagging
11428.9805	0.0100333333339222	trials	phototagging
11429.080666666667	0.010000000000218279	trials	phototagging
11429.1808	0.010033333332103211	trials	phototagging
11429.280966666667	0.00999999999839929	trials	phototagging
11429.3811	0.010033333332103211	trials	phototagging
11429.481266666666	0.010000000000218279	trials	phototagging
11439.596766666666	0.005000000001018634	trials	phototagging
11440.5983	0.004999999999199645	trials	phototagging
11441.599833333334	0.004999999999199645	trials	phototagging
11442.601366666666	0.005000000001018634	trials	phototagging
11443.6029	0.004999999999199645	trials	phototagging
11444.604433333332	0.005000000001018634	trials	phototagging
11445.605966666666	0.005000000001018634	trials	phototagging
11446.6075	0.004999999999199645	trials	phototagging
11447.609033333332	0.005000000001018634	trials	phototagging
11448.610566666666	0.004999999999199645	trials	phototagging
11449.6121	0.004999999999199645	trials	phototagging
11450.613633333332	0.005000000001018634	trials	phototagging
11451.615166666666	0.004999999999199645	trials	phototagging
11452.6167	0.004999999999199645	trials	phototagging
11453.618233333333	0.005000000001018634	trials	phototagging
11454.619766666667	0.004999999999199645	trials	phototagging
11455.621299999999	0.005000000001018634	trials	phototagging
11456.622833333333	0.004999999999199645	trials	phototagging
11457.624366666667	0.004999999999199645	trials	phototagging
11458.6259	0.005000000001018634	trials	phototagging
11459.627433333333	0.004999999999199645	trials	phototagging
11460.628966666667	0.004999999999199645	trials	phototagging
11461.6305	0.005000000001018634	trials	phototagging
11462.632033333333	0.004999999999199645	trials	phototagging
11463.633566666666	0.005000000001018634	trials	phototagging
11464.6351	0.005000000001018634	trials	phototagging
11465.636633333334	0.004999999999199645	trials	phototagging
11466.638166666666	0.005000000001018634	trials	phototagging
11467.6397	0.004999999999199645	trials	phototagging
11468.641233333334	0.004999999999199645	trials	phototagging
11479.658099999999	0.005000000001018634	trials	phototagging
11480.659633333333	0.005000000001018634	trials	phototagging
11481.661166666667	0.004999999999199645	trials	phototagging
11482.662699999999	0.005000000001018634	trials	phototagging
11483.664233333333	0.004999999999199645	trials	phototagging
11484.665766666667	0.004999999999199645	trials	phototagging
11485.6673	0.005000000001018634	trials	phototagging
11486.668833333333	0.004999999999199645	trials	phototagging
11487.670366666667	0.004999999999199645	trials	phototagging
11488.6719	0.005000000001018634	trials	phototagging
11489.673433333333	0.004999999999199645	trials	phototagging
11490.674966666666	0.005000000001018634	trials	phototagging
11491.6765	0.004999999999199645	trials	phototagging
11492.678033333334	0.004999999999199645	trials	phototagging
11493.679566666666	0.005000000001018634	trials	phototagging
11494.6811	0.004999999999199645	trials	phototagging
11495.682633333334	0.004999999999199645	trials	phototagging
11496.684166666666	0.005000000001018634	trials	phototagging
11497.6857	0.004999999999199645	trials	phototagging
11498.687233333332	0.005000000001018634	trials	phototagging
11499.688766666666	0.005033333332903567	trials	phototagging
11500.6903	0.004999999999199645	trials	phototagging
11501.691833333332	0.005000000001018634	trials	phototagging
11502.693366666666	0.004999999999199645	trials	phototagging
11503.6949	0.004999999999199645	trials	phototagging
11504.696433333333	0.005033333332903567	trials	phototagging
11505.697966666667	0.005033333332903567	trials	phototagging
11506.699499999999	0.005000000001018634	trials	phototagging
11507.701033333333	0.005033333332903567	trials	phototagging
11508.702566666667	0.004999999999199645	trials	phototagging
11519.719433333334	0.010033333332103211	trials	phototagging
11519.819599999999	0.010000000000218279	trials	phototagging
11519.919766666666	0.010000000000218279	trials	phototagging
11520.0199	0.0100333333339222	trials	phototagging
11520.120066666666	0.010000000000218279	trials	phototagging
11520.2202	0.0100333333339222	trials	phototagging
11520.320366666667	0.010033333332103211	trials	phototagging
11520.420533333332	0.010000000000218279	trials	phototagging
11520.520666666665	0.0100333333339222	trials	phototagging
11520.620833333332	0.010000000000218279	trials	phototagging
11520.721	0.010000000000218279	trials	phototagging
11520.821133333333	0.0100333333339222	trials	phototagging
11520.9213	0.010000000000218279	trials	phototagging
11521.021433333333	0.010033333332103211	trials	phototagging
11521.1216	0.00999999999839929	trials	phototagging
11521.221766666666	0.010000000000218279	trials	phototagging
11521.321899999999	0.0100333333339222	trials	phototagging
11521.422066666666	0.010000000000218279	trials	phototagging
11521.5222	0.0100333333339222	trials	phototagging
11521.622366666666	0.010000000000218279	trials	phototagging
11521.722533333334	0.010000000000218279	trials	phototagging
11521.822666666667	0.010000000000218279	trials	phototagging
11521.922833333332	0.010000000000218279	trials	phototagging
11522.022966666666	0.0100333333339222	trials	phototagging
11522.123133333333	0.010000000000218279	trials	phototagging
11522.2233	0.010000000000218279	trials	phototagging
11522.323433333333	0.010000000000218279	trials	phototagging
11522.4236	0.010000000000218279	trials	phototagging
11522.523733333333	0.010033333332103211	trials	phototagging
11522.6239	0.00999999999839929	trials	phototagging
11532.7394	0.004999999999199645	trials	phototagging
11533.740933333333	0.005000000001018634	trials	phototagging
11534.742466666667	0.004999999999199645	trials	phototagging
11535.743999999999	0.005000000001018634	trials	phototagging
11536.745533333333	0.005000000001018634	trials	phototagging
11537.747066666667	0.004999999999199645	trials	phototagging
11538.748599999999	0.005000000001018634	trials	phototagging
11539.750133333333	0.004999999999199645	trials	phototagging
11540.751666666667	0.004999999999199645	trials	phototagging
11541.7532	0.005000000001018634	trials	phototagging
11542.754733333333	0.004999999999199645	trials	phototagging
11543.756266666665	0.005000000001018634	trials	phototagging
11544.7578	0.005000000001018634	trials	phototagging
11545.759333333333	0.004999999999199645	trials	phototagging
11546.760866666666	0.005000000001018634	trials	phototagging
11547.7624	0.004999999999199645	trials	phototagging
11548.763933333334	0.004999999999199645	trials	phototagging
11549.765466666666	0.005000000001018634	trials	phototagging
11550.767	0.004999999999199645	trials	phototagging
11551.768533333334	0.004999999999199645	trials	phototagging
11552.770066666666	0.005000000001018634	trials	phototagging
11553.7716	0.004999999999199645	trials	phototagging
11554.773133333332	0.005000000001018634	trials	phototagging
11555.774666666666	0.004999999999199645	trials	phototagging
11556.7762	0.004999999999199645	trials	phototagging
11557.777733333332	0.005000000001018634	trials	phototagging
11558.779266666666	0.004999999999199645	trials	phototagging
11559.7808	0.004999999999199645	trials	phototagging
11560.782333333333	0.005000000001018634	trials	phototagging
11561.783866666667	0.004999999999199645	trials	phototagging
11572.800733333333	0.005033333332903567	trials	phototagging
11572.810766666666	0.005000000001018634	trials	phototagging
11572.820766666666	0.005000000001018634	trials	phototagging
11572.8308	0.004999999999199645	trials	phototagging
11572.8408	0.005033333332903567	trials	phototagging
11572.850833333334	0.004999999999199645	trials	phototagging
11572.860833333332	0.005000000001018634	trials	phototagging
11572.870866666666	0.004999999999199645	trials	phototagging
11572.880866666666	0.004999999999199645	trials	phototagging
11572.8909	0.004999999999199645	trials	phototagging
11572.900899999999	0.005000000001018634	trials	phototagging
11572.910933333333	0.005000000001018634	trials	phototagging
11572.920933333333	0.004999999999199645	trials	phototagging
11572.930933333333	0.005033333332903567	trials	phototagging
11572.940966666667	0.004999999999199645	trials	phototagging
11572.950966666665	0.005033333334722556	trials	phototagging
11572.961	0.005000000001018634	trials	phototagging
11572.971	0.004999999999199645	trials	phototagging
11572.981033333333	0.004999999999199645	trials	phototagging
11572.991033333334	0.004999999999199645	trials	phototagging
11573.001066666666	0.005000000001018634	trials	phototagging
11573.011066666666	0.005000000001018634	trials	phototagging
11573.021066666666	0.005033333332903567	trials	phototagging
11573.0311	0.004999999999199645	trials	phototagging
11573.0411	0.005033333332903567	trials	phototagging
11573.051133333332	0.005000000001018634	trials	phototagging
11573.061133333333	0.005000000001018634	trials	phototagging
11573.071166666667	0.004999999999199645	trials	phototagging
11573.081166666667	0.004999999999199645	trials	phototagging
11573.091199999999	0.005000000001018634	trials	phototagging
11583.116533333334	0.010033333332103211	trials	phototagging
11583.216699999999	0.0100333333339222	trials	phototagging
11583.316866666666	0.010000000000218279	trials	phototagging
11583.417	0.0100333333339222	trials	phototagging
11583.517166666667	0.010000000000218279	trials	phototagging
11583.6173	0.0100333333339222	trials	phototagging
11583.717466666667	0.010033333332103211	trials	phototagging
11583.817633333332	0.010000000000218279	trials	phototagging
11583.917766666666	0.0100333333339222	trials	phototagging
11584.017933333333	0.010000000000218279	trials	phototagging
11584.1181	0.010000000000218279	trials	phototagging
11584.218233333333	0.0100333333339222	trials	phototagging
11584.3184	0.010000000000218279	trials	phototagging
11584.418533333333	0.010033333332103211	trials	phototagging
11584.518699999999	0.010000000000218279	trials	phototagging
11584.618866666666	0.010000000000218279	trials	phototagging
11584.719	0.010000000000218279	trials	phototagging
11584.819166666666	0.010000000000218279	trials	phototagging
11584.9193	0.0100333333339222	trials	phototagging
11585.019466666667	0.010000000000218279	trials	phototagging
11585.1196	0.010033333332103211	trials	phototagging
11585.219766666667	0.00999999999839929	trials	phototagging
11585.319933333332	0.010000000000218279	trials	phototagging
11585.420066666666	0.0100333333339222	trials	phototagging
11585.520233333333	0.010000000000218279	trials	phototagging
11585.620366666666	0.0100333333339222	trials	phototagging
11585.720533333333	0.010000000000218279	trials	phototagging
11585.8207	0.010000000000218279	trials	phototagging
11585.920833333334	0.010033333332103211	trials	phototagging
11586.020999999999	0.010000000000218279	trials	phototagging
11596.1365	0.10013333333154151	trials	phototagging
11597.138033333333	0.1001333333333605	trials	phototagging
11598.139566666667	0.1001333333333605	trials	phototagging
11599.141099999999	0.1001333333333605	trials	phototagging
11600.142633333333	0.1001333333333605	trials	phototagging
11601.144166666667	0.10016666666524543	trials	phototagging
11602.1457	0.10016666666706442	trials	phototagging
11603.147233333333	0.1001333333333605	trials	phototagging
11604.148766666667	0.1001333333333605	trials	phototagging
11605.1503	0.10016666666706442	trials	phototagging
11606.151833333333	0.1001333333333605	trials	phototagging
11607.153366666666	0.1001333333333605	trials	phototagging
11618.170233333332	0.005000000001018634	trials	phototagging
11618.180266666666	0.004999999999199645	trials	phototagging
11618.190266666667	0.004999999999199645	trials	phototagging
11618.2003	0.004999999999199645	trials	phototagging
11618.210299999999	0.005000000001018634	trials	phototagging
11618.220299999999	0.005033333334722556	trials	phototagging
11618.230333333333	0.004999999999199645	trials	phototagging
11618.240333333333	0.005033333332903567	trials	phototagging
11618.250366666667	0.004999999999199645	trials	phototagging
11618.260366666666	0.005000000001018634	trials	phototagging
11618.2704	0.005000000001018634	trials	phototagging
11618.2804	0.004999999999199645	trials	phototagging
11618.290433333334	0.004999999999199645	trials	phototagging
11618.300433333334	0.004999999999199645	trials	phototagging
11618.310433333332	0.005033333334722556	trials	phototagging
11618.320466666666	0.005000000001018634	trials	phototagging
11618.330466666666	0.005033333332903567	trials	phototagging
11618.3405	0.004999999999199645	trials	phototagging
11618.3505	0.005033333332903567	trials	phototagging
11618.360533333333	0.005000000001018634	trials	phototagging
11618.370533333333	0.005000000001018634	trials	phototagging
11618.380566666667	0.004999999999199645	trials	phototagging
11618.390566666667	0.005033333332903567	trials	phototagging
11618.400599999999	0.005000000001018634	trials	phototagging
11618.4106	0.005000000001018634	trials	phototagging
11618.4206	0.005033333332903567	trials	phototagging
11618.430633333333	0.004999999999199645	trials	phototagging
11618.440666666665	0.005000000001018634	trials	phototagging
11618.450666666666	0.005000000001018634	trials	phototagging
11618.460666666666	0.005033333332903567	trials	phototagging
11628.486033333333	0.10016666666706442	trials	phototagging
11629.487566666667	0.10016666666706442	trials	phototagging
11630.489099999999	0.10016666666706442	trials	phototagging
11631.490633333333	0.10016666666706442	trials	phototagging
11632.492166666667	0.10016666666524543	trials	phototagging
11633.493699999999	0.10016666666706442	trials	phototagging
11634.495233333333	0.10016666666706442	trials	phototagging
11635.496766666667	0.10016666666524543	trials	phototagging
11636.4983	0.10016666666706442	trials	phototagging
11637.499833333333	0.10016666666706442	trials	phototagging
11638.501366666665	0.10016666666706442	trials	phototagging
11639.5029	0.10016666666706442	trials	phototagging
11650.5198	0.010000000000218279	trials	phototagging
11650.619933333333	0.010033333332103211	trials	phototagging
11650.7201	0.00999999999839929	trials	phototagging
11650.820233333334	0.010033333332103211	trials	phototagging
11650.920399999999	0.010000000000218279	trials	phototagging
11651.020533333332	0.0100333333339222	trials	phototagging
11651.1207	0.0100333333339222	trials	phototagging
11651.220866666667	0.010000000000218279	trials	phototagging
11651.321	0.0100333333339222	trials	phototagging
11651.421166666667	0.010033333332103211	trials	phototagging
11651.521333333332	0.010000000000218279	trials	phototagging
11651.621466666666	0.0100333333339222	trials	phototagging
11651.721633333333	0.010000000000218279	trials	phototagging
11651.821766666666	0.0100333333339222	trials	phototagging
11651.921933333333	0.010000000000218279	trials	phototagging
11652.0221	0.010000000000218279	trials	phototagging
11652.122233333333	0.010033333332103211	trials	phototagging
11652.222399999999	0.010000000000218279	trials	phototagging
11652.322533333332	0.0100333333339222	trials	phototagging
11652.4227	0.010000000000218279	trials	phototagging
11652.522866666666	0.010000000000218279	trials	phototagging
11652.623	0.0100333333339222	trials	phototagging
11652.723166666667	0.010000000000218279	trials	phototagging
11652.8233	0.010033333332103211	trials	phototagging
11652.923466666667	0.010033333332103211	trials	phototagging
11653.023633333332	0.010000000000218279	trials	phototagging
11653.123766666666	0.0100333333339222	trials	phototagging
11653.223933333333	0.010000000000218279	trials	phototagging
11653.3241	0.010000000000218279	trials	phototagging
11653.424233333333	0.0100333333339222	trials	phototagging
11663.539733333333	0.004999999999199645	trials	phototagging
11664.541266666667	0.004999999999199645	trials	phototagging
11665.5428	0.005000000001018634	trials	phototagging
11666.544333333333	0.004999999999199645	trials	phototagging
11667.545866666665	0.005000000001018634	trials	phototagging
11668.5474	0.005000000001018634	trials	phototagging
11669.548933333333	0.004999999999199645	trials	phototagging
11670.550466666666	0.005000000001018634	trials	phototagging
11671.552	0.004999999999199645	trials	phototagging
11672.553533333334	0.004999999999199645	trials	phototagging
11673.555066666666	0.005000000001018634	trials	phototagging
11674.5566	0.004999999999199645	trials	phototagging
11675.558133333332	0.005000000001018634	trials	phototagging
11676.559666666666	0.005000000001018634	trials	phototagging
11677.5612	0.005033333332903567	trials	phototagging
11678.562733333332	0.005033333334722556	trials	phototagging
11679.564266666666	0.004999999999199645	trials	phototagging
11680.5658	0.004999999999199645	trials	phototagging
11681.567333333332	0.005033333332903567	trials	phototagging
11682.568866666667	0.005033333332903567	trials	phototagging
11683.570433333332	0.005000000001018634	trials	phototagging
11684.571933333333	0.005033333332903567	trials	phototagging
11685.573466666667	0.005033333332903567	trials	phototagging
11686.575033333333	0.005000000001018634	trials	phototagging
11687.576533333333	0.005033333332903567	trials	phototagging
11688.578066666667	0.005033333332903567	trials	phototagging
11689.579633333333	0.005000000001018634	trials	phototagging
11690.581166666667	0.004999999999199645	trials	phototagging
11691.582699999999	0.005000000001018634	trials	phototagging
11692.584233333333	0.004999999999199645	trials	phototagging
11703.6011	0.004999999999199645	trials	phototagging
11704.602633333332	0.005000000001018634	trials	phototagging
11705.604166666666	0.005000000001018634	trials	phototagging
11706.6057	0.004999999999199645	trials	phototagging
11707.607233333332	0.005000000001018634	trials	phototagging
11708.608766666666	0.004999999999199645	trials	phototagging
11709.6103	0.004999999999199645	trials	phototagging
11710.611833333332	0.005000000001018634	trials	phototagging
11711.613366666666	0.004999999999199645	trials	phototagging
11712.6149	0.004999999999199645	trials	phototagging
11713.616433333333	0.005000000001018634	trials	phototagging
11714.617966666667	0.004999999999199645	trials	phototagging
11715.619499999999	0.005000000001018634	trials	phototagging
11716.621033333333	0.004999999999199645	trials	phototagging
11717.622566666667	0.005033333332903567	trials	phototagging
11718.624099999999	0.005000000001018634	trials	phototagging
11719.625633333333	0.004999999999199645	trials	phototagging
11720.627166666667	0.005033333332903567	trials	phototagging
11721.6287	0.005033333332903567	trials	phototagging
11722.630233333333	0.005033333332903567	trials	phototagging
11723.631766666665	0.005033333334722556	trials	phototagging
11724.6333	0.005000000001018634	trials	phototagging
11725.634833333334	0.005033333332903567	trials	phototagging
11726.636366666666	0.005033333334722556	trials	phototagging
11727.637933333333	0.004999999999199645	trials	phototagging
11728.639466666666	0.005000000001018634	trials	phototagging
11729.640966666666	0.005033333332903567	trials	phototagging
11730.6425	0.005033333332903567	trials	phototagging
11731.644066666666	0.005000000001018634	trials	phototagging
11732.645566666666	0.005033333332903567	trials	phototagging
11743.662466666667	0.010000000000218279	trials	phototagging
11743.762633333334	0.00999999999839929	trials	phototagging
11743.862766666667	0.010033333332103211	trials	phototagging
11743.962933333332	0.010000000000218279	trials	phototagging
11744.063066666666	0.0100333333339222	trials	phototagging
11744.163233333333	0.010000000000218279	trials	phototagging
11744.2634	0.010000000000218279	trials	phototagging
11744.363533333333	0.010000000000218279	trials	phototagging
11744.4637	0.010000000000218279	trials	phototagging
11744.563833333334	0.010033333332103211	trials	phototagging
11744.663999999999	0.010000000000218279	trials	phototagging
11744.764133333332	0.0100333333339222	trials	phototagging
11744.8643	0.010000000000218279	trials	phototagging
11744.964466666666	0.010000000000218279	trials	phototagging
11745.0646	0.0100333333339222	trials	phototagging
11745.164766666667	0.010000000000218279	trials	phototagging
11745.2649	0.010033333332103211	trials	phototagging
11745.365066666667	0.00999999999839929	trials	phototagging
11745.465233333332	0.010000000000218279	trials	phototagging
11745.565366666666	0.0100333333339222	trials	phototagging
11745.665533333333	0.010000000000218279	trials	phototagging
11745.765666666666	0.0100333333339222	trials	phototagging
11745.865833333333	0.010033333332103211	trials	phototagging
11745.966	0.00999999999839929	trials	phototagging
11746.066133333334	0.010033333332103211	trials	phototagging
11746.166299999999	0.0100333333339222	trials	phototagging
11746.266466666666	0.010000000000218279	trials	phototagging
11746.3666	0.0100333333339222	trials	phototagging
11746.466766666666	0.010000000000218279	trials	phototagging
11746.5669	0.0100333333339222	trials	phototagging
11897.300866666666	0.1001333333333605	trials	phototagging
11898.302366666667	0.10016666666706442	trials	phototagging
11899.303933333333	0.1001333333333605	trials	phototagging
11900.305466666667	0.1001333333333605	trials	phototagging
11901.306966666667	0.10016666666524543	trials	phototagging
11902.3085	0.10016666666706442	trials	phototagging
11903.310066666667	0.1001333333333605	trials	phototagging
11904.311599999999	0.1001333333333605	trials	phototagging
11905.3131	0.10016666666706442	trials	phototagging
11906.314666666667	0.1001333333333605	trials	phototagging
11907.3162	0.1001333333333605	trials	phototagging
11908.3177	0.10016666666706442	trials	phototagging
11919.3346	0.004999999999199645	trials	phototagging
11919.3446	0.005033333332903567	trials	phototagging
11919.354633333332	0.005000000001018634	trials	phototagging
11919.364633333333	0.005000000001018634	trials	phototagging
11919.374666666667	0.004999999999199645	trials	phototagging
11919.384666666667	0.004999999999199645	trials	phototagging
11919.394699999999	0.005000000001018634	trials	phototagging
11919.4047	0.005000000001018634	trials	phototagging
11919.414733333333	0.004999999999199645	trials	phototagging
11919.424733333333	0.004999999999199645	trials	phototagging
11919.434733333333	0.005033333332903567	trials	phototagging
11919.444766666666	0.005000000001018634	trials	phototagging
11919.454766666666	0.005033333332903567	trials	phototagging
11919.4648	0.004999999999199645	trials	phototagging
11919.4748	0.004999999999199645	trials	phototagging
11919.484833333332	0.005000000001018634	trials	phototagging
11919.494833333332	0.005000000001018634	trials	phototagging
11919.504866666666	0.004999999999199645	trials	phototagging
11919.514866666666	0.004999999999199645	trials	phototagging
11919.524866666667	0.005033333332903567	trials	phototagging
11919.534899999999	0.005000000001018634	trials	phototagging
11919.544899999999	0.005033333334722556	trials	phototagging
11919.554933333333	0.004999999999199645	trials	phototagging
11919.564933333333	0.004999999999199645	trials	phototagging
11919.574966666667	0.004999999999199645	trials	phototagging
11919.584966666665	0.005000000001018634	trials	phototagging
11919.595	0.005000000001018634	trials	phototagging
11919.605	0.004999999999199645	trials	phototagging
11919.615033333333	0.004999999999199645	trials	phototagging
11919.625033333334	0.004999999999199645	trials	phototagging
11929.6504	0.00999999999839929	trials	phototagging
11929.750533333334	0.010033333332103211	trials	phototagging
11929.850699999999	0.010000000000218279	trials	phototagging
11929.950866666666	0.010000000000218279	trials	phototagging
11930.051	0.0100333333339222	trials	phototagging
11930.151166666667	0.0100333333339222	trials	phototagging
11930.2513	0.0100333333339222	trials	phototagging
11930.351466666667	0.010000000000218279	trials	phototagging
11930.451633333332	0.010000000000218279	trials	phototagging
11930.551766666666	0.0100333333339222	trials	phototagging
11930.651933333333	0.010000000000218279	trials	phototagging
11930.752066666666	0.0100333333339222	trials	phototagging
11930.852233333333	0.0100333333339222	trials	phototagging
11930.9524	0.010000000000218279	trials	phototagging
11931.052533333333	0.010033333332103211	trials	phototagging
11931.152699999999	0.010000000000218279	trials	phototagging
11931.252833333332	0.0100333333339222	trials	phototagging
11931.353	0.0100333333339222	trials	phototagging
11931.453166666666	0.010000000000218279	trials	phototagging
11931.5533	0.0100333333339222	trials	phototagging
11931.653466666667	0.010000000000218279	trials	phototagging
11931.753633333334	0.00999999999839929	trials	phototagging
11931.853766666667	0.010033333332103211	trials	phototagging
11931.953933333332	0.010000000000218279	trials	phototagging
11932.054066666666	0.0100333333339222	trials	phototagging
11932.154233333333	0.010000000000218279	trials	phototagging
11932.2544	0.010000000000218279	trials	phototagging
11932.354533333333	0.010000000000218279	trials	phototagging
11932.4547	0.010000000000218279	trials	phototagging
11932.554833333334	0.010033333332103211	trials	phototagging
11942.670333333333	0.004999999999199645	trials	phototagging
11943.671866666666	0.005000000001018634	trials	phototagging
11944.6734	0.004999999999199645	trials	phototagging
11945.674933333334	0.004999999999199645	trials	phototagging
11946.676466666666	0.005033333332903567	trials	phototagging
11947.678	0.005033333332903567	trials	phototagging
11948.679533333332	0.005000000001018634	trials	phototagging
11949.681066666666	0.005033333332903567	trials	phototagging
11950.6826	0.004999999999199645	trials	phototagging
11951.684133333332	0.005033333334722556	trials	phototagging
11952.685666666666	0.005033333332903567	trials	phototagging
11953.6872	0.004999999999199645	trials	phototagging
11954.688733333332	0.005000000001018634	trials	phototagging
11955.690266666667	0.005033333332903567	trials	phototagging
11956.6918	0.004999999999199645	trials	phototagging
11957.693333333333	0.005000000001018634	trials	phototagging
11958.694866666667	0.005033333332903567	trials	phototagging
11959.696399999999	0.005033333334722556	trials	phototagging
11960.697966666667	0.004999999999199645	trials	phototagging
11961.699499999999	0.005000000001018634	trials	phototagging
11962.701	0.005033333334722556	trials	phototagging
11963.702566666667	0.004999999999199645	trials	phototagging
11964.704066666667	0.005033333332903567	trials	phototagging
11965.705633333333	0.004999999999199645	trials	phototagging
11966.707166666667	0.004999999999199645	trials	phototagging
11967.7087	0.005000000001018634	trials	phototagging
11968.710233333333	0.004999999999199645	trials	phototagging
11969.711766666665	0.005000000001018634	trials	phototagging
11970.7133	0.005000000001018634	trials	phototagging
11971.714833333333	0.004999999999199645	trials	phototagging
11982.7317	0.004999999999199645	trials	phototagging
11983.733233333332	0.005000000001018634	trials	phototagging
11984.734766666666	0.004999999999199645	trials	phototagging
11985.7363	0.004999999999199645	trials	phototagging
11986.737833333333	0.005000000001018634	trials	phototagging
11987.739366666667	0.004999999999199645	trials	phototagging
11988.740899999999	0.005000000001018634	trials	phototagging
11989.742433333333	0.004999999999199645	trials	phototagging
11990.743966666667	0.005033333332903567	trials	phototagging
11991.745499999999	0.005033333334722556	trials	phototagging
11992.747033333333	0.004999999999199645	trials	phototagging
11993.748566666667	0.004999999999199645	trials	phototagging
11994.7501	0.005000000001018634	trials	phototagging
11995.751633333333	0.004999999999199645	trials	phototagging
11996.753166666665	0.005033333334722556	trials	phototagging
11997.7547	0.005033333332903567	trials	phototagging
11998.756233333334	0.005033333332903567	trials	phototagging
11999.7578	0.005000000001018634	trials	phototagging
12000.7593	0.005033333332903567	trials	phototagging
12001.760833333334	0.005033333332903567	trials	phototagging
12002.762366666666	0.005033333332903567	trials	phototagging
12003.7639	0.005033333332903567	trials	phototagging
12004.765466666666	0.005000000001018634	trials	phototagging
12005.767	0.004999999999199645	trials	phototagging
12006.7685	0.005033333332903567	trials	phototagging
12007.770033333332	0.005033333334722556	trials	phototagging
12008.7716	0.004999999999199645	trials	phototagging
12009.773133333332	0.005000000001018634	trials	phototagging
12010.774666666666	0.004999999999199645	trials	phototagging
12011.7762	0.004999999999199645	trials	phototagging
12022.793066666667	0.00999999999839929	trials	phototagging
12022.8932	0.010033333332103211	trials	phototagging
12022.993366666666	0.0100333333339222	trials	phototagging
12023.093533333333	0.010000000000218279	trials	phototagging
12023.193666666666	0.0100333333339222	trials	phototagging
12023.293833333333	0.010000000000218279	trials	phototagging
12023.394	0.010000000000218279	trials	phototagging
12023.494133333334	0.010033333332103211	trials	phototagging
12023.594299999999	0.010000000000218279	trials	phototagging
12023.694433333332	0.0100333333339222	trials	phototagging
12023.7946	0.0100333333339222	trials	phototagging
12023.894766666666	0.010000000000218279	trials	phototagging
12023.9949	0.0100333333339222	trials	phototagging
12024.095066666667	0.010000000000218279	trials	phototagging
12024.1952	0.010033333332103211	trials	phototagging
12024.295366666667	0.00999999999839929	trials	phototagging
12024.395533333332	0.010000000000218279	trials	phototagging
12024.495666666666	0.0100333333339222	trials	phototagging
12024.595833333333	0.010000000000218279	trials	phototagging
12024.695966666666	0.0100333333339222	trials	phototagging
12024.796133333333	0.0100333333339222	trials	phototagging
12024.8963	0.00999999999839929	trials	phototagging
12024.996433333334	0.010033333332103211	trials	phototagging
12025.096599999999	0.010000000000218279	trials	phototagging
12025.196733333332	0.0100333333339222	trials	phototagging
12025.2969	0.010000000000218279	trials	phototagging
12025.397066666666	0.010000000000218279	trials	phototagging
12025.4972	0.0100333333339222	trials	phototagging
12025.597366666667	0.010000000000218279	trials	phototagging
12025.6975	0.010033333332103211	trials	phototagging
12035.813	0.004999999999199645	trials	phototagging
12036.814533333332	0.005033333334722556	trials	phototagging
12037.816066666666	0.005033333332903567	trials	phototagging
12038.8176	0.005033333332903567	trials	phototagging
12039.819133333333	0.005033333332903567	trials	phototagging
12040.820666666667	0.004999999999199645	trials	phototagging
12041.8222	0.004999999999199645	trials	phototagging
12042.823733333333	0.005033333332903567	trials	phototagging
12043.825266666667	0.005033333332903567	trials	phototagging
12044.826833333333	0.005000000001018634	trials	phototagging
12045.828333333333	0.005033333332903567	trials	phototagging
12046.829866666667	0.005033333332903567	trials	phototagging
12047.831433333333	0.005000000001018634	trials	phototagging
12048.832966666667	0.004999999999199645	trials	phototagging
12049.834499999999	0.005000000001018634	trials	phototagging
12050.836033333333	0.004999999999199645	trials	phototagging
12051.837566666667	0.004999999999199645	trials	phototagging
12052.8391	0.005000000001018634	trials	phototagging
12053.840633333333	0.004999999999199645	trials	phototagging
12054.842166666665	0.005000000001018634	trials	phototagging
12055.8437	0.005000000001018634	trials	phototagging
12056.845233333333	0.004999999999199645	trials	phototagging
12057.846766666666	0.005000000001018634	trials	phototagging
12058.8483	0.004999999999199645	trials	phototagging
12059.849833333334	0.004999999999199645	trials	phototagging
12060.851366666666	0.005000000001018634	trials	phototagging
12061.8529	0.004999999999199645	trials	phototagging
12062.854433333332	0.005000000001018634	trials	phototagging
12063.855966666666	0.005000000001018634	trials	phototagging
12064.8575	0.004999999999199645	trials	phototagging
12075.874366666667	0.004999999999199645	trials	phototagging
12075.884399999999	0.005000000001018634	trials	phototagging
12075.8944	0.005000000001018634	trials	phototagging
12075.904433333333	0.004999999999199645	trials	phototagging
12075.914433333333	0.004999999999199645	trials	phototagging
12075.924466666665	0.005000000001018634	trials	phototagging
12075.934466666666	0.005000000001018634	trials	phototagging
12075.944466666666	0.005033333332903567	trials	phototagging
12075.9545	0.004999999999199645	trials	phototagging
12075.964533333334	0.004999999999199645	trials	phototagging
12075.974533333332	0.005000000001018634	trials	phototagging
12075.984533333332	0.005000000001018634	trials	phototagging
12075.994566666666	0.004999999999199645	trials	phototagging
12076.004566666667	0.005033333332903567	trials	phototagging
12076.0146	0.004999999999199645	trials	phototagging
12076.024599999999	0.005000000001018634	trials	phototagging
12076.034633333333	0.005000000001018634	trials	phototagging
12076.044633333333	0.004999999999199645	trials	phototagging
12076.054666666667	0.004999999999199645	trials	phototagging
12076.064666666667	0.004999999999199645	trials	phototagging
12076.0747	0.005000000001018634	trials	phototagging
12076.0847	0.005000000001018634	trials	phototagging
12076.0947	0.005033333332903567	trials	phototagging
12076.104733333334	0.004999999999199645	trials	phototagging
12076.114733333334	0.005033333332903567	trials	phototagging
12076.124766666666	0.005000000001018634	trials	phototagging
12076.134766666666	0.005000000001018634	trials	phototagging
12076.1448	0.004999999999199645	trials	phototagging
12076.1548	0.004999999999199645	trials	phototagging
12076.164833333332	0.005000000001018634	trials	phototagging
12086.190166666665	0.0100333333339222	trials	phototagging
12086.290333333332	0.010000000000218279	trials	phototagging
12086.390466666666	0.0100333333339222	trials	phototagging
12086.490633333333	0.010000000000218279	trials	phototagging
12086.5908	0.010000000000218279	trials	phototagging
12086.690933333333	0.010033333332103211	trials	phototagging
12086.7911	0.00999999999839929	trials	phototagging
12086.891233333334	0.010033333332103211	trials	phototagging
12086.991399999999	0.0100333333339222	trials	phototagging
12087.091566666666	0.010000000000218279	trials	phototagging
12087.1917	0.0100333333339222	trials	phototagging
12087.291866666666	0.0100333333339222	trials	phototagging
12087.392033333334	0.010000000000218279	trials	phototagging
12087.492166666667	0.010033333332103211	trials	phototagging
12087.592333333332	0.010000000000218279	trials	phototagging
12087.692466666665	0.0100333333339222	trials	phototagging
12087.792633333333	0.010000000000218279	trials	phototagging
12087.8928	0.010000000000218279	trials	phototagging
12087.992933333333	0.0100333333339222	trials	phototagging
12088.0931	0.010000000000218279	trials	phototagging
12088.193233333333	0.010033333332103211	trials	phototagging
12088.2934	0.00999999999839929	trials	phototagging
12088.393566666666	0.010000000000218279	trials	phototagging
12088.493699999999	0.0100333333339222	trials	phototagging
12088.593866666666	0.010000000000218279	trials	phototagging
12088.694	0.0100333333339222	trials	phototagging
12088.794166666667	0.010000000000218279	trials	phototagging
12088.894333333334	0.010000000000218279	trials	phototagging
12088.994466666667	0.010033333332103211	trials	phototagging
12089.094633333332	0.010000000000218279	trials	phototagging
12099.210133333332	0.1001333333333605	trials	phototagging
12100.211666666666	0.1001333333333605	trials	phototagging
12101.2132	0.1001333333333605	trials	phototagging
12102.214733333332	0.1001333333333605	trials	phototagging
12103.216266666666	0.1001333333333605	trials	phototagging
12104.2178	0.1001333333333605	trials	phototagging
12105.219333333333	0.1001333333333605	trials	phototagging
12106.220866666667	0.1001333333333605	trials	phototagging
12107.222399999999	0.1001333333333605	trials	phototagging
12108.223933333333	0.1001333333333605	trials	phototagging
12109.225466666667	0.10016666666706442	trials	phototagging
12110.226999999999	0.10016666666706442	trials	phototagging
12121.243866666666	0.005000000001018634	trials	phototagging
12121.2539	0.004999999999199645	trials	phototagging
12121.2639	0.004999999999199645	trials	phototagging
12121.2739	0.005033333332903567	trials	phototagging
12121.283933333332	0.005000000001018634	trials	phototagging
12121.293933333332	0.005033333334722556	trials	phototagging
12121.303966666666	0.004999999999199645	trials	phototagging
12121.313966666667	0.005033333332903567	trials	phototagging
12121.324	0.004999999999199645	trials	phototagging
12121.333999999999	0.005033333334722556	trials	phototagging
12121.344033333333	0.005000000001018634	trials	phototagging
12121.354033333333	0.004999999999199645	trials	phototagging
12121.364066666667	0.004999999999199645	trials	phototagging
12121.374066666665	0.005000000001018634	trials	phototagging
12121.3841	0.005000000001018634	trials	phototagging
12121.3941	0.004999999999199645	trials	phototagging
12121.404133333333	0.004999999999199645	trials	phototagging
12121.414133333334	0.004999999999199645	trials	phototagging
12121.424133333332	0.005033333334722556	trials	phototagging
12121.434166666666	0.005000000001018634	trials	phototagging
12121.4442	0.004999999999199645	trials	phototagging
12121.4542	0.004999999999199645	trials	phototagging
12121.4642	0.005033333332903567	trials	phototagging
12121.474233333332	0.005000000001018634	trials	phototagging
12121.484233333333	0.005033333332903567	trials	phototagging
12121.494266666667	0.004999999999199645	trials	phototagging
12121.504266666667	0.005033333332903567	trials	phototagging
12121.514299999999	0.005000000001018634	trials	phototagging
12121.5243	0.005000000001018634	trials	phototagging
12121.534333333333	0.004999999999199645	trials	phototagging
12131.559666666666	0.10016666666706442	trials	phototagging
12132.5612	0.10016666666706442	trials	phototagging
12133.562733333332	0.10016666666706442	trials	phototagging
12134.564266666666	0.10016666666706442	trials	phototagging
12135.5658	0.10016666666524543	trials	phototagging
12136.567333333332	0.10016666666706442	trials	phototagging
12137.568866666667	0.10016666666706442	trials	phototagging
12138.5704	0.10016666666524543	trials	phototagging
12139.571966666666	0.1001333333333605	trials	phototagging
12140.5735	0.1001333333333605	trials	phototagging
12141.575033333333	0.1001333333333605	trials	phototagging
12142.576566666667	0.1001333333333605	trials	phototagging
12153.593433333333	0.010000000000218279	trials	phototagging
12153.6936	0.00999999999839929	trials	phototagging
12153.793733333332	0.0100333333339222	trials	phototagging
12153.8939	0.010000000000218279	trials	phototagging
12153.994033333332	0.0100333333339222	trials	phototagging
12154.0942	0.010000000000218279	trials	phototagging
12154.194366666667	0.010000000000218279	trials	phototagging
12154.2945	0.010000000000218279	trials	phototagging
12154.394666666667	0.00999999999839929	trials	phototagging
12154.4948	0.010033333332103211	trials	phototagging
12154.594966666666	0.010000000000218279	trials	phototagging
12154.695099999999	0.0100333333339222	trials	phototagging
12154.795266666666	0.0100333333339222	trials	phototagging
12154.895433333333	0.010000000000218279	trials	phototagging
12154.995566666666	0.0100333333339222	trials	phototagging
12155.095733333334	0.010033333332103211	trials	phototagging
12155.195866666667	0.010033333332103211	trials	phototagging
12155.296033333332	0.0100333333339222	trials	phototagging
12155.3962	0.010000000000218279	trials	phototagging
12155.496333333333	0.0100333333339222	trials	phototagging
12155.5965	0.010000000000218279	trials	phototagging
12155.696633333333	0.0100333333339222	trials	phototagging
12155.7968	0.010033333332103211	trials	phototagging
12155.896966666667	0.00999999999839929	trials	phototagging
12155.9971	0.010033333332103211	trials	phototagging
12156.097266666666	0.0100333333339222	trials	phototagging
12156.197433333333	0.010000000000218279	trials	phototagging
12156.297566666666	0.0100333333339222	trials	phototagging
12156.397733333333	0.010000000000218279	trials	phototagging
12156.4979	0.010000000000218279	trials	phototagging
12166.613366666666	0.005033333332903567	trials	phototagging
12167.6149	0.004999999999199645	trials	phototagging
12168.616433333333	0.005000000001018634	trials	phototagging
12169.617966666667	0.005033333332903567	trials	phototagging
12170.619499999999	0.005033333334722556	trials	phototagging
12171.621066666667	0.004999999999199645	trials	phototagging
12172.622566666667	0.005033333332903567	trials	phototagging
12173.624099999999	0.005033333334722556	trials	phototagging
12174.625666666667	0.004999999999199645	trials	phototagging
12175.627199999999	0.005000000001018634	trials	phototagging
12176.6287	0.005033333332903567	trials	phototagging
12177.630266666667	0.004999999999199645	trials	phototagging
12178.6318	0.005000000001018634	trials	phototagging
12179.633333333333	0.004999999999199645	trials	phototagging
12180.634866666665	0.005000000001018634	trials	phototagging
12181.6364	0.005000000001018634	trials	phototagging
12182.637933333333	0.004999999999199645	trials	phototagging
12183.639466666666	0.005000000001018634	trials	phototagging
12184.641	0.004999999999199645	trials	phototagging
12185.642533333334	0.004999999999199645	trials	phototagging
12186.644066666666	0.005000000001018634	trials	phototagging
12187.6456	0.004999999999199645	trials	phototagging
12188.647133333334	0.004999999999199645	trials	phototagging
12189.648666666666	0.005000000001018634	trials	phototagging
12190.6502	0.004999999999199645	trials	phototagging
12191.651733333332	0.005000000001018634	trials	phototagging
12192.653266666666	0.004999999999199645	trials	phototagging
12193.6548	0.004999999999199645	trials	phototagging
12194.656333333332	0.005000000001018634	trials	phototagging
12195.657866666666	0.005033333332903567	trials	phototagging
12206.674766666667	0.004999999999199645	trials	phototagging
12207.6763	0.005000000001018634	trials	phototagging
12208.677833333333	0.004999999999199645	trials	phototagging
12209.679366666667	0.004999999999199645	trials	phototagging
12210.6809	0.005000000001018634	trials	phototagging
12211.682433333333	0.004999999999199645	trials	phototagging
12212.683966666666	0.005000000001018634	trials	phototagging
12213.6855	0.004999999999199645	trials	phototagging
12214.687033333334	0.004999999999199645	trials	phototagging
12215.688566666666	0.005000000001018634	trials	phototagging
12216.6901	0.004999999999199645	trials	phototagging
12217.691633333334	0.004999999999199645	trials	phototagging
12218.693166666666	0.005000000001018634	trials	phototagging
12219.6947	0.004999999999199645	trials	phototagging
12220.696233333332	0.005000000001018634	trials	phototagging
12221.697766666666	0.004999999999199645	trials	phototagging
12222.6993	0.004999999999199645	trials	phototagging
12223.700833333332	0.005000000001018634	trials	phototagging
12224.702366666666	0.004999999999199645	trials	phototagging
12225.7039	0.004999999999199645	trials	phototagging
12226.705433333333	0.005033333332903567	trials	phototagging
12227.706966666667	0.005033333332903567	trials	phototagging
12228.708499999999	0.005000000001018634	trials	phototagging
12229.710033333333	0.005033333332903567	trials	phototagging
12230.711566666667	0.005033333332903567	trials	phototagging
12231.713099999999	0.005033333334722556	trials	phototagging
12232.714666666667	0.004999999999199645	trials	phototagging
12233.716166666667	0.005033333332903567	trials	phototagging
12234.7177	0.005033333332903567	trials	phototagging
12235.719266666667	0.004999999999199645	trials	phototagging
12246.736133333334	0.00999999999839929	trials	phototagging
12246.836266666667	0.010033333332103211	trials	phototagging
12246.936433333332	0.0100333333339222	trials	phototagging
12247.0366	0.010000000000218279	trials	phototagging
12247.136733333333	0.0100333333339222	trials	phototagging
12247.2369	0.0100333333339222	trials	phototagging
12247.337066666667	0.010000000000218279	trials	phototagging
12247.4372	0.010033333332103211	trials	phototagging
12247.537366666666	0.010000000000218279	trials	phototagging
12247.637533333333	0.010000000000218279	trials	phototagging
12247.737666666666	0.010000000000218279	trials	phototagging
12247.837833333333	0.010000000000218279	trials	phototagging
12247.937966666666	0.0100333333339222	trials	phototagging
12248.038133333333	0.010000000000218279	trials	phototagging
12248.138266666667	0.010033333332103211	trials	phototagging
12248.238433333332	0.010000000000218279	trials	phototagging
12248.3386	0.010000000000218279	trials	phototagging
12248.438733333332	0.0100333333339222	trials	phototagging
12248.5389	0.010000000000218279	trials	phototagging
12248.639033333333	0.0100333333339222	trials	phototagging
12248.7392	0.010000000000218279	trials	phototagging
12248.839366666667	0.00999999999839929	trials	phototagging
12248.9395	0.010033333332103211	trials	phototagging
12249.039666666666	0.010000000000218279	trials	phototagging
12249.139799999999	0.0100333333339222	trials	phototagging
12249.239966666666	0.0100333333339222	trials	phototagging
12249.3401	0.0100333333339222	trials	phototagging
12249.440266666667	0.0100333333339222	trials	phototagging
12249.540433333334	0.010000000000218279	trials	phototagging
12249.640566666667	0.010033333332103211	trials	phototagging
