onset	duration	nwb_table	trial_type
53.28913333333185	0.26996666666673264	trials	port_entry
78.22913333333418	0.11000000000058208	trials	port_entry
105.79920000000129	0.07999999999447027	trials	port_entry
106.35919999999896	2.4499666666670237	trials	port_entry
109.65916666666453	0.5800000000017462	trials	port_entry
110.3991666666625	0.16000000000349246	trials	port_entry
111.1991666666654	0.4499999999970896	trials	port_entry
111.6791666666686	0.17999999999301508	trials	port_entry
133.54923333333136	0.1900000000023283	trials	port_entry
142.2992000000013	0.35003333332861075	trials	port_entry
168.43923333333078	0.25	trials	port_entry
168.93916666666337	0.6100666666679899	trials	port_entry
188.4492333333328	0.11999999999534339	trials	port_entry
210.27926666666463	1.709933333331719	trials	port_entry
214.23926666666375	0.13999999999941792	trials	port_entry
214.52926666666463	0.3899999999994179	trials	port_entry
214.98926666666375	0.059999999997671694	trials	port_entry
220.54923333333136	0.4500333333344315	trials	port_entry
221.7692666666626	0.48003333333326736	trials	port_entry
222.97929999999906	1.0999999999985448	trials	port_entry
224.1293000000005	0.06996666666236706	trials	port_entry
225.5792999999976	0.5200000000040745	trials	port_entry
226.26929999999993	0.27999999999883585	trials	port_entry
226.72926666666172	0.360033333337924	trials	port_entry
227.44930000000022	0.389966666662076	trials	port_entry
231.53926666666666	0.18999999999505235	trials	port_entry
245.95926666666492	0.22000000000116415	trials	port_entry
247.409266666662	0.3000000000029104	trials	port_entry
272.4993333333332	0.12999999999738066	trials	port_entry
282.36933333332854	6.930000000000291	trials	reward_stimulus_presentation
283.3692999999985	1.0	trials	reward_delivery
288.8992999999973	7.850033333335887	trials	port_entry
313.1793333333335	2.720000000001164	trials	port_entry
351.5893999999971	0.13996666666935198	trials	port_entry
353.1794000000009	0.3699999999953434	trials	port_entry
353.5793999999951	0.12000000000261934	trials	port_entry
372.3694333333333	1.5399666666635312	trials	reward_stimulus_presentation
373.36939999999595	1.0	trials	reward_delivery
373.50939999999537	5.540000000000873	trials	port_entry
392.8894	0.22000000000116415	trials	port_entry
404.3494333333292	0.06999999999970896	trials	port_entry
405.85943333333125	0.05000000000291038	trials	port_entry
406.0094333333327	0.09999999999854481	trials	port_entry
406.1694333333289	0.06999999999970896	trials	port_entry
406.3294333333324	0.08000000000174623	trials	port_entry
406.8494333333292	0.05000000000291038	trials	port_entry
407.1494333333321	0.029999999998835847	trials	port_entry
409.37943333332805	1.0200333333341405	trials	port_entry
410.46943333333184	0.6200333333326853	trials	port_entry
412.01943333333475	1.180033333330357	trials	port_entry
414.0494333333336	2.640033333329484	trials	port_entry
445.1494333333321	0.8499666666684789	trials	port_entry
452.22946666666394	0.6300000000046566	trials	port_entry
458.22946666666394	0.7599666666646954	trials	port_entry
459.2194666666619	0.22000000000116415	trials	port_entry
462.3695000000007	1.680000000000291	trials	reward_stimulus_presentation
463.3695000000007	1.0	trials	reward_delivery
463.64949999999953	17.979999999995925	trials	port_entry
493.9095000000016	0.10999999999330612	trials	port_entry
504.8794666666654	0.2999666666655685	trials	port_entry
505.64949999999953	0.01999999999679858	trials	port_entry
525.6695333333337	0.39993333333404735	trials	port_entry
526.9395333333305	1.0599999999976717	trials	port_entry
530.7495333333281	0.37000000000261934	trials	port_entry
531.299533333331	3.1600333333335584	trials	port_entry
534.4795333333313	0.07003333333705086	trials	port_entry
535.289533333329	0.02003333333414048	trials	port_entry
536.9195666666637	1.8800000000046566	trials	port_entry
538.9595666666646	0.22000000000116415	trials	port_entry
539.5795666666672	0.6199999999953434	trials	port_entry
540.2795666666643	0.16999999999825377	trials	port_entry
541.3195333333351	0.9099666666661506	trials	port_entry
542.2794999999969	0.3300666666691541	trials	port_entry
542.8595666666661	0.050033333332976326	trials	port_entry
544.2195333333293	0.3600000000005821	trials	port_entry
545.349566666664	1.52996666666877	trials	port_entry
552.0595333333331	4.439966666664986	trials	port_entry
552.3695666666681	0.0899666666664416	trials	reward_stimulus_presentation
553.3695333333308	1.000033333337342	trials	reward_delivery
578.6095999999961	0.5099666666719713	trials	port_entry
605.1595666666617	0.3700666666700272	trials	port_entry
628.1095999999961	0.18000000000029104	trials	port_entry
628.3395999999993	1.3099666666676058	trials	port_entry
630.2995666666684	0.3099999999976717	trials	port_entry
633.2996333333285	0.5800333333390881	trials	port_entry
635.7195999999967	0.8200333333370509	trials	port_entry
636.5796333333346	8.679933333332883	trials	port_entry
637.3695666666681	11.820099999997183	trials	reward_stimulus_presentation
638.3696333333282	1.0	trials	reward_delivery
648.7895666666664	1.8001000000003842	trials	port_entry
651.3096333333306	0.19003333333239425	trials	port_entry
675.4796666666662	0.22996666666585952	trials	port_entry
677.6196999999956	0.08000000000174623	trials	port_entry
677.9997000000003	0.040000000000873115	trials	port_entry
678.0696666666627	0.49996666666993406	trials	port_entry
679.3796999999977	1.2700000000040745	trials	port_entry
680.8296999999948	0.0900000000037835	trials	port_entry
681.9396999999954	0.18000000000029104	trials	port_entry
682.3496999999988	0.1900000000023283	trials	port_entry
682.7897000000012	0.5699666666623671	trials	port_entry
683.3796666666676	0.5499999999956344	trials	port_entry
684.1496666666644	0.019966666666732635	trials	port_entry
685.2195999999967	1.080066666669154	trials	port_entry
686.4596666666621	0.030000000006111804	trials	port_entry
686.5496666666659	0.08999999999650754	trials	port_entry
686.6896666666653	0.8200333333297749	trials	port_entry
687.5496999999959	1.4099666666661506	trials	port_entry
689.3595999999961	0.3801000000021304	trials	port_entry
689.769666666667	0.3099999999976717	trials	port_entry
690.1196999999956	0.35996666667051613	trials	port_entry
691.0996666666615	0.8800000000046566	trials	port_entry
692.2897000000012	0.07999999999447027	trials	port_entry
694.1996999999974	2.75	trials	port_entry
696.9796999999962	0.33000000000174623	trials	port_entry
699.7396999999983	4.579966666664404	trials	port_entry
704.6896999999954	1.610000000000582	trials	port_entry
706.6596999999965	0.05000000000291038	trials	port_entry
706.7996999999959	1.2800333333361777	trials	port_entry
708.309699999998	0.02003333333414048	trials	port_entry
711.0896999999968	4.029999999998836	trials	port_entry
715.249666666663	0.6200333333326853	trials	port_entry
717.269666666667	3.3000333333329763	trials	port_entry
723.8396333333294	1.6201000000000931	trials	port_entry
725.6497333333318	0.22000000000116415	trials	port_entry
726.059733333328	0.8900000000066939	trials	port_entry
727.369733333333	20.001533333328553	trials	shock_stimulus_presentation
728.5297333333292	0.08000000000174623	trials	port_entry
729.2697333333344	2.039966666663531	trials	port_entry
732.3297333333321	0.28993333333346527	trials	port_entry
733.3196666666627	0.09003333333384944	trials	port_entry
737.869733333333	4.860000000000582	trials	port_entry
747.1697333333286	0.3000000000029104	trials	shock_relay
759.6596999999965	1.6400333333367598	trials	port_entry
774.619766666663	0.6699333333381219	trials	port_entry
776.4597666666668	0.75	trials	port_entry
781.5797666666622	0.8400000000037835	trials	port_entry
786.3097666666654	1.2799999999988358	trials	port_entry
787.6597666666639	0.4000000000014552	trials	port_entry
794.5198000000019	1.0399999999935972	trials	port_entry
795.5997666666663	0.11000000000058208	trials	port_entry
797.8597666666683	2.0600333333277376	trials	port_entry
800.0997666666663	0.19999999999708962	trials	port_entry
802.8797999999952	0.9999333333398681	trials	port_entry
803.9897999999957	0.06000000000494765	trials	port_entry
804.1097999999984	0.040000000000873115	trials	port_entry
808.8398000000016	2.2999999999956344	trials	port_entry
812.8297999999995	1.0899999999965075	trials	port_entry
814.1397999999972	0.06999999999970896	trials	port_entry
817.0898000000016	3.150033333331521	trials	port_entry
820.2697333333344	0.20006666666449746	trials	port_entry
820.6397999999972	0.03993333333346527	trials	port_entry
820.979800000001	0.7699333333293907	trials	port_entry
821.7797666666665	0.2200333333312301	trials	port_entry
822.3698333333305	0.9899333333378308	trials	reward_stimulus_presentation
822.9597999999969	9.980000000003201	trials	port_entry
823.369733333333	1.0000666666674078	trials	reward_delivery
853.3098333333328	0.10996666666324018	trials	port_entry
891.9398666666675	2.7299999999959255	trials	port_entry
895.4098666666614	0.3199333333395771	trials	port_entry
899.9298666666655	0.08999999999650754	trials	port_entry
900.2098666666643	0.18000000000029104	trials	port_entry
900.8398666666617	1.4100000000034925	trials	port_entry
902.2698999999993	0.31996666666236706	trials	port_entry
903.029866666664	0.040000000000873115	trials	port_entry
903.1098666666658	0.930033333330357	trials	port_entry
910.4697999999989	0.6900333333323942	trials	port_entry
912.3698999999979	20.00119999999879	trials	shock_stimulus_presentation
927.5198999999993	3.25	trials	port_entry
932.1699000000008	0.2999999999956344	trials	shock_relay
935.8198666666649	3.6299999999973807	trials	port_entry
945.5499333333282	7.320000000006985	trials	port_entry
953.6798999999955	2.5100000000020373	trials	port_entry
956.2799000000014	1.0200666666642064	trials	port_entry
958.6799333333329	5.260000000002037	trials	port_entry
963.9599333333317	0.10003333333588671	trials	port_entry
977.3499666666685	0.9899999999979627	trials	port_entry
992.3699666666653	14.02003333333414	trials	reward_stimulus_presentation
993.3699666666653	1.0	trials	reward_delivery
1005.9899666666679	7.369999999995343	trials	port_entry
1047.7699999999968	0.06996666666964302	trials	port_entry
1052.739999999998	0.4800000000032014	trials	port_entry
1053.6399999999994	0.3899999999994179	trials	port_entry
1082.3700666666628	20.00083333333896	trials	shock_stimulus_presentation
1102.1700666666657	0.3000333333329763	trials	shock_relay
1114.8100999999951	0.9299666666702251	trials	port_entry
1115.780033333329	1.3200666666671168	trials	port_entry
1117.1800999999978	0.8899999999994179	trials	port_entry
1118.0901000000013	0.11996666666527744	trials	port_entry
1119.2500999999975	1.2799999999988358	trials	port_entry
1120.7300666666633	1.25	trials	port_entry
1122.300066666663	0.040033333338215016	trials	port_entry
1122.3900666666668	0.27996666666149395	trials	port_entry
1122.8900666666668	0.5300333333289018	trials	port_entry
1124.1800999999978	2.720000000001164	trials	port_entry
1127.110066666668	0.3700333333326853	trials	port_entry
1127.610066666668	1.8300333333318122	trials	port_entry
1129.4900999999954	1.1299666666673147	trials	port_entry
1130.8300333333318	1.6400333333367598	trials	port_entry
1133.2600999999995	3.360000000000582	trials	port_entry
1136.7500666666674	1.2600333333321032	trials	port_entry
1138.0600999999951	1.6500000000014552	trials	port_entry
1139.7301000000007	0.33999999999650754	trials	port_entry
1141.7301000000007	2.4399999999950523	trials	port_entry
1144.6201	0.01999999999679858	trials	port_entry
1145.9801000000007	1.8099999999976717	trials	port_entry
1148.0501333333305	0.04993333333550254	trials	port_entry
1148.1900999999998	0.16999999999825377	trials	port_entry
1149.9901333333328	2.8399999999965075	trials	port_entry
1152.930133333335	0.03999999999359716	trials	port_entry
1156.660100000001	0.06003333332773764	trials	port_entry
1156.890099999997	1.290033333338215	trials	port_entry
1160.4200999999957	0.06999999999970896	trials	port_entry
1161.100099999996	0.040033333338215016	trials	port_entry
1161.1900999999998	0.05006666666304227	trials	port_entry
1161.3201666666646	0.35993333333317423	trials	port_entry
1163.3701666666675	0.8999999999941792	trials	port_entry
1164.4001666666663	0.059999999997671694	trials	port_entry
1165.5301333333337	0.07999999999447027	trials	port_entry
1165.8101333333325	0.43000000000029104	trials	port_entry
1167.170133333333	0.43999999999505235	trials	port_entry
1169.6700999999957	0.6400333333367598	trials	port_entry
1170.4400666666625	0.0700666666671168	trials	port_entry
1175.5601666666626	0.5200000000040745	trials	port_entry
1182.3701666666675	1.0400000000008731	trials	reward_stimulus_presentation
1183.010166666667	8.200033333334432	trials	port_entry
1183.3701666666675	1.0	trials	reward_delivery
1269.1702333333305	0.1900000000023283	trials	port_entry
1270.6702333333305	0.37000000000261934	trials	port_entry
1271.06023333333	0.09999999999854481	trials	port_entry
1271.2902333333332	0.01999999999679858	trials	port_entry
1272.370266666665	1.4099333333360846	trials	reward_stimulus_presentation
1273.370233333335	1.0	trials	reward_delivery
1273.380266666667	3.8399666666664416	trials	port_entry
1278.0801666666666	0.049999999995634425	trials	port_entry
1278.1501666666663	0.1300666666647885	trials	port_entry
1278.830233333334	4.110000000000582	trials	port_entry
1285.110266666663	0.03996666667080717	trials	port_entry
1285.1801999999952	0.05000000000291038	trials	port_entry
1286.3102666666673	0.13999999999941792	trials	port_entry
1286.4802333333282	0.42003333333559567	trials	port_entry
1287.370266666665	0.7300000000032014	trials	port_entry
1308.0302333333311	0.2800666666662437	trials	port_entry
1308.370299999995	0.13996666666935198	trials	port_entry
1330.06023333333	3.3000666666703182	trials	port_entry
1334.880299999997	1.1200000000026193	trials	port_entry
1354.170299999998	0.2600333333321032	trials	port_entry
1354.5103333333318	0.23999999999796273	trials	port_entry
1358.8002999999953	0.8100000000049477	trials	port_entry
1362.3703333333324	2.7999333333355025	trials	reward_stimulus_presentation
1363.370299999995	1.000033333337342	trials	reward_delivery
1364.7703333333338	6.029966666661494	trials	port_entry
1390.1303666666645	0.23999999999796273	trials	port_entry
1409.3402999999962	0.2600666666694451	trials	port_entry
1423.1003333333283	0.9300333333376329	trials	port_entry
1424.0504	0.3599666666632402	trials	port_entry
1429.7003666666642	0.3600000000005821	trials	port_entry
1437.9003666666686	0.7200333333312301	trials	port_entry
1438.8303666666616	0.060033333335013594	trials	port_entry
1438.9303999999975	0.029966666668769903	trials	port_entry
1440.1203666666624	1.860000000000582	trials	port_entry
1442.030366666666	0.059999999997671694	trials	port_entry
1443.9804000000004	0.01999999999679858	trials	port_entry
1444.9303999999975	0.029933333331428003	trials	port_entry
1445.5703999999969	0.5800000000017462	trials	port_entry
1451.1203999999998	0.930033333330357	trials	port_entry
1452.3704333333299	20.001100000001315	trials	shock_stimulus_presentation
1453.0604333333322	1.6999666666670237	trials	port_entry
1455.7304333333304	0.39996666667138925	trials	port_entry
1456.1504333333287	0.020000000004074536	trials	port_entry
1457.4404333333296	0.6600000000034925	trials	port_entry
1458.390433333334	0.680000000000291	trials	port_entry
1459.5003999999972	0.29003333333093906	trials	port_entry
1463.0603999999948	1.5	trials	port_entry
1465.4804000000004	0.6899999999950523	trials	port_entry
1466.8104333333322	1.1999999999970896	trials	port_entry
1468.5604333333322	0.039966666663531214	trials	port_entry
1468.6203999999998	0.08000000000174623	trials	port_entry
1468.7304000000004	0.10003333332861075	trials	port_entry
1468.8703999999998	0.08000000000174623	trials	port_entry
1469.0304333333333	0.15996666666615056	trials	port_entry
1469.2103999999963	0.37000000000261934	trials	port_entry
1472.1704333333328	0.3000333333329763	trials	shock_relay
1475.6904333333296	0.3600000000005821	trials	port_entry
1476.1104666666652	0.1299666666673147	trials	port_entry
1476.4003666666686	0.290066666661005	trials	port_entry
1476.840433333331	0.4400000000023283	trials	port_entry
1477.630433333332	0.019933333336666692	trials	port_entry
1482.4003999999986	0.5100333333321032	trials	port_entry
1484.1903999999995	0.04003333333093906	trials	port_entry
1493.5904666666684	0.889966666662076	trials	port_entry
1494.9604333333336	0.2199333333337563	trials	port_entry
1500.880433333332	0.9200333333355957	trials	port_entry
1502.1004666666631	0.6799333333328832	trials	port_entry
1509.040433333328	0.030000000006111804	trials	port_entry
1509.2204666666657	0.06999999999970896	trials	port_entry
1510.9604666666637	0.6699999999982538	trials	port_entry
1512.440466666667	0.5399666666635312	trials	port_entry
1516.5103999999992	1.3401000000012573	trials	port_entry
1527.0504666666675	1.0299999999988358	trials	port_entry
1529.2404999999999	0.25	trials	port_entry
1537.3704999999973	20.00153333333583	trials	shock_stimulus_presentation
1554.8705333333346	0.14999999999417923	trials	port_entry
1557.1705000000002	0.2999333333282266	trials	shock_relay
1573.9804999999978	0.5300333333361777	trials	port_entry
1597.1305333333294	0.25	trials	port_entry
1618.800533333335	0.06006666666507954	trials	port_entry
1619.1705666666676	0.040000000000873115	trials	port_entry
1619.300566666665	0.3500333333358867	trials	port_entry
1627.3705666666647	20.000899999999092	trials	shock_stimulus_presentation
1647.1705666666676	0.30006666666304227	trials	shock_relay
1667.570599999999	0.040000000000873115	trials	port_entry
1671.3406333333332	0.4000000000014552	trials	port_entry
1691.420666666665	0.7300333333332674	trials	port_entry
1709.2006333333338	0.02003333333414048	trials	port_entry
1722.3706999999995	20.00119999999879	trials	shock_stimulus_presentation
1742.1706999999951	0.3000000000029104	trials	shock_relay
1759.220733333328	0.5600000000049477	trials	port_entry
1767.4807666666675	0.2899666666635312	trials	port_entry
1769.4407333333293	1.5	trials	port_entry
1771.0607333333319	0.4800000000032014	trials	port_entry
1773.0007333333342	1.8699999999953434	trials	port_entry
1775.4407333333293	1.25	trials	port_entry
1777.2107333333333	1.2899333333334653	trials	port_entry
1778.530733333333	0.040000000000873115	trials	port_entry
1778.7506666666668	0.7700666666642064	trials	port_entry
1781.8607666666649	1.360000000000582	trials	port_entry
1783.4207666666625	1.7699666666667326	trials	port_entry
1785.2406999999948	0.5500666666703182	trials	port_entry
1786.2307666666675	4.540000000000873	trials	port_entry
1792.1407333333336	3.930033333330357	trials	port_entry
1797.5407666666651	0.7099999999991269	trials	port_entry
1804.590766666668	1.6699999999982538	trials	port_entry
1808.5007333333342	1.7300333333332674	trials	port_entry
1810.2907666666651	0.09999999999854481	trials	port_entry
1810.4807666666675	0.2199999999938882	trials	port_entry
1812.370799999997	0.5399666666708072	trials	reward_stimulus_presentation
1812.5107666666663	6.830033333331812	trials	port_entry
1813.370766666667	0.9999666666626581	trials	reward_delivery
1861.4107999999978	4.919999999998254	trials	port_entry
1891.7808666666679	4.659966666666151	trials	port_entry
1892.3708666666644	8.37999999999738	trials	reward_stimulus_presentation
1893.3708666666644	0.9999666666699341	trials	reward_delivery
1900.3508333333302	0.060033333335013594	trials	port_entry
1920.0109000000011	0.28999999999359716	trials	port_entry
1920.3508333333302	0.35006666666595265	trials	port_entry
1947.9308999999994	2.220000000001164	trials	port_entry
1955.3208333333314	0.35010000000329455	trials	port_entry
1959.3609333333297	0.8400000000037835	trials	port_entry
1960.6509333333306	0.25	trials	port_entry
1962.3609333333297	0.020000000004074536	trials	port_entry
1962.4009333333306	2.650000000001455	trials	port_entry
1967.1208666666644	0.2800666666662437	trials	port_entry
1967.4409333333315	0.059999999997671694	trials	port_entry
1967.6609333333327	0.1299666666673147	trials	port_entry
1968.2009333333335	0.22000000000116415	trials	port_entry
1968.4709333333303	1.930033333337633	trials	port_entry
1970.4208666666673	0.7100333333291928	trials	port_entry
1972.3609333333297	1.8800333333347226	trials	port_entry
1976.5709333333289	0.9900000000052387	trials	port_entry
1977.7209333333303	0.040000000000873115	trials	port_entry
1979.9309333333294	0.08000000000174623	trials	port_entry
1980.1209333333318	0.05000000000291038	trials	port_entry
1980.190866666664	0.1600666666709003	trials	port_entry
1981.1409333333286	1.6400000000066939	trials	port_entry
1982.3709333333318	20.001166666668723	trials	shock_stimulus_presentation
1982.8408999999956	0.030033333336177748	trials	port_entry
1982.9809333333324	0.01999999999679858	trials	port_entry
1983.3809333333338	0.029933333331428003	trials	port_entry
1983.4509333333335	1.8099333333302638	trials	port_entry
1985.3709000000017	0.30006666666304227	trials	port_entry
1985.6909333333315	0.039966666663531214	trials	port_entry
1985.7609666666685	0.059999999997671694	trials	port_entry
2001.8209666666662	0.42003333333559567	trials	port_entry
2002.1709666666648	0.3000000000029104	trials	shock_relay
2002.3309666666682	0.07999999999447027	trials	port_entry
2020.911	0.33999999999650754	trials	port_entry
2021.701000000001	1.0899999999965075	trials	port_entry
2025.1909666666616	0.020000000004074536	trials	port_entry
2025.3009999999995	0.680000000000291	trials	port_entry
2029.2609666666685	0.9900333333280287	trials	port_entry
2031.0209666666633	0.02003333333414048	trials	port_entry
2046.451033333331	0.26000000000203727	trials	port_entry
2046.9110333333301	0.029966666668769903	trials	port_entry
2047.850999999995	0.43003333333763294	trials	port_entry
2049.0709999999963	0.3300333333318122	trials	port_entry
2049.4609999999957	0.060033333335013594	trials	port_entry
2049.5509999999995	0.5899999999965075	trials	port_entry
2050.2609999999986	1.7400333333353046	trials	port_entry
2052.0709999999963	0.21003333333646879	trials	port_entry
2053.0409999999974	0.41999999999825377	trials	port_entry
2053.640999999996	1.2100333333364688	trials	port_entry
2054.881000000001	0.10003333332861075	trials	port_entry
2055.0910333333304	0.08989999999903375	trials	port_entry
2055.241033333332	0.5	trials	port_entry
2055.7610333333287	0.06999999999970896	trials	port_entry
2056.1310333333313	0.9699333333337563	trials	port_entry
2057.120999999999	0.6100000000005821	trials	port_entry
2057.991000000002	0.7500333333300659	trials	port_entry
2058.8009999999995	0.029966666668769903	trials	port_entry
2058.8810333333313	0.1799666666702251	trials	port_entry
2059.151033333328	0.37000000000261934	trials	port_entry
2060.2609999999986	1.97003333333123	trials	port_entry
2062.3510333333325	0.049999999995634425	trials	port_entry
2062.8710333333293	0.020000000004074536	trials	port_entry
2063.0210000000006	0.10003333332861075	trials	port_entry
2063.171033333332	0.33000000000174623	trials	port_entry
2063.6410333333333	0.6199999999953434	trials	port_entry
2064.3010333333295	0.22000000000116415	trials	port_entry
2064.6410333333333	0.47000000000116415	trials	port_entry
2065.131000000001	0.430033333330357	trials	port_entry
2068.2710333333307	0.8000000000029104	trials	port_entry
2069.0910000000003	1.4800333333332674	trials	port_entry
2070.8010333333295	0.029999999998835847	trials	port_entry
2070.860966666667	0.040066666661005	trials	port_entry
2071.1310333333313	0.019933333336666692	trials	port_entry
2071.651033333328	0.6400000000066939	trials	port_entry
2072.3210333333336	0.049999999995634425	trials	port_entry
2072.5409999999974	0.030033333336177748	trials	port_entry
2073.850999999995	0.15006666666886304	trials	port_entry
2074.131000000001	0.11006666666071396	trials	port_entry
2075.0910000000003	1.5100666666621692	trials	port_entry
2076.671033333332	0.13999999999941792	trials	port_entry
2078.8010333333295	0.040000000000873115	trials	port_entry
2078.8710333333293	0.7500333333373419	trials	port_entry
2079.8210333333336	0.34003333333384944	trials	port_entry
2082.3710333333293	1.0800000000017462	trials	reward_stimulus_presentation
2083.0510333333295	0.020000000004074536	trials	port_entry
2083.151033333328	4.110000000000582	trials	port_entry
2083.3710333333293	0.9999666666699341	trials	reward_delivery
2113.1010666666625	0.019933333336666692	trials	port_entry
2122.271066666668	0.27999999999883585	trials	port_entry
2122.6110666666646	0.07003333333705086	trials	port_entry
2122.8110666666616	0.3000000000029104	trials	port_entry
2123.211066666663	0.05000000000291038	trials	port_entry
2129.6610999999975	0.029966666668769903	trials	port_entry
2153.8810999999987	0.01999999999679858	trials	port_entry
2154.271099999998	2.080033333331812	trials	port_entry
2156.371133333334	0.23999999999796273	trials	port_entry
2156.821133333331	0.05000000000291038	trials	port_entry
2157.161133333335	0.5899999999965075	trials	port_entry
2157.801066666667	0.0700666666671168	trials	port_entry
2161.521133333328	0.7100000000064028	trials	port_entry
2164.321133333331	0.9399333333349205	trials	port_entry
2165.3011666666644	0.1499666666641133	trials	port_entry
2172.2211333333325	1.2999999999956344	trials	port_entry
2172.371133333334	20.000899999999092	trials	shock_stimulus_presentation
2173.591133333335	0.06003333332773764	trials	port_entry
2173.701166666666	0.4899666666678968	trials	port_entry
2174.3310666666657	0.020066666664206423	trials	port_entry
2174.6310999999987	0.4600333333364688	trials	port_entry
2175.751066666664	0.25006666666740784	trials	port_entry
2189.4711333333325	0.8799999999973807	trials	port_entry
2192.1711333333296	0.3000333333329763	trials	shock_relay
2216.671166666667	0.25	trials	port_entry
2220.5411999999997	1.5100000000020373	trials	port_entry
2222.071133333331	0.10003333333588671	trials	port_entry
2222.401166666663	0.3900333333367598	trials	port_entry
2222.8111999999965	0.1900000000023283	trials	port_entry
2227.201199999996	0.4599999999991269	trials	port_entry
2227.7711999999956	0.31999999999970896	trials	port_entry
2234.7811666666676	1.430000000000291	trials	port_entry
2244.0711999999985	0.6999999999970896	trials	port_entry
2252.6212333333315	0.2699999999967986	trials	port_entry
2253.0211999999956	0.3000333333329763	trials	port_entry
2258.531233333335	0.5799999999944703	trials	port_entry
2259.6312333333335	0.1599999999962165	trials	port_entry
2262.3712333333315	2.430033333330357	trials	reward_stimulus_presentation
2263.3712000000014	1.000033333330066	trials	reward_delivery
2264.4012333333303	8.180000000000291	trials	port_entry
2304.081266666668	0.5299999999988358	trials	port_entry
2320.5912666666627	0.06999999999970896	trials	port_entry
2320.6812666666665	0.1599999999962165	trials	port_entry
2352.3712666666615	10.580066666669154	trials	reward_stimulus_presentation
2353.371299999999	1.000033333330066	trials	reward_delivery
2362.5513333333292	4.489966666667897	trials	port_entry
2370.171333333332	0.029999999998835847	trials	port_entry
2390.2613666666657	0.9799999999959255	trials	port_entry
2409.8713666666663	0.059999999997671694	trials	port_entry
2410.5913666666675	0.8399666666664416	trials	port_entry
2413.3113333333313	0.11996666666527744	trials	port_entry
2437.3714333333337	20.000833333331684	trials	shock_stimulus_presentation
2449.3313999999955	1.2700333333341405	trials	port_entry
2457.1713999999993	0.3000333333329763	trials	shock_relay
2468.571433333331	0.44993333333695773	trials	port_entry
2470.541433333332	1.1799666666629491	trials	port_entry
2471.791400000002	0.680033333330357	trials	port_entry
2472.511399999996	0.48003333333326736	trials	port_entry
2477.6914333333334	0.01999999999679858	trials	port_entry
2482.591433333335	0.7199999999938882	trials	port_entry
2491.761466666663	1.389999999999418	trials	port_entry
2495.811466666666	0.5	trials	port_entry
2497.591466666665	0.25	trials	port_entry
2498.2514666666684	0.7299666666658595	trials	port_entry
2499.4214333333293	0.1500000000014552	trials	port_entry
2500.041466666662	1.0899000000063097	trials	port_entry
2501.9814666666643	1.0900333333338494	trials	port_entry
2503.101499999997	0.47000000000116415	trials	port_entry
2503.811466666666	0.2800333333289018	trials	port_entry
2504.771466666665	1.6299999999973807	trials	port_entry
2507.7214666666623	1.3400000000037835	trials	port_entry
2509.9114666666646	1.180000000000291	trials	port_entry
2511.4114666666646	0.9800333333332674	trials	port_entry
2512.441500000001	0.13999999999941792	trials	port_entry
2512.8614666666617	0.2700333333341405	trials	port_entry
2514.931499999999	0.8299333333343384	trials	port_entry
2516.391466666668	0.9700333333312301	trials	port_entry
2519.1614666666646	0.11000000000058208	trials	port_entry
2519.6514666666626	0.26000000000203727	trials	port_entry
2522.071466666668	0.09999999999854481	trials	port_entry
2522.2414666666664	0.7999999999956344	trials	port_entry
2523.1514666666626	0.26000000000203727	trials	port_entry
2524.591466666665	0.5400333333309391	trials	port_entry
2525.261433333333	0.3200666666671168	trials	port_entry
2527.371500000001	3.0599999999976717	trials	reward_stimulus_presentation
2528.3714666666638	1.000033333337342	trials	reward_delivery
2530.0314999999973	4.540000000000873	trials	port_entry
2550.4815000000017	0.11999999999534339	trials	port_entry
2552.0015333333286	0.029966666668769903	trials	port_entry
2552.5815333333303	0.020000000004074536	trials	port_entry
2570.171533333334	0.6899999999950523	trials	port_entry
2588.3315666666676	0.27996666666149395	trials	port_entry
2611.721566666667	0.6399999999994179	trials	port_entry
2612.4015666666673	0.18000000000029104	trials	port_entry
2621.0515333333315	0.21003333333646879	trials	port_entry
2621.711566666665	0.20999999999912689	trials	port_entry
2622.3715999999986	1.5499666666655685	trials	reward_stimulus_presentation
2623.3715999999986	1.0	trials	reward_delivery
2623.5215666666627	6.440033333332394	trials	port_entry
2669.6916333333284	0.3600000000005821	trials	port_entry
2670.4616333333324	0.13999999999941792	trials	port_entry
2679.6816333333336	1.139999999999418	trials	port_entry
2680.851633333332	0.3699333333352115	trials	port_entry
2682.3816333333307	1.7100333333364688	trials	port_entry
2684.781633333332	0.5199666666667326	trials	port_entry
2688.7216333333345	1.2799999999988358	trials	port_entry
2690.2316333333292	0.9800000000032014	trials	port_entry
2699.781666666662	0.6299333333372488	trials	port_entry
2701.081666666665	0.4000000000014552	trials	port_entry
2704.4716666666645	0.7399666666678968	trials	port_entry
2705.301599999999	0.09999999999854481	trials	port_entry
2705.4516000000003	0.1900666666624602	trials	port_entry
2706.101633333332	0.6900333333323942	trials	port_entry
2712.371666666666	20.000866666669026	trials	shock_stimulus_presentation
2723.781666666662	1.3700000000026193	trials	port_entry
2725.911666666667	1.7800333333289018	trials	port_entry
2731.761633333328	0.3201000000044587	trials	port_entry
2732.171699999999	0.3000000000029104	trials	shock_relay
2766.6017333333293	0.20999999999912689	trials	port_entry
2789.7917333333316	1.3300000000017462	trials	port_entry
2792.3717666666635	0.889966666669352	trials	reward_stimulus_presentation
2792.8617333333314	11.400033333331521	trials	port_entry
2793.3717333333334	0.9999666666626581	trials	reward_delivery
2879.5218333333323	1.1400333333294839	trials	port_entry
2880.8417666666646	0.220066666668572	trials	port_entry
2882.371833333331	20.00153333333583	trials	shock_stimulus_presentation
2883.7418333333335	1.0299999999988358	trials	port_entry
2887.3018666666685	0.5199999999967986	trials	port_entry
2887.861866666666	0.08999999999650754	trials	port_entry
2902.171866666664	0.3000000000029104	trials	shock_relay
2922.0918999999994	0.31999999999970896	trials	port_entry
2923.5319000000018	2.8299999999944703	trials	port_entry
2928.471899999997	0.75	trials	port_entry
2933.391899999995	0.1300000000046566	trials	port_entry
2933.7019	1.0099999999947613	trials	port_entry
2934.941899999998	0.05000000000291038	trials	port_entry
2935.4519	3.029999999998836	trials	port_entry
2940.931866666666	0.6999999999970896	trials	port_entry
2941.691866666668	0.4099999999962165	trials	port_entry
2942.7618666666676	0.06999999999970896	trials	port_entry
2943.3519000000015	0.4499999999970896	trials	port_entry
2943.8218999999954	0.18000000000029104	trials	port_entry
2944.8519666666616	1.4899333333378308	trials	port_entry
2946.431899999996	0.020000000004074536	trials	port_entry
2946.661899999999	0.6699999999982538	trials	port_entry
2955.2819000000018	2.8699999999953434	trials	port_entry
2959.221899999997	1.1200000000026193	trials	port_entry
2960.3618999999962	0.7799999999988358	trials	port_entry
2962.1319000000003	1.7400333333280287	trials	port_entry
2964.981933333329	2.1600000000034925	trials	port_entry
2967.3719333333283	2.1299333333372488	trials	port_entry
2971.0618666666633	1.0200666666714824	trials	port_entry
2973.6719666666686	0.7299999999959255	trials	port_entry
2974.811966666668	0.019966666666732635	trials	port_entry
2974.971933333334	0.8500333333286108	trials	port_entry
2975.8719333333283	0.23003333333326736	trials	port_entry
2977.3419333333295	3.2600000000020373	trials	port_entry
2982.3719666666657	20.000866666669026	trials	shock_stimulus_presentation
2982.9019666666645	1.77996666666877	trials	port_entry
2984.731933333329	0.5999666666684789	trials	port_entry
2990.271966666667	0.20999999999912689	trials	port_entry
2990.501966666663	0.18000000000029104	trials	port_entry
2993.4019333333345	0.819999999999709	trials	port_entry
2994.3119333333307	1.8400333333338494	trials	port_entry
3002.1719333333313	0.3000333333329763	trials	shock_relay
3012.6219666666657	0.19003333333239425	trials	port_entry
3014.691933333328	0.6500000000014552	trials	port_entry
3015.4219333333313	0.3000333333329763	trials	port_entry
3020.541966666664	0.16000000000349246	trials	port_entry
3032.3420333333343	1.749966666662658	trials	port_entry
3035.112000000001	0.8899999999994179	trials	port_entry
3036.0220333333345	0.25996666666469537	trials	port_entry
3036.831999999995	0.23000000000320142	trials	port_entry
3041.2920000000013	0.3800333333274466	trials	port_entry
3041.7420333333284	0.19996666666702367	trials	port_entry
3047.3719999999958	0.020000000004074536	trials	port_entry
3053.7419999999984	1.360033333330648	trials	port_entry
3055.3819333333304	0.030033333336177748	trials	port_entry
3055.7920000000013	0.01999999999679858	trials	port_entry
3056.6619999999966	0.1300000000046566	trials	port_entry
3059.6720333333287	0.6899333333349205	trials	port_entry
3060.3919666666625	0.1600333333335584	trials	port_entry
3072.372033333333	2.7600000000020373	trials	reward_stimulus_presentation
3073.372033333333	1.0	trials	reward_delivery
3074.7320333333337	5.529999999998836	trials	port_entry
3105.1120999999985	0.04996666666556848	trials	port_entry
3107.0121	0.029999999998835847	trials	port_entry
3107.0620999999956	0.06993333333957708	trials	port_entry
3120.3320666666623	0.28003333333617775	trials	port_entry
3162.3721000000005	11.22003333333123	trials	reward_stimulus_presentation
3163.3721000000005	1.000033333330066	trials	reward_delivery
3173.1921333333303	5.940000000002328	trials	port_entry
3252.372233333328	20.000866666669026	trials	shock_stimulus_presentation
3262.8122000000003	0.09003333333384944	trials	port_entry
3265.0322000000015	0.04003333333093906	trials	port_entry
3265.3921666666647	0.400099999998929	trials	port_entry
3272.172233333331	0.3000000000029104	trials	shock_relay
3302.202266666667	1.25	trials	port_entry
3303.512266666665	0.08000000000174623	trials	port_entry
3305.7822666666616	2.7699666666667326	trials	port_entry
3308.672233333331	0.319966666669643	trials	port_entry
3309.402233333334	0.7100333333291928	trials	port_entry
3310.182266666663	1.500033333337342	trials	port_entry
3314.482266666666	0.46003333332919283	trials	port_entry
3315.2822666666616	0.1900000000023283	trials	port_entry
3316.952266666667	0.9799999999959255	trials	port_entry
3320.0522666666657	1.1400333333294839	trials	port_entry
3321.2322333333286	0.2800666666662437	trials	port_entry
3321.812299999998	0.7199333333337563	trials	port_entry
3324.0322000000015	0.6201000000000931	trials	port_entry
3325.1022999999986	1.3700000000026193	trials	port_entry
3326.5023	0.360033333330648	trials	port_entry
3326.9323000000004	0.18000000000029104	trials	port_entry
3327.3522999999986	0.18000000000029104	trials	port_entry
3330.5922666666665	1.2100333333291928	trials	port_entry
3337.3722999999954	0.8299666666716803	trials	reward_stimulus_presentation
3337.8022666666657	8.140066666666826	trials	port_entry
3338.3722666666654	1.000033333330066	trials	reward_delivery
3363.332300000002	0.18999999999505235	trials	port_entry
3379.542333333331	0.24003333333530463	trials	port_entry
3382.5522999999957	0.040033333338215016	trials	port_entry
3382.6123333333308	0.22996666666585952	trials	port_entry
3392.6723666666658	0.5299999999988358	trials	port_entry
3393.322366666667	0.25	trials	port_entry
3401.7323666666634	0.23999999999796273	trials	port_entry
3403.5223666666643	0.2900000000008731	trials	port_entry
3424.5323666666663	0.19996666666702367	trials	port_entry
3425.432366666668	0.13999999999941792	trials	port_entry
3425.592366666664	0.18000000000029104	trials	port_entry
3426.50233333333	0.6800333333376329	trials	port_entry
3427.3724333333303	0.959933333331719	trials	reward_stimulus_presentation
3427.932433333335	6.769966666666733	trials	port_entry
3428.372366666663	1.000033333337342	trials	reward_delivery
3456.5823999999993	0.25003333333006594	trials	port_entry
3487.5924000000014	0.1300333333274466	trials	port_entry
3508.4424666666673	1.639999999999418	trials	port_entry
3510.1824666666653	0.25	trials	port_entry
3510.8424666666615	0.060033333335013594	trials	port_entry
3510.9324666666653	0.41999999999825377	trials	port_entry
3522.3724666666676	3.0599666666676058	trials	reward_stimulus_presentation
3523.3724666666676	1.0	trials	reward_delivery
3525.032466666664	5.490033333335305	trials	port_entry
3545.06253333333	0.1899666666649864	trials	port_entry
3545.552533333328	0.1500000000014552	trials	port_entry
3545.7425333333304	0.26000000000203727	trials	port_entry
3546.0524333333306	0.02003333333414048	trials	port_entry
3590.852533333331	0.11000000000058208	trials	port_entry
3591.0025333333324	0.9500333333344315	trials	port_entry
3593.4824999999983	0.29003333333093906	trials	port_entry
3612.372599999995	20.001166666668723	trials	shock_stimulus_presentation
3632.172566666668	0.2999999999956344	trials	shock_relay
3640.6126000000004	0.2699999999967986	trials	port_entry
3641.1025999999983	1.360000000000582	trials	port_entry
3647.0025666666625	2.1300000000046566	trials	port_entry
3662.832566666664	1.1500333333315211	trials	port_entry
3664.5225999999966	2.569999999999709	trials	port_entry
3667.382599999997	0.2399666666678968	trials	port_entry
3668.0426000000007	1.0999999999985448	trials	port_entry
3670.5325999999986	0.5400333333309391	trials	port_entry
3671.0925999999963	0.1500333333387971	trials	port_entry
3671.2826333333287	0.27000000000407454	trials	port_entry
3673.1226333333325	2.0499999999956344	trials	port_entry
3675.2325666666657	0.21006666666653473	trials	port_entry
3676.382599999997	1.5999999999985448	trials	port_entry
3678.0125666666645	0.9600333333364688	trials	port_entry
3679.1526000000013	0.12003333333268529	trials	port_entry
3680.5426333333307	1.1500000000014552	trials	port_entry
3682.1226333333325	1.1900000000023283	trials	port_entry
3683.3326333333316	0.18003333333035698	trials	port_entry
3683.6326333333345	0.3599666666632402	trials	port_entry
3685.2525666666625	1.9400666666697362	trials	port_entry
3687.212633333329	0.20999999999912689	trials	port_entry
3688.312633333335	0.019933333329390734	trials	port_entry
3690.8926333333293	0.9999333333325922	trials	port_entry
3692.022633333334	0.24003333332802868	trials	port_entry
3692.372599999995	0.05000000000291038	trials	reward_stimulus_presentation
3693.0325999999986	7.250033333330066	trials	port_entry
3693.372599999995	1.000033333337342	trials	reward_delivery
3703.062633333335	0.22999999999592546	trials	port_entry
3725.3027	0.1599999999962165	trials	port_entry
3741.842700000001	0.32996666666440433	trials	port_entry
3742.1926999999996	0.2799666666687699	trials	port_entry
3742.7126666666663	0.5599999999976717	trials	port_entry
3743.312699999995	0.10996666667051613	trials	port_entry
3747.812699999995	2.210000000006403	trials	port_entry
3750.082699999999	1.3000000000029104	trials	port_entry
3751.6026666666658	0.5099666666646954	trials	port_entry
3756.2426999999952	0.6200000000026193	trials	port_entry
3756.882700000002	0.19999999999708962	trials	port_entry
3757.532666666666	0.8500333333358867	trials	port_entry
3758.4827000000005	0.37999999999738066	trials	port_entry
3759.822699999997	0.020000000004074536	trials	port_entry
3762.322666666667	0.09003333333384944	trials	port_entry
3764.1627000000008	0.8699666666652774	trials	port_entry
3768.9226999999955	0.04996666667284444	trials	port_entry
3772.7027333333317	0.9899999999979627	trials	port_entry
3774.0327333333335	0.25	trials	port_entry
3774.4627333333337	1.16990000000078	trials	port_entry
3775.6726999999955	0.389966666669352	trials	port_entry
3777.292733333328	2.319933333339577	trials	port_entry
3779.7126666666663	0.3800666666647885	trials	port_entry
3780.892733333334	1.249966666662658	trials	port_entry
3782.3727666666673	20.001799999998184	trials	shock_stimulus_presentation
3782.87273333333	1.7099999999991269	trials	port_entry
3786.9427333333297	0.9000000000014552	trials	port_entry
3788.62273333333	0.9199999999982538	trials	port_entry
3789.6026666666658	0.6200666666627512	trials	port_entry
3793.12273333333	0.9899666666678968	trials	port_entry
3795.542733333328	0.20003333333443152	trials	port_entry
3802.172733333333	0.2999999999956344	trials	shock_relay
3816.672766666663	0.819999999999709	trials	port_entry
3817.8727666666673	0.1599999999962165	trials	port_entry
3832.732766666668	0.5900333333338494	trials	port_entry
3833.3427666666685	0.01999999999679858	trials	port_entry
3835.0827666666664	0.2399666666678968	trials	port_entry
3836.0627666666624	1.7699333333366667	trials	port_entry
3838.0727333333343	0.3000333333329763	trials	port_entry
3841.5027999999947	0.9200000000055297	trials	port_entry
3842.452799999999	0.09999999999854481	trials	port_entry
3842.712800000001	0.13999999999941792	trials	port_entry
3842.962800000001	0.43000000000029104	trials	port_entry
3843.4427333333297	1.540066666668281	trials	port_entry
3845.3127333333323	0.29006666666828096	trials	port_entry
3848.3427999999985	0.6500000000014552	trials	port_entry
3849.6627999999982	0.09999999999854481	trials	port_entry
3852.262799999997	0.9699333333337563	trials	port_entry
3853.402766666666	0.1499666666641133	trials	port_entry
3853.702799999999	1.3499666666684789	trials	port_entry
3858.432799999995	0.06999999999970896	trials	port_entry
3858.6028000000006	0.8099999999976717	trials	port_entry
3859.442799999997	0.3899999999994179	trials	port_entry
3859.8727999999974	0.9800000000032014	trials	port_entry
3861.212800000001	0.3499999999985448	trials	port_entry
3862.012799999997	0.6300000000046566	trials	port_entry
3862.8727999999974	0.37999999999738066	trials	port_entry
3863.482799999998	0.37000000000261934	trials	port_entry
3863.902799999996	0.020000000004074536	trials	port_entry
3864.0027999999947	0.3000000000029104	trials	port_entry
3865.6227999999974	0.8700000000026193	trials	port_entry
3866.682799999995	0.16000000000349246	trials	port_entry
3867.682799999995	0.5800000000017462	trials	port_entry
3868.502833333332	0.07989999999699648	trials	port_entry
3868.6028000000006	0.44003333333239425	trials	port_entry
3869.082833333334	0.25	trials	port_entry
3869.3627999999953	1.5500333333329763	trials	port_entry
3872.212833333331	0.33000000000174623	trials	port_entry
3872.652799999996	0.1600333333335584	trials	port_entry
3872.8928333333315	0.1299666666673147	trials	port_entry
3873.6328333333295	1.2600000000020373	trials	port_entry
3879.032833333331	0.22000000000116415	trials	port_entry
3880.4128333333283	0.31000000000494765	trials	port_entry
3881.3228000000017	0.8799999999973807	trials	port_entry
3882.322833333332	0.06993333333230112	trials	port_entry
3882.3727999999974	20.00123333333613	trials	shock_stimulus_presentation
3882.6028000000006	0.7000333333344315	trials	port_entry
3893.002833333332	0.16999999999825377	trials	port_entry
3893.3628333333327	0.2699999999967986	trials	port_entry
3902.1728333333303	0.3000333333329763	trials	shock_relay
3918.4128666666656	2.139999999999418	trials	port_entry
3920.6128666666627	1.389999999999418	trials	port_entry
3922.092866666666	0.31999999999970896	trials	port_entry
3924.582866666664	1.319999999999709	trials	port_entry
3928.2728666666662	0.5800333333318122	trials	port_entry
3928.962833333331	0.5900333333338494	trials	port_entry
3932.9128666666656	1.1599999999962165	trials	port_entry
3940.752866666662	0.5100000000020373	trials	port_entry
3942.4528999999966	0.1799666666702251	trials	port_entry
3942.7229000000007	0.11996666666527744	trials	port_entry
3943.9628666666686	0.049999999995634425	trials	port_entry
3944.042866666663	0.1500000000014552	trials	port_entry
3944.2128666666686	0.4700333333312301	trials	port_entry
3944.842899999996	0.06000000000494765	trials	port_entry
3945.1728666666677	0.7000333333271556	trials	port_entry
3946.2629000000015	0.14999999999417923	trials	port_entry
3946.4329	0.1599999999962165	trials	port_entry
3946.642899999999	0.48999999999796273	trials	port_entry
3950.4628999999986	0.04993333333550254	trials	port_entry
3952.882899999997	0.8100000000049477	trials	port_entry
3958.3628666666627	0.34003333333384944	trials	port_entry
3958.7328999999954	0.10000000000582077	trials	port_entry
3958.9729000000007	0.040000000000873115	trials	port_entry
3960.2328999999954	0.020000000004074536	trials	port_entry
3963.142899999999	0.01999999999679858	trials	port_entry
3969.822899999999	1.1799666666629491	trials	port_entry
3971.042866666663	0.09999999999854481	trials	port_entry
3972.372933333332	1.8799999999973807	trials	reward_stimulus_presentation
3973.372899999995	1.000033333337342	trials	reward_delivery
3973.852933333328	6.540000000000873	trials	port_entry
4013.5429333333304	0.3400000000037835	trials	port_entry
4027.732966666663	0.029966666668769903	trials	port_entry
4030.5229666666637	0.12000000000261934	trials	port_entry
4030.942933333332	1.3499999999985448	trials	port_entry
4033.3229666666666	0.3899999999994179	trials	port_entry
4033.7629666666617	0.31999999999970896	trials	port_entry
4036.482966666663	0.1300000000046566	trials	port_entry
4040.742966666665	1.2999666666655685	trials	port_entry
4042.0729666666666	0.20999999999912689	trials	port_entry
4058.742933333335	0.29003333333093906	trials	port_entry
4060.502966666667	0.15996666666615056	trials	port_entry
4060.7128999999986	0.6400666666668258	trials	port_entry
4062.3729999999996	0.6599999999962165	trials	reward_stimulus_presentation
4062.6330000000016	0.029999999998835847	trials	port_entry
4062.6829999999973	0.020000000004074536	trials	port_entry
4063.3729999999996	1.0	trials	reward_delivery
4063.542999999998	3.7699333333366667	trials	port_entry
4097.3529999999955	0.020000000004074536	trials	port_entry
4135.873066666667	1.5499666666655685	trials	port_entry
4137.803066666667	0.20993333333171904	trials	port_entry
4138.113033333335	0.10999999999330612	trials	port_entry
4139.433066666665	0.9899999999979627	trials	port_entry
4152.373099999997	3.680000000000291	trials	reward_stimulus_presentation
4153.373099999997	1.0	trials	reward_delivery
4155.653099999996	5.010000000002037	trials	port_entry
4163.713100000001	0.7299666666658595	trials	port_entry
4201.043099999995	0.8500333333358867	trials	port_entry
4202.0631333333295	0.7599333333346294	trials	port_entry
4221.17313333333	0.2999666666655685	trials	port_entry
4223.343133333328	0.24003333333530463	trials	port_entry
4232.6231666666645	0.27999999999883585	trials	port_entry
4237.373200000002	2.1199666666652774	trials	reward_stimulus_presentation
4238.373133333334	1.0	trials	reward_delivery
4239.093166666666	6.359933333333174	trials	port_entry
4248.9331999999995	0.13996666666207602	trials	port_entry
4264.693166666664	0.18000000000029104	trials	port_entry
4288.823199999999	1.9199999999982538	trials	port_entry
4292.453199999996	0.029999999998835847	trials	port_entry
4298.353233333335	0.5099999999947613	trials	port_entry
4305.013233333331	0.5499666666655685	trials	port_entry
4305.603199999998	0.23003333333326736	trials	port_entry
4309.343166666666	0.31006666666507954	trials	port_entry
4309.953199999996	0.1500333333387971	trials	port_entry
4310.743199999997	0.27000000000407454	trials	port_entry
4311.943233333332	0.1900000000023283	trials	port_entry
4315.533233333328	1.5200000000040745	trials	port_entry
4317.123233333332	0.6399999999994179	trials	port_entry
4317.86323333333	0.2599333333346294	trials	port_entry
4318.36323333333	0.029999999998835847	trials	port_entry
4318.433266666667	0.15996666666615056	trials	port_entry
4320.603233333335	0.029999999998835847	trials	port_entry
4320.653233333331	0.059999999997671694	trials	port_entry
4322.22323333333	1.1600000000034925	trials	port_entry
4325.553266666662	0.05993333333753981	trials	port_entry
4327.373266666662	20.00083333333896	trials	shock_stimulus_presentation
4334.323233333329	0.0900000000037835	trials	port_entry
4334.47323333333	1.5500333333329763	trials	port_entry
4336.0432666666675	1.6199666666652774	trials	port_entry
4337.713233333328	0.09003333333384944	trials	port_entry
4338.1132	0.24006666666537058	trials	port_entry
4340.853199999998	0.6001000000032946	trials	port_entry
4344.833266666668	1.3099999999976717	trials	port_entry
4347.173266666665	0.3000000000029104	trials	shock_relay
4366.833266666668	0.14999999999417923	trials	port_entry
4369.0332999999955	0.6699666666681878	trials	port_entry
4373.663266666663	0.27000000000407454	trials	port_entry
4374.003266666667	0.5899999999965075	trials	port_entry
4377.723299999998	0.07993333333433839	trials	port_entry
4377.903299999998	0.680000000000291	trials	port_entry
4379.683299999997	0.03993333333346527	trials	port_entry
4379.763299999999	1.3700000000026193	trials	port_entry
4381.623299999999	0.3799333333299728	trials	port_entry
4383.083299999998	0.8500333333358867	trials	port_entry
4384.973299999998	0.5200333333341405	trials	port_entry
4391.263333333329	0.08000000000174623	trials	port_entry
4391.66333333333	0.9099666666661506	trials	port_entry
4394.003266666667	0.5100333333321032	trials	port_entry
4400.143333333333	0.07996666666440433	trials	port_entry
4400.463299999996	0.21003333333646879	trials	port_entry
4401.903333333328	0.2800000000061118	trials	port_entry
4405.513299999999	0.6500333333315211	trials	port_entry
4406.313333333332	0.25	trials	port_entry
4411.723299999998	1.8100666666650795	trials	port_entry
4413.613299999997	1.1600000000034925	trials	port_entry
4415.773366666668	0.8699999999953434	trials	port_entry
4417.323333333334	0.029999999998835847	trials	port_entry
4422.293333333335	6.579966666664404	trials	port_entry
4422.373366666667	0.31996666666236706	trials	reward_stimulus_presentation
4423.373333333329	1.0	trials	reward_delivery
4462.9234	3.1899666666649864	trials	port_entry
4482.053399999997	1.3400000000037835	trials	port_entry
4485.583366666666	0.029999999998835847	trials	port_entry
4485.733399999997	1.0100000000020373	trials	port_entry
4495.703433333329	2.209966666669061	trials	port_entry
4497.9433999999965	0.040000000000873115	trials	port_entry
4498.053399999997	0.27999999999883585	trials	port_entry
4499.143433333331	0.21996666666382225	trials	port_entry
4499.843399999998	0.16000000000349246	trials	port_entry
4500.023399999998	0.26000000000203727	trials	port_entry
4502.283366666663	1.4500666666717734	trials	port_entry
4503.78343333333	0.3499999999985448	trials	port_entry
4506.493433333329	0.2900000000008731	trials	port_entry
4507.223433333333	0.049999999995634425	trials	port_entry
4507.343433333335	0.01999999999679858	trials	port_entry
4508.3534	0.8900333333294839	trials	port_entry
4511.203433333329	0.5500000000029104	trials	port_entry
4511.803433333334	0.07999999999447027	trials	port_entry
4512.2834	0.12999999999738066	trials	port_entry
4512.373433333334	0.30996666666760575	trials	reward_stimulus_presentation
4512.7834	0.11000000000058208	trials	port_entry
4512.913399999998	5.180033333337633	trials	port_entry
4513.373399999997	1.0	trials	reward_delivery
4518.473433333333	0.5499999999956344	trials	port_entry
4554.653399999996	0.02003333333414048	trials	port_entry
4559.043433333332	0.050033333332976326	trials	port_entry
4575.943433333334	2.5200333333341405	trials	port_entry
4578.493433333329	0.23003333333326736	trials	port_entry
4579.363466666662	0.13999999999941792	trials	port_entry
4592.373533333332	3.349966666668479	trials	reward_stimulus_presentation
4593.3735000000015	1.0	trials	reward_delivery
4595.323433333331	9.180033333330357	trials	port_entry
4635.263533333331	0.16996666666818783	trials	port_entry
4662.143533333328	1.1400000000066939	trials	port_entry
4663.313600000001	0.27996666666149395	trials	port_entry
4666.433566666667	0.06999999999970896	trials	port_entry
4669.653566666668	0.18999999999505235	trials	port_entry
4682.373599999999	2.1999999999970896	trials	reward_stimulus_presentation
4683.373566666662	1.0	trials	reward_delivery
4684.173566666665	10.150000000001455	trials	port_entry
4728.623633333329	0.07996666667168029	trials	port_entry
4729.48363333333	1.1599333333360846	trials	port_entry
4746.133633333331	0.06999999999970896	trials	port_entry
4762.893666666663	0.6900000000023283	trials	port_entry
4763.633666666668	0.31999999999970896	trials	port_entry
4764.0736666666635	0.3400000000037835	trials	port_entry
4768.003633333334	0.17996666666294914	trials	port_entry
4770.213666666663	0.8300000000017462	trials	port_entry
4771.073633333333	0.15003333333152113	trials	port_entry
4771.8336666666655	0.3600000000005821	trials	port_entry
4772.263666666666	0.5800000000017462	trials	port_entry
4776.413666666667	0.33999999999650754	trials	port_entry
4776.8336666666655	0.3099999999976717	trials	port_entry
4777.743666666662	0.16000000000349246	trials	port_entry
4779.023666666668	0.029966666661493946	trials	port_entry
4779.123666666666	1.930033333330357	trials	port_entry
4782.373666666666	20.001533333328553	trials	shock_stimulus_presentation
4782.973666666665	3.1900333333323942	trials	port_entry
4787.323700000001	0.22999999999592546	trials	port_entry
4787.843699999998	1.4899999999979627	trials	port_entry
4796.023699999998	0.1799666666702251	trials	port_entry
4796.2837	0.040000000000873115	trials	port_entry
4796.393666666663	0.02003333333414048	trials	port_entry
4802.173633333332	0.30006666666304227	trials	shock_relay
4825.283666666663	0.12000000000261934	trials	port_entry
4825.473699999995	1.1600000000034925	trials	port_entry
4842.413733333335	0.049999999995634425	trials	port_entry
4855.203699999998	1.040066666668281	trials	port_entry
4856.453733333328	0.12000000000261934	trials	port_entry
4858.333766666663	0.4000000000014552	trials	port_entry
4859.28373333333	1.000033333337342	trials	port_entry
4860.323733333331	0.26996666666673264	trials	port_entry
4861.643766666668	0.5299999999988358	trials	port_entry
4863.063766666666	0.47999999999592546	trials	port_entry
4864.823766666668	0.3599999999933061	trials	port_entry
4865.233699999997	0.42003333333559567	trials	port_entry
4867.123733333334	0.029999999998835847	trials	port_entry
4867.173766666667	0.6699666666681878	trials	port_entry
4868.1837333333315	0.03993333333346527	trials	port_entry
4868.453699999998	0.16999999999825377	trials	port_entry
4872.373766666664	0.7799666666687699	trials	reward_stimulus_presentation
4872.753733333331	6.720000000001164	trials	port_entry
4873.373733333334	1.0	trials	reward_delivery
4907.783766666667	2.830033333331812	trials	port_entry
4947.7937999999995	1.1500000000014552	trials	port_entry
4948.963799999998	0.12000000000261934	trials	port_entry
4949.123800000001	0.1599999999962165	trials	port_entry
4950.023799999995	0.08003333333908813	trials	port_entry
4953.073833333328	0.680000000000291	trials	port_entry
4953.803833333332	0.1500000000014552	trials	port_entry
4954.033833333335	0.25	trials	port_entry
4955.533833333335	0.14999999999417923	trials	port_entry
4956.013833333331	0.27000000000407454	trials	port_entry
4956.323833333328	0.2399666666678968	trials	port_entry
4956.693766666664	0.48006666667060927	trials	port_entry
4958.053866666662	0.4499666666670237	trials	port_entry
4962.373866666669	20.00119999999879	trials	shock_stimulus_presentation
4982.173833333334	0.2999999999956344	trials	shock_relay
4991.943866666668	1.3300333333318122	trials	port_entry
4998.193866666668	0.09999999999854481	trials	port_entry
4999.293866666667	1.2799999999988358	trials	port_entry
5003.783866666665	1.75	trials	port_entry
5005.6038333333345	0.30006666666304227	trials	port_entry
5009.123899999999	0.6100000000005821	trials	port_entry
5009.753866666666	0.049999999995634425	trials	port_entry
5012.603900000002	1.6799666666629491	trials	port_entry
5016.863899999997	1.5099666666719713	trials	port_entry
5018.473899999997	0.09999999999854481	trials	port_entry
5018.723899999997	0.02003333333414048	trials	port_entry
5018.813900000001	0.040000000000873115	trials	port_entry
5019.013833333331	0.12006666667002719	trials	port_entry
5020.463899999995	0.3600000000005821	trials	port_entry
5020.843966666667	0.279933333331428	trials	port_entry
5022.183933333334	0.46996666666382225	trials	port_entry
5022.853900000002	0.3799333333299728	trials	port_entry
5024.2739	0.22999999999592546	trials	port_entry
5024.533899999995	0.6500000000014552	trials	port_entry
5028.353900000002	0.47999999999592546	trials	port_entry
5040.16393333333	1.0799666666716803	trials	port_entry
5046.083933333335	1.2199999999938882	trials	port_entry
5052.373866666669	20.00159999999596	trials	shock_stimulus_presentation
5058.243933333331	0.680000000000291	trials	port_entry
5061.503899999996	0.11000000000058208	trials	port_entry
5072.173933333332	0.3000333333329763	trials	shock_relay
5104.453966666668	1.3299999999944703	trials	port_entry
5105.9639333333325	0.059999999997671694	trials	port_entry
5106.293933333334	0.19003333333239425	trials	port_entry
5106.533966666662	0.06000000000494765	trials	port_entry
5112.783966666662	2.360000000000582	trials	port_entry
5115.313900000001	0.15006666666158708	trials	port_entry
5115.483966666667	0.18000000000029104	trials	port_entry
5115.793966666664	1.2799999999988358	trials	port_entry
5117.303966666666	0.27999999999883585	trials	port_entry
5119.864000000001	0.6799333333328832	trials	port_entry
5120.853966666662	0.1299666666673147	trials	port_entry
5121.0039666666635	0.9500333333344315	trials	port_entry
5122.013999999996	0.05000000000291038	trials	port_entry
5122.093999999997	0.33000000000174623	trials	port_entry
5122.453999999998	0.6299999999973807	trials	port_entry
5124.853999999999	1.3499999999985448	trials	port_entry
5126.394	0.2699999999967986	trials	port_entry
5128.504000000001	1.2099999999991269	trials	port_entry
5130.693999999996	0.020000000004074536	trials	port_entry
5130.923999999999	0.1600333333335584	trials	port_entry
5133.813966666668	0.3000333333329763	trials	port_entry
5135.214	1.1099666666632402	trials	port_entry
5137.373999999996	1.069999999999709	trials	reward_stimulus_presentation
5138.044000000002	6.389999999999418	trials	port_entry
5138.373999999996	1.0	trials	reward_delivery
5171.544033333332	0.6699999999982538	trials	port_entry
5172.233999999997	0.1600333333335584	trials	port_entry
5189.804066666664	0.20000000000436557	trials	port_entry
5194.734033333334	0.09003333333384944	trials	port_entry
5194.884033333328	0.18003333333763294	trials	port_entry
5198.254066666668	0.23999999999796273	trials	port_entry
5201.314066666666	2.029999999998836	trials	port_entry
5215.714066666667	0.029933333331428003	trials	port_entry
5224.314066666666	0.3700333333326853	trials	port_entry
5225.754033333331	9.090066666663915	trials	port_entry
5227.374100000001	20.0	trials	reward_stimulus_presentation
5228.374100000001	1.0	trials	reward_delivery
5303.334166666667	1.459966666661785	trials	port_entry
5305.144166666665	0.3199000000022352	trials	port_entry
5306.414133333332	3.3799999999973807	trials	port_entry
5309.984133333332	1.250033333330066	trials	port_entry
5312.58413333333	0.7500333333373419	trials	port_entry
5313.564166666663	0.040000000000873115	trials	port_entry
5313.624100000001	0.22006666666129604	trials	port_entry
5313.934166666666	0.08999999999650754	trials	port_entry
5315.324133333328	5.170033333335596	trials	port_entry
5321.024066666665	0.02003333333414048	trials	port_entry
5321.644166666665	5.470000000001164	trials	port_entry
5322.374199999998	20.00153333333583	trials	shock_stimulus_presentation
5327.264166666668	1.8499999999985448	trials	port_entry
5341.664166666662	0.3000000000029104	trials	port_entry
5342.174200000001	0.2999999999956344	trials	shock_relay
5380.2042	1.0100333333321032	trials	port_entry
5381.554166666669	0.03003333332890179	trials	port_entry
5381.7742	0.19003333333239425	trials	port_entry
5382.224233333334	0.7099999999991269	trials	port_entry
5383.0741999999955	0.33000000000174623	trials	port_entry
5385.904199999997	0.06999999999970896	trials	port_entry
5386.114233333334	1.0099999999947613	trials	port_entry
5387.244233333331	0.37000000000261934	trials	port_entry
5390.444233333328	0.9400000000023283	trials	port_entry
5391.484233333329	0.030000000006111804	trials	port_entry
5391.604233333332	2.7800333333361777	trials	port_entry
5395.584266666665	2.2299666666658595	trials	port_entry
5399.8942333333325	2.680033333330357	trials	port_entry
5402.624266666666	0.1599999999962165	trials	port_entry
5403.114266666664	0.3499999999985448	trials	port_entry
5405.164266666667	1.5599666666676058	trials	port_entry
5407.014233333335	0.09999999999854481	trials	port_entry
5407.194233333328	0.8600000000005821	trials	port_entry
5408.074233333333	0.43000000000029104	trials	port_entry
5408.6342333333305	1.47003333333123	trials	port_entry
5411.354266666662	0.889966666669352	trials	port_entry
5412.374266666666	1.1200000000026193	trials	reward_stimulus_presentation
5413.0942	8.010033333332103	trials	port_entry
5413.374266666666	0.9999666666626581	trials	reward_delivery
5469.024266666667	1.4600333333291928	trials	port_entry
5472.304299999996	3.2700000000040745	trials	port_entry
5481.2442999999985	0.7900000000008731	trials	port_entry
5487.484333333334	0.9099999999962165	trials	port_entry
5488.524366666665	0.1199333333352115	trials	port_entry
5489.104333333329	0.13996666666935198	trials	port_entry
5491.2443333333285	0.360033333337924	trials	port_entry
5491.764333333333	0.23999999999796273	trials	port_entry
5492.374333333333	20.001166666668723	trials	shock_stimulus_presentation
5494.224333333332	3.0500000000029104	trials	port_entry
5497.504333333331	0.029999999998835847	trials	port_entry
5509.82433333333	0.25	trials	port_entry
5512.174333333329	0.3000000000029104	trials	shock_relay
5534.524299999997	0.0700666666671168	trials	port_entry
5537.3543666666665	0.5300333333289018	trials	port_entry
5540.784366666667	0.610033333330648	trials	port_entry
5545.644366666667	0.5099666666646954	trials	port_entry
5555.0443666666615	0.5800000000017462	trials	port_entry
5555.674366666666	0.6500000000014552	trials	port_entry
5556.634366666665	1.3700000000026193	trials	port_entry
5558.254366666668	0.15003333333152113	trials	port_entry
5569.374400000001	2.970000000001164	trials	port_entry
5572.454399999995	0.18003333333763294	trials	port_entry
5575.584366666662	0.2900000000008731	trials	port_entry
5576.1143666666685	1.1300333333274466	trials	port_entry
5582.374433333331	0.47000000000116415	trials	reward_stimulus_presentation
5582.44443333333	10.110000000000582	trials	port_entry
5583.374400000001	1.000033333330066	trials	reward_delivery
5597.054433333331	0.20999999999912689	trials	port_entry
5615.684466666666	0.5400000000008731	trials	port_entry
5616.294466666666	0.06996666666236706	trials	port_entry
5616.424466666664	0.20996666666906094	trials	port_entry
5617.4644333333345	0.11000000000058208	trials	port_entry
5619.344400000002	0.05006666666304227	trials	port_entry
5636.334466666667	2.290033333330939	trials	port_entry
5639.164466666662	0.20000000000436557	trials	port_entry
5639.394466666665	0.22000000000116415	trials	port_entry
5647.024466666662	0.020000000004074536	trials	port_entry
5658.724466666667	1.25	trials	port_entry
5660.004466666665	0.23999999999796273	trials	port_entry
5660.844499999999	0.22999999999592546	trials	port_entry
5662.874466666668	0.2699999999967986	trials	port_entry
5666.364499999996	1.139999999999418	trials	port_entry
5667.5244999999995	0.09999999999854481	trials	port_entry
5667.674500000001	0.4599999999991269	trials	port_entry
5669.2744999999995	0.27999999999883585	trials	port_entry
5669.7644999999975	0.11000000000058208	trials	port_entry
5673.1544333333295	0.900066666668863	trials	port_entry
5674.404499999997	0.17990000000281725	trials	port_entry
5674.6345	0.059999999997671694	trials	port_entry
5675.394499999995	0.18000000000029104	trials	port_entry
5678.574499999995	1.5599666666676058	trials	port_entry
5680.734499999999	0.059999999997671694	trials	port_entry
5680.824499999995	0.3400000000037835	trials	port_entry
5682.374499999998	1.319999999999709	trials	reward_stimulus_presentation
5683.294499999996	6.560000000004948	trials	port_entry
5683.374499999998	1.0	trials	reward_delivery
5722.5244999999995	1.0999999999985448	trials	port_entry
5723.70453333333	0.38003333333472256	trials	port_entry
5727.514533333335	1.4800333333332674	trials	port_entry
5734.854566666661	0.4999333333398681	trials	port_entry
5741.294566666664	3.3400000000037835	trials	port_entry
5745.0745333333325	0.30996666666760575	trials	port_entry
5749.154566666664	1.5299999999988358	trials	port_entry
5751.104566666661	0.02993333333870396	trials	port_entry
5753.7544999999955	0.14006666666682577	trials	port_entry
5756.234599999996	1.2699666666667326	trials	port_entry
5757.6345666666675	0.23999999999796273	trials	port_entry
5761.744566666668	0.029999999998835847	trials	port_entry
5761.894566666662	0.23000000000320142	trials	port_entry
5762.174566666668	0.5099999999947613	trials	port_entry
5762.774566666667	0.049999999995634425	trials	port_entry
5765.3245333333325	5.160066666663624	trials	port_entry
5771.6446	0.01999999999679858	trials	port_entry
5772.374633333333	20.001166666668723	trials	shock_stimulus_presentation
5777.894533333332	0.28003333333617775	trials	port_entry
5779.2546	2.249966666662658	trials	port_entry
5781.554566666666	0.3500333333358867	trials	port_entry
5792.1745999999985	0.3000000000029104	trials	shock_relay
5808.664633333334	0.6299666666673147	trials	port_entry
5812.294600000001	0.22999999999592546	trials	port_entry
5814.584600000002	2.0900333333265735	trials	port_entry
5821.434633333331	1.819999999999709	trials	port_entry
5828.354666666666	1.7099999999991269	trials	port_entry
5830.084633333332	0.33999999999650754	trials	port_entry
5832.214633333329	0.33003333333908813	trials	port_entry
5832.57463333333	0.23003333333326736	trials	port_entry
5833.924666666666	0.8499999999985448	trials	port_entry
5834.854666666666	0.11000000000058208	trials	port_entry
5835.074666666667	0.47999999999592546	trials	port_entry
5835.744666666666	0.01999999999679858	trials	port_entry
5838.344666666664	0.9299666666702251	trials	port_entry
5840.054599999996	0.02003333333414048	trials	port_entry
5841.64463333333	0.16000000000349246	trials	port_entry
5843.304666666663	0.43000000000029104	trials	port_entry
5844.104599999999	2.710033333336469	trials	port_entry
5847.874666666663	0.3099333333375398	trials	port_entry
5853.00463333333	0.11003333333792398	trials	port_entry
5857.114666666668	0.6299999999973807	trials	port_entry
5858.534666666666	1.0	trials	port_entry
5859.7346666666635	0.22000000000116415	trials	port_entry
5860.094666666664	0.13999999999941792	trials	port_entry
5860.394666666667	0.2599999999947613	trials	port_entry
5861.054666666663	2.0	trials	port_entry
5862.374666666663	20.001566666665894	trials	shock_stimulus_presentation
5882.174699999996	0.3000000000029104	trials	shock_relay
5894.744699999996	0.08000000000174623	trials	port_entry
5894.994699999996	2.0200000000040745	trials	port_entry
5904.234733333331	0.15996666666615056	trials	port_entry
5904.484733333331	0.16996666666818783	trials	port_entry
5906.384699999995	1.3100000000049477	trials	port_entry
5907.974699999999	0.06999999999970896	trials	port_entry
5910.544699999999	0.4000000000014552	trials	port_entry
5911.134699999995	0.0900000000037835	trials	port_entry
5914.464733333334	0.3499666666612029	trials	port_entry
5915.0446666666685	0.01999999999679858	trials	port_entry
5915.12473333333	0.19989999999961583	trials	port_entry
5919.484733333331	0.37000000000261934	trials	port_entry
5919.904699999999	0.08003333333181217	trials	port_entry
5922.304733333331	0.47000000000116415	trials	port_entry
5925.204699999995	0.2599333333346294	trials	port_entry
5925.6947	0.08999999999650754	trials	port_entry
5926.134733333332	0.1599999999962165	trials	port_entry
5927.634699999995	1.25	trials	port_entry
5929.054733333331	0.04993333333550254	trials	port_entry
5929.1247	0.029966666661493946	trials	port_entry
5929.384666666665	0.01999999999679858	trials	port_entry
5930.304733333331	0.27999999999883585	trials	port_entry
5930.994733333333	1.6500000000014552	trials	port_entry
5936.26473333333	0.5099333333346294	trials	port_entry
5937.2946666666685	0.18999999999505235	trials	port_entry
5939.484766666668	0.09999999999854481	trials	port_entry
5941.534733333334	0.2900000000008731	trials	port_entry
5941.864699999998	0.1900000000023283	trials	port_entry
5943.744733333333	0.49003333333530463	trials	port_entry
5944.604699999996	0.07003333333705086	trials	port_entry
5945.074699999997	0.360033333330648	trials	port_entry
5948.074733333335	1.5499999999956344	trials	port_entry
5949.8347333333295	0.18000000000029104	trials	port_entry
5952.374766666668	1.0400000000008731	trials	reward_stimulus_presentation
5953.01473333333	6.000033333337342	trials	port_entry
5953.37473333333	1.000033333337342	trials	reward_delivery
5989.754799999995	1.2899666666708072	trials	port_entry
5991.104766666664	0.05006666667031823	trials	port_entry
6012.144800000002	0.10999999999330612	trials	port_entry
6037.374866666665	0.8799999999973807	trials	reward_stimulus_presentation
6037.854833333331	6.310033333335014	trials	port_entry
6038.374833333335	1.0	trials	reward_delivery
6086.854866666668	1.0	trials	port_entry
6087.934866666663	0.24003333333530463	trials	port_entry
6089.774833333329	0.3500333333358867	trials	port_entry
6090.3148666666675	1.4800333333332674	trials	port_entry
6091.834833333334	0.21003333332919283	trials	port_entry
6092.514866666665	0.09999999999854481	trials	port_entry
6092.634866666667	0.04003333333093906	trials	port_entry
6094.144899999999	2.139999999999418	trials	port_entry
6097.404900000001	0.12999999999738066	trials	port_entry
6098.274899999997	0.2400000000052387	trials	port_entry
6100.814899999998	1.0	trials	port_entry
6105.164866666666	0.5899999999965075	trials	port_entry
6106.68493333333	0.12993333333724877	trials	port_entry
6106.834866666664	0.2200333333312301	trials	port_entry
6107.964899999999	0.12000000000261934	trials	port_entry
6110.794900000001	0.14999999999417923	trials	port_entry
6112.534899999999	1.13993333333201	trials	port_entry
6117.314899999998	0.7900000000008731	trials	port_entry
6122.344933333334	3.1599999999962165	trials	port_entry
6125.614933333331	0.6100000000005821	trials	port_entry
6126.384899999997	0.29003333333093906	trials	port_entry
6127.154933333331	0.019933333336666692	trials	port_entry
6127.374966666663	20.001500000005763	trials	shock_stimulus_presentation
6127.724933333331	0.020000000004074536	trials	port_entry
6128.794933333331	1.1699999999982538	trials	port_entry
6129.994866666668	0.3300666666618781	trials	port_entry
6137.714933333329	0.8299333333343384	trials	port_entry
6147.174933333328	0.3000000000029104	trials	shock_relay
6203.834966666662	0.9099666666734265	trials	port_entry
6204.814999999995	0.05000000000291038	trials	port_entry
6222.374966666663	1.5600000000049477	trials	reward_stimulus_presentation
6223.375	0.9999666666626581	trials	reward_delivery
6223.535033333334	10.189999999995052	trials	port_entry
6262.30503333333	4.5499666666655685	trials	port_entry
6296.935033333335	1.4900333333280287	trials	port_entry
6302.125066666667	1.500033333330066	trials	port_entry
6311.965100000001	2.529999999998836	trials	port_entry
6312.3750999999975	20.00123333333613	trials	shock_stimulus_presentation
6317.095066666669	1.5199999999967986	trials	port_entry
6318.705099999999	0.12999999999738066	trials	port_entry
6322.895100000002	0.25	trials	port_entry
6325.795033333328	0.24003333333530463	trials	port_entry
6326.0651	0.08999999999650754	trials	port_entry
6326.325133333332	0.0899666666664416	trials	port_entry
6332.1751	0.2999999999956344	trials	shock_relay
6351.405099999996	1.7000333333344315	trials	port_entry
6357.215100000001	0.5600333333277376	trials	port_entry
6357.855133333331	0.029999999998835847	trials	port_entry
6358.625133333335	1.2199999999938882	trials	port_entry
6362.325133333332	1.430000000000291	trials	port_entry
6364.13513333333	0.5299666666687699	trials	port_entry
6365.865066666665	0.8800666666647885	trials	port_entry
6366.8151	0.04003333333093906	trials	port_entry
6367.115133333333	0.15003333333152113	trials	port_entry
6367.31513333333	0.06999999999970896	trials	port_entry
6367.415133333328	2.5900000000037835	trials	port_entry
6372.365166666663	0.18000000000029104	trials	port_entry
6373.535166666668	0.01999999999679858	trials	port_entry
6376.885166666667	2.9199999999982538	trials	port_entry
6383.235133333328	2.4500333333344315	trials	port_entry
6392.375166666665	0.8899999999994179	trials	reward_stimulus_presentation
6392.865166666663	12.509966666671971	trials	port_entry
6393.375166666665	1.0	trials	reward_delivery
6405.435099999995	0.05000000000291038	trials	port_entry
6453.275199999996	0.3600000000005821	trials	port_entry
6455.895199999999	0.059999999997671694	trials	port_entry
6456.035166666668	0.24003333332802868	trials	port_entry
6482.375266666662	1.7999333333355025	trials	reward_stimulus_presentation
6483.375266666662	0.9999666666699341	trials	reward_delivery
6483.775233333334	7.130033333334723	trials	port_entry
6527.945299999999	1.7999666666655685	trials	port_entry
6544.885300000002	1.679999999993015	trials	port_entry
6559.785299999996	1.139999999999418	trials	port_entry
6561.4052999999985	0.25003333333006594	trials	port_entry
6562.775300000001	0.01999999999679858	trials	port_entry
6565.445266666662	1.4100333333335584	trials	port_entry
6567.1452999999965	0.16999999999825377	trials	port_entry
6572.565333333332	0.569999999999709	trials	port_entry
6575.005333333334	1.820033333329775	trials	port_entry
6577.105366666663	0.2599666666719713	trials	port_entry
6580.435366666665	1.6999999999970896	trials	port_entry
6582.375366666667	20.00119999999879	trials	shock_stimulus_presentation
6583.905333333329	0.030000000006111804	trials	port_entry
6590.595333333331	0.48003333333326736	trials	port_entry
6592.505333333334	0.41999999999825377	trials	port_entry
6602.175333333333	0.2999999999956344	trials	shock_relay
6610.705366666662	1.6900000000023283	trials	port_entry
6621.085399999996	0.1300000000046566	trials	port_entry
6621.405333333329	0.25006666666740784	trials	port_entry
6622.8153999999995	0.01999999999679858	trials	port_entry
6633.475399999996	1.0599666666676058	trials	port_entry
6643.005400000002	0.01999999999679858	trials	port_entry
6643.265399999997	0.029999999998835847	trials	port_entry
6643.455399999999	0.029999999998835847	trials	port_entry
6643.915399999998	1.6600000000034925	trials	port_entry
6645.865399999995	0.020000000004074536	trials	port_entry
6659.235433333335	0.029999999998835847	trials	port_entry
6667.265433333334	0.8299999999944703	trials	port_entry
6672.205433333329	6.880000000004657	trials	port_entry
6672.3754333333345	0.22999999999592546	trials	reward_stimulus_presentation
6673.3754333333345	1.0	trials	reward_delivery
6731.8654666666625	3.4099666666661506	trials	port_entry
6761.635499999997	6.710033333336469	trials	port_entry
6762.375500000002	17.800033333332976	trials	reward_stimulus_presentation
6763.375500000002	1.0	trials	reward_delivery
6779.775533333333	1.5399666666635312	trials	port_entry
6849.695599999999	1.7099999999991269	trials	port_entry
6852.3756333333295	1.0799666666716803	trials	reward_stimulus_presentation
6853.0556	4.779999999998836	trials	port_entry
6853.375599999999	0.9999666666626581	trials	reward_delivery
6892.815633333332	1.110000000000582	trials	port_entry
6894.455600000001	0.25003333333006594	trials	port_entry
6894.7356	0.2600333333321032	trials	port_entry
6896.8956333333335	0.2900000000008731	trials	port_entry
6897.235533333333	1.1400999999968917	trials	port_entry
6900.745666666662	0.29993333333550254	trials	port_entry
6901.1256333333295	0.03996666667080717	trials	port_entry
6908.575633333334	0.4499999999970896	trials	port_entry
6909.335633333329	0.720033333338506	trials	port_entry
6910.355633333333	0.20003333333443152	trials	port_entry
6927.105666666663	2.5099666666719713	trials	port_entry
6930.105599999995	1.5200666666714824	trials	port_entry
6935.135666666662	0.6299666666673147	trials	port_entry
6935.815666666662	0.06999999999970896	trials	port_entry
6935.905633333328	0.5200333333341405	trials	port_entry
6936.865666666665	0.6200000000026193	trials	port_entry
6937.375699999997	20.001433333338355	trials	shock_stimulus_presentation
6937.525666666668	4.299999999995634	trials	port_entry
6942.645666666664	0.0900000000037835	trials	port_entry
6957.175633333332	0.3000000000029104	trials	shock_relay
6990.205699999999	1.5299999999988358	trials	port_entry
6994.935700000002	1.4499999999970896	trials	port_entry
7001.475699999995	0.07996666667168029	trials	port_entry
7013.475733333333	0.7299999999959255	trials	port_entry
7016.165733333335	0.13999999999941792	trials	port_entry
7018.025699999998	2.010066666669445	trials	port_entry
7027.375766666664	0.6900000000023283	trials	reward_stimulus_presentation
7027.665733333335	8.380033333327447	trials	port_entry
7028.375733333334	1.000033333330066	trials	reward_delivery
7036.24573333333	0.26996666666673264	trials	port_entry
7036.8057333333345	0.049999999995634425	trials	port_entry
7036.885733333329	0.33000000000174623	trials	port_entry
7046.585766666663	1.1600333333335584	trials	port_entry
7051.055766666665	0.4100333333335584	trials	port_entry
7062.185799999999	1.3999666666641133	trials	port_entry
7075.725699999995	0.11010000000533182	trials	port_entry
7077.905766666663	2.1600666666709003	trials	port_entry
7080.185799999999	0.1500000000014552	trials	port_entry
7081.325799999999	1.790033333330939	trials	port_entry
7084.135799999996	0.020000000004074536	trials	port_entry
7087.945833333331	0.09999999999854481	trials	port_entry
7088.3557999999975	1.5999999999985448	trials	port_entry
7122.355833333335	10.159999999996217	trials	port_entry
7122.375833333332	0.38003333333472256	trials	reward_stimulus_presentation
7123.375899999999	0.9999666666626581	trials	reward_delivery
7159.325866666666	1.430000000000291	trials	port_entry
7162.825866666666	2.010033333332103	trials	port_entry
7165.495866666664	1.2200000000011642	trials	port_entry
7166.745866666664	0.4500333333344315	trials	port_entry
7170.2558999999965	0.06999999999970896	trials	port_entry
7182.435899999997	1.3800000000046566	trials	port_entry
7183.8459	0.09999999999854481	trials	port_entry
7184.035899999995	0.2400000000052387	trials	port_entry
7210.195899999999	0.18000000000029104	trials	port_entry
7210.465933333333	1.7299999999959255	trials	port_entry
7212.3759666666665	20.001533333328553	trials	shock_stimulus_presentation
7213.185933333334	1.1899999999950523	trials	port_entry
7232.175933333332	0.3000333333329763	trials	shock_relay
7244.405899999998	1.0300333333361777	trials	port_entry
7266.715966666663	0.6899666666722624	trials	port_entry
7289.915999999997	0.9500000000043656	trials	port_entry
7292.375999999997	1.3700000000026193	trials	reward_stimulus_presentation
7293.345999999998	8.959999999999127	trials	port_entry
7293.375999999997	1.0	trials	reward_delivery
7357.546033333332	1.7800333333361777	trials	port_entry
7359.426066666667	0.07999999999447027	trials	port_entry
7364.426066666667	0.3699999999953434	trials	port_entry
7368.806066666664	0.5299999999988358	trials	port_entry
7376.326066666668	1.1599999999962165	trials	port_entry
7381.186099999999	1.0899999999965075	trials	port_entry
7382.376100000001	20.00113333333138	trials	shock_stimulus_presentation
7383.766066666663	1.4199666666681878	trials	port_entry
7392.216099999998	0.9100000000034925	trials	port_entry
7402.176099999997	0.3000000000029104	trials	shock_relay
7437.3361333333305	0.31999999999970896	trials	port_entry
7438.40613333333	0.0900000000037835	trials	port_entry
7438.536133333335	1.2699999999967986	trials	port_entry
7442.146133333328	1.2300000000032014	trials	port_entry
7445.316099999996	0.5400000000008731	trials	port_entry
7447.686166666666	0.48999999999796273	trials	port_entry
7448.206133333333	0.11003333333064802	trials	port_entry
7449.756166666666	0.33000000000174623	trials	port_entry
7450.826166666666	0.25	trials	port_entry
7453.716166666665	0.6100000000005821	trials	port_entry
7454.486166666662	0.22000000000116415	trials	port_entry
7455.386099999996	0.35006666666595265	trials	port_entry
7455.756133333329	0.14003333333675982	trials	port_entry
7461.056166666662	2.4800000000032014	trials	port_entry
7463.746166666664	0.12999999999738066	trials	port_entry
7470.506166666666	0.5499999999956344	trials	port_entry
7478.906199999998	0.6599666666661506	trials	port_entry
7482.376199999999	1.2198999999964144	trials	reward_stimulus_presentation
7483.1961999999985	4.88993333333201	trials	port_entry
7483.376199999999	1.0	trials	reward_delivery
7510.496200000001	4.779966666661494	trials	port_entry
7565.986233333329	2.5600333333350136	trials	port_entry
7572.376299999996	1.6199666666652774	trials	reward_stimulus_presentation
7573.376266666666	1.0	trials	reward_delivery
7573.596266666667	6.029966666661494	trials	port_entry
7610.746299999999	1.1500000000014552	trials	port_entry
7613.316299999999	0.27999999999883585	trials	port_entry
7639.6663333333345	1.5299999999988358	trials	port_entry
7656.296366666662	0.5300000000061118	trials	port_entry
7660.4063666666625	1.25	trials	port_entry
7662.376366666664	1.179966666670225	trials	reward_stimulus_presentation
7663.156333333332	4.230033333333267	trials	port_entry
7663.376333333334	1.0	trials	reward_delivery
7668.886366666666	1.9499666666670237	trials	port_entry
7697.596399999995	1.5400000000008731	trials	port_entry
7713.416400000002	0.7299999999959255	trials	port_entry
7716.176399999997	0.3400000000037835	trials	port_entry
7719.076399999998	1.25	trials	port_entry
7721.546399999999	1.0099666666646954	trials	port_entry
7732.0164333333305	0.3000000000029104	trials	port_entry
7733.046433333329	1.5399666666708072	trials	port_entry
7743.206433333333	1.1299999999973807	trials	port_entry
7744.736433333332	0.059999999997671694	trials	port_entry
7745.146433333335	0.06999999999970896	trials	port_entry
7746.346433333332	3.5899999999965075	trials	port_entry
7751.196400000001	0.02003333333414048	trials	port_entry
7752.376433333331	20.001566666665894	trials	shock_stimulus_presentation
7763.606466666664	0.4599000000016531	trials	port_entry
7764.376466666668	3.2199333333264804	trials	port_entry
7769.866433333329	2.470033333338506	trials	port_entry
7772.176399999997	0.3000000000029104	trials	shock_relay
7837.3764999999985	20.0	trials	reward_stimulus_presentation
7838.3764999999985	1.000033333330066	trials	reward_delivery
7862.056533333329	7.870000000002619	trials	port_entry
7889.656566666665	0.059999999997671694	trials	port_entry
7927.376633333333	20.00119999999879	trials	shock_stimulus_presentation
7931.976600000002	1.22003333333123	trials	port_entry
7934.856599999999	0.060033333335013594	trials	port_entry
7934.956633333335	0.5999999999985448	trials	port_entry
7935.6466	0.18000000000029104	trials	port_entry
7935.926599999999	0.1500000000014552	trials	port_entry
7937.526599999997	1.139999999999418	trials	port_entry
7947.176599999999	0.3000333333329763	trials	shock_relay
7964.8466333333345	1.6699999999982538	trials	port_entry
7969.316633333328	0.25	trials	port_entry
7997.156666666662	0.3900333333367598	trials	port_entry
7997.766666666663	0.019966666666732635	trials	port_entry
8003.446666666663	0.7200000000011642	trials	port_entry
8005.296666666662	0.20996666666906094	trials	port_entry
8005.536599999999	0.06999999999970896	trials	port_entry
8016.3466666666645	1.209966666669061	trials	port_entry
8020.286699999997	1.2000000000043656	trials	port_entry
8022.376700000001	1.2699999999967986	trials	reward_stimulus_presentation
8023.246699999996	5.75	trials	port_entry
8023.376700000001	1.0	trials	reward_delivery
8069.476733333329	2.3300000000017462	trials	port_entry
8112.376799999998	20.000866666669026	trials	shock_stimulus_presentation
8132.176800000001	0.2999999999956344	trials	shock_relay
8192.376866666666	2.2600000000020373	trials	reward_stimulus_presentation
8193.376833333328	0.9999666666699341	trials	reward_delivery
8194.236833333329	6.910033333333558	trials	port_entry
8206.966866666662	0.020000000004074536	trials	port_entry
8207.616866666664	0.01989999999932479	trials	port_entry
8211.086833333335	0.26006666666216915	trials	port_entry
8221.386866666668	0.14999999999417923	trials	port_entry
8232.7569	0.3699999999953434	trials	port_entry
8238.726866666664	0.1500000000014552	trials	port_entry
8240.916899999997	0.47000000000116415	trials	port_entry
8263.986833333329	0.4201000000030035	trials	port_entry
8282.376866666666	1.1000333333358867	trials	reward_stimulus_presentation
8283.07693333333	8.260000000002037	trials	port_entry
8283.376933333333	0.9999666666626581	trials	reward_delivery
8347.587	1.2199666666638223	trials	port_entry
8353.546966666669	0.7100333333291928	trials	port_entry
8356.256999999998	1.9899666666678968	trials	port_entry
8359.457033333332	0.23999999999796273	trials	port_entry
8361.536999999997	2.0600333333350136	trials	port_entry
8363.786999999997	1.2700333333341405	trials	port_entry
8366.136999999995	0.8200333333370509	trials	port_entry
8370.267	1.0500333333329763	trials	port_entry
8371.356999999996	0.03996666667080717	trials	port_entry
8371.446966666663	0.5500000000029104	trials	port_entry
8372.226999999999	0.25996666666469537	trials	port_entry
8375.186999999998	0.4499999999970896	trials	port_entry
8376.456999999995	0.08000000000174623	trials	port_entry
8376.587	1.0299999999988358	trials	port_entry
8382.37703333333	1.179966666670225	trials	reward_stimulus_presentation
8383.15703333333	8.080000000001746	trials	port_entry
8383.37703333333	0.9999666666699341	trials	reward_delivery
8395.117033333328	3.8400000000037835	trials	port_entry
8422.977066666666	4.540000000000873	trials	port_entry
8461.017066666667	2.000033333330066	trials	port_entry
8470.347099999999	3.1699999999982538	trials	port_entry
8472.377133333335	4.099933333331137	trials	reward_stimulus_presentation
8473.377099999998	0.9999666666699341	trials	reward_delivery
8476.077066666665	0.04003333333093906	trials	port_entry
8479.477099999996	1.2100333333364688	trials	port_entry
8482.2471	3.430000000000291	trials	port_entry
8487.417133333329	0.8500000000058208	trials	port_entry
8508.147133333332	1.5599999999976717	trials	port_entry
8510.197133333335	0.10999999999330612	trials	port_entry
8515.797133333333	1.1600333333335584	trials	port_entry
8522.577133333332	1.0999999999985448	trials	port_entry
8525.877166666665	0.2699999999967986	trials	port_entry
8526.677166666668	1.4799999999959255	trials	port_entry
8529.037166666662	0.10000000000582077	trials	port_entry
8530.127166666665	0.4599999999991269	trials	port_entry
8532.687133333333	0.06999999999970896	trials	port_entry
8535.007166666663	0.4799666666658595	trials	port_entry
8535.52713333333	0.3700666666700272	trials	port_entry
8536.127199999995	0.06999999999970896	trials	port_entry
8543.537166666662	1.0300000000061118	trials	port_entry
8544.647166666662	0.31999999999970896	trials	port_entry
8556.297166666664	1.0700333333370509	trials	port_entry
8557.417166666666	0.23999999999796273	trials	port_entry
8562.377199999995	20.00156666667317	trials	shock_stimulus_presentation
8582.177199999998	0.3000333333329763	trials	shock_relay
8591.74713333333	1.830066666669154	trials	port_entry
8600.197233333332	1.2900000000008731	trials	port_entry
8605.057233333333	0.05996666666760575	trials	port_entry
8605.267233333332	1.0899333333363757	trials	port_entry
8610.197233333332	0.12000000000261934	trials	port_entry
8610.36723333333	0.41999999999825377	trials	port_entry
8610.86723333333	1.3400000000037835	trials	port_entry
8619.21723333333	1.3799666666673147	trials	port_entry
8623.477233333331	8.030033333336178	trials	port_entry
8632.097266666664	3.4399666666649864	trials	port_entry
8640.317266666665	2.2600000000020373	trials	port_entry
8643.027266666664	0.9700000000011642	trials	port_entry
8644.117266666668	0.12999999999738066	trials	port_entry
8644.287266666666	0.6599999999962165	trials	port_entry
8645.177266666666	0.029999999998835847	trials	port_entry
8645.477200000001	3.8700666666627512	trials	port_entry
8649.427266666666	1.2199666666638223	trials	port_entry
8652.277233333334	4.830033333331812	trials	port_entry
8652.377266666663	0.3000333333329763	trials	reward_stimulus_presentation
8653.3773	0.9999666666626581	trials	reward_delivery
8657.567266666665	0.06999999999970896	trials	port_entry
8657.657266666662	0.42000000000552973	trials	port_entry
8658.207266666665	2.8000333333329763	trials	port_entry
8661.3773	0.3499999999985448	trials	port_entry
8665.917300000001	0.1300333333274466	trials	port_entry
8679.3373	1.7800333333289018	trials	port_entry
8681.26733333333	0.28996666667080717	trials	port_entry
8684.347300000001	0.75	trials	port_entry
8690.367299999998	0.6600000000034925	trials	port_entry
8704.707333333332	1.7600000000020373	trials	port_entry
8707.137333333332	0.31999999999970896	trials	port_entry
8709.3073	1.6699999999982538	trials	port_entry
8713.787366666664	1.1099666666705161	trials	port_entry
8721.337366666667	0.31996666666236706	trials	port_entry
8727.147366666664	0.20999999999912689	trials	port_entry
8729.167266666664	0.7001000000018394	trials	port_entry
8733.717366666664	1.8099999999976717	trials	port_entry
8735.637366666662	0.4299333333328832	trials	port_entry
8736.167366666668	0.22999999999592546	trials	port_entry
8736.477366666666	10.330000000001746	trials	port_entry
8737.377366666668	10.529999999998836	trials	reward_stimulus_presentation
8738.377366666668	1.000033333330066	trials	reward_delivery
8747.507366666665	4.150000000001455	trials	port_entry
8753.247333333333	2.36006666666799	trials	port_entry
8755.887366666662	0.6200333333326853	trials	port_entry
8756.757399999995	0.11000000000058208	trials	port_entry
8757.027399999999	1.9400000000023283	trials	port_entry
8761.147366666664	0.0900000000037835	trials	port_entry
8761.297366666666	0.9199999999982538	trials	port_entry
8762.467366666664	0.6900333333323942	trials	port_entry
8763.297399999996	0.75	trials	port_entry
8772.977399999996	1.389999999999418	trials	port_entry
8785.337366666667	0.8700666666627512	trials	port_entry
8790.667433333329	0.4400000000023283	trials	port_entry
8793.587399999997	0.020000000004074536	trials	port_entry
8793.937399999995	0.08000000000174623	trials	port_entry
8801.63743333333	0.31000000000494765	trials	port_entry
8820.987433333328	1.0100000000020373	trials	port_entry
8827.377466666665	20.00153333333583	trials	shock_stimulus_presentation
8833.657466666664	0.3899999999994179	trials	port_entry
8847.177466666668	0.2999999999956344	trials	shock_relay
8848.437466666663	0.16000000000349246	trials	port_entry
8901.807499999995	2.6200333333326853	trials	port_entry
8922.377533333332	1.0899999999965075	trials	reward_stimulus_presentation
8923.067533333335	3.289999999993597	trials	port_entry
8923.377533333332	0.9999666666626581	trials	reward_delivery
8942.077566666667	1.8699666666652774	trials	port_entry
9012.37763333333	20.00123333333613	trials	shock_stimulus_presentation
9032.177599999995	0.3000333333329763	trials	shock_relay
9092.377699999997	20.000033333337342	trials	reward_stimulus_presentation
9093.37763333333	1.000033333337342	trials	reward_delivery
9161.957733333329	0.17000000000552973	trials	port_entry
9162.267733333334	0.9499999999970896	trials	port_entry
9163.717733333331	0.030033333336177748	trials	port_entry
9164.9277	1.5100333333321032	trials	port_entry
9166.587766666664	0.07993333333433839	trials	port_entry
9167.587733333334	0.5000333333300659	trials	port_entry
9180.117733333333	1.6000333333358867	trials	port_entry
9182.007733333332	0.029999999998835847	trials	port_entry
9182.377799999995	20.00083333333896	trials	shock_stimulus_presentation
9202.177799999998	0.3000000000029104	trials	shock_relay
9219.317799999997	0.680000000000291	trials	port_entry
9278.747866666665	2.930000000000291	trials	port_entry
9281.747866666665	0.5399666666635312	trials	port_entry
9282.377866666662	0.8399333333363757	trials	reward_stimulus_presentation
9282.817833333334	3.360066666660714	trials	port_entry
9283.377799999995	1.0	trials	reward_delivery
9286.337899999999	1.5599999999976717	trials	port_entry
9287.927899999995	10.059966666667606	trials	port_entry
9298.047866666668	0.2600333333321032	trials	port_entry
9322.0579	1.860000000000582	trials	port_entry
9323.997899999995	0.5	trials	port_entry
9324.677899999995	0.4800000000032014	trials	port_entry
9325.3079	0.08000000000174623	trials	port_entry
9370.747933333332	7.090033333333849	trials	port_entry
9372.377966666667	9.489999999997963	trials	reward_stimulus_presentation
9373.37793333333	1.000033333337342	trials	reward_delivery
9381.467966666663	2.389999999999418	trials	port_entry
9390.777966666668	1.0600333333277376	trials	port_entry
9394.727999999996	0.4000000000014552	trials	port_entry
9395.258000000002	0.48999999999796273	trials	port_entry
9407.047966666665	1.8399999999965075	trials	port_entry
9419.707999999999	0.1500000000014552	trials	port_entry
9421.237999999998	1.4400000000023283	trials	port_entry
9425.407933333328	2.070066666667117	trials	port_entry
9429.617999999995	1.3000000000029104	trials	port_entry
9442.168033333335	0.4499999999970896	trials	port_entry
9442.828033333331	0.06999999999970896	trials	port_entry
9451.298033333333	0.19999999999708962	trials	port_entry
9451.668033333335	0.7799999999988358	trials	port_entry
9452.728033333333	0.12999999999738066	trials	port_entry
9462.378066666664	13.939966666664986	trials	reward_stimulus_presentation
9463.378033333334	1.0	trials	reward_delivery
9475.918033333335	1.7100333333291928	trials	port_entry
9478.308066666665	0.12000000000261934	trials	port_entry
9480.298066666663	1.4099666666661506	trials	port_entry
9484.618066666662	0.5800000000017462	trials	port_entry
9486.878066666664	0.05996666666760575	trials	port_entry
9487.038066666668	0.08999999999650754	trials	port_entry
9487.148066666668	0.8799999999973807	trials	port_entry
9488.048066666663	0.020000000004074536	trials	port_entry
9490.928066666667	0.4499666666670237	trials	port_entry
9494.258066666662	0.0900000000037835	trials	port_entry
9495.978066666663	1.4700000000011642	trials	port_entry
9497.658066666663	0.20000000000436557	trials	port_entry
9501.408066666663	0.4900000000052387	trials	port_entry
9504.708099999996	2.4200000000055297	trials	port_entry
9507.267999999996	0.2701000000015483	trials	port_entry
9510.9081	0.31999999999970896	trials	port_entry
9511.568099999997	0.7300000000032014	trials	port_entry
9512.358099999998	0.19999999999708962	trials	port_entry
9512.608099999998	0.18000000000029104	trials	port_entry
9532.318099999997	0.11000000000058208	trials	port_entry
9535.158066666663	1.430033333337633	trials	port_entry
9552.378133333332	5.059999999997672	trials	reward_stimulus_presentation
9553.378100000002	0.9999666666626581	trials	reward_delivery
9557.038133333335	1.2299999999959255	trials	port_entry
9590.308166666662	0.3000000000029104	trials	port_entry
9592.7581	1.1600666666636243	trials	port_entry
9610.458200000001	0.9299333333328832	trials	port_entry
9611.528166666663	1.1200333333326853	trials	port_entry
9617.568166666664	0.9400333333323942	trials	port_entry
9618.5282	0.09999999999854481	trials	port_entry
9634.118199999997	0.6600000000034925	trials	port_entry
9637.37823333333	20.00153333333583	trials	shock_stimulus_presentation
9650.8082	4.439966666664986	trials	port_entry
9655.458200000001	0.930033333330357	trials	port_entry
9657.178233333332	0.3000000000029104	trials	shock_relay
9660.998233333332	0.8899999999994179	trials	port_entry
9727.378299999997	20.000033333337342	trials	reward_stimulus_presentation
9728.378299999997	0.9999666666699341	trials	reward_delivery
9822.378400000001	20.0	trials	reward_stimulus_presentation
9874.868466666667	2.849999999998545	trials	port_entry
9880.998433333334	3.400033333331521	trials	port_entry
9884.918433333332	0.3700333333326853	trials	port_entry
9885.788433333335	0.10999999999330612	trials	port_entry
9886.238433333332	0.019933333329390734	trials	port_entry
9886.308400000002	0.03003333332890179	trials	port_entry
9886.528433333333	2.0599666666676058	trials	port_entry
9888.638399999996	43.80006666667032	trials	port_entry
9912.378499999999	20.00153333333583	trials	shock_stimulus_presentation
9932.178466666664	0.3000000000029104	trials	shock_relay
9932.468466666665	0.9700333333312301	trials	port_entry
9933.5585	0.16999999999825377	trials	port_entry
9933.9185	0.16999999999825377	trials	port_entry
9934.178500000002	199.88016666666226	trials	port_entry
9992.378566666666	20.0	trials	reward_stimulus_presentation
9993.378533333329	1.0	trials	reward_delivery
10082.378566666666	20.000066666667408	trials	reward_stimulus_presentation
10134.408666666663	0.27000000000407454	trials	port_entry
10134.708666666666	76.11006666666799	trials	port_entry
10182.378700000001	20.000033333330066	trials	reward_stimulus_presentation
10183.378700000001	1.000033333330066	trials	reward_delivery
10210.918699999995	0.07000000000698492	trials	port_entry
10211.218766666665	4.369966666665277	trials	port_entry
10216.558733333331	0.23999999999796273	trials	port_entry
10218.428733333334	1.1099666666632402	trials	port_entry
10219.928733333334	2.4699666666638223	trials	port_entry
10224.648766666665	0.16996666666818783	trials	port_entry
10224.97873333333	0.4299333333328832	trials	port_entry
10225.778699999995	0.17006666667293757	trials	port_entry
10227.428766666664	0.12000000000261934	trials	port_entry
10227.568733333334	0.5500333333329763	trials	port_entry
10229.858766666664	3.1999999999970896	trials	port_entry
10233.308766666662	0.04996666667284444	trials	port_entry
10234.528766666663	60.37006666667003	trials	port_entry
10272.378899999996	20.000800000001618	trials	shock_stimulus_presentation
10292.178833333332	0.3000000000029104	trials	shock_relay
10295.928833333332	0.20999999999912689	trials	port_entry
10362.378933333333	19.999933333332592	trials	reward_stimulus_presentation
10363.378899999996	0.9999666666699341	trials	reward_delivery
10452.378966666663	20.001566666665894	trials	shock_stimulus_presentation
10465.278999999995	0.030000000006111804	trials	port_entry
10465.328999999998	0.1199333333352115	trials	port_entry
10465.758999999998	0.01999999999679858	trials	port_entry
10466.269	0.11000000000058208	trials	port_entry
10466.778999999995	0.3800000000046566	trials	port_entry
10468.388999999996	0.10000000000582077	trials	port_entry
10471.89893333333	0.09006666667119134	trials	port_entry
10472.078999999998	0.3899999999994179	trials	port_entry
10472.178999999996	0.3000000000029104	trials	shock_relay
10474.919000000002	0.6699666666609119	trials	port_entry
10479.828999999998	0.08000000000174623	trials	port_entry
10489.348999999995	0.20000000000436557	trials	port_entry
10489.598999999995	1.5900333333338494	trials	port_entry
10492.449	0.06999999999970896	trials	port_entry
10496.148999999998	1.9100000000034925	trials	port_entry
10502.239000000001	1.0899666666664416	trials	port_entry
10504.449	0.7600333333321032	trials	port_entry
10505.288999999997	0.060033333335013594	trials	port_entry
10505.368966666661	0.6000333333358867	trials	port_entry
10509.829033333335	0.25	trials	port_entry
10510.179033333334	0.040000000000873115	trials	port_entry
10510.26903333333	0.4500000000043656	trials	port_entry
10510.76903333333	0.06999999999970896	trials	port_entry
10514.508966666668	0.18006666666042292	trials	port_entry
10533.94903333333	0.06999999999970896	trials	port_entry
10534.168966666664	1.6699999999982538	trials	port_entry
10537.379066666668	1.4899999999979627	trials	reward_stimulus_presentation
10538.37903333333	1.0	trials	reward_delivery
10538.469033333335	3.710033333329193	trials	port_entry
10543.959066666663	0.9900000000052387	trials	port_entry
10546.479066666667	0.40996666666615056	trials	port_entry
10550.409099999997	0.29993333333550254	trials	port_entry
10550.939033333329	0.14000000000669388	trials	port_entry
10551.309066666669	0.01999999999679858	trials	port_entry
10551.379066666668	0.049999999995634425	trials	port_entry
10565.179066666664	1.1500333333315211	trials	port_entry
10567.419066666662	0.22000000000116415	trials	port_entry
10567.709066666663	0.1900000000023283	trials	port_entry
10572.639066666663	1.430033333337633	trials	port_entry
10577.649066666665	0.6899666666649864	trials	port_entry
10583.979099999997	2.470000000001164	trials	port_entry
10587.679100000001	1.9000333333315211	trials	port_entry
10627.379166666666	0.9899999999979627	trials	reward_stimulus_presentation
10627.969166666662	3.6300000000046566	trials	port_entry
10628.379133333328	1.000033333337342	trials	reward_delivery
10631.659166666665	0.029999999998835847	trials	port_entry
10632.509166666663	0.06999999999970896	trials	port_entry
10632.609166666662	0.2900000000008731	trials	port_entry
10633.149166666662	0.05000000000291038	trials	port_entry
10645.159166666665	1.110000000000582	trials	port_entry
10649.549133333334	0.09003333333384944	trials	port_entry
10722.379266666663	20.00153333333583	trials	shock_stimulus_presentation
10742.179233333329	0.3000000000029104	trials	shock_relay
10743.979266666662	1.1600000000034925	trials	port_entry
10748.279233333335	1.680033333330357	trials	port_entry
10750.009266666668	0.029966666661493946	trials	port_entry
10812.37933333333	20.000899999999092	trials	shock_stimulus_presentation
10832.179366666664	0.3000000000029104	trials	shock_relay
10892.379433333328	20.001100000001315	trials	shock_stimulus_presentation
10912.1794	0.2999999999956344	trials	shock_relay
10915.409366666667	0.34003333333384944	trials	port_entry
10921.019433333335	0.6499999999941792	trials	port_entry
10921.689433333333	0.43999999999505235	trials	port_entry
10922.329433333332	0.19999999999708962	trials	port_entry
10922.56943333333	0.33000000000174623	trials	port_entry
10923.549433333334	0.3499999999985448	trials	port_entry
10982.379499999995	20.0	trials	reward_stimulus_presentation
10983.379499999995	1.0	trials	reward_delivery
11088.346633333334	0.278633333327889	trials	phototagging
11088.905266666668	0.22753333333093906	trials	phototagging
11090.327933333334	0.10016666666342644	trials	phototagging
11091.329466666662	0.1001666666707024	trials	phototagging
11092.330999999998	0.1001333333333605	trials	phototagging
11093.332533333334	0.1001333333333605	trials	phototagging
11094.334066666663	0.1001666666707024	trials	phototagging
11095.335599999999	0.1001333333333605	trials	phototagging
11096.337133333334	0.1001333333333605	trials	phototagging
11097.338666666663	0.1001333333333605	trials	phototagging
11098.340199999999	0.1001333333333605	trials	phototagging
11099.341733333335	0.1001333333333605	trials	phototagging
11100.343266666663	0.1001333333333605	trials	phototagging
11101.344766666662	0.1001666666707024	trials	phototagging
11112.361633333334	0.004999999997380655	trials	phototagging
11112.371666666666	0.004999999997380655	trials	phototagging
11112.381666666668	0.004999999997380655	trials	phototagging
11112.3917	0.004999999997380655	trials	phototagging
11112.401699999995	0.005000000004656613	trials	phototagging
11112.411699999997	0.005033333334722556	trials	phototagging
11112.421733333329	0.005000000004656613	trials	phototagging
11112.431733333331	0.005033333334722556	trials	phototagging
11112.441766666663	0.005000000004656613	trials	phototagging
11112.451766666665	0.004999999997380655	trials	phototagging
11112.461799999997	0.004999999997380655	trials	phototagging
11112.4718	0.004999999997380655	trials	phototagging
11112.481833333331	0.004999999997380655	trials	phototagging
11112.491833333333	0.004999999997380655	trials	phototagging
11112.501833333328	0.005033333334722556	trials	phototagging
11112.511866666668	0.004999999997380655	trials	phototagging
11112.5219	0.004999999997380655	trials	phototagging
11112.531900000002	0.004999999997380655	trials	phototagging
11112.541899999997	0.005000000004656613	trials	phototagging
11112.551933333329	0.005000000004656613	trials	phototagging
11112.56193333333	0.005033333334722556	trials	phototagging
11112.571966666663	0.005000000004656613	trials	phototagging
11112.581966666665	0.004999999997380655	trials	phototagging
11112.591999999997	0.005000000004656613	trials	phototagging
11112.601999999999	0.004999999997380655	trials	phototagging
11112.612033333331	0.004999999997380655	trials	phototagging
11112.622033333333	0.004999999997380655	trials	phototagging
11112.632066666665	0.004999999997380655	trials	phototagging
11112.642066666667	0.004999999997380655	trials	phototagging
11112.652066666662	0.005033333334722556	trials	phototagging
11122.6774	0.010033333332103211	trials	phototagging
11122.777566666664	0.010033333332103211	trials	phototagging
11122.877733333335	0.00999999999476131	trials	phototagging
11122.977866666668	0.010033333332103211	trials	phototagging
11123.078033333331	0.010033333332103211	trials	phototagging
11123.178199999995	0.010000000002037268	trials	phototagging
11123.278333333328	0.010033333339379169	trials	phototagging
11123.378499999999	0.010000000002037268	trials	phototagging
11123.478633333332	0.010033333332103211	trials	phototagging
11123.578799999996	0.010033333339379169	trials	phototagging
11123.678966666666	0.010000000002037268	trials	phototagging
11123.7791	0.010033333332103211	trials	phototagging
11123.879266666663	0.010000000002037268	trials	phototagging
11123.979399999997	0.010033333332103211	trials	phototagging
11124.079566666667	0.00999999999476131	trials	phototagging
11124.17973333333	0.010000000002037268	trials	phototagging
11124.279866666664	0.010033333332103211	trials	phototagging
11124.380033333335	0.00999999999476131	trials	phototagging
11124.480166666668	0.010033333332103211	trials	phototagging
11124.580333333332	0.010000000002037268	trials	phototagging
11124.680499999995	0.010000000002037268	trials	phototagging
11124.780633333328	0.010000000002037268	trials	phototagging
11124.880799999999	0.010000000002037268	trials	phototagging
11124.980933333332	0.010033333332103211	trials	phototagging
11125.081099999996	0.010000000002037268	trials	phototagging
11125.18123333333	0.010033333339379169	trials	phototagging
11125.2814	0.010033333332103211	trials	phototagging
11125.381566666663	0.010000000002037268	trials	phototagging
11125.481699999997	0.010033333332103211	trials	phototagging
11125.581866666667	0.00999999999476131	trials	phototagging
11135.69733333333	0.005000000004656613	trials	phototagging
11136.698866666666	0.004999999997380655	trials	phototagging
11137.700400000002	0.004999999997380655	trials	phototagging
11138.70193333333	0.005000000004656613	trials	phototagging
11139.703466666666	0.004999999997380655	trials	phototagging
11140.705000000002	0.004999999997380655	trials	phototagging
11141.70653333333	0.005000000004656613	trials	phototagging
11142.708066666666	0.004999999997380655	trials	phototagging
11143.709600000002	0.004999999997380655	trials	phototagging
11144.71113333333	0.005000000004656613	trials	phototagging
11145.712666666666	0.004999999997380655	trials	phototagging
11146.714199999995	0.005000000004656613	trials	phototagging
11147.71573333333	0.004999999997380655	trials	phototagging
11148.717266666667	0.004999999997380655	trials	phototagging
11149.718799999995	0.005000000004656613	trials	phototagging
11150.7203	0.0050333333274465986	trials	phototagging
11151.72183333333	0.005033333334722556	trials	phototagging
11152.723366666665	0.005033333334722556	trials	phototagging
11153.724900000001	0.0050333333274465986	trials	phototagging
11154.726466666667	0.004999999997380655	trials	phototagging
11155.727966666665	0.005033333334722556	trials	phototagging
11156.729500000001	0.004999999997380655	trials	phototagging
11157.73103333333	0.005000000004656613	trials	phototagging
11158.732566666666	0.004999999997380655	trials	phototagging
11159.734100000001	0.0050333333274465986	trials	phototagging
11160.73563333333	0.005000000004656613	trials	phototagging
11161.737166666666	0.004999999997380655	trials	phototagging
11162.738700000002	0.004999999997380655	trials	phototagging
11163.74023333333	0.005000000004656613	trials	phototagging
11164.741766666666	0.004999999997380655	trials	phototagging
11175.758633333331	0.004999999997380655	trials	phototagging
11176.760166666667	0.004999999997380655	trials	phototagging
11177.761666666665	0.005033333334722556	trials	phototagging
11178.763233333331	0.004999999997380655	trials	phototagging
11179.76473333333	0.005033333334722556	trials	phototagging
11180.766266666666	0.005033333334722556	trials	phototagging
11181.767800000001	0.0050333333274465986	trials	phototagging
11182.76933333333	0.005033333334722556	trials	phototagging
11183.770866666666	0.005033333334722556	trials	phototagging
11184.772400000002	0.004999999997380655	trials	phototagging
11185.77393333333	0.005000000004656613	trials	phototagging
11186.775466666666	0.004999999997380655	trials	phototagging
11187.777000000002	0.004999999997380655	trials	phototagging
11188.77853333333	0.005000000004656613	trials	phototagging
11189.780066666666	0.004999999997380655	trials	phototagging
11190.781599999995	0.005000000004656613	trials	phototagging
11191.78313333333	0.005000000004656613	trials	phototagging
11192.784666666666	0.004999999997380655	trials	phototagging
11193.786199999995	0.005000000004656613	trials	phototagging
11194.78773333333	0.004999999997380655	trials	phototagging
11195.789266666667	0.004999999997380655	trials	phototagging
11196.790799999995	0.005000000004656613	trials	phototagging
11197.792333333331	0.004999999997380655	trials	phototagging
11198.793866666667	0.004999999997380655	trials	phototagging
11199.795399999995	0.005000000004656613	trials	phototagging
11200.796933333331	0.004999999997380655	trials	phototagging
11201.798466666667	0.004999999997380655	trials	phototagging
11202.799999999996	0.005000000004656613	trials	phototagging
11203.801533333331	0.004999999997380655	trials	phototagging
11204.803066666667	0.004999999997380655	trials	phototagging
11215.819899999995	0.010033333339379169	trials	phototagging
11215.920066666666	0.010000000002037268	trials	phototagging
11216.020233333329	0.010000000002037268	trials	phototagging
11216.120366666662	0.010000000002037268	trials	phototagging
11216.220533333333	0.010000000002037268	trials	phototagging
11216.320666666667	0.010033333332103211	trials	phototagging
11216.42083333333	0.010000000002037268	trials	phototagging
11216.520966666663	0.010033333332103211	trials	phototagging
11216.621133333334	0.010033333332103211	trials	phototagging
11216.721299999997	0.010000000002037268	trials	phototagging
11216.82143333333	0.010033333332103211	trials	phototagging
11216.921600000001	0.00999999999476131	trials	phototagging
11217.021766666665	0.010000000002037268	trials	phototagging
11217.121899999998	0.010000000002037268	trials	phototagging
11217.222066666662	0.010000000002037268	trials	phototagging
11217.322199999995	0.010033333339379169	trials	phototagging
11217.422366666666	0.010000000002037268	trials	phototagging
11217.5225	0.010033333332103211	trials	phototagging
11217.622666666663	0.010033333339379169	trials	phototagging
11217.722833333333	0.00999999999476131	trials	phototagging
11217.822966666667	0.010033333332103211	trials	phototagging
11217.92313333333	0.010000000002037268	trials	phototagging
11218.0233	0.00999999999476131	trials	phototagging
11218.123433333334	0.00999999999476131	trials	phototagging
11218.223599999998	0.010000000002037268	trials	phototagging
11218.32373333333	0.010033333332103211	trials	phototagging
11218.423900000002	0.00999999999476131	trials	phototagging
11218.524033333335	0.010033333332103211	trials	phototagging
11218.624199999998	0.010000000002037268	trials	phototagging
11218.724366666662	0.010000000002037268	trials	phototagging
11228.839833333332	0.004999999997380655	trials	phototagging
11229.841366666667	0.004999999997380655	trials	phototagging
11230.842899999996	0.005000000004656613	trials	phototagging
11231.844433333332	0.004999999997380655	trials	phototagging
11232.845966666668	0.004999999997380655	trials	phototagging
11233.847499999996	0.005000000004656613	trials	phototagging
11234.849033333332	0.004999999997380655	trials	phototagging
11235.850566666668	0.004999999997380655	trials	phototagging
11236.852099999996	0.005000000004656613	trials	phototagging
11237.853599999995	0.005033333334722556	trials	phototagging
11238.855166666668	0.004999999997380655	trials	phototagging
11239.856666666667	0.005033333334722556	trials	phototagging
11240.858199999995	0.005033333334722556	trials	phototagging
11241.859766666668	0.004999999997380655	trials	phototagging
11242.861266666667	0.005033333334722556	trials	phototagging
11243.862799999995	0.005033333334722556	trials	phototagging
11244.864333333331	0.005033333334722556	trials	phototagging
11245.865866666667	0.004999999997380655	trials	phototagging
11246.867399999996	0.005000000004656613	trials	phototagging
11247.868933333331	0.004999999997380655	trials	phototagging
11248.870466666667	0.005033333334722556	trials	phototagging
11249.871999999996	0.005000000004656613	trials	phototagging
11250.873533333332	0.004999999997380655	trials	phototagging
11251.875066666667	0.004999999997380655	trials	phototagging
11252.876599999996	0.005000000004656613	trials	phototagging
11253.878133333332	0.004999999997380655	trials	phototagging
11254.879666666668	0.004999999997380655	trials	phototagging
11255.881199999996	0.005000000004656613	trials	phototagging
11256.882733333332	0.004999999997380655	trials	phototagging
11257.884266666668	0.004999999997380655	trials	phototagging
11268.901133333333	0.004999999997380655	trials	phototagging
11268.911133333335	0.004999999997380655	trials	phototagging
11268.921166666667	0.004999999997380655	trials	phototagging
11268.931166666662	0.005000000004656613	trials	phototagging
11268.941166666664	0.005033333334722556	trials	phototagging
11268.951199999996	0.005000000004656613	trials	phototagging
11268.961199999998	0.004999999997380655	trials	phototagging
11268.97123333333	0.005000000004656613	trials	phototagging
11268.981233333332	0.004999999997380655	trials	phototagging
11268.991266666664	0.004999999997380655	trials	phototagging
11269.001266666666	0.004999999997380655	trials	phototagging
11269.011299999998	0.004999999997380655	trials	phototagging
11269.0213	0.004999999997380655	trials	phototagging
11269.031299999995	0.005033333334722556	trials	phototagging
11269.041333333334	0.004999999997380655	trials	phototagging
11269.051366666667	0.004999999997380655	trials	phototagging
11269.061366666669	0.004999999997380655	trials	phototagging
11269.071366666663	0.005000000004656613	trials	phototagging
11269.081399999995	0.005000000004656613	trials	phototagging
11269.091399999998	0.005033333334722556	trials	phototagging
11269.10143333333	0.005000000004656613	trials	phototagging
11269.111433333332	0.004999999997380655	trials	phototagging
11269.121466666664	0.005000000004656613	trials	phototagging
11269.131466666666	0.004999999997380655	trials	phototagging
11269.141499999998	0.004999999997380655	trials	phototagging
11269.1515	0.004999999997380655	trials	phototagging
11269.161533333332	0.004999999997380655	trials	phototagging
11269.171533333334	0.004999999997380655	trials	phototagging
11269.181533333329	0.005033333334722556	trials	phototagging
11269.191566666668	0.004999999997380655	trials	phototagging
11279.2169	0.010000000002037268	trials	phototagging
11279.317033333333	0.010033333332103211	trials	phototagging
11279.417199999996	0.010033333332103211	trials	phototagging
11279.517366666667	0.00999999999476131	trials	phototagging
11279.6175	0.010033333332103211	trials	phototagging
11279.717666666664	0.010000000002037268	trials	phototagging
11279.817833333334	0.00999999999476131	trials	phototagging
11279.917966666668	0.010033333332103211	trials	phototagging
11280.018133333331	0.010000000002037268	trials	phototagging
11280.118300000002	0.00999999999476131	trials	phototagging
11280.218433333335	0.010033333332103211	trials	phototagging
11280.318566666661	0.010033333339379169	trials	phototagging
11280.418733333332	0.010033333332103211	trials	phototagging
11280.518899999995	0.010000000002037268	trials	phototagging
11280.619033333329	0.010033333339379169	trials	phototagging
11280.7192	0.010033333332103211	trials	phototagging
11280.819366666663	0.010000000002037268	trials	phototagging
11280.919499999996	0.010033333332103211	trials	phototagging
11281.019666666667	0.00999999999476131	trials	phototagging
11281.1198	0.010033333332103211	trials	phototagging
11281.219966666664	0.010000000002037268	trials	phototagging
11281.320133333335	0.00999999999476131	trials	phototagging
11281.420266666668	0.010033333332103211	trials	phototagging
11281.520433333331	0.010000000002037268	trials	phototagging
11281.620566666665	0.010033333332103211	trials	phototagging
11281.720733333328	0.010000000002037268	trials	phototagging
11281.820899999999	0.010000000002037268	trials	phototagging
11281.921033333332	0.010000000002037268	trials	phototagging
11282.021199999996	0.010000000002037268	trials	phototagging
11282.121333333329	0.010033333339379169	trials	phototagging
11292.236833333329	0.1001333333333605	trials	phototagging
11293.238333333335	0.10016666666342644	trials	phototagging
11294.2399	0.1001333333333605	trials	phototagging
11295.241399999999	0.10016666666342644	trials	phototagging
11296.242933333335	0.10016666666342644	trials	phototagging
11297.244466666663	0.1001666666707024	trials	phototagging
11298.246	0.10016666666342644	trials	phototagging
11299.247533333335	0.10016666666342644	trials	phototagging
11300.249066666664	0.1001666666707024	trials	phototagging
11301.2506	0.10016666666342644	trials	phototagging
11302.252133333335	0.10016666666342644	trials	phototagging
11303.253666666664	0.1001666666707024	trials	phototagging
11314.270533333329	0.005000000004656613	trials	phototagging
11314.28053333333	0.004999999997380655	trials	phototagging
11314.290566666663	0.005000000004656613	trials	phototagging
11314.300566666665	0.004999999997380655	trials	phototagging
11314.310599999997	0.005000000004656613	trials	phototagging
11314.3206	0.004999999997380655	trials	phototagging
11314.330600000001	0.0050333333274465986	trials	phototagging
11314.340633333333	0.004999999997380655	trials	phototagging
11314.350666666665	0.004999999997380655	trials	phototagging
11314.360666666667	0.004999999997380655	trials	phototagging
11314.370666666662	0.005000000004656613	trials	phototagging
11314.380700000002	0.004999999997380655	trials	phototagging
11314.390699999996	0.005033333334722556	trials	phototagging
11314.400733333328	0.005000000004656613	trials	phototagging
11314.41073333333	0.005000000004656613	trials	phototagging
11314.420766666663	0.005000000004656613	trials	phototagging
11314.430766666665	0.004999999997380655	trials	phototagging
11314.440799999997	0.005000000004656613	trials	phototagging
11314.450799999999	0.004999999997380655	trials	phototagging
11314.46083333333	0.004999999997380655	trials	phototagging
11314.470833333333	0.004999999997380655	trials	phototagging
11314.480833333335	0.0050333333274465986	trials	phototagging
11314.490866666667	0.004999999997380655	trials	phototagging
11314.500866666662	0.005033333334722556	trials	phototagging
11314.510900000001	0.004999999997380655	trials	phototagging
11314.520899999996	0.005000000004656613	trials	phototagging
11314.530933333335	0.004999999997380655	trials	phototagging
11314.54093333333	0.005000000004656613	trials	phototagging
11314.550966666662	0.005000000004656613	trials	phototagging
11314.560966666664	0.004999999997380655	trials	phototagging
11324.586299999995	0.1001666666707024	trials	phototagging
11325.587833333331	0.1001666666707024	trials	phototagging
11326.589366666667	0.10016666666342644	trials	phototagging
11327.590899999996	0.1001666666707024	trials	phototagging
11328.592433333331	0.10016666666342644	trials	phototagging
11329.593966666667	0.10016666666342644	trials	phototagging
11330.595499999996	0.1001666666707024	trials	phototagging
11331.597033333332	0.10016666666342644	trials	phototagging
11332.598566666667	0.1001333333333605	trials	phototagging
11333.600099999996	0.1001666666707024	trials	phototagging
11334.601633333332	0.1001333333333605	trials	phototagging
11335.603166666668	0.1001333333333605	trials	phototagging
11346.620033333333	0.010000000002037268	trials	phototagging
11346.720166666666	0.010000000002037268	trials	phototagging
11346.8203	0.010033333332103211	trials	phototagging
11346.920466666663	0.010033333332103211	trials	phototagging
11347.020633333334	0.00999999999476131	trials	phototagging
11347.120766666667	0.010033333332103211	trials	phototagging
11347.22093333333	0.010033333332103211	trials	phototagging
11347.321100000001	0.00999999999476131	trials	phototagging
11347.421233333334	0.010033333332103211	trials	phototagging
11347.521399999998	0.010000000002037268	trials	phototagging
11347.621533333331	0.010033333332103211	trials	phototagging
11347.721700000002	0.00999999999476131	trials	phototagging
11347.821866666665	0.010000000002037268	trials	phototagging
11347.921999999999	0.010033333332103211	trials	phototagging
11348.022166666662	0.010000000002037268	trials	phototagging
11348.122299999995	0.010033333339379169	trials	phototagging
11348.222466666666	0.010000000002037268	trials	phototagging
11348.32263333333	0.010000000002037268	trials	phototagging
11348.422766666663	0.010033333332103211	trials	phototagging
11348.522933333334	0.00999999999476131	trials	phototagging
11348.623066666667	0.010033333332103211	trials	phototagging
11348.72323333333	0.010000000002037268	trials	phototagging
11348.823400000001	0.00999999999476131	trials	phototagging
11348.923533333334	0.00999999999476131	trials	phototagging
11349.023699999998	0.010000000002037268	trials	phototagging
11349.123833333331	0.010033333332103211	trials	phototagging
11349.223999999995	0.010000000002037268	trials	phototagging
11349.324133333328	0.010033333339379169	trials	phototagging
11349.424299999999	0.010033333332103211	trials	phototagging
11349.524466666662	0.010000000002037268	trials	phototagging
11359.639933333332	0.004999999997380655	trials	phototagging
11360.641466666668	0.004999999997380655	trials	phototagging
11361.642999999996	0.005000000004656613	trials	phototagging
11362.644533333332	0.004999999997380655	trials	phototagging
11363.646066666668	0.004999999997380655	trials	phototagging
11364.647599999997	0.005000000004656613	trials	phototagging
11365.649133333332	0.004999999997380655	trials	phototagging
11366.650666666668	0.004999999997380655	trials	phototagging
11367.652199999997	0.005000000004656613	trials	phototagging
11368.653699999995	0.005033333334722556	trials	phototagging
11369.655233333331	0.005033333334722556	trials	phototagging
11370.656766666667	0.005033333334722556	trials	phototagging
11371.658299999996	0.005033333334722556	trials	phototagging
11372.659866666661	0.005000000004656613	trials	phototagging
11373.661366666667	0.005033333334722556	trials	phototagging
11374.662899999996	0.005000000004656613	trials	phototagging
11375.664433333332	0.005033333334722556	trials	phototagging
11376.665966666667	0.004999999997380655	trials	phototagging
11377.667499999996	0.005000000004656613	trials	phototagging
11378.669033333332	0.004999999997380655	trials	phototagging
11379.670566666668	0.004999999997380655	trials	phototagging
11380.672099999996	0.005000000004656613	trials	phototagging
11381.673633333332	0.004999999997380655	trials	phototagging
11382.675166666668	0.004999999997380655	trials	phototagging
11383.676699999996	0.005000000004656613	trials	phototagging
11384.678233333332	0.004999999997380655	trials	phototagging
11385.679766666668	0.004999999997380655	trials	phototagging
11386.681299999997	0.005000000004656613	trials	phototagging
11387.682833333332	0.004999999997380655	trials	phototagging
11388.684366666668	0.004999999997380655	trials	phototagging
11399.701199999996	0.005000000004656613	trials	phototagging
11400.702733333332	0.004999999997380655	trials	phototagging
11401.704266666668	0.004999999997380655	trials	phototagging
11402.705799999996	0.005000000004656613	trials	phototagging
11403.707333333332	0.004999999997380655	trials	phototagging
11404.708866666668	0.004999999997380655	trials	phototagging
11405.710399999996	0.005000000004656613	trials	phototagging
11406.711933333332	0.004999999997380655	trials	phototagging
11407.713466666668	0.004999999997380655	trials	phototagging
11408.714999999997	0.005000000004656613	trials	phototagging
11409.716533333332	0.004999999997380655	trials	phototagging
11410.718066666668	0.004999999997380655	trials	phototagging
11411.719599999997	0.005000000004656613	trials	phototagging
11412.721133333333	0.004999999997380655	trials	phototagging
11413.722666666668	0.004999999997380655	trials	phototagging
11414.724199999997	0.005000000004656613	trials	phototagging
11415.725733333333	0.004999999997380655	trials	phototagging
11416.727266666669	0.004999999997380655	trials	phototagging
11417.728799999997	0.005000000004656613	trials	phototagging
11418.730299999996	0.005033333334722556	trials	phototagging
11419.731866666662	0.005000000004656613	trials	phototagging
11420.733366666667	0.004999999997380655	trials	phototagging
11421.734899999996	0.005000000004656613	trials	phototagging
11422.736433333332	0.005033333334722556	trials	phototagging
11423.737966666667	0.004999999997380655	trials	phototagging
11424.739499999996	0.005033333334722556	trials	phototagging
11425.741033333332	0.004999999997380655	trials	phototagging
11426.742566666668	0.004999999997380655	trials	phototagging
11427.744099999996	0.005000000004656613	trials	phototagging
11428.745633333332	0.004999999997380655	trials	phototagging
11439.762499999997	0.010000000002037268	trials	phototagging
11439.86263333333	0.010000000002037268	trials	phototagging
11439.962800000001	0.00999999999476131	trials	phototagging
11440.062966666665	0.010000000002037268	trials	phototagging
11440.163099999998	0.010000000002037268	trials	phototagging
11440.263233333331	0.010033333332103211	trials	phototagging
11440.363399999995	0.010033333339379169	trials	phototagging
11440.463566666665	0.010000000002037268	trials	phototagging
11440.563699999999	0.010033333332103211	trials	phototagging
11440.663866666662	0.010000000002037268	trials	phototagging
11440.763999999996	0.010033333339379169	trials	phototagging
11440.864166666666	0.010000000002037268	trials	phototagging
11440.96433333333	0.010000000002037268	trials	phototagging
11441.064466666663	0.010033333332103211	trials	phototagging
11441.164633333334	0.00999999999476131	trials	phototagging
11441.264799999997	0.010000000002037268	trials	phototagging
11441.36493333333	0.010033333332103211	trials	phototagging
11441.465100000001	0.00999999999476131	trials	phototagging
11441.565233333335	0.010033333332103211	trials	phototagging
11441.665399999998	0.010000000002037268	trials	phototagging
11441.765533333331	0.010033333332103211	trials	phototagging
11441.865699999995	0.010033333339379169	trials	phototagging
11441.965866666666	0.010000000002037268	trials	phototagging
11442.065999999999	0.010033333332103211	trials	phototagging
11442.166166666662	0.010000000002037268	trials	phototagging
11442.266299999996	0.010033333339379169	trials	phototagging
11442.366466666666	0.010000000002037268	trials	phototagging
11442.46663333333	0.010000000002037268	trials	phototagging
11442.566766666663	0.010033333332103211	trials	phototagging
11442.666933333334	0.00999999999476131	trials	phototagging
11490.262966666662	0.1001666666707024	trials	phototagging
11491.264533333335	0.1001333333333605	trials	phototagging
11492.266033333333	0.10016666666342644	trials	phototagging
11493.267566666662	0.1001666666707024	trials	phototagging
11494.269099999998	0.1001666666707024	trials	phototagging
11495.270633333334	0.10016666666342644	trials	phototagging
11496.272166666662	0.1001333333333605	trials	phototagging
11497.273699999998	0.1001666666707024	trials	phototagging
11498.275233333334	0.10016666666342644	trials	phototagging
11499.276766666662	0.1001333333333605	trials	phototagging
11500.278299999998	0.1001333333333605	trials	phototagging
11501.279833333334	0.1001333333333605	trials	phototagging
11512.296666666662	0.005000000004656613	trials	phototagging
11512.306700000001	0.004999999997380655	trials	phototagging
11512.316699999996	0.005000000004656613	trials	phototagging
11512.326699999998	0.005033333334722556	trials	phototagging
11512.33673333333	0.005000000004656613	trials	phototagging
11512.346766666662	0.005000000004656613	trials	phototagging
11512.356766666664	0.004999999997380655	trials	phototagging
11512.366766666666	0.004999999997380655	trials	phototagging
11512.376799999998	0.004999999997380655	trials	phototagging
11512.3868	0.005033333334722556	trials	phototagging
11512.396833333332	0.004999999997380655	trials	phototagging
11512.406833333334	0.004999999997380655	trials	phototagging
11512.416866666666	0.004999999997380655	trials	phototagging
11512.426866666669	0.004999999997380655	trials	phototagging
11512.4369	0.004999999997380655	trials	phototagging
11512.446899999995	0.005000000004656613	trials	phototagging
11512.456933333335	0.004999999997380655	trials	phototagging
11512.46693333333	0.005000000004656613	trials	phototagging
11512.476933333332	0.005033333334722556	trials	phototagging
11512.486966666664	0.005000000004656613	trials	phototagging
11512.496966666666	0.005033333334722556	trials	phototagging
11512.506999999998	0.004999999997380655	trials	phototagging
11512.517	0.004999999997380655	trials	phototagging
11512.527033333332	0.004999999997380655	trials	phototagging
11512.537033333334	0.004999999997380655	trials	phototagging
11512.547066666666	0.004999999997380655	trials	phototagging
11512.557066666668	0.004999999997380655	trials	phototagging
11512.567066666663	0.005033333334722556	trials	phototagging
11512.577099999995	0.005000000004656613	trials	phototagging
11512.587099999997	0.005033333334722556	trials	phototagging
11522.612433333328	0.010033333339379169	trials	phototagging
11522.712599999999	0.010000000002037268	trials	phototagging
11522.812733333332	0.010033333332103211	trials	phototagging
11522.912899999996	0.010000000002037268	trials	phototagging
11523.013066666666	0.010000000002037268	trials	phototagging
11523.1132	0.010033333332103211	trials	phototagging
11523.213366666663	0.010000000002037268	trials	phototagging
11523.313499999997	0.010033333332103211	trials	phototagging
11523.413666666667	0.010033333332103211	trials	phototagging
11523.51383333333	0.010000000002037268	trials	phototagging
11523.613966666664	0.010033333332103211	trials	phototagging
11523.714133333335	0.00999999999476131	trials	phototagging
11523.814266666668	0.010033333332103211	trials	phototagging
11523.914433333332	0.010033333332103211	trials	phototagging
11524.014599999995	0.010000000002037268	trials	phototagging
11524.114733333328	0.010033333339379169	trials	phototagging
11524.214899999999	0.010000000002037268	trials	phototagging
11524.315033333332	0.010033333332103211	trials	phototagging
11524.415199999996	0.010033333339379169	trials	phototagging
11524.515366666667	0.010000000002037268	trials	phototagging
11524.6155	0.010033333332103211	trials	phototagging
11524.715666666663	0.010000000002037268	trials	phototagging
11524.815799999997	0.010033333332103211	trials	phototagging
11524.915966666667	0.00999999999476131	trials	phototagging
11525.01613333333	0.010000000002037268	trials	phototagging
11525.116266666664	0.010000000002037268	trials	phototagging
11525.216433333335	0.00999999999476131	trials	phototagging
11525.316566666668	0.010033333332103211	trials	phototagging
11525.416733333332	0.010000000002037268	trials	phototagging
11525.516866666665	0.010033333332103211	trials	phototagging
11535.632333333335	0.0050333333274465986	trials	phototagging
11536.6339	0.004999999997380655	trials	phototagging
11537.6354	0.005033333334722556	trials	phototagging
11538.636933333335	0.0050333333274465986	trials	phototagging
11539.638466666664	0.005033333334722556	trials	phototagging
11540.64	0.004999999997380655	trials	phototagging
11541.641533333335	0.004999999997380655	trials	phototagging
11542.643066666664	0.005000000004656613	trials	phototagging
11543.6446	0.004999999997380655	trials	phototagging
11544.646133333328	0.005000000004656613	trials	phototagging
11545.647666666664	0.004999999997380655	trials	phototagging
11546.6492	0.004999999997380655	trials	phototagging
11547.650733333328	0.005000000004656613	trials	phototagging
11548.652266666664	0.004999999997380655	trials	phototagging
11549.6538	0.004999999997380655	trials	phototagging
11550.655333333329	0.005000000004656613	trials	phototagging
11551.656833333334	0.0050333333274465986	trials	phototagging
11552.6584	0.004999999997380655	trials	phototagging
11553.659899999999	0.005033333334722556	trials	phototagging
11554.661466666665	0.004999999997380655	trials	phototagging
11555.662966666663	0.005033333334722556	trials	phototagging
11556.664499999999	0.005033333334722556	trials	phototagging
11557.666033333335	0.004999999997380655	trials	phototagging
11558.667566666663	0.005000000004656613	trials	phototagging
11559.6691	0.004999999997380655	trials	phototagging
11560.670633333335	0.004999999997380655	trials	phototagging
11561.672166666664	0.005000000004656613	trials	phototagging
11562.6737	0.004999999997380655	trials	phototagging
11563.675233333335	0.004999999997380655	trials	phototagging
11564.676766666664	0.005000000004656613	trials	phototagging
11575.693599999999	0.005033333334722556	trials	phototagging
11576.695133333335	0.004999999997380655	trials	phototagging
11577.696666666663	0.005033333334722556	trials	phototagging
11578.698199999999	0.004999999997380655	trials	phototagging
11579.699733333335	0.004999999997380655	trials	phototagging
11580.701266666663	0.005033333334722556	trials	phototagging
11581.7028	0.004999999997380655	trials	phototagging
11582.704333333335	0.004999999997380655	trials	phototagging
11583.705866666663	0.005000000004656613	trials	phototagging
11584.7074	0.004999999997380655	trials	phototagging
11585.708933333335	0.004999999997380655	trials	phototagging
11586.710466666664	0.005000000004656613	trials	phototagging
11587.712	0.004999999997380655	trials	phototagging
11588.713533333328	0.005000000004656613	trials	phototagging
11589.715033333334	0.005033333334722556	trials	phototagging
11590.716566666662	0.005033333334722556	trials	phototagging
11591.718099999998	0.005033333334722556	trials	phototagging
11592.719633333334	0.004999999997380655	trials	phototagging
11593.721166666663	0.005033333334722556	trials	phototagging
11594.722699999998	0.004999999997380655	trials	phototagging
11595.724233333334	0.0050333333274465986	trials	phototagging
11596.725766666663	0.005033333334722556	trials	phototagging
11597.727299999999	0.004999999997380655	trials	phototagging
11598.728833333334	0.004999999997380655	trials	phototagging
11599.730366666663	0.005000000004656613	trials	phototagging
11600.731899999999	0.004999999997380655	trials	phototagging
11601.733433333335	0.004999999997380655	trials	phototagging
11602.734966666663	0.005000000004656613	trials	phototagging
11603.736499999999	0.004999999997380655	trials	phototagging
11604.738033333335	0.004999999997380655	trials	phototagging
11615.754866666663	0.010033333339379169	trials	phototagging
11615.855033333333	0.00999999999476131	trials	phototagging
11615.955166666667	0.010033333332103211	trials	phototagging
11616.05533333333	0.010000000002037268	trials	phototagging
11616.155466666663	0.010033333332103211	trials	phototagging
11616.255633333334	0.010033333332103211	trials	phototagging
11616.355799999998	0.010000000002037268	trials	phototagging
11616.45593333333	0.010033333332103211	trials	phototagging
11616.556100000002	0.00999999999476131	trials	phototagging
11616.656266666665	0.010000000002037268	trials	phototagging
11616.756399999998	0.010033333332103211	trials	phototagging
11616.856566666662	0.010000000002037268	trials	phototagging
11616.956699999995	0.010033333339379169	trials	phototagging
11617.056866666666	0.010000000002037268	trials	phototagging
11617.157	0.010033333332103211	trials	phototagging
11617.257166666663	0.010033333332103211	trials	phototagging
11617.357333333333	0.00999999999476131	trials	phototagging
11617.457466666667	0.010033333332103211	trials	phototagging
11617.55763333333	0.010000000002037268	trials	phototagging
11617.6578	0.00999999999476131	trials	phototagging
11617.757933333334	0.00999999999476131	trials	phototagging
11617.858099999998	0.010000000002037268	trials	phototagging
11617.958233333331	0.010033333332103211	trials	phototagging
11618.058400000002	0.00999999999476131	trials	phototagging
11618.158533333335	0.010033333332103211	trials	phototagging
11618.258699999998	0.010000000002037268	trials	phototagging
11618.358833333332	0.010033333332103211	trials	phototagging
11618.458999999995	0.010000000002037268	trials	phototagging
11618.559166666666	0.010000000002037268	trials	phototagging
11618.6593	0.010033333332103211	trials	phototagging
11628.774766666662	0.005033333334722556	trials	phototagging
11629.776299999998	0.005033333334722556	trials	phototagging
11630.777833333334	0.004999999997380655	trials	phototagging
11631.779366666662	0.005000000004656613	trials	phototagging
11632.780899999998	0.004999999997380655	trials	phototagging
11633.782433333334	0.004999999997380655	trials	phototagging
11634.783966666662	0.005000000004656613	trials	phototagging
11635.785499999998	0.004999999997380655	trials	phototagging
11636.787033333334	0.004999999997380655	trials	phototagging
11637.788566666663	0.005000000004656613	trials	phototagging
11638.790099999998	0.004999999997380655	trials	phototagging
11639.791633333334	0.004999999997380655	trials	phototagging
11640.793166666663	0.005000000004656613	trials	phototagging
11641.794699999999	0.004999999997380655	trials	phototagging
11642.796233333334	0.004999999997380655	trials	phototagging
11643.797766666663	0.005000000004656613	trials	phototagging
11644.799266666661	0.005033333334722556	trials	phototagging
11645.800799999997	0.005033333334722556	trials	phototagging
11646.802333333333	0.005033333334722556	trials	phototagging
11647.803866666662	0.005000000004656613	trials	phototagging
11648.805399999997	0.005033333334722556	trials	phototagging
11649.806933333333	0.004999999997380655	trials	phototagging
11650.808466666662	0.005000000004656613	trials	phototagging
11651.809999999998	0.004999999997380655	trials	phototagging
11652.811533333334	0.004999999997380655	trials	phototagging
11653.813066666662	0.005000000004656613	trials	phototagging
11654.814599999998	0.004999999997380655	trials	phototagging
11655.816133333334	0.004999999997380655	trials	phototagging
11656.817666666662	0.005000000004656613	trials	phototagging
11657.819199999998	0.004999999997380655	trials	phototagging
11668.836033333333	0.004999999997380655	trials	phototagging
11668.846066666665	0.004999999997380655	trials	phototagging
11668.856066666667	0.004999999997380655	trials	phototagging
11668.8661	0.004999999997380655	trials	phototagging
11668.876100000001	0.004999999997380655	trials	phototagging
11668.886133333333	0.004999999997380655	trials	phototagging
11668.896133333328	0.005000000004656613	trials	phototagging
11668.90613333333	0.005033333334722556	trials	phototagging
11668.916166666662	0.005000000004656613	trials	phototagging
11668.926166666664	0.005033333334722556	trials	phototagging
11668.936199999996	0.005000000004656613	trials	phototagging
11668.946199999998	0.004999999997380655	trials	phototagging
11668.95623333333	0.005000000004656613	trials	phototagging
11668.966233333333	0.004999999997380655	trials	phototagging
11668.976266666665	0.004999999997380655	trials	phototagging
11668.986266666667	0.004999999997380655	trials	phototagging
11668.996266666662	0.005033333334722556	trials	phototagging
11669.006300000001	0.004999999997380655	trials	phototagging
11669.016299999996	0.005033333334722556	trials	phototagging
11669.026333333335	0.004999999997380655	trials	phototagging
11669.03633333333	0.005000000004656613	trials	phototagging
11669.046366666662	0.005000000004656613	trials	phototagging
11669.056366666664	0.005000000004656613	trials	phototagging
11669.066399999996	0.005000000004656613	trials	phototagging
11669.076399999998	0.004999999997380655	trials	phototagging
11669.08643333333	0.005000000004656613	trials	phototagging
11669.096433333332	0.004999999997380655	trials	phototagging
11669.106466666664	0.004999999997380655	trials	phototagging
11669.116466666666	0.004999999997380655	trials	phototagging
11669.126499999998	0.004999999997380655	trials	phototagging
11679.1518	0.010033333332103211	trials	phototagging
11679.251966666663	0.010033333332103211	trials	phototagging
11679.352133333334	0.00999999999476131	trials	phototagging
11679.452266666667	0.010033333332103211	trials	phototagging
11679.55243333333	0.010000000002037268	trials	phototagging
11679.652566666664	0.010033333332103211	trials	phototagging
11679.752733333335	0.00999999999476131	trials	phototagging
11679.852899999998	0.010000000002037268	trials	phototagging
11679.953033333331	0.010033333332103211	trials	phototagging
11680.053199999995	0.010000000002037268	trials	phototagging
11680.153333333328	0.010033333339379169	trials	phototagging
11680.253499999999	0.010033333332103211	trials	phototagging
11680.353666666662	0.010000000002037268	trials	phototagging
11680.453799999996	0.010033333339379169	trials	phototagging
11680.553966666666	0.010000000002037268	trials	phototagging
11680.6541	0.010033333332103211	trials	phototagging
11680.754266666663	0.010000000002037268	trials	phototagging
11680.854433333334	0.00999999999476131	trials	phototagging
11680.954566666667	0.010033333332103211	trials	phototagging
11681.05473333333	0.010000000002037268	trials	phototagging
11681.154866666664	0.010033333332103211	trials	phototagging
11681.255033333335	0.00999999999476131	trials	phototagging
11681.355199999998	0.010000000002037268	trials	phototagging
11681.455333333332	0.010033333332103211	trials	phototagging
11681.555499999995	0.010000000002037268	trials	phototagging
11681.655633333328	0.010033333339379169	trials	phototagging
11681.755799999999	0.010000000002037268	trials	phototagging
11681.855933333332	0.010033333332103211	trials	phototagging
11681.956099999996	0.010000000002037268	trials	phototagging
11682.056266666666	0.010000000002037268	trials	phototagging
11692.171733333329	0.1001333333333605	trials	phototagging
11693.173233333335	0.10016666666342644	trials	phototagging
11694.174766666663	0.1001666666707024	trials	phototagging
11695.17633333333	0.1001333333333605	trials	phototagging
11696.177833333335	0.10016666666342644	trials	phototagging
11697.179366666664	0.1001666666707024	trials	phototagging
11698.1809	0.10016666666342644	trials	phototagging
11699.182433333335	0.10016666666342644	trials	phototagging
11700.183966666664	0.1001666666707024	trials	phototagging
11701.1855	0.10016666666342644	trials	phototagging
11702.187033333328	0.1001333333333605	trials	phototagging
11703.188566666664	0.1001666666707024	trials	phototagging
11714.205399999999	0.004999999997380655	trials	phototagging
11714.215433333331	0.004999999997380655	trials	phototagging
11714.225433333333	0.004999999997380655	trials	phototagging
11714.235466666665	0.004999999997380655	trials	phototagging
11714.245466666667	0.004999999997380655	trials	phototagging
11714.2555	0.004999999997380655	trials	phototagging
11714.265500000001	0.004999999997380655	trials	phototagging
11714.275499999996	0.005033333334722556	trials	phototagging
11714.285533333328	0.005000000004656613	trials	phototagging
11714.295566666668	0.004999999997380655	trials	phototagging
11714.305566666662	0.005000000004656613	trials	phototagging
11714.315566666664	0.004999999997380655	trials	phototagging
11714.325599999996	0.005000000004656613	trials	phototagging
11714.335599999999	0.005033333334722556	trials	phototagging
11714.34563333333	0.005000000004656613	trials	phototagging
11714.355633333333	0.004999999997380655	trials	phototagging
11714.365666666665	0.004999999997380655	trials	phototagging
11714.375666666667	0.004999999997380655	trials	phototagging
11714.385699999999	0.004999999997380655	trials	phototagging
11714.395700000001	0.004999999997380655	trials	phototagging
11714.405733333333	0.004999999997380655	trials	phototagging
11714.415733333335	0.004999999997380655	trials	phototagging
11714.425766666667	0.004999999997380655	trials	phototagging
11714.435766666662	0.005000000004656613	trials	phototagging
11714.445800000001	0.004999999997380655	trials	phototagging
11714.455799999996	0.005000000004656613	trials	phototagging
11714.465799999998	0.005033333334722556	trials	phototagging
11714.47583333333	0.005000000004656613	trials	phototagging
11714.485833333332	0.005033333334722556	trials	phototagging
11714.495866666664	0.004999999997380655	trials	phototagging
11724.521199999996	0.1001333333333605	trials	phototagging
11725.522700000001	0.10016666666342644	trials	phototagging
11726.52423333333	0.1001666666707024	trials	phototagging
11727.525766666666	0.10016666666342644	trials	phototagging
11728.527300000002	0.10016666666342644	trials	phototagging
11729.52883333333	0.1001666666707024	trials	phototagging
11730.530366666666	0.10016666666342644	trials	phototagging
11731.531900000002	0.10016666666342644	trials	phototagging
11732.53343333333	0.1001666666707024	trials	phototagging
11733.534966666666	0.1001333333333605	trials	phototagging
11734.536499999995	0.1001333333333605	trials	phototagging
11735.53803333333	0.1001333333333605	trials	phototagging
11746.554866666665	0.010033333332103211	trials	phototagging
11746.655033333329	0.010000000002037268	trials	phototagging
11746.755166666662	0.010033333339379169	trials	phototagging
11746.855333333333	0.010000000002037268	trials	phototagging
11746.955466666666	0.010033333332103211	trials	phototagging
11747.05563333333	0.010033333332103211	trials	phototagging
11747.1558	0.00999999999476131	trials	phototagging
11747.255933333334	0.010033333332103211	trials	phototagging
11747.356099999997	0.010000000002037268	trials	phototagging
11747.456266666668	0.00999999999476131	trials	phototagging
11747.556400000001	0.010033333332103211	trials	phototagging
11747.656566666665	0.010000000002037268	trials	phototagging
11747.756699999998	0.010033333332103211	trials	phototagging
11747.856866666662	0.010000000002037268	trials	phototagging
11747.956999999995	0.010033333339379169	trials	phototagging
11748.057166666666	0.010033333332103211	trials	phototagging
11748.157333333329	0.010000000002037268	trials	phototagging
11748.257466666662	0.010033333339379169	trials	phototagging
11748.357633333333	0.010000000002037268	trials	phototagging
11748.457766666666	0.010033333332103211	trials	phototagging
11748.55793333333	0.010033333332103211	trials	phototagging
11748.6581	0.00999999999476131	trials	phototagging
11748.758233333334	0.010033333332103211	trials	phototagging
11748.858399999997	0.010000000002037268	trials	phototagging
11748.958566666668	0.00999999999476131	trials	phototagging
11749.058700000001	0.010033333332103211	trials	phototagging
11749.158866666665	0.010000000002037268	trials	phototagging
11749.258999999998	0.010033333332103211	trials	phototagging
11749.359166666662	0.010000000002037268	trials	phototagging
11749.459299999995	0.010033333339379169	trials	phototagging
11759.574766666665	0.005033333334722556	trials	phototagging
11760.5763	0.004999999997380655	trials	phototagging
11761.57783333333	0.005033333334722556	trials	phototagging
11762.579366666665	0.004999999997380655	trials	phototagging
11763.5809	0.0050333333274465986	trials	phototagging
11764.58243333333	0.005000000004656613	trials	phototagging
11765.583966666665	0.004999999997380655	trials	phototagging
11766.585500000001	0.004999999997380655	trials	phototagging
11767.58703333333	0.005000000004656613	trials	phototagging
11768.588566666665	0.004999999997380655	trials	phototagging
11769.590100000001	0.004999999997380655	trials	phototagging
11770.59163333333	0.005000000004656613	trials	phototagging
11771.593166666666	0.004999999997380655	trials	phototagging
11772.594700000001	0.004999999997380655	trials	phototagging
11773.5962	0.005033333334722556	trials	phototagging
11774.597733333329	0.005033333334722556	trials	phototagging
11775.599266666664	0.005033333334722556	trials	phototagging
11776.6008	0.005033333334722556	trials	phototagging
11777.602333333329	0.005033333334722556	trials	phototagging
11778.603866666665	0.005033333334722556	trials	phototagging
11779.6054	0.005033333334722556	trials	phototagging
11780.606966666666	0.004999999997380655	trials	phototagging
11781.608466666665	0.004999999997380655	trials	phototagging
11782.61	0.004999999997380655	trials	phototagging
11783.61153333333	0.005000000004656613	trials	phototagging
11784.613066666665	0.004999999997380655	trials	phototagging
11785.6146	0.004999999997380655	trials	phototagging
11786.61613333333	0.005000000004656613	trials	phototagging
11787.617666666665	0.004999999997380655	trials	phototagging
11788.619200000001	0.004999999997380655	trials	phototagging
11799.636033333329	0.005000000004656613	trials	phototagging
11800.637566666664	0.004999999997380655	trials	phototagging
11801.6391	0.004999999997380655	trials	phototagging
11802.640633333329	0.005000000004656613	trials	phototagging
11803.642166666665	0.004999999997380655	trials	phototagging
11804.6437	0.004999999997380655	trials	phototagging
11805.645233333329	0.005000000004656613	trials	phototagging
11806.646766666665	0.004999999997380655	trials	phototagging
11807.6483	0.004999999997380655	trials	phototagging
11808.6498	0.005033333334722556	trials	phototagging
11809.651366666665	0.004999999997380655	trials	phototagging
11810.652866666664	0.005033333334722556	trials	phototagging
11811.65443333333	0.005000000004656613	trials	phototagging
11812.655933333335	0.0050333333274465986	trials	phototagging
11813.657466666664	0.005033333334722556	trials	phototagging
11814.659	0.005033333334722556	trials	phototagging
11815.660533333328	0.005000000004656613	trials	phototagging
11816.662066666664	0.004999999997380655	trials	phototagging
11817.6636	0.004999999997380655	trials	phototagging
11818.665133333328	0.005000000004656613	trials	phototagging
11819.666666666664	0.004999999997380655	trials	phototagging
11820.6682	0.004999999997380655	trials	phototagging
11821.669733333329	0.005000000004656613	trials	phototagging
11822.671266666664	0.004999999997380655	trials	phototagging
11823.6728	0.004999999997380655	trials	phototagging
11824.674333333329	0.005000000004656613	trials	phototagging
11825.675866666665	0.004999999997380655	trials	phototagging
11826.6774	0.004999999997380655	trials	phototagging
11827.678933333329	0.005000000004656613	trials	phototagging
11828.680466666665	0.004999999997380655	trials	phototagging
11839.6973	0.010000000002037268	trials	phototagging
11839.797433333333	0.010033333332103211	trials	phototagging
11839.897599999997	0.010033333332103211	trials	phototagging
11839.997766666667	0.00999999999476131	trials	phototagging
11840.0979	0.010033333332103211	trials	phototagging
11840.198066666664	0.010000000002037268	trials	phototagging
11840.298233333335	0.00999999999476131	trials	phototagging
11840.398366666668	0.00999999999476131	trials	phototagging
11840.498533333332	0.010000000002037268	trials	phototagging
11840.598666666665	0.010033333332103211	trials	phototagging
11840.698833333328	0.010000000002037268	trials	phototagging
11840.798966666662	0.010033333339379169	trials	phototagging
11840.899133333332	0.010033333332103211	trials	phototagging
11840.999299999996	0.010000000002037268	trials	phototagging
11841.09943333333	0.010033333339379169	trials	phototagging
11841.1996	0.010000000002037268	trials	phototagging
11841.299733333333	0.010033333332103211	trials	phototagging
11841.399899999997	0.010000000002037268	trials	phototagging
11841.500066666667	0.00999999999476131	trials	phototagging
11841.6002	0.010033333332103211	trials	phototagging
11841.700366666664	0.010000000002037268	trials	phototagging
11841.800533333335	0.00999999999476131	trials	phototagging
11841.900666666668	0.010033333332103211	trials	phototagging
11842.000800000002	0.010033333332103211	trials	phototagging
11842.100966666665	0.010033333332103211	trials	phototagging
11842.201133333328	0.010000000002037268	trials	phototagging
11842.301266666662	0.010033333339379169	trials	phototagging
11842.401433333333	0.010033333332103211	trials	phototagging
11842.501599999996	0.010000000002037268	trials	phototagging
11842.60173333333	0.010033333332103211	trials	phototagging
