onset	duration	nwb_table	trial_type
3.468899999999998	0.1000666666666703	trials	phototagging
4.469700000000003	0.1000666666666632	trials	phototagging
5.470466666666667	0.1000666666666703	trials	phototagging
6.471266666666665	0.1000666666666703	trials	phototagging
7.472033333333336	0.1000666666666632	trials	phototagging
8.4728	0.10010000000000474	trials	phototagging
9.473600000000005	0.1000666666666632	trials	phototagging
10.474400000000003	0.1000666666666632	trials	phototagging
11.475166666666667	0.10010000000000474	trials	phototagging
12.475933333333337	0.10009999999999764	trials	phototagging
13.476733333333335	0.1000666666666632	trials	phototagging
14.477533333333334	0.1000666666666703	trials	phototagging
25.486133333333335	0.005000000000002558	trials	phototagging
25.496133333333333	0.005033333333336998	trials	phototagging
25.506166666666665	0.005000000000002558	trials	phototagging
25.51616666666667	0.0049999999999954525	trials	phototagging
25.52616666666667	0.005000000000002558	trials	phototagging
25.536166666666666	0.005000000000002558	trials	phototagging
25.5462	0.005000000000002558	trials	phototagging
25.556200000000004	0.0049999999999954525	trials	phototagging
25.566200000000002	0.005000000000002558	trials	phototagging
25.5762	0.005000000000002558	trials	phototagging
25.586233333333332	0.005000000000002558	trials	phototagging
25.596233333333338	0.0049999999999954525	trials	phototagging
25.606233333333336	0.005000000000002558	trials	phototagging
25.616233333333334	0.005000000000002558	trials	phototagging
25.626266666666666	0.005000000000002558	trials	phototagging
25.63626666666667	0.0049999999999954525	trials	phototagging
25.64626666666667	0.0049999999999954525	trials	phototagging
25.656266666666667	0.005000000000002558	trials	phototagging
25.6663	0.005000000000002558	trials	phototagging
25.676300000000005	0.0049999999999954525	trials	phototagging
25.686300000000003	0.0049999999999954525	trials	phototagging
25.6963	0.005000000000002558	trials	phototagging
25.706333333333333	0.005000000000002558	trials	phototagging
25.71633333333333	0.005000000000002558	trials	phototagging
25.726333333333336	0.0049999999999954525	trials	phototagging
25.736333333333334	0.005000000000002558	trials	phototagging
25.746366666666667	0.005000000000002558	trials	phototagging
25.756366666666665	0.005000000000002558	trials	phototagging
25.76636666666667	0.0049999999999954525	trials	phototagging
25.776366666666668	0.005000000000002558	trials	phototagging
35.79423333333334	0.009999999999990905	trials	phototagging
35.8943	0.010000000000005116	trials	phototagging
35.994366666666664	0.010033333333339556	trials	phototagging
36.09446666666666	0.010000000000005116	trials	phototagging
36.19453333333334	0.009999999999990905	trials	phototagging
36.2946	0.010033333333325345	trials	phototagging
36.3947	0.010000000000005116	trials	phototagging
36.49476666666666	0.010000000000005116	trials	phototagging
36.59486666666666	0.010000000000005116	trials	phototagging
36.69493333333334	0.009999999999990905	trials	phototagging
36.795	0.010000000000005116	trials	phototagging
36.895066666666665	0.010033333333339556	trials	phototagging
36.99516666666666	0.010000000000005116	trials	phototagging
37.09523333333334	0.009999999999990905	trials	phototagging
37.19533333333334	0.009999999999990905	trials	phototagging
37.2954	0.010000000000005116	trials	phototagging
37.395466666666664	0.010033333333339556	trials	phototagging
37.49553333333334	0.010033333333325345	trials	phototagging
37.59563333333334	0.009999999999990905	trials	phototagging
37.6957	0.010000000000005116	trials	phototagging
37.7958	0.010000000000005116	trials	phototagging
37.89586666666666	0.010000000000005116	trials	phototagging
37.99593333333334	0.010033333333325345	trials	phototagging
38.09603333333334	0.009999999999990905	trials	phototagging
38.1961	0.010000000000005116	trials	phototagging
38.2962	0.010000000000005116	trials	phototagging
38.39626666666666	0.010000000000005116	trials	phototagging
38.49633333333334	0.010033333333325345	trials	phototagging
38.5964	0.010033333333325345	trials	phototagging
38.6965	0.010000000000005116	trials	phototagging
48.8044	0.0049999999999954525	trials	phototagging
49.8052	0.0049999999999954525	trials	phototagging
50.80596666666666	0.005033333333344103	trials	phototagging
51.80676666666666	0.005000000000009663	trials	phototagging
52.80756666666667	0.0049999999999954525	trials	phototagging
53.80833333333334	0.0049999999999954525	trials	phototagging
54.809133333333335	0.0049999999999954525	trials	phototagging
55.8099	0.0049999999999954525	trials	phototagging
56.8107	0.005000000000009663	trials	phototagging
57.811466666666675	0.0049999999999954525	trials	phototagging
58.81226666666667	0.0049999999999954525	trials	phototagging
59.81303333333334	0.0049999999999954525	trials	phototagging
60.813833333333335	0.0049999999999954525	trials	phototagging
61.8146	0.005000000000009663	trials	phototagging
62.8154	0.005000000000009663	trials	phototagging
63.816166666666675	0.005033333333329892	trials	phototagging
64.81696666666667	0.0049999999999954525	trials	phototagging
65.81773333333334	0.005033333333329892	trials	phototagging
66.81853333333333	0.0049999999999954525	trials	phototagging
67.81933333333333	0.0049999999999954525	trials	phototagging
68.8201	0.005000000000009663	trials	phototagging
69.82086666666667	0.005033333333329892	trials	phototagging
70.82166666666667	0.0049999999999954525	trials	phototagging
71.82246666666667	0.0049999999999954525	trials	phototagging
72.82323333333333	0.0049999999999954525	trials	phototagging
73.82403333333333	0.0049999999999954525	trials	phototagging
74.8248	0.005000000000009663	trials	phototagging
75.8256	0.005000000000009663	trials	phototagging
76.82636666666667	0.0049999999999954525	trials	phototagging
77.82716666666667	0.0049999999999954525	trials	phototagging
88.8358	0.0049999999999954525	trials	phototagging
89.83656666666667	0.0049999999999954525	trials	phototagging
90.83736666666667	0.0049999999999954525	trials	phototagging
91.83813333333333	0.005033333333329892	trials	phototagging
92.83893333333333	0.005000000000009663	trials	phototagging
93.83970000000001	0.0049999999999954525	trials	phototagging
94.8405	0.0049999999999954525	trials	phototagging
95.84126666666667	0.005033333333329892	trials	phototagging
96.84206666666667	0.0049999999999954525	trials	phototagging
97.84283333333333	0.005033333333329892	trials	phototagging
98.84363333333333	0.0049999999999954525	trials	phototagging
99.84443333333333	0.0049999999999954525	trials	phototagging
100.84519999999999	0.005000000000023874	trials	phototagging
101.84599999999999	0.005000000000023874	trials	phototagging
102.84676666666668	0.0049999999999954525	trials	phototagging
103.84756666666668	0.0049999999999954525	trials	phototagging
104.84833333333334	0.0049999999999954525	trials	phototagging
105.84913333333334	0.0049999999999954525	trials	phototagging
106.8499	0.0049999999999954525	trials	phototagging
107.8507	0.0049999999999954525	trials	phototagging
108.85146666666667	0.005033333333329892	trials	phototagging
109.85226666666667	0.0049999999999954525	trials	phototagging
110.85303333333333	0.005033333333329892	trials	phototagging
111.85383333333333	0.0049999999999954525	trials	phototagging
112.85459999999999	0.005033333333329892	trials	phototagging
113.85539999999999	0.005000000000023874	trials	phototagging
114.85620000000002	0.0049999999999954525	trials	phototagging
115.85696666666668	0.0049999999999954525	trials	phototagging
116.85776666666668	0.0049999999999954525	trials	phototagging
117.85853333333334	0.0049999999999954525	trials	phototagging
128.86716666666666	0.009999999999990905	trials	phototagging
128.96726666666666	0.009999999999990905	trials	phototagging
129.06733333333335	0.009999999999990905	trials	phototagging
129.1674	0.010033333333353767	trials	phototagging
129.26746666666668	0.010033333333296923	trials	phototagging
129.36756666666668	0.009999999999990905	trials	phototagging
129.4676333333333	0.010000000000047748	trials	phototagging
129.5677333333333	0.010000000000047748	trials	phototagging
129.6678	0.009999999999990905	trials	phototagging
129.7678666666667	0.010033333333296923	trials	phototagging
129.8679666666667	0.009999999999990905	trials	phototagging
129.96803333333332	0.009999999999990905	trials	phototagging
130.06810000000002	0.010033333333296923	trials	phototagging
130.1682	0.009999999999990905	trials	phototagging
130.26826666666665	0.010000000000047748	trials	phototagging
130.36833333333334	0.010033333333353767	trials	phototagging
130.46843333333334	0.009999999999990905	trials	phototagging
130.56850000000003	0.009999999999990905	trials	phototagging
130.66856666666666	0.010033333333353767	trials	phototagging
130.76866666666666	0.009999999999990905	trials	phototagging
130.86873333333335	0.009999999999990905	trials	phototagging
130.96883333333335	0.009999999999990905	trials	phototagging
131.06889999999999	0.009999999999990905	trials	phototagging
131.16896666666668	0.010033333333296923	trials	phototagging
131.26906666666667	0.009999999999990905	trials	phototagging
131.3691333333333	0.010000000000047748	trials	phototagging
131.4692	0.010033333333353767	trials	phototagging
131.5693	0.009999999999990905	trials	phototagging
131.6693666666667	0.009999999999990905	trials	phototagging
131.76943333333332	0.010033333333353767	trials	phototagging
141.87736666666666	0.0049999999999954525	trials	phototagging
142.8781666666667	0.0049999999999954525	trials	phototagging
143.87893333333335	0.005033333333301471	trials	phototagging
144.87973333333332	0.0049999999999954525	trials	phototagging
145.88049999999998	0.005033333333358314	trials	phototagging
146.8813	0.0049999999999954525	trials	phototagging
147.88206666666667	0.005033333333301471	trials	phototagging
148.88286666666664	0.005000000000052296	trials	phototagging
149.8836333333333	0.005033333333358314	trials	phototagging
150.88443333333333	0.0049999999999954525	trials	phototagging
151.88523333333336	0.0049999999999954525	trials	phototagging
152.88600000000002	0.0049999999999954525	trials	phototagging
153.8868	0.0049999999999954525	trials	phototagging
154.88756666666666	0.0049999999999954525	trials	phototagging
155.88836666666668	0.0049999999999954525	trials	phototagging
156.88913333333335	0.0049999999999954525	trials	phototagging
157.88993333333332	0.0049999999999954525	trials	phototagging
158.89073333333334	0.0049999999999954525	trials	phototagging
159.8915	0.0049999999999954525	trials	phototagging
160.89226666666667	0.0049999999999954525	trials	phototagging
161.89306666666664	0.005000000000052296	trials	phototagging
162.89386666666667	0.0049999999999954525	trials	phototagging
163.89463333333333	0.0049999999999954525	trials	phototagging
164.89543333333336	0.0049999999999954525	trials	phototagging
165.89620000000002	0.0049999999999954525	trials	phototagging
166.897	0.0049999999999954525	trials	phototagging
167.89776666666666	0.0049999999999954525	trials	phototagging
168.89856666666668	0.0049999999999954525	trials	phototagging
169.89933333333335	0.005033333333301471	trials	phototagging
170.90013333333332	0.0049999999999954525	trials	phototagging
181.90876666666668	0.0049999999999954525	trials	phototagging
181.91876666666667	0.0049999999999954525	trials	phototagging
181.92876666666666	0.005033333333358314	trials	phototagging
181.93880000000001	0.0049999999999954525	trials	phototagging
181.9488	0.0049999999999954525	trials	phototagging
181.9588	0.0049999999999954525	trials	phototagging
181.9688	0.005033333333358314	trials	phototagging
181.97883333333334	0.0049999999999954525	trials	phototagging
181.98883333333333	0.0049999999999954525	trials	phototagging
181.99883333333332	0.0049999999999954525	trials	phototagging
182.0088333333333	0.0049999999999954525	trials	phototagging
182.01886666666667	0.0049999999999954525	trials	phototagging
182.02886666666666	0.0049999999999954525	trials	phototagging
182.03886666666665	0.0049999999999954525	trials	phototagging
182.04886666666664	0.005000000000052296	trials	phototagging
182.0588666666667	0.005033333333301471	trials	phototagging
182.06889999999999	0.0049999999999954525	trials	phototagging
182.07889999999998	0.005000000000052296	trials	phototagging
182.08890000000002	0.0049999999999954525	trials	phototagging
182.09890000000001	0.0049999999999954525	trials	phototagging
182.1089333333333	0.0049999999999954525	trials	phototagging
182.11893333333336	0.0049999999999954525	trials	phototagging
182.12893333333335	0.0049999999999954525	trials	phototagging
182.13893333333334	0.0049999999999954525	trials	phototagging
182.14893333333333	0.005033333333358314	trials	phototagging
182.1589666666667	0.0049999999999954525	trials	phototagging
182.16896666666668	0.0049999999999954525	trials	phototagging
182.17896666666667	0.0049999999999954525	trials	phototagging
182.18896666666666	0.0049999999999954525	trials	phototagging
182.199	0.0049999999999954525	trials	phototagging
192.21683333333334	0.010033333333353767	trials	phototagging
192.31693333333334	0.009999999999990905	trials	phototagging
192.41699999999997	0.010000000000047748	trials	phototagging
192.51706666666666	0.010033333333353767	trials	phototagging
192.61716666666666	0.009999999999990905	trials	phototagging
192.71723333333335	0.010033333333296923	trials	phototagging
192.81733333333335	0.009999999999990905	trials	phototagging
192.9174	0.009999999999990905	trials	phototagging
193.01746666666668	0.009999999999990905	trials	phototagging
193.11756666666668	0.009999999999990905	trials	phototagging
193.2176333333333	0.010000000000047748	trials	phototagging
193.3177	0.010033333333353767	trials	phototagging
193.4178	0.009999999999990905	trials	phototagging
193.5178666666667	0.009999999999990905	trials	phototagging
193.61793333333333	0.010033333333353767	trials	phototagging
193.71803333333332	0.009999999999990905	trials	phototagging
193.81810000000002	0.009999999999990905	trials	phototagging
193.9182	0.009999999999990905	trials	phototagging
194.01826666666665	0.010000000000047748	trials	phototagging
194.11833333333334	0.010033333333353767	trials	phototagging
194.21839999999997	0.010033333333353767	trials	phototagging
194.31850000000003	0.009999999999990905	trials	phototagging
194.41856666666666	0.009999999999990905	trials	phototagging
194.51866666666666	0.009999999999990905	trials	phototagging
194.61873333333335	0.009999999999990905	trials	phototagging
194.7188	0.010033333333353767	trials	phototagging
194.81889999999999	0.009999999999990905	trials	phototagging
194.91896666666668	0.009999999999990905	trials	phototagging
195.0190333333333	0.010033333333353767	trials	phototagging
195.1191333333333	0.010000000000047748	trials	phototagging
205.22706666666664	0.10006666666669162	trials	phototagging
206.2278333333333	0.10006666666669162	trials	phototagging
207.22863333333333	0.10006666666669162	trials	phototagging
208.2294	0.10009999999999764	trials	phototagging
209.23020000000002	0.10006666666663477	trials	phototagging
210.2309666666667	0.10006666666663477	trials	phototagging
211.23176666666666	0.10006666666669162	trials	phototagging
212.23253333333332	0.10009999999999764	trials	phototagging
213.23333333333335	0.10006666666663477	trials	phototagging
214.2341	0.10009999999999764	trials	phototagging
215.23489999999998	0.10006666666669162	trials	phototagging
216.2357	0.10006666666663477	trials	phototagging
217.75873333333334	0.10003333333332876	trials	port_entry
227.2443	0.005033333333358314	trials	phototagging
227.25433333333336	0.0049999999999954525	trials	phototagging
227.26433333333335	0.0049999999999954525	trials	phototagging
227.27433333333335	0.0049999999999954525	trials	phototagging
227.28433333333334	0.005033333333358314	trials	phototagging
227.2943666666667	0.0049999999999954525	trials	phototagging
227.30436666666668	0.0049999999999954525	trials	phototagging
227.31436666666667	0.0049999999999954525	trials	phototagging
227.32436666666666	0.0049999999999954525	trials	phototagging
227.3343666666667	0.005033333333301471	trials	phototagging
227.3444	0.0049999999999954525	trials	phototagging
227.3544	0.0049999999999954525	trials	phototagging
227.3644	0.005000000000052296	trials	phototagging
227.37440000000004	0.005033333333301471	trials	phototagging
227.38443333333333	0.0049999999999954525	trials	phototagging
227.39443333333332	0.005000000000052296	trials	phototagging
227.40443333333337	0.0049999999999954525	trials	phototagging
227.41443333333336	0.0049999999999954525	trials	phototagging
227.42446666666666	0.0049999999999954525	trials	phototagging
227.4344666666667	0.0049999999999954525	trials	phototagging
227.4444666666667	0.0049999999999954525	trials	phototagging
227.4544666666667	0.0049999999999954525	trials	phototagging
227.46450000000004	0.0049999999999954525	trials	phototagging
227.47450000000003	0.0049999999999954525	trials	phototagging
227.48450000000003	0.0049999999999954525	trials	phototagging
227.49450000000002	0.0049999999999954525	trials	phototagging
227.50453333333337	0.0049999999999954525	trials	phototagging
227.51453333333336	0.0049999999999954525	trials	phototagging
227.52453333333335	0.0049999999999954525	trials	phototagging
227.53453333333334	0.0049999999999954525	trials	phototagging
237.55240000000003	0.10006666666663477	trials	phototagging
238.5532	0.10006666666669162	trials	phototagging
239.55396666666667	0.10006666666669162	trials	phototagging
240.5547666666667	0.10006666666663477	trials	phototagging
241.55553333333336	0.10006666666663477	trials	phototagging
242.55633333333333	0.10006666666669162	trials	phototagging
243.5571	0.10009999999999764	trials	phototagging
244.55790000000002	0.10006666666669162	trials	phototagging
245.55866666666668	0.10009999999999764	trials	phototagging
246.5594666666667	0.10006666666663477	trials	phototagging
247.56023333333337	0.10009999999999764	trials	phototagging
248.56103333333334	0.10006666666669162	trials	phototagging
259.5696666666667	0.009999999999990905	trials	phototagging
259.66973333333334	0.009999999999990905	trials	phototagging
259.76983333333334	0.009999999999990905	trials	phototagging
259.86990000000003	0.009999999999990905	trials	phototagging
259.96996666666666	0.010033333333353767	trials	phototagging
260.07006666666666	0.010000000000047748	trials	phototagging
260.17013333333335	0.009999999999990905	trials	phototagging
260.27023333333335	0.009966666666684887	trials	phototagging
260.37030000000004	0.009999999999990905	trials	phototagging
260.4703666666667	0.009999999999990905	trials	phototagging
260.57043333333337	0.010033333333296923	trials	phototagging
260.67053333333337	0.009999999999990905	trials	phototagging
260.7706	0.009999999999990905	trials	phototagging
260.8707	0.009999999999990905	trials	phototagging
260.9707666666667	0.009999999999990905	trials	phototagging
261.0708333333333	0.010033333333353767	trials	phototagging
261.1709333333333	0.010000000000047748	trials	phototagging
261.271	0.009999999999990905	trials	phototagging
261.3710666666667	0.009999999999990905	trials	phototagging
261.4711666666667	0.009999999999990905	trials	phototagging
261.57123333333334	0.009999999999990905	trials	phototagging
261.67130000000003	0.010033333333296923	trials	phototagging
261.7714	0.009999999999990905	trials	phototagging
261.87146666666666	0.009999999999990905	trials	phototagging
261.97153333333335	0.010033333333353767	trials	phototagging
262.07163333333335	0.009999999999990905	trials	phototagging
262.17170000000004	0.009999999999990905	trials	phototagging
262.27180000000004	0.009999999999990905	trials	phototagging
262.3718666666667	0.009999999999990905	trials	phototagging
262.47193333333337	0.010033333333296923	trials	phototagging
272.5798666666667	0.0049999999999954525	trials	phototagging
273.58063333333337	0.005033333333301471	trials	phototagging
274.58143333333334	0.0049999999999954525	trials	phototagging
275.58223333333336	0.0049999999999954525	trials	phototagging
276.583	0.0049999999999954525	trials	phototagging
277.5838	0.0049999999999954525	trials	phototagging
278.58456666666666	0.005033333333358314	trials	phototagging
279.5853666666667	0.0049999999999954525	trials	phototagging
280.58613333333335	0.0049999999999954525	trials	phototagging
281.5869333333334	0.0049999999999954525	trials	phototagging
282.58773333333335	0.0049999999999954525	trials	phototagging
283.5885	0.0049999999999954525	trials	phototagging
284.5892666666667	0.005033333333358314	trials	phototagging
285.5900666666667	0.0049999999999954525	trials	phototagging
286.59086666666667	0.0049999999999954525	trials	phototagging
287.59163333333333	0.0049999999999954525	trials	phototagging
288.59243333333336	0.0049999999999954525	trials	phototagging
289.5932	0.005033333333301471	trials	phototagging
290.594	0.0049999999999954525	trials	phototagging
291.59476666666666	0.005000000000052296	trials	phototagging
292.5955666666667	0.0049999999999954525	trials	phototagging
293.59633333333335	0.005033333333358314	trials	phototagging
294.5971333333334	0.0049999999999954525	trials	phototagging
295.59793333333334	0.0049999999999954525	trials	phototagging
296.5987	0.0049999999999954525	trials	phototagging
297.59950000000003	0.0049999999999954525	trials	phototagging
298.22900000000004	0.12999999999999545	trials	port_entry
298.48900000000003	1.0499999999999545	trials	port_entry
298.6002666666667	0.0049999999999954525	trials	phototagging
299.60106666666667	0.0049999999999954525	trials	phototagging
300.60183333333333	0.005033333333358314	trials	phototagging
301.60263333333336	0.0049999999999954525	trials	phototagging
312.61126666666667	0.0049999999999954525	trials	phototagging
313.61203333333333	0.005033333333358314	trials	phototagging
314.61283333333336	0.0049999999999954525	trials	phototagging
315.6136333333333	0.0049999999999954525	trials	phototagging
316.6144	0.005000000000052296	trials	phototagging
317.6151666666667	0.005033333333301471	trials	phototagging
318.6159666666667	0.0049999999999954525	trials	phototagging
319.6167666666667	0.0049999999999954525	trials	phototagging
320.61753333333337	0.0049999999999954525	trials	phototagging
321.61833333333334	0.0049999999999954525	trials	phototagging
322.6191	0.005033333333358314	trials	phototagging
323.61990000000003	0.0049999999999954525	trials	phototagging
324.6206666666667	0.005033333333301471	trials	phototagging
325.62146666666666	0.0049999999999954525	trials	phototagging
326.6222666666667	0.0049999999999954525	trials	phototagging
327.62303333333335	0.0049999999999954525	trials	phototagging
328.6238333333333	0.005000000000052296	trials	phototagging
329.62460000000004	0.005033333333301471	trials	phototagging
330.6254	0.0049999999999954525	trials	phototagging
331.6261666666667	0.0049999999999954525	trials	phototagging
331.99913333333336	20.000033333333306	trials	reward_stimulus_presentation
332.6269666666667	0.0049999999999954525	trials	phototagging
332.9991	0.8000000000000114	trials	reward_delivery
333.62773333333337	0.005033333333301471	trials	phototagging
334.62853333333334	0.0049999999999954525	trials	phototagging
335.6293	0.005033333333358314	trials	phototagging
336.6301	0.0049999999999954525	trials	phototagging
337.6309	0.0049999999999954525	trials	phototagging
338.63166666666666	0.0049999999999954525	trials	phototagging
339.6324666666667	0.0049999999999954525	trials	phototagging
340.63323333333335	0.0049999999999954525	trials	phototagging
341.6340333333333	0.005000000000052296	trials	phototagging
352.6426666666667	0.009999999999990905	trials	phototagging
352.7427333333334	0.010033333333296923	trials	phototagging
352.8428333333334	0.009999999999990905	trials	phototagging
352.9429	0.009999999999990905	trials	phototagging
353.0429666666667	0.010033333333296923	trials	phototagging
353.1430666666667	0.009999999999990905	trials	phototagging
353.24313333333333	0.009999999999990905	trials	phototagging
353.34323333333333	0.009999999999990905	trials	phototagging
353.4433	0.009999999999990905	trials	phototagging
353.54336666666666	0.010000000000047748	trials	phototagging
353.64343333333335	0.010033333333353767	trials	phototagging
353.74353333333335	0.009999999999990905	trials	phototagging
353.84360000000004	0.009999999999990905	trials	phototagging
353.94370000000004	0.009999999999990905	trials	phototagging
354.04376666666667	0.010033333333353767	trials	phototagging
354.14383333333336	0.010033333333296923	trials	phototagging
354.24393333333336	0.009999999999990905	trials	phototagging
354.344	0.010000000000047748	trials	phototagging
354.4441	0.010000000000047748	trials	phototagging
354.5441666666667	0.009999999999990905	trials	phototagging
354.6442333333334	0.009999999999990905	trials	phototagging
354.7443	0.010033333333353767	trials	phototagging
354.8444	0.009999999999990905	trials	phototagging
354.9444666666667	0.009999999999990905	trials	phototagging
355.04453333333333	0.010033333333353767	trials	phototagging
355.14463333333333	0.009999999999990905	trials	phototagging
355.2447	0.009999999999990905	trials	phototagging
355.3448	0.009999999999990905	trials	phototagging
355.44486666666666	0.010000000000047748	trials	phototagging
355.54493333333335	0.010033333333353767	trials	phototagging
395.4292666666667	0.2900333333333265	trials	port_entry
395.7492666666667	4.350033333333329	trials	port_entry
402.7893	0.14999999999997726	trials	port_entry
403.20930000000004	0.13999999999998636	trials	port_entry
421.9993666666667	3.909933333333356	trials	reward_stimulus_presentation
422.9993666666667	0.8000000000000114	trials	reward_delivery
425.50936666666666	0.37999999999999545	trials	port_entry
426.0993666666667	0.14999999999997726	trials	port_entry
426.26936666666666	0.10000000000002274	trials	port_entry
426.3993666666667	0.05003333333331739	trials	port_entry
426.4693666666667	0.07999999999998408	trials	port_entry
426.56936666666667	1.259999999999991	trials	port_entry
427.8493666666667	0.7599999999999909	trials	port_entry
436.9694	0.2599999999999909	trials	port_entry
437.2594	1.4799999999999613	trials	port_entry
438.7894	0.040000000000020464	trials	port_entry
438.87940000000003	1.4599999999999795	trials	port_entry
452.5194333333333	0.18000000000000682	trials	port_entry
496.62956666666673	0.18999999999994088	trials	port_entry
496.90960000000007	3.1099999999999	trials	port_entry
501.55960000000005	0.6299999999999955	trials	port_entry
511.99963333333335	4.2000000000000455	trials	reward_stimulus_presentation
512.9996	0.8000333333333174	trials	reward_delivery
515.7996333333333	0.3100000000000591	trials	port_entry
516.1296	0.030033333333335577	trials	port_entry
516.1896333333334	0.06999999999993634	trials	port_entry
516.2796	1.230033333333381	trials	port_entry
517.5396333333333	0.22000000000002728	trials	port_entry
517.7796	0.05000000000006821	trials	port_entry
551.4097333333333	0.07000000000005002	trials	port_entry
551.5197333333333	1.2800000000000864	trials	port_entry
553.9797333333333	0.16999999999995907	trials	port_entry
592.5398666666666	0.08000000000004093	trials	port_entry
601.9999	20.000033333333363	trials	neutral_stimulus_presentation
678.4000333333333	0.1800666666666757	trials	port_entry
678.6801	1.5699999999999363	trials	port_entry
687.0001333333333	1.4300000000000637	trials	reward_stimulus_presentation
688.0000666666667	0.8000666666665666	trials	reward_delivery
688.0301333333333	0.16000000000008185	trials	port_entry
688.3701333333333	0.21000000000003638	trials	port_entry
690.8001333333333	0.08000000000004093	trials	port_entry
690.9401333333334	0.05003333333331739	trials	port_entry
691.0601333333334	0.09999999999990905	trials	port_entry
691.3801333333333	0.06000000000005912	trials	port_entry
691.5101666666667	0.059933333333333394	trials	port_entry
691.6201	0.09006666666675756	trials	port_entry
691.7401333333333	0.11000000000001364	trials	port_entry
691.8700666666667	1.3100666666666712	trials	port_entry
693.2001333333334	1.8399999999999181	trials	port_entry
768.0703	0.12010000000009313	trials	port_entry
768.2603666666666	0.20000000000004547	trials	port_entry
777.0003333333334	20.000699999999938	trials	shock_stimulus_presentation
796.8004333333333	0.3000333333333174	trials	shock_relay
827.5805666666666	0.04000000000007731	trials	port_entry
830.0905666666666	3.5400000000000773	trials	port_entry
872.0007	9.480033333333267	trials	reward_stimulus_presentation
873.0007	0.7999999999999545	trials	reward_delivery
881.0807333333333	0.36000000000001364	trials	port_entry
881.4707333333333	2.3799999999999955	trials	port_entry
886.4206666666666	0.1900666666666666	trials	port_entry
938.0009	0.14999999999997726	trials	port_entry
938.4809	0.14993333333336523	trials	port_entry
957.1709333333333	0.11000000000001364	trials	port_entry
957.3909333333334	3.1000000000000227	trials	port_entry
962.0009666666667	20.000066666666612	trials	neutral_stimulus_presentation
965.6709666666667	0.1999666666666826	trials	port_entry
965.8909	0.08006666666665296	trials	port_entry
988.1309666666667	6.150099999999952	trials	port_entry
1042.0012666666667	9.519966666666733	trials	reward_stimulus_presentation
1043.0012	0.7999666666667054	trials	reward_delivery
1051.1212333333333	0.37000000000011823	trials	port_entry
1051.5112333333334	1.3399999999999181	trials	port_entry
1068.4812333333334	0.11006666666662568	trials	port_entry
1086.9213333333335	0.08003333333317642	trials	port_entry
1087.0513333333333	0.05999999999994543	trials	port_entry
1132.0015	20.001066666666702	trials	shock_stimulus_presentation
1151.8015333333333	0.2999999999999545	trials	shock_relay
1212.9517	0.13003333333335831	trials	port_entry
1226.4017666666666	0.1299666666666326	trials	port_entry
1226.7417333333333	0.029999999999972715	trials	port_entry
1232.0017	5.850099999999884	trials	reward_stimulus_presentation
1233.0017	0.8000999999999294	trials	reward_delivery
1237.4517	3.6200666666666166	trials	port_entry
1247.4618	0.14003333333334922	trials	port_entry
1293.5419333333334	0.08003333333317642	trials	port_entry
1293.7119333333333	0.14000000000010004	trials	port_entry
1293.9319333333333	0.27003333333345836	trials	port_entry
1294.3419333333334	2.080033333333404	trials	port_entry
1302.8219666666666	0.15003333333334012	trials	port_entry
1306.162	1.0599666666666963	trials	port_entry
1307.4919666666667	0.3300333333334038	trials	port_entry
1308.672	0.08996666666666897	trials	port_entry
1308.8220000000001	0.029999999999972715	trials	port_entry
1309.0219	1.8001000000001568	trials	port_entry
1320.7520666666667	0.12993333333338342	trials	port_entry
1320.9720666666667	0.05999999999994543	trials	port_entry
1322.0020666666667	20.000066666666726	trials	neutral_stimulus_presentation
1364.7922	0.12999999999988177	trials	port_entry
1366.2622000000001	0.0499333333332288	trials	port_entry
1366.5121666666666	0.3000333333334311	trials	port_entry
1366.8422	0.34999999999990905	trials	port_entry
1367.2121333333334	0.09006666666664387	trials	port_entry
1367.3422	0.04996666666670535	trials	port_entry
1391.8322666666668	0.2400000000000091	trials	port_entry
1394.4422666666667	0.2400000000000091	trials	port_entry
1394.8423	4.439966666666578	trials	port_entry
1412.0023666666666	8.650000000000091	trials	reward_stimulus_presentation
1413.0023333333334	0.7999999999999545	trials	reward_delivery
1420.2523666666666	0.07000000000016371	trials	port_entry
1420.5223666666666	0.25	trials	port_entry
1420.8223666666668	0.01999999999998181	trials	port_entry
1420.9023666666667	0.05999999999994543	trials	port_entry
1420.9823666666666	0.3300000000001546	trials	port_entry
1421.3323666666668	0.07999999999992724	trials	port_entry
1421.4423666666667	0.5899999999999181	trials	port_entry
1422.2223666666666	1.4300000000000637	trials	port_entry
1423.6823666666667	0.03999999999996362	trials	port_entry
1423.7923666666668	0.03999999999996362	trials	port_entry
1423.9023666666667	1.1400000000001	trials	port_entry
1439.7624333333333	0.08999999999991815	trials	port_entry
1439.8824333333334	2.769999999999982	trials	port_entry
1442.6724333333334	2.3299333333332015	trials	port_entry
1445.1124333333335	1.8199999999999363	trials	port_entry
1476.3325333333335	0.2899999999999636	trials	port_entry
1476.6625333333334	1.8599999999999	trials	port_entry
1480.8825333333334	1.9900333333332583	trials	port_entry
1486.9125666666666	0.01999999999998181	trials	port_entry
1486.9524666666666	0.19010000000002947	trials	port_entry
1488.4625666666666	2.0700000000001637	trials	port_entry
1495.4326	0.13999999999987267	trials	port_entry
1499.4426	0.1799999999998363	trials	port_entry
1502.0026333333333	20.001366666666627	trials	shock_stimulus_presentation
1521.8026666666667	0.2999999999999545	trials	shock_relay
1562.3728	0.1899999999998272	trials	port_entry
1587.0029	20.000033333333477	trials	neutral_stimulus_presentation
1601.3629	0.06999999999993634	trials	port_entry
1601.5829333333334	0.2599999999999909	trials	port_entry
1606.5229	0.17003333333332193	trials	port_entry
1606.9229	0.24003333333325827	trials	port_entry
1609.7329333333334	0.4000333333333401	trials	port_entry
1610.2128666666667	0.04009999999993852	trials	port_entry
1610.2829333333334	0.0399333333332379	trials	port_entry
1610.3428666666666	0.14006666666682577	trials	port_entry
1610.5228666666667	0.05009999999992942	trials	port_entry
1611.4029333333333	0.050033333333431074	trials	port_entry
1611.5029333333334	0.910033333333331	trials	port_entry
1615.6229666666666	0.0500000000001819	trials	port_entry
1616.0429666666666	0.2899999999999636	trials	port_entry
1616.3729666666666	0.049900000000207	trials	port_entry
1616.4529333333332	0.02003333333345836	trials	port_entry
1618.0729666666666	0.14996666666684177	trials	port_entry
1618.3629666666666	1.050000000000182	trials	port_entry
1619.9929666666667	0.11996666666664169	trials	port_entry
1620.2429666666667	0.34999999999990905	trials	port_entry
1621.0729666666666	0.01999999999998181	trials	port_entry
1622.5129666666667	0.3400333333333947	trials	port_entry
1623.0829666666666	0.07003333333341288	trials	port_entry
1623.173	0.29996666666670535	trials	port_entry
1623.493	0.019966666666732635	trials	port_entry
1677.0031666666666	20.001033333333453	trials	shock_stimulus_presentation
1696.8032	0.2999999999999545	trials	shock_relay
1697.7732333333333	0.2899999999999636	trials	port_entry
1698.8632	0.40000000000009095	trials	port_entry
1702.5632333333333	0.4700000000000273	trials	port_entry
1712.3832333333332	0.08000000000015461	trials	port_entry
1713.9832333333334	0.18000000000006366	trials	port_entry
1714.2832333333333	0.21003333333328555	trials	port_entry
1743.3733666666667	0.06996666666668716	trials	port_entry
1745.8033333333333	0.8700000000001182	trials	port_entry
1746.7433333333333	0.25	trials	port_entry
1747.0733666666667	0.5	trials	port_entry
1750.8433666666667	0.2799999999999727	trials	port_entry
1766.3634333333334	0.08999999999991815	trials	port_entry
1766.5134333333333	1.3098999999999705	trials	port_entry
1772.0034666666668	20.001366666666627	trials	shock_stimulus_presentation
1791.8034666666667	0.2999999999999545	trials	shock_relay
1791.8734333333334	0.04136666666659039	trials	port_entry
1862.0037333333335	20.0000666666665	trials	neutral_stimulus_presentation
1886.3638333333333	0.059966666666696256	trials	port_entry
1886.4438	0.04003333333344017	trials	port_entry
1942.004	3.8300000000001546	trials	reward_stimulus_presentation
1943.004	0.8000000000001819	trials	reward_delivery
1945.4339333333332	1.0300666666666984	trials	port_entry
1946.4839333333334	0.10003333333315823	trials	port_entry
1946.604	2.2799666666667235	trials	port_entry
1948.924	0.03999999999996362	trials	port_entry
1948.9839333333334	1.3800999999998567	trials	port_entry
1950.3839666666668	0.3700666666666166	trials	port_entry
1989.2041333333334	0.08993333333319242	trials	port_entry
1989.3241333333333	0.019966666666732635	trials	port_entry
1989.3641333333333	2.2800000000002	trials	port_entry
2002.3241666666668	0.049999999999954525	trials	port_entry
2002.4741666666666	0.12000000000011823	trials	port_entry
2002.6241666666667	1.4199999999998454	trials	port_entry
2032.0041999999999	20.000033333333704	trials	neutral_stimulus_presentation
2034.4642333333331	0.06006666666689853	trials	port_entry
2034.5942	0.790066666666462	trials	port_entry
2091.0044666666668	0.25	trials	port_entry
2091.884433333333	0.25993333333371993	trials	port_entry
2092.1644	0.11006666666662568	trials	port_entry
2092.3144666666667	0.30999999999994543	trials	port_entry
2092.674466666667	0.6700000000000728	trials	port_entry
2132.0046	20.00003333333325	trials	neutral_stimulus_presentation
2152.3146333333334	0.5100333333334675	trials	port_entry
2222.0048666666667	20.001000000000204	trials	shock_stimulus_presentation
2241.8049333333333	0.3000000000001819	trials	shock_relay
2312.0051333333336	20.0000666666665	trials	reward_stimulus_presentation
2313.0051333333336	0.7999999999997272	trials	reward_delivery
2383.9854	0.17996666666658712	trials	port_entry
2384.195366666667	0.25999999999976353	trials	port_entry
2384.4753666666666	0.07003333333341288	trials	port_entry
2384.5653666666667	1.7699999999999818	trials	port_entry
2402.0054333333333	7.820033333333413	trials	reward_stimulus_presentation
2403.0054333333333	0.8000000000001819	trials	reward_delivery
2409.4254666666666	0.09996666666665988	trials	port_entry
2409.5654	0.26006666666671663	trials	port_entry
2409.8454333333334	0.8899999999998727	trials	port_entry
2410.7554333333333	1.4500000000002728	trials	port_entry
2412.4954666666667	0.7799666666664962	trials	port_entry
2479.0857	3.6100000000001273	trials	port_entry
2487.0057333333334	20.00003333333325	trials	neutral_stimulus_presentation
2541.505866666667	0.06999999999970896	trials	port_entry
2541.6457666666665	0.7001000000000204	trials	port_entry
2542.3658666666665	0.07000000000016371	trials	port_entry
2577.0059333333334	2.6899333333331015	trials	reward_stimulus_presentation
2578.006	0.7998666666667305	trials	reward_delivery
2579.2959	4.4501333333332695	trials	port_entry
2672.0063	20.0000666666665	trials	reward_stimulus_presentation
2673.0063	0.8000000000001819	trials	reward_delivery
2708.3764	0.02999999999974534	trials	port_entry
2708.4264	0.3000000000001819	trials	port_entry
2708.7463333333335	3.360133333333124	trials	port_entry
2716.0264	0.15003333333334012	trials	port_entry
2762.006533333333	20.001000000000204	trials	shock_stimulus_presentation
2781.806633333333	0.3000333333334311	trials	shock_relay
2842.0068333333334	20.00003333333325	trials	neutral_stimulus_presentation
2844.7168333333334	0.09000000000014552	trials	port_entry
2844.8868333333335	3.119999999999891	trials	port_entry
2851.8868333333335	0.15003333333334012	trials	port_entry
2932.0071	20.000066666666953	trials	neutral_stimulus_presentation
2940.8371333333334	0.23999999999978172	trials	port_entry
2941.097133333333	0.19000000000005457	trials	port_entry
2941.4371333333333	0.15999999999985448	trials	port_entry
3009.1972333333333	0.03000000000020009	trials	port_entry
3009.3272333333334	0.260133333333215	trials	port_entry
3009.617366666667	0.11999999999989086	trials	port_entry
3032.007433333333	20.00093333333325	trials	shock_stimulus_presentation
3051.8075	0.3000000000001819	trials	shock_relay
3052.6175	0.38000000000010914	trials	port_entry
3053.0375	0.0500000000001819	trials	port_entry
3107.0377	0.06996666666691453	trials	port_entry
3122.0077333333334	20.00003333333325	trials	neutral_stimulus_presentation
3132.037766666667	0.02999999999974534	trials	port_entry
3142.9678	0.2699999999999818	trials	port_entry
3145.1978	0.15000000000009095	trials	port_entry
3146.8878	0.09000000000014552	trials	port_entry
3160.887833333333	0.20000000000027285	trials	port_entry
3167.7178	0.10006666666686215	trials	port_entry
3168.8678666666665	0.07000000000016371	trials	port_entry
3194.4679333333333	0.050033333333431074	trials	port_entry
3212.008	20.000066666666953	trials	reward_stimulus_presentation
3213.008	0.8000000000001819	trials	reward_delivery
3244.2280333333333	0.22003333333350383	trials	port_entry
3244.5380666666665	0.03999999999996362	trials	port_entry
3244.678066666667	0.06993333333321061	trials	port_entry
3244.768	1.0801000000001295	trials	port_entry
3247.428033333333	0.03000000000020009	trials	port_entry
3260.8781	0.020066666666934907	trials	port_entry
3260.9580666666666	0.05006666666668025	trials	port_entry
3282.9582333333333	0.09000000000014552	trials	port_entry
3302.008333333333	20.001866666666956	trials	shock_stimulus_presentation
3318.3583333333336	0.7099999999995816	trials	port_entry
3319.0983333333334	0.03999999999996362	trials	port_entry
3319.258333333333	0.030033333333449264	trials	port_entry
3319.4083333333333	1.1700000000000728	trials	port_entry
3321.8083666666666	0.2999666666669327	trials	shock_relay
3387.008566666667	20.0000666666665	trials	reward_stimulus_presentation
3388.008566666667	0.7999999999997272	trials	reward_delivery
3439.5887	0.1400333333335766	trials	port_entry
3439.7987	0.07000000000016371	trials	port_entry
3439.8987	0.030033333332994516	trials	port_entry
3439.9587	0.05999999999994543	trials	port_entry
3440.038666666667	0.09006666666664387	trials	port_entry
3440.1487	0.43003333333308547	trials	port_entry
3440.5987	0.0900333333333947	trials	port_entry
3440.7187	0.3600333333333765	trials	port_entry
3441.0987	0.09999999999990905	trials	port_entry
3441.2187	1.1500333333333401	trials	port_entry
3445.2487333333333	0.18993333333355622	trials	port_entry
3477.0088333333333	20.0000666666665	trials	reward_stimulus_presentation
3478.0088333333333	0.8000333333334311	trials	reward_delivery
3518.828933333333	0.0500000000001819	trials	port_entry
3518.908933333333	0.15003333333334012	trials	port_entry
3519.2789333333335	0.06999999999970896	trials	port_entry
3519.3789333333334	0.04999999999972715	trials	port_entry
3519.618966666667	1.319999999999709	trials	port_entry
3521.0589666666665	0.7300000000000182	trials	port_entry
3522.0289666666667	0.8600333333333765	trials	port_entry
3523.089	0.019966666666732635	trials	port_entry
3525.959	0.24000000000023647	trials	port_entry
3572.0091666666667	20.00003333333325	trials	reward_stimulus_presentation
3573.0091666666667	0.8000000000001819	trials	reward_delivery
3593.1792	0.20003333333352202	trials	port_entry
3593.5492	0.6900333333333037	trials	port_entry
3594.2592	1.0100333333334675	trials	port_entry
3595.3492333333334	0.6999999999998181	trials	port_entry
3662.009466666667	20.00116666666645	trials	shock_stimulus_presentation
3681.8095	0.3000000000001819	trials	shock_relay
3742.0097	19.99996666666675	trials	reward_stimulus_presentation
3743.0097	0.7999999999997272	trials	reward_delivery
3777.0196666666666	0.19003333333330374	trials	port_entry
3777.299666666667	2.5501333333331786	trials	port_entry
3832.0099666666665	20.000033333333704	trials	neutral_stimulus_presentation
3891.170166666667	0.09999999999990905	trials	port_entry
3932.0102333333334	20.001233333333403	trials	shock_stimulus_presentation
3951.8103333333333	0.299966666666478	trials	shock_relay
3966.8703666666665	0.13993333333337432	trials	port_entry
4013.450533333333	0.07000000000016371	trials	port_entry
4018.1005666666665	0.06000000000040018	trials	port_entry
4018.180566666667	0.6599666666666053	trials	port_entry
4018.8605333333335	0.1399666666666235	trials	port_entry
4019.0305333333336	0.23003333333326736	trials	port_entry
4019.3105666666665	0.2699999999999818	trials	port_entry
4019.780566666667	0.2599333333332652	trials	port_entry
4020.1305666666667	0.2800000000002001	trials	port_entry
4020.4405666666667	0.15000000000009095	trials	port_entry
4020.8505666666665	0.44000000000005457	trials	port_entry
4021.3105666666665	3.700000000000273	trials	port_entry
4022.010566666667	20.00003333333325	trials	neutral_stimulus_presentation
4068.0206666666663	0.0600333333341041	trials	port_entry
4068.2307	1.9000333333333401	trials	port_entry
4088.1607999999997	0.10996666666687815	trials	port_entry
4099.2508333333335	0.019933333333028713	trials	port_entry
4102.4308	0.13003333333290357	trials	port_entry
4102.5908	0.17003333333377668	trials	port_entry
4103.140833333333	0.040000000000873115	trials	port_entry
4103.220833333334	0.06999999999970896	trials	port_entry
4103.320833333333	0.1000000000003638	trials	port_entry
4103.440833333333	0.07000000000061846	trials	port_entry
4112.0109	1.5299666666660414	trials	reward_stimulus_presentation
4113.0108666666665	0.8000000000001819	trials	reward_delivery
4113.140866666667	0.1999999999998181	trials	port_entry
4113.480866666667	5.34003333333294	trials	port_entry
4118.8409	0.0500000000001819	trials	port_entry
4119.0909	0.6399999999994179	trials	port_entry
4123.5309	2.4700000000002547	trials	port_entry
4129.070933333333	0.14000000000032742	trials	port_entry
4155.571	0.13000000000010914	trials	port_entry
4165.5009666666665	0.2300666666669713	trials	port_entry
4165.841033333333	0.15996666666706005	trials	port_entry
4166.031033333334	2.890033333333122	trials	port_entry
4170.101066666667	1.819966666666005	trials	port_entry
4172.011066666667	0.019999999999527063	trials	port_entry
4178.981066666666	0.08003333333363116	trials	port_entry
4179.211066666667	2.950033333333522	trials	port_entry
4187.3411	0.21000000000003638	trials	port_entry
4196.9711333333335	0.10996666666687815	trials	port_entry
4202.011166666667	12.050033333332976	trials	reward_stimulus_presentation
4203.011166666667	0.7999999999992724	trials	reward_delivery
4213.6612000000005	0.1499999999996362	trials	port_entry
4213.8512	0.10999999999967258	trials	port_entry
4214.0012	0.07993333333342889	trials	port_entry
4214.1012	3.850000000000364	trials	port_entry
4218.0612	0.019933333333028713	trials	port_entry
4229.781233333333	0.23000000000047294	trials	port_entry
4230.061233333334	0.25	trials	port_entry
4254.821333333333	5.140000000000327	trials	port_entry
4274.181366666667	0.04003333333366754	trials	port_entry
4287.011433333333	3.1900000000005093	trials	reward_stimulus_presentation
4288.011433333333	0.8000000000001819	trials	reward_delivery
4289.801433333333	4.980000000000473	trials	port_entry
4313.6015	0.10003333333315823	trials	port_entry
4314.1315	0.02999999999974534	trials	port_entry
4314.3915	0.03999999999996362	trials	port_entry
4314.4615	0.06999999999970896	trials	port_entry
4342.1216	0.10999999999967258	trials	port_entry
4351.921633333333	0.09000000000014552	trials	port_entry
4352.601633333334	0.07999999999992724	trials	port_entry
4352.771633333334	0.0399666666662597	trials	port_entry
4353.961633333333	0.18999999999959982	trials	port_entry
4363.151666666667	0.09000000000014552	trials	port_entry
4367.821633333333	0.14006666666682577	trials	port_entry
4367.981633333334	5.339999999999236	trials	port_entry
4377.0117	20.001800000000003	trials	shock_stimulus_presentation
4396.811766666667	0.3000000000001819	trials	shock_relay
4454.281966666666	0.07999999999992724	trials	port_entry
4454.421966666667	0.1499999999996362	trials	port_entry
4454.591966666667	0.09000000000014552	trials	port_entry
4454.721933333333	0.08003333333363116	trials	port_entry
4472.012033333333	20.0000666666665	trials	reward_stimulus_presentation
4473.012	0.8000000000001819	trials	reward_delivery
4496.092066666667	0.06999999999970896	trials	port_entry
4496.282066666667	0.18000000000029104	trials	port_entry
4496.492066666667	0.03999999999996362	trials	port_entry
4496.5521	3.1900000000005093	trials	port_entry
4510.142133333334	0.17999999999938154	trials	port_entry
4510.3821333333335	1.319999999999709	trials	port_entry
4511.932133333334	0.22999999999956344	trials	port_entry
4512.212133333333	0.019999999999527063	trials	port_entry
4512.4821	0.020033333333230985	trials	port_entry
4513.332133333333	0.020033333333230985	trials	port_entry
4513.742133333333	0.05003333333388582	trials	port_entry
4513.832133333333	0.44003333333330374	trials	port_entry
4514.562133333333	0.020000000000436557	trials	port_entry
4522.852166666667	0.10999999999967258	trials	port_entry
4523.122166666667	0.019999999999527063	trials	port_entry
4523.1821666666665	0.03999999999996362	trials	port_entry
4553.092266666667	0.12996666666640522	trials	port_entry
4553.242233333333	1.6600333333335584	trials	port_entry
4562.0123	7.59003333333294	trials	reward_stimulus_presentation
4563.012266666667	0.8000000000001819	trials	reward_delivery
4569.2023	0.12003333333359478	trials	port_entry
4569.4123	0.09003333333293995	trials	port_entry
4569.5223	0.08003333333363116	trials	port_entry
4569.6223	0.03999999999996362	trials	port_entry
4569.6823	2.660033333332649	trials	port_entry
4574.032333333334	0.10999999999967258	trials	port_entry
4574.242333333334	0.9399999999995998	trials	port_entry
4575.522333333333	0.020000000000436557	trials	port_entry
4575.692333333333	0.019999999999527063	trials	port_entry
4595.5424	0.07999999999992724	trials	port_entry
4636.232533333334	0.029933333333246992	trials	port_entry
4636.4525	0.24003333333257615	trials	port_entry
4636.712533333333	4.440033333333304	trials	port_entry
4642.012566666666	1.1199666666670964	trials	reward_stimulus_presentation
4642.732566666667	0.18990000000030705	trials	port_entry
4643.012566666666	0.8000000000001819	trials	reward_delivery
4643.1725	13.400100000000748	trials	port_entry
4665.392633333333	2.3900000000003274	trials	port_entry
4671.5326000000005	0.11006666666617093	trials	port_entry
4671.682666666667	2.7800333333334493	trials	port_entry
4684.2127	0.17000000000007276	trials	port_entry
4684.4027	1.1300000000001091	trials	port_entry
4699.552733333333	0.14000000000032742	trials	port_entry
4699.812733333333	0.14003333333312185	trials	port_entry
4702.622766666666	0.15999999999985448	trials	port_entry
4732.012833333333	11.480066666666971	trials	reward_stimulus_presentation
4733.012866666667	0.8000000000001819	trials	reward_delivery
4743.0929	0.45996666666724195	trials	port_entry
4743.5729	3.2399999999997817	trials	port_entry
4747.012933333333	0.0399666666662597	trials	port_entry
4747.1029	1.0299999999997453	trials	port_entry
4781.773	0.0500000000001819	trials	port_entry
4781.933033333334	0.9799999999995634	trials	port_entry
4832.0132	20.0013666666664	trials	shock_stimulus_presentation
4851.813233333333	0.3000000000001819	trials	shock_relay
4922.013466666666	11.440033333333304	trials	reward_stimulus_presentation
4923.013466666666	0.8000000000001819	trials	reward_delivery
4933.0535	0.06999999999970896	trials	port_entry
4933.1435	0.04996666666647798	trials	port_entry
4933.2135	0.18000000000029104	trials	port_entry
4933.4135	0.16000000000076398	trials	port_entry
4933.8135	1.0299999999997453	trials	port_entry
4963.1535	0.050033333332976326	trials	port_entry
5012.013733333333	20.0000666666665	trials	neutral_stimulus_presentation
5033.2438	0.07003333333341288	trials	port_entry
5033.4938	1.819999999999709	trials	port_entry
5035.5138	0.9800000000004729	trials	port_entry
5059.513866666667	0.07003333333250339	trials	port_entry
5059.8039	0.0500000000001819	trials	port_entry
5059.8739	0.5800000000008367	trials	port_entry
5102.014066666667	20.001333333333605	trials	shock_stimulus_presentation
5121.514066666667	0.07999999999992724	trials	port_entry
5121.814066666667	0.3000000000001819	trials	shock_relay
5187.0143	20.000033333333704	trials	reward_stimulus_presentation
5188.0143	0.8000000000001819	trials	reward_delivery
5228.134466666666	0.09996666666665988	trials	port_entry
5228.344433333334	0.2600333333330127	trials	port_entry
5228.624433333333	1.2399999999997817	trials	port_entry
5229.904466666667	0.3400000000001455	trials	port_entry
5233.974466666667	0.8400000000001455	trials	port_entry
5277.014533333333	20.000133333333906	trials	neutral_stimulus_presentation
5325.794766666667	1.8400000000001455	trials	port_entry
5368.5149	0.06999999999970896	trials	port_entry
5372.0148	20.0001666666667	trials	neutral_stimulus_presentation
5462.0152333333335	4.0	trials	reward_stimulus_presentation
5463.0151	0.8001000000003842	trials	reward_delivery
5465.6152	0.7299999999995634	trials	port_entry
5466.3652	2.8300333333327217	trials	port_entry
5542.015466666667	20.0009	trials	shock_stimulus_presentation
5561.8155	0.3000333333338858	trials	shock_relay
5632.015766666666	20.0000666666665	trials	reward_stimulus_presentation
5633.015766666666	0.8000000000001819	trials	reward_delivery
5652.7258	0.13003333333290357	trials	port_entry
5652.8958	1.0599999999994907	trials	port_entry
5654.015833333333	1.5	trials	port_entry
5703.185966666667	1.3599999999996726	trials	port_entry
5732.0161	20.000033333333704	trials	neutral_stimulus_presentation
5783.676233333334	0.1499999999996362	trials	port_entry
5822.0164	20.000033333332794	trials	neutral_stimulus_presentation
5872.206533333333	1.6199999999998909	trials	port_entry
5875.386466666667	0.2300666666669713	trials	port_entry
5875.796533333333	0.1500000000005457	trials	port_entry
5876.046533333333	0.14000000000032742	trials	port_entry
5876.3965333333335	0.05999999999949068	trials	port_entry
5912.016633333334	20.001233333333403	trials	shock_stimulus_presentation
5931.816733333333	0.3000000000001819	trials	shock_relay
5972.776766666667	2.740099999999984	trials	port_entry
6002.016933333333	20.0000666666665	trials	neutral_stimulus_presentation
6066.667166666667	0.08989999999994325	trials	port_entry
6087.017233333333	10.800033333333886	trials	reward_stimulus_presentation
6088.0172	0.8000000000001819	trials	reward_delivery
6097.417233333334	0.060033333333194605	trials	port_entry
6097.5372333333335	3.170033333332867	trials	port_entry
6100.7372	0.3600666666670804	trials	port_entry
6132.0373	0.0700666666671168	trials	port_entry
6149.337333333333	2.520066666666935	trials	port_entry
6177.017433333333	20.0012999999999	trials	shock_stimulus_presentation
6196.817566666667	0.3000000000001819	trials	shock_relay
6272.0178	5.450033333333522	trials	reward_stimulus_presentation
6273.0178	0.8000000000001819	trials	reward_delivery
6277.0678333333335	0.36996666666618694	trials	port_entry
6277.4578	4.200033333333522	trials	port_entry
6284.877833333333	0.15003333333334012	trials	port_entry
6285.057766666667	2.1301000000003114	trials	port_entry
6291.087833333333	0.22003333333395858	trials	port_entry
6291.537833333334	0.060033333333194605	trials	port_entry
6291.627866666667	0.3799666666664052	trials	port_entry
6292.457866666667	0.020000000000436557	trials	port_entry
6343.848033333334	0.31999999999970896	trials	port_entry
6344.248033333333	0.33003333333363116	trials	port_entry
6344.618033333333	0.03999999999996362	trials	port_entry
6344.698033333333	0.950033333333522	trials	port_entry
6362.0181	20.0000666666665	trials	neutral_stimulus_presentation
6399.8582	0.13003333333381306	trials	port_entry
6403.668233333334	6.570033333332503	trials	port_entry
6415.518266666667	0.0500000000001819	trials	port_entry
6415.7082666666665	3.700033333333522	trials	port_entry
6422.0983	1.7800000000006548	trials	port_entry
6426.9483	0.1600333333335584	trials	port_entry
6427.1383	0.1000000000003638	trials	port_entry
6427.2683	0.6400333333340313	trials	port_entry
6437.498333333333	0.17003333333377668	trials	port_entry
6442.018366666667	15.97996666666586	trials	reward_stimulus_presentation
6443.018366666667	0.7999999999992724	trials	reward_delivery
6457.5984	0.02999999999974534	trials	port_entry
6457.8484	0.11999999999989086	trials	port_entry
6457.9884	3.8800333333329036	trials	port_entry
6462.018433333334	0.049999999999272404	trials	port_entry
6503.198566666667	0.2899999999999636	trials	port_entry
6503.578566666667	0.21999999999934516	trials	port_entry
6503.878566666666	0.25	trials	port_entry
6509.718566666666	0.13000000000010914	trials	port_entry
6509.998566666667	0.2599999999993088	trials	port_entry
6510.318566666667	0.03999999999996362	trials	port_entry
6510.3885666666665	0.04003333333366754	trials	port_entry
6532.018666666667	3.449999999999818	trials	reward_stimulus_presentation
6533.018666666667	0.8000000000001819	trials	reward_delivery
6535.068666666667	5.019999999999527	trials	port_entry
6541.598666666667	0.15999999999985448	trials	port_entry
6541.798666666667	0.7899999999999636	trials	port_entry
6586.008733333333	0.19003333333330374	trials	port_entry
6608.148866666666	0.05003333333388582	trials	port_entry
6632.0189666666665	20.0018666666665	trials	shock_stimulus_presentation
6649.549	0.1699333333335744	trials	port_entry
6651.819033333333	0.3000000000001819	trials	shock_relay
6670.1091	0.23000000000047294	trials	port_entry
6722.019266666667	20.0000666666665	trials	neutral_stimulus_presentation
6746.1493	0.09006666666664387	trials	port_entry
6759.289333333333	0.14000000000032742	trials	port_entry
6759.569333333333	0.09000000000014552	trials	port_entry
6759.699333333333	0.11999999999989086	trials	port_entry
6759.849333333334	0.270033333333231	trials	port_entry
6789.329433333333	0.24003333333348564	trials	port_entry
6812.019566666667	2.9699666666665507	trials	reward_stimulus_presentation
6813.019533333333	0.8000000000001819	trials	reward_delivery
6814.589533333334	0.42999999999938154	trials	port_entry
6815.039566666666	5.179966666666587	trials	port_entry
6822.399566666667	0.15999999999985448	trials	port_entry
6822.649533333333	0.07999999999992724	trials	port_entry
6822.779566666667	0.12999999999919964	trials	port_entry
6822.929566666667	0.1000000000003638	trials	port_entry
6876.919766666667	0.1499999999996362	trials	port_entry
6877.249733333333	4.3199666666669145	trials	port_entry
6886.529766666667	0.10003333333315823	trials	port_entry
6886.859666666666	0.21010000000023865	trials	port_entry
6902.019833333334	8.990033333332576	trials	reward_stimulus_presentation
6903.019833333334	0.7999999999992724	trials	reward_delivery
6910.609833333333	0.1100333333333765	trials	port_entry
6910.819866666667	4.460000000000036	trials	port_entry
6915.319866666667	0.02999999999974534	trials	port_entry
6917.429866666666	2.250033333333704	trials	port_entry
6920.7299	2.269999999999527	trials	port_entry
6923.0199	0.05999999999949068	trials	port_entry
6923.5499	4.119999999999891	trials	port_entry
6928.369933333333	1.4399999999995998	trials	port_entry
6964.930033333333	0.19003333333330374	trials	port_entry
6965.160033333334	0.26999999999952706	trials	port_entry
6987.020133333333	20.001099999999497	trials	shock_stimulus_presentation
7006.820166666666	0.3000000000001819	trials	shock_relay
7038.510166666667	0.1900999999998021	trials	port_entry
7038.7202	4.320099999999911	trials	port_entry
7043.380266666667	5.580033333332722	trials	port_entry
7053.110233333334	4.850033333333158	trials	port_entry
7064.750333333333	4.960033333332831	trials	port_entry
7069.830266666667	0.0500000000001819	trials	port_entry
7077.0204	1.449999999999818	trials	reward_stimulus_presentation
7078.0204	0.799933333332774	trials	reward_delivery
7078.0704	0.2199000000000524	trials	port_entry
7078.3504	0.3899666666666235	trials	port_entry
7078.770366666667	0.31999999999970896	trials	port_entry
7079.1604	8.739966666666987	trials	port_entry
7087.970433333333	6.970033333333959	trials	port_entry
7094.960433333334	0.5399999999999636	trials	port_entry
7095.530433333333	0.6400333333331218	trials	port_entry
7122.440533333333	2.180000000000291	trials	port_entry
7126.160533333334	0.339999999999236	trials	port_entry
7126.520533333333	3.8100333333331946	trials	port_entry
7132.470566666667	2.399999999999636	trials	port_entry
7135.020566666667	0.3499999999994543	trials	port_entry
7137.4506	0.4600000000000364	trials	port_entry
7156.120633333333	0.13000000000010914	trials	port_entry
7156.330633333333	0.6999333333333198	trials	port_entry
7172.0207	2.430000000000291	trials	reward_stimulus_presentation
7173.0207	0.8000000000001819	trials	reward_delivery
7174.050666666667	5.190033333333304	trials	port_entry
7179.3407	10.910100000000057	trials	port_entry
7196.090766666666	0.020000000000436557	trials	port_entry
7202.6508	0.06999999999970896	trials	port_entry
7229.3709	0.030066666667153186	trials	port_entry
7229.420866666666	0.020000000000436557	trials	port_entry
7229.640866666667	3.289966666667169	trials	port_entry
7251.420933333334	0.07003333333250339	trials	port_entry
7262.021	20.001100000000406	trials	shock_stimulus_presentation
7281.041033333333	0.2699333333339382	trials	port_entry
7281.821033333334	0.29993333333277405	trials	shock_relay
7342.021233333333	5.600000000000364	trials	reward_stimulus_presentation
7343.021233333333	0.7999666666673875	trials	reward_delivery
7347.221233333334	0.31999999999970896	trials	port_entry
7347.571266666667	0.059966666666696256	trials	port_entry
7347.651266666667	0.5699666666669145	trials	port_entry
7348.241233333333	2.510033333333922	trials	port_entry
7350.871266666667	1.319999999999709	trials	port_entry
7352.321233333333	0.05003333333388582	trials	port_entry
7380.591333333334	0.26999999999952706	trials	port_entry
7414.461466666667	0.029966666666950914	trials	port_entry
7424.681466666667	0.1499999999996362	trials	port_entry
7427.8215	0.14000000000032742	trials	port_entry
7428.0415	0.049933333332774055	trials	port_entry
7428.8215	0.03993333333346527	trials	port_entry
7429.0215333333335	0.26996666666673264	trials	port_entry
7432.0215	20.000100000000202	trials	neutral_stimulus_presentation
7458.451566666667	0.13000000000010914	trials	port_entry
7459.711633333333	0.1999999999998181	trials	port_entry
7459.961633333333	0.0500000000001819	trials	port_entry
7460.0615333333335	0.21010000000023865	trials	port_entry
7460.381633333333	0.03989999999976135	trials	port_entry
7460.441633333333	0.020000000000436557	trials	port_entry
7460.5116333333335	0.27999999999974534	trials	port_entry
7532.0219	1.029933333333247	trials	reward_stimulus_presentation
7532.651833333333	0.06999999999970896	trials	port_entry
7532.811833333333	0.930000000000291	trials	port_entry
7533.021833333333	0.8000333333338858	trials	reward_delivery
7533.8618	9.400066666667044	trials	port_entry
7548.7419	0.06996666666691453	trials	port_entry
7548.951866666666	4.369966666667096	trials	port_entry
7553.661833333334	0.10006666666686215	trials	port_entry
7582.771933333333	0.1700666666665711	trials	port_entry
7622.022133333333	3.209933333333538	trials	reward_stimulus_presentation
7623.022133333333	0.8000000000001819	trials	reward_delivery
7624.832066666667	0.04006666666646197	trials	port_entry
7624.892133333334	0.15999999999985448	trials	port_entry
7625.092066666667	0.050033333332976326	trials	port_entry
7625.1721333333335	0.06999999999970896	trials	port_entry
7625.262133333334	0.0999999999994543	trials	port_entry
7625.382066666667	0.09006666666664387	trials	port_entry
7625.4921	0.060033333333194605	trials	port_entry
7625.5921	3.6500000000005457	trials	port_entry
7629.2921	0.020066666666934907	trials	port_entry
7629.3721	1.0100000000002183	trials	port_entry
7630.472066666666	1.660000000000764	trials	port_entry
7635.352166666667	3.1799333333337927	trials	port_entry
7687.1623	0.13000000000010914	trials	port_entry
7687.4123	0.020000000000436557	trials	port_entry
7687.512333333333	2.260033333333922	trials	port_entry
7712.0224333333335	20.0000666666665	trials	neutral_stimulus_presentation
7713.572433333334	0.17000000000007276	trials	port_entry
7713.782466666667	0.029900000000452565	trials	port_entry
7713.932433333333	0.07999999999992724	trials	port_entry
7715.952433333333	0.5400000000008731	trials	port_entry
7735.1625	0.07999999999992724	trials	port_entry
7735.4825	0.0500000000001819	trials	port_entry
7748.892533333334	4.210033333332831	trials	port_entry
7753.952533333333	0.05003333333388582	trials	port_entry
7754.302566666666	0.1000000000003638	trials	port_entry
7754.6025666666665	0.6599999999998545	trials	port_entry
7756.182566666666	0.21000000000003638	trials	port_entry
7756.412566666667	0.25	trials	port_entry
7756.682566666666	0.020000000000436557	trials	port_entry
7757.722566666666	0.020000000000436557	trials	port_entry
7762.8326	0.1899666666668054	trials	port_entry
7763.0826	3.110000000000582	trials	port_entry
7780.592633333334	0.21999999999934516	trials	port_entry
7783.142666666667	0.10993333333317423	trials	port_entry
7783.332666666666	1.5200000000004366	trials	port_entry
7784.992633333333	3.0500333333329763	trials	port_entry
7789.862666666667	3.8000333333329763	trials	port_entry
7802.022733333333	20.001033333332998	trials	shock_stimulus_presentation
7821.8228	0.299966666666478	trials	shock_relay
7839.262833333333	1.699999999999818	trials	port_entry
7848.8728	0.0399666666662597	trials	port_entry
7849.3928	0.1399666666666235	trials	port_entry
7852.922866666667	0.03999999999996362	trials	port_entry
7853.072866666666	0.13000000000010914	trials	port_entry
7869.102933333334	0.0899666666664416	trials	port_entry
7877.212933333333	0.09003333333384944	trials	port_entry
7887.022933333334	10.630066666666607	trials	reward_stimulus_presentation
7888.023033333333	0.7998999999999796	trials	reward_delivery
7897.253033333333	0.17000000000007276	trials	port_entry
7897.463	0.03999999999996362	trials	port_entry
7897.533	0.07999999999992724	trials	port_entry
7897.633	1.800000000000182	trials	port_entry
7899.553	0.4400000000005093	trials	port_entry
7902.922966666667	0.15006666666613455	trials	port_entry
7903.123033333333	1.599933333332956	trials	port_entry
7905.333033333333	0.06999999999970896	trials	port_entry
7905.4230333333335	0.26999999999952706	trials	port_entry
7906.393033333334	0.1999999999998181	trials	port_entry
7943.803166666667	0.3599999999996726	trials	port_entry
7944.183166666667	0.6400333333331218	trials	port_entry
7944.943166666667	0.13000000000010914	trials	port_entry
7945.093166666667	0.27999999999974534	trials	port_entry
7945.443166666667	0.32999999999992724	trials	port_entry
7945.873166666666	0.23003333333417686	trials	port_entry
7946.233133333333	0.7300333333332674	trials	port_entry
7947.0631	0.1800666666667894	trials	port_entry
7947.6331666666665	0.029933333333246992	trials	port_entry
7947.8831666666665	0.13000000000010914	trials	port_entry
7949.5832	0.06996666666691453	trials	port_entry
7949.763166666667	0.020033333333230985	trials	port_entry
7955.9032	0.0500000000001819	trials	port_entry
7956.1032000000005	2.1299999999991996	trials	port_entry
7958.4132	0.06000000000040018	trials	port_entry
7958.563166666667	1.020066666666935	trials	port_entry
7966.043233333334	0.15999999999985448	trials	port_entry
7966.333233333334	0.019999999999527063	trials	port_entry
7966.503266666667	0.059900000000197906	trials	port_entry
7966.623233333334	0.42999999999938154	trials	port_entry
7971.8732666666665	0.11000000000058208	trials	port_entry
7972.063266666667	0.09996666666665988	trials	port_entry
7973.063266666667	0.23999999999978172	trials	port_entry
7973.3232	1.2600666666667166	trials	port_entry
7974.603233333333	0.6200333333335948	trials	port_entry
7977.0233	20.001666666667006	trials	shock_stimulus_presentation
7996.823333333334	0.3000333333329763	trials	shock_relay
8019.143366666667	0.20006666666631645	trials	port_entry
8020.143433333334	0.019999999999527063	trials	port_entry
8031.143466666666	0.15999999999985448	trials	port_entry
8031.613466666667	2.199999999999818	trials	port_entry
8036.173466666667	0.8899999999994179	trials	port_entry
8037.703466666667	0.15999999999985448	trials	port_entry
8043.2835000000005	0.9499999999998181	trials	port_entry
8046.013533333334	0.02996666666604142	trials	port_entry
8047.7935	1.2900333333336675	trials	port_entry
8069.663566666667	0.12003333333268529	trials	port_entry
8072.0236	13.770033333333231	trials	reward_stimulus_presentation
8073.0236	0.7998999999999796	trials	reward_delivery
8085.393633333333	3.3400000000001455	trials	port_entry
8089.313633333333	0.21000000000003638	trials	port_entry
8089.643633333333	0.04996666666647798	trials	port_entry
8089.7236	0.06006666666598903	trials	port_entry
8125.9937666666665	0.02999999999974534	trials	port_entry
8126.063766666667	0.15999999999985448	trials	port_entry
8126.263766666667	0.17999999999938154	trials	port_entry
8129.763766666667	0.06999999999970896	trials	port_entry
8129.973766666667	0.32999999999992724	trials	port_entry
8130.503766666667	0.07999999999992724	trials	port_entry
8140.6438	0.1000000000003638	trials	port_entry
8162.023866666666	20.000066666667408	trials	neutral_stimulus_presentation
8186.023966666668	0.08999999999832653	trials	port_entry
8186.153899999999	0.16006666666726233	trials	port_entry
8186.473900000001	0.11006666666617093	trials	port_entry
8205.834	0.029933333333246992	trials	port_entry
8223.014066666667	0.08990000000085274	trials	port_entry
8242.024166666666	2.110000000000582	trials	reward_stimulus_presentation
8243.024133333334	0.7999999999992724	trials	reward_delivery
8243.734133333333	0.5599999999994907	trials	port_entry
8244.594133333334	6.580033333333631	trials	port_entry
8276.084233333333	0.1000000000003638	trials	port_entry
8276.304233333334	0.029999999998835847	trials	port_entry
8285.894266666666	0.22999999999956344	trials	port_entry
8286.3842	0.03006666666624369	trials	port_entry
8286.454233333334	0.08003333333363116	trials	port_entry
8286.614266666667	0.8099999999994907	trials	port_entry
8299.714333333333	0.22999999999956344	trials	port_entry
8309.044333333333	6.810033333333195	trials	port_entry
8317.864366666667	0.25	trials	port_entry
8318.144366666667	2.0	trials	port_entry
8332.0244	0.5500333333329763	trials	reward_stimulus_presentation
8332.174433333334	0.14996666666593228	trials	port_entry
8333.024366666667	0.7999666666673875	trials	reward_delivery
8337.844433333334	5.90003333333334	trials	port_entry
8344.184466666668	4.809999999999491	trials	port_entry
8349.074466666667	0.9400000000005093	trials	port_entry
8355.6045	0.12000000000080036	trials	port_entry
8355.9145	0.09000000000014552	trials	port_entry
8356.1145	0.2000000000007276	trials	port_entry
8356.384433333333	0.0200666666678444	trials	port_entry
8356.4445	0.020000000000436557	trials	port_entry
8356.504500000001	0.6099999999987631	trials	port_entry
8357.134433333333	0.03006666666806268	trials	port_entry
8367.224533333334	0.15999999999985448	trials	port_entry
8367.474533333334	0.9899999999997817	trials	port_entry
8374.274566666667	0.22999999999956344	trials	port_entry
8389.774566666667	0.07999999999992724	trials	port_entry
8395.1646	0.1000000000003638	trials	port_entry
8395.4946	0.5100000000002183	trials	port_entry
8396.0446	0.6900000000005093	trials	port_entry
8403.634666666667	0.11999999999898137	trials	port_entry
8403.944633333333	0.8100333333331946	trials	port_entry
8404.834633333334	3.6700333333319577	trials	port_entry
8419.7847	0.17000000000007276	trials	port_entry
8431.384733333334	0.20993333333171904	trials	port_entry
8431.824733333333	0.2600000000002183	trials	port_entry
8432.024733333334	20.00006666666559	trials	neutral_stimulus_presentation
8433.184733333333	1.75	trials	port_entry
8435.164733333333	0.07999999999992724	trials	port_entry
8435.264733333333	0.27000000000043656	trials	port_entry
8435.564733333333	0.9000000000014552	trials	port_entry
8436.584733333333	0.05999999999949068	trials	port_entry
8436.714766666666	0.040000000000873115	trials	port_entry
8439.054733333332	0.25	trials	port_entry
8439.414733333333	0.5000333333337039	trials	port_entry
8440.874766666666	0.019933333334847703	trials	port_entry
8446.1948	0.21000000000094587	trials	port_entry
8446.4547	0.020099999999729334	trials	port_entry
8451.8948	0.09993333333295595	trials	port_entry
8479.7649	0.1499999999996362	trials	port_entry
8480.5449	0.039999999999054126	trials	port_entry
8480.7749	2.219999999999345	trials	port_entry
8491.974866666667	0.029999999998835847	trials	port_entry
8492.044933333333	0.4000000000014552	trials	port_entry
8492.574933333333	0.09000000000014552	trials	port_entry
8492.684933333334	3.1299999999991996	trials	port_entry
8495.834933333334	0.019933333333028713	trials	port_entry
8499.184933333334	0.019933333333028713	trials	port_entry
8509.6549	0.16006666666726233	trials	port_entry
8514.524966666666	1.250033333333704	trials	port_entry
8515.894933333333	0.05999999999949068	trials	port_entry
8516.145	0.020000000000436557	trials	port_entry
8517.505	0.18993333333492046	trials	port_entry
8518.495033333333	0.2900000000008731	trials	port_entry
8518.925033333333	0.7600000000002183	trials	port_entry
8520.645033333334	0.039999999999054126	trials	port_entry
8520.785033333334	0.039999999999054126	trials	port_entry
8520.865033333333	0.31999999999970896	trials	port_entry
8521.265	0.4000333333333401	trials	port_entry
8521.965033333334	0.09993333333295595	trials	port_entry
8522.025033333333	0.3400000000001455	trials	reward_stimulus_presentation
8522.185033333333	0.5100000000002183	trials	port_entry
8523.025033333333	0.7999999999992724	trials	reward_delivery
8523.935033333333	0.030000000000654836	trials	port_entry
8524.294966666666	12.800100000000384	trials	port_entry
8558.815133333334	0.1000000000003638	trials	port_entry
8566.9551	0.17000000000007276	trials	port_entry
8576.4952	0.19993333333331975	trials	port_entry
8576.775133333333	3.8399666666682606	trials	port_entry
8584.235233333333	0.09000000000014552	trials	port_entry
8589.025266666667	0.049999999999272404	trials	port_entry
8589.175266666667	0.21999999999934516	trials	port_entry
8589.985266666667	1.930000000000291	trials	port_entry
8591.955266666666	0.9600000000009459	trials	port_entry
8593.245266666667	0.2899999999990541	trials	port_entry
8593.755266666667	0.43000000000029104	trials	port_entry
8603.115266666666	0.18003333333399496	trials	port_entry
8603.315266666667	0.7700333333341405	trials	port_entry
8608.775333333333	0.15999999999985448	trials	port_entry
8608.985333333334	0.5199999999986176	trials	port_entry
8612.025366666667	20.000899999999092	trials	shock_stimulus_presentation
8631.8254	0.3000000000010914	trials	shock_relay
8679.695533333334	0.13003333333290357	trials	port_entry
8679.885533333334	0.08003333333181217	trials	port_entry
8681.025566666667	1.0	trials	port_entry
8682.715566666666	0.020000000000436557	trials	port_entry
8702.025633333333	11.40003333333334	trials	reward_stimulus_presentation
8703.025633333333	0.8000000000010914	trials	reward_delivery
8713.025666666666	0.27000000000043656	trials	port_entry
8713.385666666667	0.2600000000002183	trials	port_entry
8713.815633333334	0.12003333333268529	trials	port_entry
8714.015666666666	2.149999999999636	trials	port_entry
8716.195666666667	0.5200000000004366	trials	port_entry
8783.825866666666	0.040000000000873115	trials	port_entry
8784.215866666667	0.29003333333275805	trials	port_entry
8784.555866666667	0.2700333333323215	trials	port_entry
8787.0259	5.4099999999998545	trials	reward_stimulus_presentation
8788.0259	0.7999999999992724	trials	reward_delivery
8792.035933333333	0.2098999999998341	trials	port_entry
8792.2759	0.1600333333335584	trials	port_entry
8792.4659	1.680000000000291	trials	port_entry
8794.165933333334	0.6000000000003638	trials	port_entry
8810.005966666668	0.1499999999996362	trials	port_entry
8830.576033333333	5.25	trials	port_entry
8836.986033333333	1.4900333333334856	trials	port_entry
8877.0262	20.00073333333239	trials	shock_stimulus_presentation
8896.826233333333	0.29993333333368355	trials	shock_relay
8947.3764	0.1000000000003638	trials	port_entry
8947.6664	2.4400000000005093	trials	port_entry
8954.9064	0.060033333333194605	trials	port_entry
8955.086433333334	0.029966666666950914	trials	port_entry
8955.1364	0.1000000000003638	trials	port_entry
8959.026433333333	0.14003333333494083	trials	port_entry
8960.146433333333	0.20999999999912689	trials	port_entry
8960.476433333333	3.819999999999709	trials	port_entry
8969.336466666668	0.11003333333246701	trials	port_entry
8972.0265	1.099933333332956	trials	reward_stimulus_presentation
8972.726466666667	0.19000000000050932	trials	port_entry
8973.0264	0.7999666666655685	trials	reward_delivery
8973.066466666667	0.24003333333348564	trials	port_entry
8973.426433333334	10.610066666666171	trials	port_entry
8984.606533333334	0.6599666666661506	trials	port_entry
8985.2965	0.049999999999272404	trials	port_entry
8985.366533333334	0.3999999999996362	trials	port_entry
8985.8565	0.2900000000008731	trials	port_entry
8986.186533333334	2.780000000000655	trials	port_entry
8994.226533333333	0.12000000000080036	trials	port_entry
9022.036633333333	0.1000000000003638	trials	port_entry
9024.806666666667	0.09996666666665988	trials	port_entry
9062.026766666666	20.001566666667713	trials	shock_stimulus_presentation
9081.826866666666	0.3000000000010914	trials	shock_relay
9083.696833333333	0.9699999999993452	trials	port_entry
9088.976866666666	1.6500000000014552	trials	port_entry
9090.736866666666	0.3500000000003638	trials	port_entry
9091.216866666668	0.1999999999989086	trials	port_entry
9091.636833333334	0.22999999999956344	trials	port_entry
9104.5469	0.13000000000101863	trials	port_entry
9104.926933333334	0.139966666665714	trials	port_entry
9105.3869	0.6100000000005821	trials	port_entry
9123.8369	0.16009999999914726	trials	port_entry
9124.1969	0.220066666666753	trials	port_entry
9127.186966666666	0.4600333333346498	trials	port_entry
9127.696933333333	0.2700666666678444	trials	port_entry
9129.277	4.229999999999563	trials	port_entry
9142.027066666667	1.679999999998472	trials	reward_stimulus_presentation
9143.027033333334	0.8000333333329763	trials	reward_delivery
9143.307033333333	0.3100000000013097	trials	port_entry
9143.657	0.13003333333472256	trials	port_entry
9143.827066666667	10.079900000000634	trials	port_entry
9168.097033333333	0.11006666666617093	trials	port_entry
9170.127133333333	0.09000000000014552	trials	port_entry
9170.387133333334	0.11000000000058208	trials	port_entry
9173.247133333334	0.12999999999919964	trials	port_entry
9173.457133333333	0.48993333333419287	trials	port_entry
9174.017133333333	0.020000000000436557	trials	port_entry
9174.557133333334	0.0899666666664416	trials	port_entry
9186.9372	0.11999999999898137	trials	port_entry
9201.117233333332	0.1000000000003638	trials	port_entry
9203.357266666666	0.040000000000873115	trials	port_entry
9203.547233333333	0.06000000000130967	trials	port_entry
9204.807266666667	0.05999999999949068	trials	port_entry
9205.187266666666	0.029966666666950914	trials	port_entry
9214.577266666667	0.22003333333304909	trials	port_entry
9214.957266666666	0.23999999999978172	trials	port_entry
9231.267333333333	0.17000000000007276	trials	port_entry
9231.887333333334	0.05999999999949068	trials	port_entry
9231.967333333334	1.1700000000000728	trials	port_entry
9232.027333333333	20.000066666667408	trials	neutral_stimulus_presentation
9233.777333333333	0.21999999999934516	trials	port_entry
9234.157333333333	1.320000000001528	trials	port_entry
9235.527333333333	5.730033333333267	trials	port_entry
9243.157366666666	0.28000000000065484	trials	port_entry
9245.777366666667	2.860033333332467	trials	port_entry
9252.8474	2.959999999999127	trials	port_entry
9255.9074	0.020000000000436557	trials	port_entry
9261.317433333334	1.3299999999999272	trials	port_entry
9262.937433333333	0.570000000001528	trials	port_entry
9274.447466666667	0.1000000000003638	trials	port_entry
9274.617466666667	0.13999999999941792	trials	port_entry
9274.827466666668	0.08999999999832653	trials	port_entry
9294.777533333334	0.1499999999996362	trials	port_entry
9307.897566666667	0.4099999999998545	trials	port_entry
9308.397566666667	0.9000333333333401	trials	port_entry
9312.6276	0.06999999999970896	trials	port_entry
9312.8176	0.4099999999998545	trials	port_entry
9332.027666666667	3.8699999999989814	trials	reward_stimulus_presentation
9333.027666666667	0.7999999999992724	trials	reward_delivery
9335.497666666666	0.1499999999996362	trials	port_entry
9335.707666666667	0.07999999999992724	trials	port_entry
9335.817666666666	0.07000000000152795	trials	port_entry
9335.907666666666	0.07000000000152795	trials	port_entry
9335.997666666666	3.4800000000013824	trials	port_entry
9350.5177	0.13003333333290357	trials	port_entry
9355.607733333334	0.07999999999992724	trials	port_entry
9381.5578	0.18003333333217597	trials	port_entry
9381.8078	0.14003333333312185	trials	port_entry
9382.427833333333	0.32999999999992724	trials	port_entry
9388.157833333333	0.31999999999970896	trials	port_entry
9398.0278	0.04996666666738747	trials	port_entry
9398.2878	0.13003333333290357	trials	port_entry
9398.6278	0.08003333333363116	trials	port_entry
9398.907833333333	0.1000000000003638	trials	port_entry
9399.037766666666	0.7700666666678444	trials	port_entry
9399.837833333333	0.11000000000058208	trials	port_entry
9400.1578	0.03003333333253977	trials	port_entry
9402.0278	0.03006666666624369	trials	port_entry
9402.0878	0.03003333333435876	trials	port_entry
9402.387866666666	0.27000000000043656	trials	port_entry
9402.717866666666	0.6499333333340473	trials	port_entry
9409.377833333334	0.09996666666665988	trials	port_entry
9411.407866666666	0.019966666666732635	trials	port_entry
9411.447866666667	0.029966666665131925	trials	port_entry
9421.107933333333	0.3500000000003638	trials	port_entry
9422.027866666667	1.1500333333333401	trials	reward_stimulus_presentation
9422.777833333334	0.18003333333399496	trials	port_entry
9423.027866666667	0.7999999999992724	trials	reward_delivery
9423.0679	0.03003333333253977	trials	port_entry
9428.357866666667	2.359999999998763	trials	port_entry
9434.687933333333	0.15999999999985448	trials	port_entry
9435.157966666668	0.019999999998617568	trials	port_entry
9438.217966666667	0.019966666666732635	trials	port_entry
9438.727966666667	0.019966666666732635	trials	port_entry
9481.818066666667	0.0700666666671168	trials	port_entry
9482.278133333333	0.020000000000436557	trials	port_entry
9482.398133333334	0.019966666666732635	trials	port_entry
9482.558133333334	0.5499333333336835	trials	port_entry
9489.918133333333	0.1300666666666075	trials	port_entry
9493.538166666667	0.05999999999949068	trials	port_entry
9512.028233333333	1.4200000000000728	trials	reward_stimulus_presentation
9513.0282	0.7999999999992724	trials	reward_delivery
9513.0482	0.029966666666950914	trials	port_entry
9513.248166666666	0.08006666666733508	trials	port_entry
9537.378333333334	0.17000000000007276	trials	port_entry
9538.038333333334	2.930000000000291	trials	port_entry
9551.558333333332	0.14003333333494083	trials	port_entry
9551.768333333333	0.8500333333340677	trials	port_entry
9552.658333333333	0.1000000000003638	trials	port_entry
9552.838333333333	0.12000000000080036	trials	port_entry
9564.8984	0.1499999999996362	trials	port_entry
9565.068366666666	0.020000000000436557	trials	port_entry
9565.1084	0.19003333333421324	trials	port_entry
9565.4684	0.3500333333340677	trials	port_entry
9573.398433333334	0.09000000000014552	trials	port_entry
9578.088466666666	0.31999999999970896	trials	port_entry
9589.688466666666	0.15999999999985448	trials	port_entry
9589.908466666666	2.360000000000582	trials	port_entry
9602.028533333334	0.42999999999847205	trials	reward_stimulus_presentation
9602.058533333333	12.880033333332904	trials	port_entry
9603.028533333334	0.7999999999992724	trials	reward_delivery
9614.958566666666	0.1000000000003638	trials	port_entry
9617.408566666667	0.15999999999985448	trials	port_entry
9617.628566666666	1.4700000000011642	trials	port_entry
9639.388633333334	0.049999999999272404	trials	port_entry
9665.8787	0.060033333333194605	trials	port_entry
9687.0288	20.0017666666663	trials	shock_stimulus_presentation
9696.388833333333	1.4900000000016007	trials	port_entry
9706.828866666667	0.2999999999992724	trials	shock_relay
9719.1589	1.5800333333336312	trials	port_entry
9721.9489	1.040033333334577	trials	port_entry
9744.069	4.0900000000001455	trials	port_entry
9751.439033333334	0.1499999999996362	trials	port_entry
9751.709033333333	0.11996666666709643	trials	port_entry
9756.309033333333	0.1400000000012369	trials	port_entry
9756.619033333332	0.3000000000010914	trials	port_entry
9757.169033333334	1.1700000000000728	trials	port_entry
9760.699033333334	5.990033333331667	trials	port_entry
9777.029033333334	6.610099999999875	trials	reward_stimulus_presentation
9778.029	0.8001000000003842	trials	reward_delivery
9783.239133333333	0.21000000000094587	trials	port_entry
9783.599133333333	0.12000000000080036	trials	port_entry
9783.739133333333	0.16000000000167347	trials	port_entry
9783.919133333333	0.09000000000014552	trials	port_entry
9784.029133333333	5.279933333333247	trials	port_entry
9789.539133333334	4.790033333332758	trials	port_entry
9795.489166666666	0.9200000000000728	trials	port_entry
9826.259266666666	0.15999999999985448	trials	port_entry
9826.479266666667	1.2699999999986176	trials	port_entry
9849.489333333333	0.8099333333339018	trials	port_entry
9856.129333333334	2.9500333333326125	trials	port_entry
9860.379366666666	0.2900000000008731	trials	port_entry
9866.9194	0.2999999999992724	trials	port_entry
9872.029433333333	20.000066666667408	trials	neutral_stimulus_presentation
9876.639433333334	0.23999999999978172	trials	port_entry
9876.929433333333	2.3800000000010186	trials	port_entry
9881.319433333334	0.1899666666668054	trials	port_entry
9916.569566666667	0.15999999999985448	trials	port_entry
9916.789566666666	0.8000000000010914	trials	port_entry
9917.789566666666	0.22000000000116415	trials	port_entry
9918.029566666666	0.030000000000654836	trials	port_entry
9918.8696	0.03996666666716919	trials	port_entry
9918.929566666666	0.17000000000007276	trials	port_entry
9919.129566666667	0.19000000000050932	trials	port_entry
9919.389566666667	0.19000000000050932	trials	port_entry
9924.469566666667	0.1499999999996362	trials	port_entry
9927.9096	0.4399999999986903	trials	port_entry
9934.609633333333	0.21999999999934516	trials	port_entry
9945.939666666667	0.18000000000029104	trials	port_entry
9962.029733333333	20.001733333334414	trials	shock_stimulus_presentation
9981.829766666666	0.3000000000010914	trials	shock_relay
10006.769833333334	0.13003333333290357	trials	port_entry
10029.789933333333	0.09000000000014552	trials	port_entry
10042.03	20.000033333331885	trials	reward_stimulus_presentation
10043.029966666667	0.7999999999992724	trials	reward_delivery
10074.760033333334	0.13999999999941792	trials	port_entry
10074.920033333334	0.07003333333341288	trials	port_entry
10075.010033333334	4.18006666666588	trials	port_entry
10088.6501	0.9499999999989086	trials	port_entry
10096.990166666666	0.019933333333028713	trials	port_entry
10097.640133333334	0.019966666664913646	trials	port_entry
10132.030266666667	18.12006666666639	trials	reward_stimulus_presentation
10133.030266666667	0.7999999999992724	trials	reward_delivery
10149.750333333333	3.109966666666878	trials	port_entry
10155.920333333333	0.05999999999949068	trials	port_entry
10156.330333333333	0.030000000000654836	trials	port_entry
10156.460333333333	0.020000000000436557	trials	port_entry
10163.610333333334	0.1499999999996362	trials	port_entry
10173.230433333334	0.15996666666615056	trials	port_entry
10173.4904	1.9200000000000728	trials	port_entry
10200.6205	5.349999999998545	trials	port_entry
10207.3005	5.630000000001019	trials	port_entry
10213.4105	0.07999999999992724	trials	port_entry
10216.510533333334	0.8799999999991996	trials	port_entry
10219.630533333333	0.1400000000012369	trials	port_entry
10219.850533333334	1.0	trials	port_entry
10220.960533333333	0.21000000000094587	trials	port_entry
10221.480566666667	1.569966666666005	trials	port_entry
10231.100566666666	0.1400000000012369	trials	port_entry
10232.0306	2.149999999999636	trials	reward_stimulus_presentation
10233.0306	0.7999999999992724	trials	reward_delivery
10233.780566666666	0.2700333333341405	trials	port_entry
10234.1806	7.670033333333777	trials	port_entry
10242.060633333333	5.210000000000946	trials	port_entry
10281.100733333333	0.29003333333457704	trials	port_entry
10281.480733333334	2.1199999999989814	trials	port_entry
10288.950766666667	0.27000000000043656	trials	port_entry
10289.420766666666	0.030000000000654836	trials	port_entry
10294.6708	0.040000000000873115	trials	port_entry
10294.730766666667	0.23003333333326736	trials	port_entry
10295.0408	0.05999999999949068	trials	port_entry
10311.510833333334	0.08003333333363116	trials	port_entry
10315.520866666666	0.13000000000101863	trials	port_entry
10315.810866666667	0.6599999999998545	trials	port_entry
10316.820866666667	0.020000000000436557	trials	port_entry
10316.970866666667	0.020000000000436557	trials	port_entry
10317.070866666667	0.020000000000436557	trials	port_entry
10317.530866666666	0.07993333333433839	trials	port_entry
10319.620866666666	0.020000000000436557	trials	port_entry
10319.690866666666	0.019966666666732635	trials	port_entry
10322.0309	20.001000000000204	trials	shock_stimulus_presentation
10341.830933333333	0.3000333333347953	trials	shock_relay
10366.401033333334	0.09000000000014552	trials	port_entry
10366.611033333333	2.5899000000008527	trials	port_entry
10378.191066666666	0.07999999999992724	trials	port_entry
10378.391066666667	0.1999999999989086	trials	port_entry
10379.191066666666	3.540000000000873	trials	port_entry
10384.6811	0.13999999999941792	trials	port_entry
10384.951066666667	0.38003333333290357	trials	port_entry
10396.951133333334	0.18000000000029104	trials	port_entry
10397.201133333334	0.2600000000002183	trials	port_entry
10397.481133333333	0.5799999999999272	trials	port_entry
10398.551133333332	1.320000000001528	trials	port_entry
10400.011133333333	0.25	trials	port_entry
10400.531133333334	0.20999999999912689	trials	port_entry
10400.781133333334	0.32999999999992724	trials	port_entry
10407.601166666667	0.13999999999941792	trials	port_entry
10409.151166666667	4.149999999999636	trials	port_entry
10412.0312	1.81993333333412	trials	reward_stimulus_presentation
10413.031166666668	0.7999999999992724	trials	reward_delivery
10413.4512	0.16996666666636884	trials	port_entry
10414.1012	0.2600000000002183	trials	port_entry
10414.391166666666	8.740033333333486	trials	port_entry
10423.151233333334	0.959966666665423	trials	port_entry
10433.991233333334	0.31999999999970896	trials	port_entry
10436.281233333333	0.02003333333414048	trials	port_entry
10441.861266666667	0.039999999999054126	trials	port_entry
10442.021266666667	0.37000000000080036	trials	port_entry
10442.541266666667	0.020000000000436557	trials	port_entry
10443.251266666666	0.030000000000654836	trials	port_entry
10443.401266666666	0.13000000000101863	trials	port_entry
10443.791266666667	0.09000000000014552	trials	port_entry
10444.0113	0.03996666666716919	trials	port_entry
10445.8513	0.029966666666950914	trials	port_entry
10457.521333333334	0.019966666666732635	trials	port_entry
10457.951333333333	0.11000000000058208	trials	port_entry
10458.431333333334	0.5299999999988358	trials	port_entry
10458.981333333333	0.05993333333390183	trials	port_entry
10463.921333333334	0.05999999999949068	trials	port_entry
10464.331333333334	0.09000000000014552	trials	port_entry
10464.601333333334	0.2600000000002183	trials	port_entry
10467.141366666667	0.049999999999272404	trials	port_entry
10467.391366666667	0.019966666666732635	trials	port_entry
10470.141366666667	0.15999999999985448	trials	port_entry
10470.581366666667	0.019999999998617568	trials	port_entry
10470.801366666667	0.019966666666732635	trials	port_entry
10471.061366666667	0.31999999999970896	trials	port_entry
10473.441366666666	0.12003333333450428	trials	port_entry
10494.881433333334	0.15999999999985448	trials	port_entry
10502.0314	20.000099999999293	trials	neutral_stimulus_presentation
10508.2415	0.1000000000003638	trials	port_entry
10523.291533333333	0.5	trials	port_entry
10524.021533333333	0.2000000000007276	trials	port_entry
10524.361533333333	0.5100000000002183	trials	port_entry
10525.291533333333	0.050000000001091394	trials	port_entry
10547.641633333333	0.10996666666687815	trials	port_entry
10547.7716	0.8500000000003638	trials	port_entry
10581.361733333333	0.1599000000005617	trials	port_entry
10581.611733333333	0.38000000000101863	trials	port_entry
10582.0217	0.48003333333326736	trials	port_entry
10587.031666666666	5.820100000000821	trials	reward_stimulus_presentation
10588.031733333333	0.7999999999992724	trials	reward_delivery
10592.451766666667	0.13999999999941792	trials	port_entry
10592.651766666666	0.17000000000007276	trials	port_entry
10592.841766666666	0.06999999999970896	trials	port_entry
10592.941766666667	0.06999999999970896	trials	port_entry
10593.031666666666	0.19010000000162108	trials	port_entry
10593.251766666666	0.8600000000005821	trials	port_entry
10594.1317	1.040066666666462	trials	port_entry
10625.451866666666	0.279933333333247	trials	port_entry
10625.751866666667	2.1299999999991996	trials	port_entry
10630.411866666667	0.060033333333194605	trials	port_entry
10640.6719	0.19000000000050932	trials	port_entry
10642.6719	4.680033333333995	trials	port_entry
10648.011866666666	0.220066666666753	trials	port_entry
10648.3619	0.17003333333377668	trials	port_entry
10677.032033333333	20.000066666667408	trials	neutral_stimulus_presentation
10706.5421	3.7600000000002183	trials	port_entry
10711.562066666667	2.6700666666656616	trials	port_entry
10714.592133333334	0.05996666666578676	trials	port_entry
10714.7621	0.7100333333328308	trials	port_entry
10715.652133333333	1.0500000000010914	trials	port_entry
10724.212166666666	0.14993333333404735	trials	port_entry
10724.4422	0.389966666667533	trials	port_entry
10724.902166666667	0.049999999999272404	trials	port_entry
10724.982166666667	0.03993333333346527	trials	port_entry
10728.3422	0.11000000000058208	trials	port_entry
10730.2721	0.1301000000003114	trials	port_entry
10736.572166666667	0.18000000000029104	trials	port_entry
10736.822166666667	0.4099999999998545	trials	port_entry
10744.7622	0.7100000000009459	trials	port_entry
10747.902233333334	2.109966666665059	trials	port_entry
10750.042233333334	0.4000333333333401	trials	port_entry
10750.4622	4.500033333333704	trials	port_entry
10759.702266666667	1.8799999999991996	trials	port_entry
10768.862433333334	0.15979999999944994	trials	port_entry
10769.132233333334	10.380100000000311	trials	port_entry
10772.0323	20.001666666665187	trials	shock_stimulus_presentation
10791.832366666667	0.2999999999992724	trials	shock_relay
10792.5424	0.7800333333325398	trials	port_entry
10807.472466666666	2.5100000000002183	trials	port_entry
10810.672466666667	1.4499999999989086	trials	port_entry
10820.1725	1.0900000000001455	trials	port_entry
10837.752566666666	0.11000000000058208	trials	port_entry
10838.572566666666	4.0900000000001455	trials	port_entry
10843.622566666667	2.8700333333326853	trials	port_entry
10846.8026	1.139999999999418	trials	port_entry
10849.6026	0.2899999999990541	trials	port_entry
10850.3226	0.7599666666665144	trials	port_entry
10851.2226	0.25996666666833335	trials	port_entry
10851.832566666666	0.12003333333450428	trials	port_entry
10862.032666666666	20.000033333333704	trials	neutral_stimulus_presentation
10863.392633333333	0.1400000000012369	trials	port_entry
10867.902666666667	0.1000000000003638	trials	port_entry
10868.042666666666	1.5	trials	port_entry
10869.622666666666	0.38000000000101863	trials	port_entry
10870.042666666666	0.28000000000065484	trials	port_entry
10871.282666666666	0.37000000000080036	trials	port_entry
10890.622733333334	0.2999999999992724	trials	port_entry
10942.032933333334	20.00119999999879	trials	shock_stimulus_presentation
10961.832933333333	0.29996666666738747	trials	shock_relay
10962.762966666667	0.46999999999934516	trials	port_entry
10982.563033333334	0.10999999999876309	trials	port_entry
10982.873033333333	0.8700000000008004	trials	port_entry
11007.8231	0.12000000000080036	trials	port_entry
11016.003133333334	0.13003333333290357	trials	port_entry
11016.233133333333	0.5400000000008731	trials	port_entry
11016.893133333333	0.12000000000080036	trials	port_entry
11017.033133333332	0.060033333335013594	trials	port_entry
11018.373166666666	0.14996666666775127	trials	port_entry
11018.563133333333	0.110033333334286	trials	port_entry
11018.703133333333	0.43003333333399496	trials	port_entry
11032.033166666666	3.680033333333995	trials	reward_stimulus_presentation
11033.0332	0.7999999999992724	trials	reward_delivery
11035.3132	0.4000333333333401	trials	port_entry
11035.7432	0.06999999999970896	trials	port_entry
11035.8332	4.730000000001382	trials	port_entry
11041.853133333334	1.1600999999991473	trials	port_entry
11050.203233333334	0.2199333333337563	trials	port_entry
11050.523166666666	0.08006666666733508	trials	port_entry
11067.8433	0.2598999999991065	trials	port_entry
11068.123233333334	4.40003333333334	trials	port_entry
11079.213333333333	0.9500000000007276	trials	port_entry
11097.0333	0.08006666666733508	trials	port_entry
11097.223266666666	0.09010000000125729	trials	port_entry
11097.3833	6.040066666666462	trials	port_entry
11104.493366666667	0.12999999999919964	trials	port_entry
11104.713366666667	6.500033333333704	trials	port_entry
11111.5434	0.13999999999941792	trials	port_entry
11111.933433333334	0.6199999999989814	trials	port_entry
11122.4335	0.22003333333486808	trials	port_entry
11813.381266666667	0.10009999999965657	trials	phototagging
11814.382066666667	0.10009999999965657	trials	phototagging
11815.382866666667	0.10006666666595265	trials	phototagging
11816.383666666667	0.10006666666595265	trials	phototagging
11817.384433333333	0.10010000000147556	trials	phototagging
11818.385233333333	0.10010000000147556	trials	phototagging
11819.386033333334	0.10006666666595265	trials	phototagging
11820.386833333334	0.10006666666595265	trials	phototagging
11821.3876	0.10009999999965657	trials	phototagging
11822.3884	0.10009999999965657	trials	phototagging
11823.3892	0.10006666666777164	trials	phototagging
11824.39	0.10006666666777164	trials	phototagging
11835.3987	0.005000000001018634	trials	phototagging
11835.4087	0.005033333332903567	trials	phototagging
11835.418733333334	0.004999999999199645	trials	phototagging
11835.428733333334	0.004999999999199645	trials	phototagging
11835.438733333332	0.005000000001018634	trials	phototagging
11835.448733333333	0.005033333334722556	trials	phototagging
11835.458766666667	0.004999999999199645	trials	phototagging
11835.468766666667	0.004999999999199645	trials	phototagging
11835.478766666667	0.004999999999199645	trials	phototagging
11835.488766666667	0.005033333332903567	trials	phototagging
11835.4988	0.005000000001018634	trials	phototagging
11835.5088	0.005000000001018634	trials	phototagging
11835.5188	0.005000000001018634	trials	phototagging
11835.5288	0.004999999999199645	trials	phototagging
11835.538833333334	0.004999999999199645	trials	phototagging
11835.548833333334	0.004999999999199645	trials	phototagging
11835.558833333333	0.005000000001018634	trials	phototagging
11835.568833333333	0.005000000001018634	trials	phototagging
11835.578833333333	0.005033333332903567	trials	phototagging
11835.588866666667	0.004999999999199645	trials	phototagging
11835.598866666667	0.004999999999199645	trials	phototagging
11835.608866666667	0.004999999999199645	trials	phototagging
11835.618866666666	0.005033333334722556	trials	phototagging
11835.6289	0.005000000001018634	trials	phototagging
11835.6389	0.004999999999199645	trials	phototagging
11835.6489	0.005033333332903567	trials	phototagging
11835.6589	0.004999999999199645	trials	phototagging
11835.6689	0.005033333332903567	trials	phototagging
11835.678933333333	0.005000000001018634	trials	phototagging
11835.688933333333	0.005000000001018634	trials	phototagging
11845.706866666667	0.010000000000218279	trials	phototagging
11845.806933333333	0.0100333333339222	trials	phototagging
11845.907033333333	0.010000000000218279	trials	phototagging
11846.0071	0.00999999999839929	trials	phototagging
11846.107166666667	0.0100333333339222	trials	phototagging
11846.207266666666	0.010000000000218279	trials	phototagging
11846.307333333334	0.010033333332103211	trials	phototagging
11846.407433333334	0.010000000000218279	trials	phototagging
11846.5075	0.010000000000218279	trials	phototagging
11846.607566666667	0.010033333332103211	trials	phototagging
11846.707633333333	0.0100333333339222	trials	phototagging
11846.807733333333	0.010000000000218279	trials	phototagging
11846.9078	0.00999999999839929	trials	phototagging
11847.0079	0.010000000000218279	trials	phototagging
11847.107966666666	0.0100333333339222	trials	phototagging
11847.208033333334	0.010033333332103211	trials	phototagging
11847.308133333334	0.010000000000218279	trials	phototagging
11847.4082	0.010000000000218279	trials	phototagging
11847.5083	0.010000000000218279	trials	phototagging
11847.608366666667	0.010000000000218279	trials	phototagging
11847.708433333333	0.0100333333339222	trials	phototagging
11847.808533333333	0.010000000000218279	trials	phototagging
11847.9086	0.010000000000218279	trials	phototagging
11848.008666666667	0.0100333333339222	trials	phototagging
11848.108766666666	0.010000000000218279	trials	phototagging
11848.208833333334	0.00999999999839929	trials	phototagging
11848.308933333334	0.010000000000218279	trials	phototagging
11848.409	0.010000000000218279	trials	phototagging
11848.509066666667	0.010033333332103211	trials	phototagging
11848.609166666667	0.010000000000218279	trials	phototagging
11858.717166666667	0.004999999999199645	trials	phototagging
11859.717966666667	0.004999999999199645	trials	phototagging
11860.718733333333	0.005000000001018634	trials	phototagging
11861.719533333333	0.005000000001018634	trials	phototagging
11862.720333333333	0.005000000001018634	trials	phototagging
11863.721133333333	0.005000000001018634	trials	phototagging
11864.721933333334	0.004999999999199645	trials	phototagging
11865.7227	0.004999999999199645	trials	phototagging
11866.7235	0.004999999999199645	trials	phototagging
11867.7243	0.005000000001018634	trials	phototagging
11868.725066666666	0.005033333334722556	trials	phototagging
11869.725866666668	0.004999999999199645	trials	phototagging
11870.726666666667	0.004999999999199645	trials	phototagging
11871.727466666667	0.004999999999199645	trials	phototagging
11872.728233333333	0.005033333332903567	trials	phototagging
11873.729033333333	0.005000000001018634	trials	phototagging
11874.729833333333	0.005000000001018634	trials	phototagging
11875.730633333333	0.005000000001018634	trials	phototagging
11876.731433333332	0.005000000001018634	trials	phototagging
11877.7322	0.004999999999199645	trials	phototagging
11878.733	0.004999999999199645	trials	phototagging
11879.7338	0.004999999999199645	trials	phototagging
11880.7346	0.005000000001018634	trials	phototagging
11881.7354	0.005000000001018634	trials	phototagging
11882.736166666667	0.004999999999199645	trials	phototagging
11883.736966666667	0.004999999999199645	trials	phototagging
11884.737766666667	0.004999999999199645	trials	phototagging
11885.738566666667	0.004999999999199645	trials	phototagging
11886.739333333333	0.005000000001018634	trials	phototagging
11887.740133333333	0.005000000001018634	trials	phototagging
11898.748833333333	0.005033333332903567	trials	phototagging
11899.749633333333	0.005000000001018634	trials	phototagging
11900.750433333333	0.005000000001018634	trials	phototagging
11901.751233333332	0.005000000001018634	trials	phototagging
11902.752033333334	0.004999999999199645	trials	phototagging
11903.7528	0.004999999999199645	trials	phototagging
11904.7536	0.004999999999199645	trials	phototagging
11905.7544	0.005000000001018634	trials	phototagging
11906.755166666666	0.005033333334722556	trials	phototagging
11907.755966666668	0.004999999999199645	trials	phototagging
11908.756766666667	0.004999999999199645	trials	phototagging
11909.757566666667	0.004999999999199645	trials	phototagging
11910.758366666667	0.004999999999199645	trials	phototagging
11911.759133333333	0.005000000001018634	trials	phototagging
11912.759933333333	0.005000000001018634	trials	phototagging
11913.760733333333	0.005000000001018634	trials	phototagging
11914.761533333334	0.004999999999199645	trials	phototagging
11915.762333333334	0.004999999999199645	trials	phototagging
11916.7631	0.004999999999199645	trials	phototagging
11917.7639	0.004999999999199645	trials	phototagging
11918.7647	0.005000000001018634	trials	phototagging
11919.765466666666	0.005033333334722556	trials	phototagging
11920.766266666667	0.005033333332903567	trials	phototagging
11921.767066666667	0.004999999999199645	trials	phototagging
11922.767866666667	0.004999999999199645	trials	phototagging
11923.768666666667	0.004999999999199645	trials	phototagging
11924.769433333333	0.005000000001018634	trials	phototagging
11925.770233333333	0.005000000001018634	trials	phototagging
11926.771033333333	0.005000000001018634	trials	phototagging
11927.771833333334	0.004999999999199645	trials	phototagging
11938.780533333333	0.010000000000218279	trials	phototagging
11938.880633333334	0.00999999999839929	trials	phototagging
11938.9807	0.010000000000218279	trials	phototagging
11939.080766666666	0.0100333333339222	trials	phototagging
11939.180866666667	0.00999999999839929	trials	phototagging
11939.280933333333	0.010000000000218279	trials	phototagging
11939.381033333333	0.010000000000218279	trials	phototagging
11939.4811	0.00999999999839929	trials	phototagging
11939.581166666667	0.0100333333339222	trials	phototagging
11939.681266666666	0.010000000000218279	trials	phototagging
11939.781333333332	0.010000000000218279	trials	phototagging
11939.8814	0.0100333333339222	trials	phototagging
11939.9815	0.010000000000218279	trials	phototagging
11940.081566666666	0.010000000000218279	trials	phototagging
11940.181633333334	0.0100333333339222	trials	phototagging
11940.281733333333	0.010000000000218279	trials	phototagging
11940.3818	0.010000000000218279	trials	phototagging
11940.4819	0.010000000000218279	trials	phototagging
11940.581966666667	0.010000000000218279	trials	phototagging
11940.682033333333	0.0100333333339222	trials	phototagging
11940.782133333334	0.00999999999839929	trials	phototagging
11940.8822	0.010000000000218279	trials	phototagging
11940.982266666666	0.0100333333339222	trials	phototagging
11941.082366666667	0.00999999999839929	trials	phototagging
11941.182433333333	0.010000000000218279	trials	phototagging
11941.282533333333	0.010000000000218279	trials	phototagging
11941.3826	0.00999999999839929	trials	phototagging
11941.482666666667	0.0100333333339222	trials	phototagging
11941.582766666666	0.010000000000218279	trials	phototagging
11941.682833333334	0.00999999999839929	trials	phototagging
11951.790833333333	0.005000000001018634	trials	phototagging
11952.791633333334	0.004999999999199645	trials	phototagging
11953.792433333334	0.004999999999199645	trials	phototagging
11954.7932	0.005033333332903567	trials	phototagging
11955.794	0.005000000001018634	trials	phototagging
11956.7948	0.005000000001018634	trials	phototagging
11957.7956	0.005000000001018634	trials	phototagging
11958.796366666667	0.005033333332903567	trials	phototagging
11959.797166666667	0.005033333332903567	trials	phototagging
11960.797966666667	0.004999999999199645	trials	phototagging
11961.798766666667	0.004999999999199645	trials	phototagging
11962.799566666667	0.004999999999199645	trials	phototagging
11963.800333333333	0.005033333334722556	trials	phototagging
11964.801133333332	0.005033333334722556	trials	phototagging
11965.801933333334	0.004999999999199645	trials	phototagging
11966.802733333334	0.004999999999199645	trials	phototagging
11967.803533333334	0.004999999999199645	trials	phototagging
11968.8043	0.005000000001018634	trials	phototagging
11969.8051	0.005000000001018634	trials	phototagging
11970.8059	0.005000000001018634	trials	phototagging
11971.8067	0.005000000001018634	trials	phototagging
11972.8075	0.0049666666654957226	trials	phototagging
11973.808266666667	0.004999999999199645	trials	phototagging
11974.809066666667	0.004999999999199645	trials	phototagging
11975.809866666666	0.005000000001018634	trials	phototagging
11976.810633333333	0.005033333334722556	trials	phototagging
11977.811433333334	0.004999999999199645	trials	phototagging
11978.812233333334	0.004999999999199645	trials	phototagging
11979.813033333334	0.004999999999199645	trials	phototagging
11980.8138	0.005033333332903567	trials	phototagging
11991.822533333334	0.004999999999199645	trials	phototagging
11991.832533333334	0.004999999999199645	trials	phototagging
11991.842566666666	0.005000000001018634	trials	phototagging
11991.852566666666	0.005000000001018634	trials	phototagging
11991.862566666667	0.004999999999199645	trials	phototagging
11991.872566666667	0.004999999999199645	trials	phototagging
11991.882566666667	0.005033333332903567	trials	phototagging
11991.8926	0.005000000001018634	trials	phototagging
11991.9026	0.005000000001018634	trials	phototagging
11991.9126	0.005000000001018634	trials	phototagging
11991.9226	0.005033333332903567	trials	phototagging
11991.932633333334	0.004999999999199645	trials	phototagging
11991.942633333334	0.004999999999199645	trials	phototagging
11991.952633333334	0.004999999999199645	trials	phototagging
11991.962633333333	0.005000000001018634	trials	phototagging
11991.972666666667	0.005000000001018634	trials	phototagging
11991.982666666667	0.004999999999199645	trials	phototagging
11991.992666666667	0.004999999999199645	trials	phototagging
11992.002666666667	0.004999999999199645	trials	phototagging
11992.0127	0.005000000001018634	trials	phototagging
11992.0227	0.005000000001018634	trials	phototagging
11992.0327	0.005000000001018634	trials	phototagging
11992.0427	0.004999999999199645	trials	phototagging
11992.052733333334	0.004999999999199645	trials	phototagging
11992.062733333334	0.004999999999199645	trials	phototagging
11992.072733333333	0.005000000001018634	trials	phototagging
11992.082733333333	0.005000000001018634	trials	phototagging
11992.092766666667	0.004999999999199645	trials	phototagging
11992.102766666667	0.004999999999199645	trials	phototagging
11992.112766666667	0.004999999999199645	trials	phototagging
12002.1307	0.010000000000218279	trials	phototagging
12002.230766666667	0.010033333332103211	trials	phototagging
12002.330866666667	0.010000000000218279	trials	phototagging
12002.430933333333	0.0100333333339222	trials	phototagging
12002.531033333333	0.010000000000218279	trials	phototagging
12002.6311	0.010000000000218279	trials	phototagging
12002.731166666666	0.0100333333339222	trials	phototagging
12002.831266666666	0.010000000000218279	trials	phototagging
12002.931333333334	0.010000000000218279	trials	phototagging
12003.0314	0.0100333333339222	trials	phototagging
12003.1315	0.010000000000218279	trials	phototagging
12003.231566666667	0.010000000000218279	trials	phototagging
12003.331633333333	0.0100333333339222	trials	phototagging
12003.431733333333	0.010000000000218279	trials	phototagging
12003.5318	0.010033333332103211	trials	phototagging
12003.6319	0.010000000000218279	trials	phototagging
12003.731966666666	0.010000000000218279	trials	phototagging
12003.832033333334	0.010033333332103211	trials	phototagging
12003.932133333334	0.010000000000218279	trials	phototagging
12004.0322	0.010000000000218279	trials	phototagging
12004.1323	0.010000000000218279	trials	phototagging
12004.232366666667	0.010000000000218279	trials	phototagging
12004.332433333333	0.0100333333339222	trials	phototagging
12004.432533333333	0.010000000000218279	trials	phototagging
12004.5326	0.010000000000218279	trials	phototagging
12004.632666666666	0.0100333333339222	trials	phototagging
12004.732766666666	0.010000000000218279	trials	phototagging
12004.832833333334	0.010000000000218279	trials	phototagging
12004.932933333333	0.010000000000218279	trials	phototagging
12005.033	0.010000000000218279	trials	phototagging
12015.141	0.10009999999965657	trials	phototagging
12016.1418	0.10006666666777164	trials	phototagging
12017.1426	0.10006666666777164	trials	phototagging
12018.143366666667	0.10009999999965657	trials	phototagging
12019.144166666667	0.10009999999965657	trials	phototagging
12020.144966666667	0.10009999999965657	trials	phototagging
12021.145766666667	0.10006666666595265	trials	phototagging
12022.146533333333	0.10010000000147556	trials	phototagging
12023.147333333334	0.10009999999965657	trials	phototagging
12024.148133333334	0.10009999999965657	trials	phototagging
12025.148933333334	0.10006666666595265	trials	phototagging
12026.1497	0.10009999999965657	trials	phototagging
12037.158433333334	0.004999999999199645	trials	phototagging
12037.168433333334	0.005033333332903567	trials	phototagging
12037.178466666666	0.005000000001018634	trials	phototagging
12037.188466666666	0.005000000001018634	trials	phototagging
12037.198466666667	0.004999999999199645	trials	phototagging
12037.208466666667	0.004999999999199645	trials	phototagging
12037.2185	0.004999999999199645	trials	phototagging
12037.2285	0.005000000001018634	trials	phototagging
12037.2385	0.005033333334722556	trials	phototagging
12037.2485	0.005000000001018634	trials	phototagging
12037.2585	0.005033333332903567	trials	phototagging
12037.268533333334	0.004999999999199645	trials	phototagging
12037.278533333334	0.004999999999199645	trials	phototagging
12037.288533333332	0.005000000001018634	trials	phototagging
12037.298533333333	0.005033333334722556	trials	phototagging
12037.308566666667	0.004999999999199645	trials	phototagging
12037.318566666667	0.004999999999199645	trials	phototagging
12037.328566666667	0.004999999999199645	trials	phototagging
12037.338566666667	0.004999999999199645	trials	phototagging
12037.3486	0.005000000001018634	trials	phototagging
12037.3586	0.005000000001018634	trials	phototagging
12037.3686	0.005000000001018634	trials	phototagging
12037.3786	0.004999999999199645	trials	phototagging
12037.388633333334	0.004999999999199645	trials	phototagging
12037.398633333334	0.004999999999199645	trials	phototagging
12037.408633333333	0.005000000001018634	trials	phototagging
12037.418633333333	0.005000000001018634	trials	phototagging
12037.428666666667	0.004999999999199645	trials	phototagging
12037.438666666667	0.004999999999199645	trials	phototagging
12037.448666666667	0.004999999999199645	trials	phototagging
12047.4666	0.10006666666777164	trials	phototagging
12048.4674	0.10006666666777164	trials	phototagging
12049.4682	0.10006666666777164	trials	phototagging
12050.468966666667	0.10009999999965657	trials	phototagging
12051.469766666667	0.10006666666595265	trials	phototagging
12052.470566666667	0.10006666666595265	trials	phototagging
12053.471366666667	0.10006666666595265	trials	phototagging
12054.472166666666	0.10006666666777164	trials	phototagging
12055.472933333333	0.10010000000147556	trials	phototagging
12056.473733333334	0.10006666666595265	trials	phototagging
12057.474533333334	0.10006666666595265	trials	phototagging
12058.475333333334	0.10006666666595265	trials	phototagging
12069.484033333334	0.00999999999839929	trials	phototagging
12069.5841	0.0100333333339222	trials	phototagging
12069.6842	0.010000000000218279	trials	phototagging
12069.784266666667	0.00999999999839929	trials	phototagging
12069.884366666667	0.010000000000218279	trials	phototagging
12069.984433333333	0.010000000000218279	trials	phototagging
12070.0845	0.010033333332103211	trials	phototagging
12070.1846	0.010000000000218279	trials	phototagging
12070.284666666666	0.010000000000218279	trials	phototagging
12070.384733333334	0.010033333332103211	trials	phototagging
12070.484833333334	0.010000000000218279	trials	phototagging
12070.5849	0.010000000000218279	trials	phototagging
12070.685	0.010000000000218279	trials	phototagging
12070.785066666667	0.010000000000218279	trials	phototagging
12070.885133333333	0.0100333333339222	trials	phototagging
12070.985233333333	0.010000000000218279	trials	phototagging
12071.0853	0.010000000000218279	trials	phototagging
12071.1854	0.010000000000218279	trials	phototagging
12071.285466666666	0.010000000000218279	trials	phototagging
12071.385533333334	0.010033333332103211	trials	phototagging
12071.485633333334	0.010000000000218279	trials	phototagging
12071.5857	0.010000000000218279	trials	phototagging
12071.6858	0.010000000000218279	trials	phototagging
12071.785866666667	0.010000000000218279	trials	phototagging
12071.885933333333	0.0100333333339222	trials	phototagging
12071.986	0.010033333332103211	trials	phototagging
12072.0861	0.010000000000218279	trials	phototagging
12072.186166666666	0.0100333333339222	trials	phototagging
12072.286266666666	0.010000000000218279	trials	phototagging
12072.386333333334	0.010000000000218279	trials	phototagging
12082.494333333334	0.004999999999199645	trials	phototagging
12083.495133333334	0.004999999999199645	trials	phototagging
12084.495933333334	0.004999999999199645	trials	phototagging
12085.496733333333	0.004999999999199645	trials	phototagging
12086.4975	0.005000000001018634	trials	phototagging
12087.4983	0.005000000001018634	trials	phototagging
12088.4991	0.004999999999199645	trials	phototagging
12089.4999	0.004999999999199645	trials	phototagging
12090.5007	0.004999999999199645	trials	phototagging
12091.501466666667	0.004999999999199645	trials	phototagging
12092.502266666666	0.005000000001018634	trials	phototagging
12093.503066666666	0.005000000001018634	trials	phototagging
12094.503866666666	0.005000000001018634	trials	phototagging
12095.504666666666	0.005000000001018634	trials	phototagging
12096.505433333334	0.004999999999199645	trials	phototagging
12097.506233333334	0.004999999999199645	trials	phototagging
12098.507033333333	0.004999999999199645	trials	phototagging
12099.507833333333	0.005000000001018634	trials	phototagging
12100.5086	0.005033333334722556	trials	phototagging
12101.5094	0.004999999999199645	trials	phototagging
12102.5102	0.004999999999199645	trials	phototagging
12103.511	0.004999999999199645	trials	phototagging
12104.511766666667	0.005033333332903567	trials	phototagging
12105.512566666666	0.005033333332903567	trials	phototagging
12106.513366666666	0.005000000001018634	trials	phototagging
12107.514166666666	0.005000000001018634	trials	phototagging
12108.514933333334	0.005033333332903567	trials	phototagging
12109.515733333334	0.005033333332903567	trials	phototagging
12110.516533333333	0.004999999999199645	trials	phototagging
12111.517333333333	0.005000000001018634	trials	phototagging
12122.526066666667	0.004999999999199645	trials	phototagging
12123.526833333333	0.005033333332903567	trials	phototagging
12124.527633333333	0.005000000001018634	trials	phototagging
12125.528433333333	0.005000000001018634	trials	phototagging
12126.529233333333	0.005000000001018634	trials	phototagging
12127.530033333333	0.005000000001018634	trials	phototagging
12128.5308	0.005033333332903567	trials	phototagging
12129.5316	0.004999999999199645	trials	phototagging
12130.5324	0.004999999999199645	trials	phototagging
12131.5332	0.005000000001018634	trials	phototagging
12132.533966666666	0.005033333334722556	trials	phototagging
12133.534766666668	0.004999999999199645	trials	phototagging
12134.535566666667	0.004999999999199645	trials	phototagging
12135.536366666667	0.004999999999199645	trials	phototagging
12136.537166666667	0.004999999999199645	trials	phototagging
12137.537933333333	0.005033333332903567	trials	phototagging
12138.538733333333	0.005000000001018634	trials	phototagging
12139.539533333333	0.005000000001018634	trials	phototagging
12140.540333333332	0.005000000001018634	trials	phototagging
12141.5411	0.005033333332903567	trials	phototagging
12142.5419	0.005033333332903567	trials	phototagging
12143.5427	0.004999999999199645	trials	phototagging
12144.5435	0.005000000001018634	trials	phototagging
12145.5443	0.005000000001018634	trials	phototagging
12146.545066666667	0.005033333332903567	trials	phototagging
12147.545866666667	0.005033333332903567	trials	phototagging
12148.546666666667	0.004999999999199645	trials	phototagging
12149.547466666667	0.004999999999199645	trials	phototagging
12150.548266666667	0.004999999999199645	trials	phototagging
12151.549033333333	0.005033333334722556	trials	phototagging
12162.557766666667	0.010000000000218279	trials	phototagging
12162.657833333333	0.0100333333339222	trials	phototagging
12162.757933333334	0.00999999999839929	trials	phototagging
12162.858	0.0100333333339222	trials	phototagging
12162.9581	0.010000000000218279	trials	phototagging
12163.058166666666	0.010000000000218279	trials	phototagging
12163.158233333334	0.0100333333339222	trials	phototagging
12163.258333333333	0.010000000000218279	trials	phototagging
12163.3584	0.0100333333339222	trials	phototagging
12163.458466666667	0.0100333333339222	trials	phototagging
12163.558566666667	0.010000000000218279	trials	phototagging
12163.658633333333	0.010000000000218279	trials	phototagging
12163.758733333334	0.010000000000218279	trials	phototagging
12163.8588	0.010000000000218279	trials	phototagging
12163.958866666666	0.0100333333339222	trials	phototagging
12164.058966666667	0.00999999999839929	trials	phototagging
12164.159033333333	0.010000000000218279	trials	phototagging
12164.2591	0.0100333333339222	trials	phototagging
12164.3592	0.00999999999839929	trials	phototagging
12164.459266666667	0.010000000000218279	trials	phototagging
12164.559366666666	0.010000000000218279	trials	phototagging
12164.659433333334	0.00999999999839929	trials	phototagging
12164.7595	0.0100333333339222	trials	phototagging
12164.8596	0.010000000000218279	trials	phototagging
12164.959666666668	0.00999999999839929	trials	phototagging
12165.059733333333	0.0100333333339222	trials	phototagging
12165.159833333333	0.010000000000218279	trials	phototagging
12165.2599	0.010000000000218279	trials	phototagging
12165.36	0.010000000000218279	trials	phototagging
12165.460066666667	0.010000000000218279	trials	phototagging
