onset	duration	nwb_table	trial_type
35.55103333333318	0.4399999999986903	trials	port_entry
57.141033333333326	0.40003333333152113	trials	port_entry
80.83103333333202	0.38003333333472256	trials	port_entry
106.4510666666647	0.020000000000436557	trials	port_entry
137.46106666666674	1.3100333333313756	trials	port_entry
141.98109999999724	0.10000000000218279	trials	port_entry
159.79109999999855	0.049999999999272404	trials	port_entry
162.1310999999987	0.34003333333384944	trials	port_entry
162.7110999999968	0.4500000000007276	trials	port_entry
165.7010999999984	0.029999999998835847	trials	port_entry
210.42113333333327	0.28999999999723514	trials	port_entry
210.99113333333298	0.09000000000014552	trials	port_entry
211.51113333333342	0.16999999999825377	trials	port_entry
279.5111999999972	3.4099999999998545	trials	reward_stimulus_presentation
280.5111666666635	1.0	trials	reward_delivery
282.5211333333318	17.020066666667844	trials	port_entry
317.66123333333235	6.209966666665423	trials	port_entry
327.4012333333303	0.020000000000436557	trials	port_entry
327.4512333333332	0.1099999999969441	trials	port_entry
328.23123333333206	0.07996666666804231	trials	port_entry
330.2212666666637	1.4699666666674602	trials	port_entry
332.60126666666474	0.3400000000001455	trials	port_entry
369.5112333333309	6.500033333333704	trials	reward_stimulus_presentation
370.5112666666646	1.0	trials	reward_delivery
375.6112333333331	0.09999999999854481	trials	port_entry
375.73123333333206	6.0600666666650795	trials	port_entry
381.9312666666665	0.37999999999738066	trials	port_entry
398.5512999999992	0.07999999999810825	trials	port_entry
409.8612666666668	0.07003333333341288	trials	port_entry
418.06123333333016	1.2600333333357412	trials	port_entry
435.2612999999983	1.750033333333704	trials	port_entry
437.3413333333301	0.09000000000014552	trials	port_entry
438.67133333333186	0.08993333333273767	trials	port_entry
438.8313333333317	0.029999999998835847	trials	port_entry
438.96133333333273	1.4399999999986903	trials	port_entry
459.5113666666657	4.290000000000873	trials	reward_stimulus_presentation
460.511333333332	0.9999666666662961	trials	reward_delivery
463.4013666666651	6.449966666667024	trials	port_entry
495.50133333332997	0.110033333334286	trials	port_entry
495.6312999999973	0.6800666666676989	trials	port_entry
496.36136666666425	0.07993333333433839	trials	port_entry
547.4113999999972	1.4200000000018917	trials	port_entry
549.5113999999994	0.7999666666655685	trials	reward_stimulus_presentation
549.9113666666635	8.420033333335596	trials	port_entry
550.511333333332	1.0001000000011118	trials	reward_delivery
634.5114999999969	0.9699666666674602	trials	reward_stimulus_presentation
635.0814666666665	0.16999999999825377	trials	port_entry
635.3814666666658	7.560033333331376	trials	port_entry
635.5114666666668	1.000033333330066	trials	reward_delivery
643.7415000000001	0.059999999997671694	trials	port_entry
724.511599999998	20.002599999999802	trials	shock_stimulus_presentation
738.0915333333323	0.5300333333325398	trials	port_entry
744.3115666666636	0.3000000000029104	trials	shock_relay
819.5116666666654	0.7199666666674602	trials	reward_stimulus_presentation
819.8316333333314	0.09000000000014552	trials	port_entry
819.9515666666666	8.220066666664934	trials	port_entry
820.5116333333317	1.0	trials	reward_delivery
853.9216333333316	1.0700333333334129	trials	port_entry
909.5117666666665	20.0022666666664	trials	shock_stimulus_presentation
929.3117333333321	0.2999999999992724	trials	shock_relay
989.5117666666665	1.2999999999992724	trials	reward_stimulus_presentation
990.411799999998	0.26000000000203727	trials	port_entry
990.5118000000002	0.9999666666662961	trials	reward_delivery
990.8017666666638	10.260033333335741	trials	port_entry
1001.0817999999999	0.21999999999752617	trials	port_entry
1009.4917999999998	0.11003333333064802	trials	port_entry
1009.6917999999969	0.10000000000218279	trials	port_entry
1051.5818666666637	0.17996666666658712	trials	port_entry
1051.8618333333325	0.09990000000107102	trials	port_entry
1065.891866666665	0.049999999999272404	trials	port_entry
1067.5818666666637	0.6300000000010186	trials	port_entry
1068.2818666666644	0.22000000000116415	trials	port_entry
1068.6218333333309	0.31999999999970896	trials	port_entry
1070.7718333333323	1.7299999999995634	trials	port_entry
1079.511866666664	20.001933333333	trials	shock_stimulus_presentation
1099.311866666667	0.2999999999992724	trials	shock_relay
1177.5919666666668	0.9499666666633857	trials	port_entry
1179.511966666665	1.1199333333315735	trials	reward_stimulus_presentation
1180.2319666666663	9.039999999997235	trials	port_entry
1180.511966666665	1.0	trials	reward_delivery
1189.9719666666642	0.15999999999985448	trials	port_entry
1269.5120666666662	0.6299666666673147	trials	reward_stimulus_presentation
1269.7419666666647	0.19006666666609817	trials	port_entry
1269.9819666666663	8.780066666666244	trials	port_entry
1270.5120333333325	0.9999666666662961	trials	reward_delivery
1279.8020666666634	0.019966666666732635	trials	port_entry
1318.962099999997	0.1500000000014552	trials	port_entry
1319.2320999999974	0.020000000000436557	trials	port_entry
1345.5420999999988	1.000033333333704	trials	port_entry
1347.0820999999996	0.039999999997235136	trials	port_entry
1359.51213333333	1.0400000000008731	trials	reward_stimulus_presentation
1360.152133333333	9.479999999999563	trials	port_entry
1360.51213333333	1.000033333333704	trials	reward_delivery
1412.202166666666	0.11999999999898137	trials	port_entry
1412.4621333333307	0.04003333333457704	trials	port_entry
1412.7121666666644	0.569999999999709	trials	port_entry
1414.0421666666662	0.13999999999941792	trials	port_entry
1414.2521666666653	1.2200000000011642	trials	port_entry
1415.7321666666649	0.31999999999970896	trials	port_entry
1416.3021666666646	1.360000000000582	trials	port_entry
1417.7121666666644	1.0399333333334653	trials	port_entry
1420.8621333333322	0.24003333333166665	trials	port_entry
1421.1221666666643	0.2400000000016007	trials	port_entry
1421.4021666666667	0.09999999999854481	trials	port_entry
1421.5521666666646	0.39003333333312185	trials	port_entry
1427.8121999999967	0.11000000000058208	trials	port_entry
1449.5122666666648	20.002199999998993	trials	shock_stimulus_presentation
1469.3122333333304	0.3000000000029104	trials	shock_relay
1469.6522333333305	0.05000000000291038	trials	port_entry
1477.122199999998	0.03996666666716919	trials	port_entry
1477.1921999999977	0.06999999999970896	trials	port_entry
1477.9121666666651	0.18000000000029104	trials	port_entry
1478.4922666666644	0.17000000000189175	trials	port_entry
1534.5123333333322	20.002566666666098	trials	shock_stimulus_presentation
1554.3122999999978	0.2999999999992724	trials	shock_relay
1624.5123999999996	20.001833333331888	trials	shock_stimulus_presentation
1644.312399999999	0.2999666666655685	trials	shock_relay
1703.082433333333	0.3999999999978172	trials	port_entry
1706.2924333333322	0.5799999999981083	trials	port_entry
1708.7924333333322	0.020000000000436557	trials	port_entry
1719.5124666666634	20.00226666667004	trials	shock_stimulus_presentation
1739.3124666666663	0.2999999999992724	trials	shock_relay
1791.4325333333327	1.3299999999981083	trials	port_entry
1793.6525333333302	0.32000000000334694	trials	port_entry
1794.0224999999991	0.48003333333326736	trials	port_entry
1794.5325333333312	1.2600000000020373	trials	port_entry
1795.81253333333	0.06000000000130967	trials	port_entry
1796.3825333333334	0.37999999999738066	trials	port_entry
1798.5325333333312	0.11000000000058208	trials	port_entry
1798.8725333333314	0.13000000000101863	trials	port_entry
1799.0425333333333	0.13999999999941792	trials	port_entry
1799.352533333331	0.4000000000014552	trials	port_entry
1799.9025333333302	0.05000000000291038	trials	port_entry
1799.9725333333336	0.18999999999869033	trials	port_entry
1800.2225333333336	0.2599999999983993	trials	port_entry
1808.502566666666	1.0799999999981083	trials	port_entry
1809.5125666666645	1.2700000000004366	trials	reward_stimulus_presentation
1810.3825666666635	14.769966666666733	trials	port_entry
1810.5125666666645	1.0	trials	reward_delivery
1826.1425333333318	0.7900000000008731	trials	port_entry
1826.9725333333336	0.3099999999976717	trials	port_entry
1827.31253333333	1.2700333333341405	trials	port_entry
1835.8425666666662	0.15999999999985448	trials	port_entry
1836.0725666666658	4.380000000001019	trials	port_entry
1840.502566666666	25.59003333333385	trials	port_entry
1866.1325666666635	14.060033333335014	trials	port_entry
1880.7425999999978	1.6599999999998545	trials	port_entry
1882.5025999999998	0.4099999999998545	trials	port_entry
1883.0025999999998	6.020000000000437	trials	port_entry
1889.0926	0.709966666665423	trials	port_entry
1889.512633333332	1.1599999999998545	trials	reward_stimulus_presentation
1890.2725666666665	8.110066666664352	trials	port_entry
1890.512633333332	1.000033333333704	trials	reward_delivery
1898.4926333333315	0.18999999999869033	trials	port_entry
1899.482633333333	0.020000000000436557	trials	port_entry
1902.2126333333326	0.3400000000001455	trials	port_entry
1904.012633333332	0.029999999998835847	trials	port_entry
1904.2625666666645	0.0200666666678444	trials	port_entry
1904.3825999999972	0.03996666666716919	trials	port_entry
1904.492566666664	0.05006666666668025	trials	port_entry
1944.9126666666634	0.5600000000013097	trials	port_entry
1945.5126666666656	0.1899666666649864	trials	port_entry
1946.2426666666652	0.389966666665714	trials	port_entry
1953.202699999998	0.7600000000020373	trials	port_entry
1954.9926666666652	0.020000000000436557	trials	port_entry
1955.032666666666	8.119999999998981	trials	port_entry
1963.2526666666636	0.12003333333632327	trials	port_entry
1963.602633333332	0.14003333333312185	trials	port_entry
1963.882633333331	0.20010000000183936	trials	port_entry
1964.1326666666646	8.570033333333413	trials	port_entry
1972.8426999999974	2.179933333332883	trials	port_entry
1975.5626999999986	1.2099999999991269	trials	port_entry
1976.9226999999992	19.250033333333704	trials	port_entry
1979.5127666666667	20.002133333331585	trials	shock_stimulus_presentation
1999.3127333333323	0.2999999999992724	trials	shock_relay
2035.8227666666644	0.06000000000130967	trials	port_entry
2037.0927333333311	0.1299666666673147	trials	port_entry
2037.262733333333	0.020000000000436557	trials	port_entry
2038.1127333333316	0.07003333333341288	trials	port_entry
2046.6627666666645	0.17000000000189175	trials	port_entry
2046.8827666666657	0.09000000000014552	trials	port_entry
2058.4028	1.8999999999978172	trials	port_entry
2064.5427999999993	0.09000000000014552	trials	port_entry
2064.9627999999975	2.3399666666664416	trials	port_entry
2072.262799999997	0.22000000000116415	trials	port_entry
2072.522799999999	0.049999999999272404	trials	port_entry
2073.532833333331	0.9199666666681878	trials	port_entry
2079.5128333333305	1.0599666666676058	trials	reward_stimulus_presentation
2080.1727999999966	8.109966666666878	trials	port_entry
2080.512799999997	1.0	trials	reward_delivery
2094.4227999999966	0.13000000000101863	trials	port_entry
2099.322799999998	0.020000000000436557	trials	port_entry
2105.322799999998	0.029999999998835847	trials	port_entry
2169.5128333333305	20.002000000000407	trials	shock_stimulus_presentation
2184.5828999999976	0.09000000000014552	trials	port_entry
2184.692799999997	4.770100000001548	trials	port_entry
2189.312899999997	0.3000000000029104	trials	shock_relay
2259.512999999999	8.7599999999984	trials	reward_stimulus_presentation
2260.5129666666653	1.000033333333704	trials	reward_delivery
2267.8729999999996	6.809966666663968	trials	port_entry
2293.8629999999976	0.22999999999956344	trials	port_entry
2295.7029999999977	0.1500000000014552	trials	port_entry
2295.912999999997	0.42000000000189175	trials	port_entry
2296.402933333331	0.0200666666678444	trials	port_entry
2299.582966666665	0.2500333333337039	trials	port_entry
2300.0329999999994	0.139966666665714	trials	port_entry
2300.5229999999974	0.06999999999970896	trials	port_entry
2301.292999999998	0.08000000000174623	trials	port_entry
2301.402933333331	0.0200666666678444	trials	port_entry
2307.603033333333	0.020000000000436557	trials	port_entry
2310.063033333332	0.22000000000116415	trials	port_entry
2310.3830333333317	0.3199333333323011	trials	port_entry
2310.89303333333	0.3599333333368122	trials	port_entry
2311.433033333331	0.1699333333344839	trials	port_entry
2311.6230333333333	1.5599666666639678	trials	port_entry
2313.2429999999986	0.029999999998835847	trials	port_entry
2313.292999999998	0.020000000000436557	trials	port_entry
2313.3330333333324	0.0899666666664416	trials	port_entry
2318.4429666666656	0.39006666666682577	trials	port_entry
2348.4230333333326	1.1000333333322487	trials	port_entry
2349.5131	0.8799666666636767	trials	reward_stimulus_presentation
2349.993066666666	0.13999999999941792	trials	port_entry
2350.1930666666667	0.3999999999978172	trials	port_entry
2350.5130666666664	0.9999333333325922	trials	reward_delivery
2350.9430666666667	0.1099999999969441	trials	port_entry
2351.283066666667	0.06999999999970896	trials	port_entry
2351.4330666666647	6.3400000000001455	trials	port_entry
2358.8230333333304	0.04003333333457704	trials	port_entry
2360.303	0.5	trials	port_entry
2360.8229999999967	9.740066666669009	trials	port_entry
2370.8430666666645	6.659966666666151	trials	port_entry
2377.573066666664	3.819999999999709	trials	port_entry
2381.743066666666	0.059999999997671694	trials	port_entry
2381.853033333333	72.75009999999747	trials	port_entry
2434.5130666666664	20.002000000000407	trials	shock_stimulus_presentation
2454.313166666667	0.2999666666655685	trials	shock_relay
2468.013166666664	0.18996666666862438	trials	port_entry
2468.3531333333303	0.110033333334286	trials	port_entry
2473.6231666666645	0.06000000000130967	trials	port_entry
2473.8031666666648	4.450000000000728	trials	port_entry
2478.383133333333	44.6900666666661	trials	port_entry
2523.1231666666645	1.6500333333351591	trials	port_entry
2524.5132333333313	0.9699666666674602	trials	reward_stimulus_presentation
2525.0831999999973	0.020000000000436557	trials	port_entry
2525.123233333332	10.529999999998836	trials	port_entry
2525.5132333333313	1.0	trials	reward_delivery
2536.95323333333	1.1299333333336108	trials	port_entry
2538.1332	1.0600333333313756	trials	port_entry
2539.613166666666	0.9400999999998021	trials	port_entry
2547.0232333333333	0.360033333330648	trials	port_entry
2547.673266666665	0.6300000000010186	trials	port_entry
2548.803233333332	0.5200333333341405	trials	port_entry
2553.073199999999	0.3800666666647885	trials	port_entry
2553.4832333333325	0.8299999999981083	trials	port_entry
2555.5332666666654	0.07999999999810825	trials	port_entry
2555.793266666664	0.43993333333492046	trials	port_entry
2597.9032666666644	0.019966666666732635	trials	port_entry
2598.3332666666647	0.38000000000101863	trials	port_entry
2599.0232666666634	0.030000000002473826	trials	port_entry
2599.2333	0.37999999999738066	trials	port_entry
2609.103299999999	0.4599999999991269	trials	port_entry
2611.2132666666657	0.06996666666600504	trials	port_entry
2611.3432666666668	0.01999999999679858	trials	port_entry
2611.4132333333328	1.0200999999979103	trials	port_entry
2612.583333333332	0.11000000000058208	trials	port_entry
2612.7632999999987	0.08003333333181217	trials	port_entry
2614.6933333333327	0.059999999997671694	trials	port_entry
2615.4333333333307	0.030000000002473826	trials	port_entry
2617.1333333333314	0.029999999998835847	trials	port_entry
2619.5133333333324	1.1199999999989814	trials	reward_stimulus_presentation
2620.233266666666	8.200033333330794	trials	port_entry
2620.5133333333324	1.0	trials	reward_delivery
2628.4932999999983	0.049999999999272404	trials	port_entry
2628.82333333333	0.18996666666862438	trials	port_entry
2629.1833333333307	0.3100000000013097	trials	port_entry
2631.333333333332	0.1500000000014552	trials	port_entry
2631.7533333333304	0.26000000000203727	trials	port_entry
2646.5433333333312	0.25	trials	port_entry
2647.5933333333305	0.020000000000436557	trials	port_entry
2673.503366666664	0.13999999999941792	trials	port_entry
2685.6733999999997	0.059999999997671694	trials	port_entry
2685.8133333333317	0.6199999999989814	trials	port_entry
2686.7733666666645	0.04996666666556848	trials	port_entry
2690.1833666666644	0.2000000000007276	trials	port_entry
2697.223399999999	1.4799666666658595	trials	port_entry
2702.2733666666645	0.3000333333329763	trials	port_entry
2708.9533999999985	8.760033333332103	trials	port_entry
2709.5134333333335	20.001899999999296	trials	shock_stimulus_presentation
2729.3133666666654	0.2999999999992724	trials	shock_relay
2774.793466666666	0.2999666666655685	trials	port_entry
2786.3734333333305	0.5800333333354502	trials	port_entry
2789.5134666666636	1.1999666666670237	trials	reward_stimulus_presentation
2790.313433333333	7.960033333332831	trials	port_entry
2790.5134666666636	1.0	trials	reward_delivery
2801.0934666666653	0.06000000000130967	trials	port_entry
2801.713499999998	0.16996666666818783	trials	port_entry
2802.003466666665	0.1700333333319577	trials	port_entry
2815.343499999999	0.13999999999941792	trials	port_entry
2824.8234999999986	0.1500000000014552	trials	port_entry
2824.993499999997	0.2000000000007276	trials	port_entry
2825.2534333333315	0.11010000000169384	trials	port_entry
2825.483533333332	1.0399666666671692	trials	port_entry
2834.023533333333	0.12996666666367673	trials	port_entry
2834.2235	0.03003333333253977	trials	port_entry
2834.493499999997	0.10000000000218279	trials	port_entry
2835.5035333333326	0.049999999999272404	trials	port_entry
2836.1534999999967	0.020000000000436557	trials	port_entry
2836.2035333333333	0.05996666666396777	trials	port_entry
2836.4735	0.09999999999854481	trials	port_entry
2836.7634666666636	4.340066666667553	trials	port_entry
2841.3135	1.2000333333307935	trials	port_entry
2842.7435333333306	0.06999999999970896	trials	port_entry
2842.933533333333	0.23999999999796273	trials	port_entry
2843.3135333333303	0.2900000000008731	trials	port_entry
2843.9935333333306	0.37000000000261934	trials	port_entry
2844.4035333333304	1.9799999999995634	trials	port_entry
2846.613533333333	1.5199333333330287	trials	port_entry
2850.6435666666657	0.3499999999985448	trials	port_entry
2851.1835666666666	0.2999999999992724	trials	port_entry
2851.523533333333	3.2000333333307935	trials	port_entry
2854.973566666664	0.08993333333637565	trials	port_entry
2855.1235666666653	0.680000000000291	trials	port_entry
2855.853533333331	1.860000000000582	trials	port_entry
2857.7435333333306	1.9200333333355957	trials	port_entry
2860.3235333333323	0.019966666666732635	trials	port_entry
2860.3735333333316	0.5999999999985448	trials	port_entry
2861.183533333333	0.2299333333321556	trials	port_entry
2861.47353333333	0.25	trials	port_entry
2861.7934999999998	0.6400333333331218	trials	port_entry
2862.493499999997	1.7000333333344315	trials	port_entry
2864.323566666666	0.5099666666646954	trials	port_entry
2864.9435333333313	4.310033333335014	trials	port_entry
2869.323566666666	1.319999999999709	trials	port_entry
2870.773533333333	0.2599999999983993	trials	port_entry
2871.233533333332	16.330033333331812	trials	port_entry
2879.5135999999984	20.002466666664986	trials	shock_stimulus_presentation
2893.953599999997	3.4400000000023283	trials	port_entry
2899.3135999999977	0.29996666666920646	trials	shock_relay
2945.203633333331	2.1300000000010186	trials	port_entry
2948.5336333333325	0.21999999999752617	trials	port_entry
2961.713633333333	17.279999999998836	trials	port_entry
2979.1435999999994	10.380066666664788	trials	port_entry
2979.513633333332	20.001966666666704	trials	shock_stimulus_presentation
2989.833699999999	0.020000000000436557	trials	port_entry
2989.9836666666633	1.3800333333347226	trials	port_entry
2999.313666666665	0.2999999999992724	trials	shock_relay
3012.1036999999997	0.18999999999869033	trials	port_entry
3012.4637000000002	0.059999999997671694	trials	port_entry
3014.7236999999986	0.020000000000436557	trials	port_entry
3014.7636999999995	2.709999999999127	trials	port_entry
3017.9736999999986	2.2999999999992724	trials	port_entry
3020.7236999999986	58.66006666666726	trials	port_entry
3069.5137666666633	12.309966666667606	trials	reward_stimulus_presentation
3070.5137666666633	1.0	trials	reward_delivery
3081.423733333333	0.5299666666651319	trials	port_entry
3082.0237333333316	0.029966666665131925	trials	port_entry
3082.073699999997	0.0700666666671168	trials	port_entry
3095.1937666666636	0.38003333333472256	trials	port_entry
3095.7037999999993	0.03996666666716919	trials	port_entry
3095.7837666666637	0.1900000000023283	trials	port_entry
3099.5137666666633	2.930033333333995	trials	port_entry
3102.5737999999983	2.129933333333611	trials	port_entry
3106.6237999999976	0.029966666668769903	trials	port_entry
3106.7137999999977	0.2900000000008731	trials	port_entry
3108.1137333333318	0.06000000000130967	trials	port_entry
3110.223766666666	0.029999999998835847	trials	port_entry
3110.2737333333316	1.9200333333319577	trials	port_entry
3112.4038	0.6999333333333198	trials	port_entry
3113.2237333333323	0.020000000000436557	trials	port_entry
3113.373766666664	0.020000000000436557	trials	port_entry
3113.7237999999998	0.16999999999825377	trials	port_entry
3114.003733333331	0.17006666666566161	trials	port_entry
3117.103799999997	0.4500000000007276	trials	port_entry
3118.5638	0.36999999999898137	trials	port_entry
3118.9537999999993	0.13999999999941792	trials	port_entry
3119.2037999999993	0.029933333331428003	trials	port_entry
3124.1237999999976	0.06000000000130967	trials	port_entry
3124.3237999999983	1.0	trials	port_entry
3128.9137999999984	0.02003333333414048	trials	port_entry
3131.283833333331	0.10000000000218279	trials	port_entry
3134.5538333333316	0.3600000000005821	trials	port_entry
3135.203833333333	0.1099999999969441	trials	port_entry
3135.5138333333307	0.5600000000013097	trials	port_entry
3152.4338333333326	0.4699999999975262	trials	port_entry
3159.5138666666644	16.650000000001455	trials	reward_stimulus_presentation
3160.5138333333307	1.0	trials	reward_delivery
3175.7638666666644	0.13999999999941792	trials	port_entry
3176.3238666666657	4.899999999997817	trials	port_entry
3181.293866666667	0.029966666665131925	trials	port_entry
3203.6038666666645	0.2000000000007276	trials	port_entry
3203.833866666664	0.2900000000008731	trials	port_entry
3204.2238666666635	0.11000000000058208	trials	port_entry
3217.3138666666637	0.10003333333588671	trials	port_entry
3249.513933333332	20.001899999999296	trials	shock_stimulus_presentation
3269.3138999999974	0.3000333333329763	trials	shock_relay
3270.403933333331	0.15999999999985448	trials	port_entry
3270.893899999999	0.9500666666644975	trials	port_entry
3271.863966666664	0.03996666666716919	trials	port_entry
3272.02393333333	0.18003333333399496	trials	port_entry
3273.0038999999997	0.40003333333152113	trials	port_entry
3275.193933333332	13.310033333331376	trials	port_entry
3288.523966666664	0.02990000000136206	trials	port_entry
3288.7739	9.760066666665807	trials	port_entry
3315.363966666664	0.11000000000058208	trials	port_entry
3315.5139666666655	0.049999999999272404	trials	port_entry
3324.6139999999978	1.639999999999418	trials	port_entry
3334.5139666666655	0.7500333333337039	trials	reward_stimulus_presentation
3334.863966666664	8.740033333335305	trials	port_entry
3335.513999999999	1.0	trials	reward_delivery
3345.7739999999976	0.5700333333334129	trials	port_entry
3417.944066666667	0.06999999999970896	trials	port_entry
3420.964	0.0800666666655161	trials	port_entry
3421.0940666666647	0.08000000000174623	trials	port_entry
3421.254033333331	0.11006666666798992	trials	port_entry
3424.5141333333304	0.8099666666676058	trials	reward_stimulus_presentation
3424.9241	7.569999999999709	trials	port_entry
3425.5140999999967	1.0	trials	reward_delivery
3466.6240999999973	0.09996666666847887	trials	port_entry
3466.9541333333327	0.26996666666673264	trials	port_entry
3467.8141333333333	0.019933333333028713	trials	port_entry
3498.7041666666664	0.049999999999272404	trials	port_entry
3504.5041666666657	0.11000000000058208	trials	port_entry
3505.024166666666	0.029999999998835847	trials	port_entry
3505.474166666667	0.029999999998835847	trials	port_entry
3505.5440666666655	0.06009999999878346	trials	port_entry
3505.6941666666644	0.819999999999709	trials	port_entry
3506.7541666666657	0.03003333333253977	trials	port_entry
3507.6241666666647	0.2999999999992724	trials	port_entry
3508.1741333333302	0.14003333333312185	trials	port_entry
3508.3741666666647	0.33000000000174623	trials	port_entry
3511.6741333333302	0.08003333333545015	trials	port_entry
3516.894166666665	0.18000000000029104	trials	port_entry
3519.514199999998	0.6199666666689154	trials	reward_stimulus_presentation
3519.7341666666653	6.430000000000291	trials	port_entry
3520.514166666664	1.0	trials	reward_delivery
3533.324199999999	0.020000000000436557	trials	port_entry
3568.754233333333	0.3800333333310846	trials	port_entry
3586.544266666664	0.25	trials	port_entry
3589.2541999999994	0.3300333333318122	trials	port_entry
3590.4542	0.3200666666634788	trials	port_entry
3607.0642666666645	0.819999999999709	trials	port_entry
3608.794266666664	1.639999999999418	trials	port_entry
3609.514299999999	20.002133333331585	trials	shock_stimulus_presentation
3610.5642666666645	0.08003333333545015	trials	port_entry
3622.124266666666	3.1200333333326853	trials	port_entry
3629.3142666666645	0.2999666666655685	trials	shock_relay
3658.5642666666645	0.540033333334577	trials	port_entry
3659.9543333333313	0.10000000000218279	trials	port_entry
3660.0743333333303	0.11000000000058208	trials	port_entry
3662.524333333331	1.0200000000004366	trials	port_entry
3663.89433333333	3.999966666669934	trials	port_entry
3668.48433333333	3.180000000000291	trials	port_entry
3680.014299999999	1.5000666666674078	trials	port_entry
3688.1142999999975	0.5100666666694451	trials	port_entry
3689.5144	0.5899666666664416	trials	reward_stimulus_presentation
3689.704366666665	0.040000000000873115	trials	port_entry
3690.074366666664	7.360000000000582	trials	port_entry
3690.5143666666663	1.0	trials	reward_delivery
3701.004299999997	1.8500333333358867	trials	port_entry
3703.424366666666	2.539999999997235	trials	port_entry
3706.614366666665	0.06000000000130967	trials	port_entry
3706.6944333333304	2.959933333335357	trials	port_entry
3709.994366666666	0.10993333333317423	trials	port_entry
3713.7243666666654	0.2799666666651319	trials	port_entry
3714.994366666666	0.07999999999810825	trials	port_entry
3725.3143999999993	0.09000000000014552	trials	port_entry
3726.004399999998	0.03996666666716919	trials	port_entry
3729.824366666664	0.7400000000016007	trials	port_entry
3740.3943999999974	0.020000000000436557	trials	port_entry
3742.784399999997	0.1400000000030559	trials	port_entry
3747.2644	2.0900000000001455	trials	port_entry
3749.464433333331	1.5599666666676058	trials	port_entry
3759.2243666666654	0.2500333333337039	trials	port_entry
3762.4144333333315	0.5600000000013097	trials	port_entry
3770.76443333333	0.2800000000024738	trials	port_entry
3775.5243999999984	0.10996666666687815	trials	port_entry
3775.8143999999993	0.11000000000058208	trials	port_entry
3776.0943666666644	0.050033333332976326	trials	port_entry
3779.514466666664	20.001833333335526	trials	shock_stimulus_presentation
3787.6044333333302	2.3299666666680423	trials	port_entry
3799.3144666666667	0.2999999999992724	trials	shock_relay
3822.3444666666655	0.07999999999810825	trials	port_entry
3832.114466666666	8.28003333333254	trials	port_entry
3840.4545	0.060033333331375616	trials	port_entry
3840.6644333333315	0.8800666666684265	trials	port_entry
3844.9244999999974	0.3600000000005821	trials	port_entry
3845.4244999999974	0.07996666666804231	trials	port_entry
3846.0244999999995	4.1599999999998545	trials	port_entry
3850.254499999999	0.9500000000007276	trials	port_entry
3851.8144999999968	0.07000000000334694	trials	port_entry
3852.074499999999	0.23003333333326736	trials	port_entry
3852.344533333333	0.07999999999810825	trials	port_entry
3852.444499999998	0.5200000000004366	trials	port_entry
3852.9845333333324	2.4399999999986903	trials	port_entry
3859.074499999999	0.9500000000007276	trials	port_entry
3860.4344999999994	0.5200000000004366	trials	port_entry
3861.3544999999976	0.029966666668769903	trials	port_entry
3863.8144666666667	1.860066666664352	trials	port_entry
3865.7445333333308	0.46000000000276486	trials	port_entry
3867.79453333333	0.29996666666920646	trials	port_entry
3868.1144999999997	1.5300333333325398	trials	port_entry
3879.514533333331	20.002166666668927	trials	shock_stimulus_presentation
3886.8944999999985	7.360000000000582	trials	port_entry
3894.684533333333	0.060033333331375616	trials	port_entry
3899.314566666664	0.2999999999992724	trials	shock_relay
3932.2546	0.3499999999985448	trials	port_entry
3940.9845333333324	0.3300666666655161	trials	port_entry
3951.224566666664	0.22999999999956344	trials	port_entry
3951.484566666666	0.15999999999985448	trials	port_entry
3951.854566666665	0.4900666666653706	trials	port_entry
3960.1345999999976	1.6599999999998545	trials	port_entry
3966.66463333333	0.040000000000873115	trials	port_entry
3966.8846333333313	0.10000000000218279	trials	port_entry
3969.5146999999997	4.2599333333309914	trials	reward_stimulus_presentation
3970.5146333333323	0.9999333333325922	trials	reward_delivery
3973.374633333333	5.279999999998836	trials	port_entry
3981.4846666666635	0.7300000000032014	trials	port_entry
3982.994633333332	0.6500333333315211	trials	port_entry
3991.2346333333335	1.6199999999989814	trials	port_entry
3993.6846333333306	0.8400000000001455	trials	port_entry
3994.554633333333	1.3799999999973807	trials	port_entry
3996.774599999997	1.2100666666665347	trials	port_entry
3998.0046333333303	0.03996666666716919	trials	port_entry
3998.084633333332	0.029966666665131925	trials	port_entry
3998.1946333333326	0.03996666666716919	trials	port_entry
3998.994633333332	0.7299999999995634	trials	port_entry
3999.744633333332	0.06000000000130967	trials	port_entry
3999.8246666666637	3.779933333335066	trials	port_entry
4005.7646333333323	2.540033333334577	trials	port_entry
4009.5146333333323	1.6299666666673147	trials	port_entry
4011.2846333333327	0.09999999999854481	trials	port_entry
4011.4645999999993	0.2700666666642064	trials	port_entry
4012.5846666666657	0.18999999999869033	trials	port_entry
4012.854666666666	0.5599999999976717	trials	port_entry
4013.4346666666643	0.6699333333344839	trials	port_entry
4015.4846666666635	1.1599666666697885	trials	port_entry
4016.6846666666643	0.040000000000873115	trials	port_entry
4016.854666666666	0.6599999999998545	trials	port_entry
4017.7146666666667	4.819999999999709	trials	port_entry
4022.8045999999995	0.0700666666671168	trials	port_entry
4027.254666666664	1.4799999999995634	trials	port_entry
4028.9446666666663	0.5799999999981083	trials	port_entry
4029.604666666666	0.059999999997671694	trials	port_entry
4032.1246666666666	5.040033333330939	trials	port_entry
4040.394733333331	0.2900000000008731	trials	port_entry
4045.344699999998	0.9400000000023283	trials	port_entry
4046.304699999997	1.1200000000026193	trials	port_entry
4048.274699999998	0.08000000000174623	trials	port_entry
4049.5747999999985	0.09990000000107102	trials	port_entry
4049.714699999997	0.4500000000007276	trials	port_entry
4050.4546999999984	0.040000000000873115	trials	port_entry
4051.684699999998	1.5900000000001455	trials	port_entry
4054.4946999999993	0.13999999999941792	trials	port_entry
4056.1846666666643	0.3500000000021828	trials	port_entry
4057.5547333333307	8.700000000000728	trials	port_entry
4059.5147333333334	17.349999999998545	trials	reward_stimulus_presentation
4060.5146999999997	1.0	trials	reward_delivery
4076.4647333333305	0.2000000000007276	trials	port_entry
4076.6946666666663	0.11006666666435194	trials	port_entry
4128.864733333332	0.5800333333318122	trials	port_entry
4140.3148	0.12996666666367673	trials	port_entry
4140.624799999998	0.2999666666655685	trials	port_entry
4141.424766666663	0.07000000000334694	trials	port_entry
4149.514799999997	2.4799999999995634	trials	reward_stimulus_presentation
4150.514799999997	1.0	trials	reward_delivery
4151.594799999999	5.349933333331137	trials	port_entry
4162.444833333331	0.020000000000436557	trials	port_entry
4186.794833333333	0.09996666666484089	trials	port_entry
4192.534866666665	0.19996666666702367	trials	port_entry
4234.514933333332	3.4399666666649864	trials	reward_stimulus_presentation
4235.514899999998	1.0	trials	reward_delivery
4237.554899999999	4.529999999998836	trials	port_entry
4250.764899999998	0.18000000000029104	trials	port_entry
4256.854899999998	0.18003333333399496	trials	port_entry
4261.154933333331	0.930000000000291	trials	port_entry
4283.924933333332	0.4500000000007276	trials	port_entry
4286.6649333333335	0.28999999999723514	trials	port_entry
4286.984933333333	0.5800333333318122	trials	port_entry
4287.624933333333	0.11999999999898137	trials	port_entry
4288.364933333331	0.8500000000021828	trials	port_entry
4290.964899999999	2.540033333330939	trials	port_entry
4293.554933333333	0.020000000000436557	trials	port_entry
4293.59493333333	0.040000000000873115	trials	port_entry
4294.154933333331	0.11999999999898137	trials	port_entry
4296.474933333331	1.3300333333354502	trials	port_entry
4297.874966666666	1.5599666666639678	trials	port_entry
4299.59493333333	3.3000000000029104	trials	port_entry
4305.854899999998	0.10003333333224873	trials	port_entry
4306.054933333333	1.1300333333310846	trials	port_entry
4307.404966666665	4.490000000001601	trials	port_entry
4311.9149666666635	1.4500000000007276	trials	port_entry
4313.454966666664	0.1900000000023283	trials	port_entry
4313.984966666667	3.139999999999418	trials	port_entry
4319.154966666665	2.1199666666652774	trials	port_entry
4321.464933333333	0.9700333333312301	trials	port_entry
4322.624966666666	0.47999999999956344	trials	port_entry
4324.514999999999	20.001833333331888	trials	shock_stimulus_presentation
4324.934966666664	3.139966666669352	trials	port_entry
4328.734966666667	0.23999999999796273	trials	port_entry
4328.994966666665	0.09996666666484089	trials	port_entry
4329.134966666665	0.4099999999998545	trials	port_entry
4329.604966666666	0.11999999999898137	trials	port_entry
4332.954966666664	1.220033333334868	trials	port_entry
4334.204933333331	0.06999999999970896	trials	port_entry
4344.314999999999	0.2999999999992724	trials	shock_relay
4345.154933333331	0.8600000000005821	trials	port_entry
4346.084999999999	0.27000000000043656	trials	port_entry
4346.494999999999	18.389966666665714	trials	port_entry
4364.904999999999	17.65003333333152	trials	port_entry
4382.635033333332	18.709999999999127	trials	port_entry
4405.085033333333	1.2899999999972351	trials	port_entry
4408.384999999998	4.160066666667262	trials	port_entry
4412.564999999999	6.770066666667844	trials	port_entry
4419.355066666663	7.370000000002619	trials	port_entry
4419.515099999997	0.2399666666678968	trials	reward_stimulus_presentation
4420.515066666667	0.9999666666662961	trials	reward_delivery
4428.815066666666	0.279933333331428	trials	port_entry
4429.255066666665	0.5600000000013097	trials	port_entry
4429.925066666667	0.6299999999973807	trials	port_entry
4471.465099999998	0.2100333333328308	trials	port_entry
4504.08513333333	0.21000000000276486	trials	port_entry
4505.125133333331	0.4600333333328308	trials	port_entry
4505.675166666664	0.20996666666906094	trials	port_entry
4509.515166666664	0.8399333333327377	trials	reward_stimulus_presentation
4509.955133333333	5.650033333331521	trials	port_entry
4510.515099999997	1.0000666666674078	trials	reward_delivery
4517.085166666664	1.180000000000291	trials	port_entry
4544.3651666666665	0.09996666666484089	trials	port_entry
4545.135166666667	0.3599999999969441	trials	port_entry
4545.655166666664	0.09000000000014552	trials	port_entry
4545.8051333333315	0.10003333333224873	trials	port_entry
4546.005166666666	0.9599999999991269	trials	port_entry
4547.255166666666	0.04996666666556848	trials	port_entry
4550.1151666666665	0.04996666666556848	trials	port_entry
4550.195166666665	6.079966666668042	trials	port_entry
4556.385199999997	0.0899666666664416	trials	port_entry
4556.495166666664	6.570033333333413	trials	port_entry
4563.245166666664	0.26000000000203727	trials	port_entry
4563.525133333333	0.6300666666647885	trials	port_entry
4564.215199999999	0.7200000000011642	trials	port_entry
4565.045166666667	0.1300666666647885	trials	port_entry
4565.285199999998	13.52003333333414	trials	port_entry
4578.86523333333	0.17000000000189175	trials	port_entry
4579.145233333333	3.319966666666005	trials	port_entry
4582.575233333333	14.889999999999418	trials	port_entry
4589.515266666665	9.829966666668042	trials	reward_stimulus_presentation
4590.515233333332	1.0	trials	reward_delivery
4598.945199999998	0.24003333333166665	trials	port_entry
4628.575266666667	0.14003333333312185	trials	port_entry
4631.355266666666	0.47999999999956344	trials	port_entry
4631.855266666666	0.040000000000873115	trials	port_entry
4632.085266666665	1.1500000000014552	trials	port_entry
4633.295266666664	0.22999999999956344	trials	port_entry
4633.885266666664	3.750033333333704	trials	port_entry
4639.135266666664	2.5800000000017462	trials	port_entry
4641.865266666664	2.4500000000007276	trials	port_entry
4644.355299999999	7.149999999997817	trials	port_entry
4653.8753	3.249966666666296	trials	port_entry
4657.215266666666	10.520033333330503	trials	port_entry
4667.755299999997	11.990033333335305	trials	port_entry
4679.515333333333	1.0	trials	reward_stimulus_presentation
4680.115333333331	6.339966666666442	trials	port_entry
4680.515333333333	1.0	trials	reward_delivery
4688.035333333333	0.04996666666556848	trials	port_entry
4688.285366666663	0.06000000000130967	trials	port_entry
4700.8353333333325	0.2000000000007276	trials	port_entry
4703.315333333332	0.04996666666556848	trials	port_entry
4720.7553666666645	0.040000000000873115	trials	port_entry
4725.965366666664	0.25	trials	port_entry
4730.205366666665	0.11000000000058208	trials	port_entry
4730.415366666664	1.0900000000001455	trials	port_entry
4731.995299999999	1.5100666666658071	trials	port_entry
4735.125399999997	0.05000000000291038	trials	port_entry
4735.195399999997	0.27000000000043656	trials	port_entry
4736.575399999998	1.6900000000023283	trials	port_entry
4741.335366666666	1.9799666666658595	trials	port_entry
4743.605366666667	0.11999999999898137	trials	port_entry
4743.775366666665	0.020000000000436557	trials	port_entry
4743.855366666667	0.07999999999810825	trials	port_entry
4744.195333333333	5.190066666666098	trials	port_entry
4749.635399999999	0.3400000000001455	trials	port_entry
4750.095399999998	3.1899999999986903	trials	port_entry
4753.465399999997	4.77996666666877	trials	port_entry
4760.625399999997	0.15996666666615056	trials	port_entry
4761.035366666663	0.08996666667007958	trials	port_entry
4761.145366666664	0.04003333333457704	trials	port_entry
4761.205399999999	0.0899666666664416	trials	port_entry
4761.375399999997	6.370000000002619	trials	port_entry
4767.895399999998	9.9900000000016	trials	port_entry
4777.975399999999	1.8400333333338494	trials	port_entry
4779.515466666664	20.002466666668624	trials	shock_stimulus_presentation
4784.08543333333	0.07000000000334694	trials	port_entry
4784.2354333333315	2.789966666667169	trials	port_entry
4792.785433333331	0.09000000000014552	trials	port_entry
4792.975433333333	1.569999999999709	trials	port_entry
4794.6554	0.11003333333064802	trials	port_entry
4799.315433333333	0.2999999999992724	trials	shock_relay
4800.255433333332	0.6399999999994179	trials	port_entry
4801.325466666665	0.2899666666671692	trials	port_entry
4801.67543333333	0.13000000000101863	trials	port_entry
4801.895433333331	2.4099999999998545	trials	port_entry
4804.325433333332	1.4500333333344315	trials	port_entry
4806.065466666667	0.32999999999810825	trials	port_entry
4806.505433333332	0.3499999999985448	trials	port_entry
4806.875399999997	20.80006666666668	trials	port_entry
4827.695433333331	10.329966666668042	trials	port_entry
4838.095433333332	3.1600333333335584	trials	port_entry
4841.345466666666	10.869966666665277	trials	port_entry
4852.2955	10.070033333329775	trials	port_entry
4862.415499999999	7.520000000000437	trials	port_entry
4869.515533333331	0.8499666666684789	trials	reward_stimulus_presentation
4869.965499999998	6.799999999999272	trials	port_entry
4870.515499999998	1.0	trials	reward_delivery
4878.185466666666	0.3100333333313756	trials	port_entry
4878.555466666665	0.12003333333268529	trials	port_entry
4878.7454333333335	0.12003333333268529	trials	port_entry
4883.985533333333	0.3099999999976717	trials	port_entry
4929.425566666665	0.06999999999970896	trials	port_entry
4929.515566666665	0.06000000000130967	trials	port_entry
4959.5156333333325	20.00216666666529	trials	shock_stimulus_presentation
4979.315599999998	0.2999999999992724	trials	shock_relay
5000.335633333332	0.22000000000116415	trials	port_entry
5002.475633333332	0.2999999999992724	trials	port_entry
5005.5156333333325	0.11999999999898137	trials	port_entry
5005.655633333332	5.540000000000873	trials	port_entry
5011.255599999997	0.8300666666691541	trials	port_entry
5015.335633333332	0.16999999999825377	trials	port_entry
5015.675666666666	0.2999666666655685	trials	port_entry
5016.045666666665	5.540000000000873	trials	port_entry
5021.725666666665	0.4399666666649864	trials	port_entry
5022.235666666664	2.7899333333334653	trials	port_entry
5025.095633333331	2.4099999999998545	trials	port_entry
5027.615633333331	1.8500333333322487	trials	port_entry
5029.485666666664	2.6300000000010186	trials	port_entry
5032.175666666666	3.8400000000001455	trials	port_entry
5036.0656666666655	1.2099999999991269	trials	port_entry
5038.295633333331	22.760066666665807	trials	port_entry
5049.5157	20.00249999999869	trials	shock_stimulus_presentation
5066.525699999998	2.959933333331719	trials	port_entry
5069.3156666666655	0.3000333333329763	trials	shock_relay
5094.205699999999	0.13000000000101863	trials	port_entry
5110.585733333333	1.609999999996944	trials	port_entry
5126.905766666667	0.059999999997671694	trials	port_entry
5128.375733333331	0.5	trials	port_entry
5129.085733333333	0.22999999999956344	trials	port_entry
5134.515799999997	0.639966666669352	trials	reward_stimulus_presentation
5134.755766666665	8.220000000001164	trials	port_entry
5135.515766666664	1.0	trials	reward_delivery
5145.135733333333	0.11999999999898137	trials	port_entry
5145.315733333333	0.11999999999898137	trials	port_entry
5164.515799999997	0.18000000000029104	trials	port_entry
5164.745799999997	0.020000000000436557	trials	port_entry
5184.725733333333	0.540066666664643	trials	port_entry
5210.595833333333	0.139966666665714	trials	port_entry
5223.13583333333	0.21000000000276486	trials	port_entry
5224.515866666665	0.8600000000005821	trials	reward_stimulus_presentation
5224.975866666664	6.3400000000001455	trials	port_entry
5225.515866666665	1.0	trials	reward_delivery
5264.2359	1.2999999999992724	trials	port_entry
5265.585899999998	2.2599999999983993	trials	port_entry
5270.125899999999	4.4099999999998545	trials	port_entry
5274.6458999999995	5.860033333330648	trials	port_entry
5280.615933333331	0.020000000000436557	trials	port_entry
5285.615899999997	4.569966666669643	trials	port_entry
5291.7559	3.0600333333313756	trials	port_entry
5294.91593333333	2.460000000002765	trials	port_entry
5297.6959333333325	4.239999999997963	trials	port_entry
5302.225933333331	10.569966666666005	trials	port_entry
5312.84593333333	2.1200333333363233	trials	port_entry
5319.515933333332	20.002533333332394	trials	shock_stimulus_presentation
5319.91593333333	3.3700333333363233	trials	port_entry
5339.315866666664	0.30010000000038417	trials	shock_relay
5347.475966666665	0.8499999999985448	trials	port_entry
5348.3659666666645	0.5100000000020373	trials	port_entry
5348.945966666666	2.1000333333322487	trials	port_entry
5352.725999999999	1.1500000000014552	trials	port_entry
5354.025999999998	2.9399999999986903	trials	port_entry
5357.0459999999985	0.09999999999854481	trials	port_entry
5357.786	0.31996666666600504	trials	port_entry
5358.175899999998	0.16010000000096625	trials	port_entry
5358.595999999998	0.040000000000873115	trials	port_entry
5359.985999999997	22.450000000000728	trials	port_entry
5382.565999999999	0.16999999999825377	trials	port_entry
5382.755999999998	22.360033333334286	trials	port_entry
5405.336033333333	1.0799999999981083	trials	port_entry
5406.555966666667	3.250033333330066	trials	port_entry
5409.516066666663	0.9599666666690609	trials	reward_stimulus_presentation
5410.075966666664	6.400066666668863	trials	port_entry
5410.516	1.000033333333704	trials	reward_delivery
5419.406033333333	0.16999999999825377	trials	port_entry
5450.676099999997	0.08000000000174623	trials	port_entry
5487.0360999999975	0.10003333333588671	trials	port_entry
5489.5161666666645	20.00210000000152	trials	shock_stimulus_presentation
5509.31613333333	0.3000000000029104	trials	shock_relay
5579.516266666666	0.9499333333333198	trials	reward_stimulus_presentation
5580.06613333333	0.05006666666668025	trials	port_entry
5580.306199999999	0.110033333334286	trials	port_entry
5580.4362	0.060033333331375616	trials	port_entry
5580.516233333332	0.9999333333325922	trials	reward_delivery
5580.526133333333	7.500099999997474	trials	port_entry
5659.0062333333335	0.8100333333313756	trials	port_entry
5665.456266666664	0.5600333333350136	trials	port_entry
5679.516333333333	1.1999666666670237	trials	reward_stimulus_presentation
5680.316299999999	6.140033333333122	trials	port_entry
5680.516299999999	1.0	trials	reward_delivery
5707.336333333333	0.20999999999912689	trials	port_entry
5707.606333333333	0.36999999999898137	trials	port_entry
5712.496333333333	0.44003333333239425	trials	port_entry
5715.086299999999	1.0600333333313756	trials	port_entry
5720.596366666665	0.6699666666681878	trials	port_entry
5722.246333333333	2.210033333332831	trials	port_entry
5724.506299999997	1.2600333333357412	trials	port_entry
5725.916333333331	4.860000000000582	trials	port_entry
5730.986333333331	0.9099999999998545	trials	port_entry
5734.426333333333	3.540033333330939	trials	port_entry
5738.066333333332	2.2300333333332674	trials	port_entry
5769.5164333333305	20.002133333335223	trials	shock_stimulus_presentation
5780.956433333333	2.209966666665423	trials	port_entry
5789.316433333333	0.2999999999992724	trials	shock_relay
5805.0264333333325	0.46996666666746023	trials	port_entry
5834.706433333333	0.059999999997671694	trials	port_entry
5835.036433333331	1.6199666666689154	trials	port_entry
5836.796433333333	0.18000000000029104	trials	port_entry
5837.046399999999	0.18003333333399496	trials	port_entry
5845.786399999997	0.08000000000174623	trials	port_entry
5845.916399999998	0.20006666666813544	trials	port_entry
5846.166399999998	0.19006666666609817	trials	port_entry
5859.516533333332	20.002466666668624	trials	shock_stimulus_presentation
5870.7464999999975	7.860000000000582	trials	port_entry
5879.316499999997	0.2999000000017986	trials	shock_relay
5882.716533333332	0.2599999999983993	trials	port_entry
5883.096533333333	0.13999999999941792	trials	port_entry
5883.876533333332	0.14996666666775127	trials	port_entry
5886.386499999997	0.1500333333351591	trials	port_entry
5886.596533333333	0.989899999996851	trials	port_entry
5887.966533333332	0.020000000000436557	trials	port_entry
5888.076499999999	0.04993333333186456	trials	port_entry
5888.2064666666665	3.110066666664352	trials	port_entry
5891.586533333331	0.24996666666629608	trials	port_entry
5891.966499999999	0.5300333333325398	trials	port_entry
5894.4565	0.49003333333166665	trials	port_entry
5895.4265333333315	61.10003333333225	trials	port_entry
5949.516599999999	9.509966666664695	trials	reward_stimulus_presentation
5950.516599999999	1.0	trials	reward_delivery
5958.626566666666	0.41999999999825377	trials	port_entry
5959.186566666664	0.10000000000218279	trials	port_entry
5959.866566666664	1.2000000000007276	trials	port_entry
5961.146566666666	1.9699999999975262	trials	port_entry
5963.2365666666665	0.029999999998835847	trials	port_entry
5966.566566666665	0.23003333333326736	trials	port_entry
5969.1065666666655	0.11006666666798992	trials	port_entry
5969.29653333333	0.16006666666726233	trials	port_entry
5985.876633333333	0.17999999999665306	trials	port_entry
5986.226633333332	0.06000000000130967	trials	port_entry
5991.116599999998	0.17000000000189175	trials	port_entry
5991.356599999999	0.040000000000873115	trials	port_entry
5991.6266	0.07999999999810825	trials	port_entry
5992.526599999997	0.2899666666671692	trials	port_entry
5992.9866	0.09996666666484089	trials	port_entry
5993.276599999997	0.1500000000014552	trials	port_entry
5994.7166	0.20999999999912689	trials	port_entry
5995.016599999999	0.2500333333337039	trials	port_entry
5995.296599999998	0.39003333333312185	trials	port_entry
5995.776599999997	0.02003333333414048	trials	port_entry
5995.816599999998	0.06000000000130967	trials	port_entry
5995.9166333333305	0.15996666666615056	trials	port_entry
5996.206599999998	0.030000000002473826	trials	port_entry
5996.456599999998	0.020000000000436557	trials	port_entry
5996.496599999999	0.1799333333328832	trials	port_entry
5999.89663333333	0.03996666666716919	trials	port_entry
6000.016599999999	0.43003333333399496	trials	port_entry
6000.4866	0.16003333332992042	trials	port_entry
6001.046633333332	0.040000000000873115	trials	port_entry
6001.106633333333	0.049999999999272404	trials	port_entry
6003.046599999998	0.03996666666716919	trials	port_entry
6003.266599999999	0.06999999999970896	trials	port_entry
6003.686599999997	0.5800000000017462	trials	port_entry
6004.316599999998	0.18999999999869033	trials	port_entry
6006.616633333331	0.6599999999998545	trials	port_entry
6007.55663333333	0.17000000000189175	trials	port_entry
6007.796633333332	0.06999999999970896	trials	port_entry
6007.886566666664	0.29996666666920646	trials	port_entry
6008.336566666665	0.16006666666726233	trials	port_entry
6008.526633333331	0.18000000000029104	trials	port_entry
6008.726633333332	0.06999999999970896	trials	port_entry
6008.826566666667	0.15006666666522506	trials	port_entry
6009.046633333332	0.049999999999272404	trials	port_entry
6009.1666333333305	0.06999999999970896	trials	port_entry
6009.676633333333	0.049999999999272404	trials	port_entry
6012.546599999998	0.07003333333341288	trials	port_entry
6015.276666666665	0.5299999999988358	trials	port_entry
6016.266666666666	0.75	trials	port_entry
6017.57663333333	2.290033333334577	trials	port_entry
6019.966633333333	3.3800333333310846	trials	port_entry
6031.086633333332	0.040000000000873115	trials	port_entry
6031.146666666664	0.019966666666732635	trials	port_entry
6032.856666666667	0.09000000000014552	trials	port_entry
6034.516666666666	1.249966666666296	trials	reward_stimulus_presentation
6035.366633333331	7.31000000000131	trials	port_entry
6035.516633333333	1.0	trials	reward_delivery
6052.106666666667	0.01999999999679858	trials	port_entry
6062.956666666665	0.11999999999898137	trials	port_entry
6063.606666666667	0.3499999999985448	trials	port_entry
6064.026666666665	2.6200333333326853	trials	port_entry
6066.686666666665	0.09003333333384944	trials	port_entry
6067.0167	0.47999999999956344	trials	port_entry
6067.546699999999	0.059999999997671694	trials	port_entry
6067.636699999999	0.5399666666671692	trials	port_entry
6068.256666666664	0.050033333332976326	trials	port_entry
6068.446699999997	0.030000000002473826	trials	port_entry
6070.496666666666	0.1499999999978172	trials	port_entry
6070.666666666664	0.13003333333472256	trials	port_entry
6070.886666666665	0.029999999998835847	trials	port_entry
6071.786666666667	0.0800666666655161	trials	port_entry
6071.926666666666	0.06993333333230112	trials	port_entry
6072.1466999999975	0.05993333333390183	trials	port_entry
6072.506666666664	0.04003333333457704	trials	port_entry
6072.706633333331	0.07003333333341288	trials	port_entry
6072.9267	6.799999999999272	trials	port_entry
6079.966699999997	0.1900000000023283	trials	port_entry
6080.226633333332	2.4200666666656616	trials	port_entry
6082.856699999997	0.10003333333588671	trials	port_entry
6082.9967	0.32999999999810825	trials	port_entry
6083.6567	0.049999999999272404	trials	port_entry
6083.906733333333	0.06996666666600504	trials	port_entry
6084.0167	0.10996666666324018	trials	port_entry
6084.1767	0.27999999999883585	trials	port_entry
6084.476699999999	17.430033333333995	trials	port_entry
6102.046666666665	42.60003333333225	trials	port_entry
6124.516766666664	20.002466666668624	trials	shock_stimulus_presentation
6144.316766666667	0.29993333333186456	trials	shock_relay
6144.756699999998	0.29003333333457704	trials	port_entry
6145.396766666665	0.040000000000873115	trials	port_entry
6145.486766666665	0.27999999999883585	trials	port_entry
6146.276766666666	0.059999999997671694	trials	port_entry
6146.356766666664	0.07996666666804231	trials	port_entry
6146.486733333331	0.4200333333319577	trials	port_entry
6147.036766666664	3.040000000000873	trials	port_entry
6150.2467666666635	76.74006666666901	trials	port_entry
6219.516833333331	7.970000000001164	trials	reward_stimulus_presentation
6220.516833333331	1.000033333333704	trials	reward_delivery
6227.086833333331	0.040000000000873115	trials	port_entry
6227.216833333332	0.1500000000014552	trials	port_entry
6227.4868333333325	0.48999999999796273	trials	port_entry
6228.026833333333	0.5399999999972351	trials	port_entry
6230.566866666664	0.06000000000130967	trials	port_entry
6234.766799999998	0.020000000000436557	trials	port_entry
6235.1168333333335	0.15999999999985448	trials	port_entry
6235.326833333333	0.029999999998835847	trials	port_entry
6249.856833333331	0.23003333333326736	trials	port_entry
6250.566866666664	0.24003333333530463	trials	port_entry
6251.066899999998	0.38000000000101863	trials	port_entry
6251.876899999999	0.639966666665714	trials	port_entry
6252.536866666665	1.2700333333341405	trials	port_entry
6254.076866666666	1.2399999999979627	trials	port_entry
6260.396833333332	1.9599999999991269	trials	port_entry
6262.546866666664	2.3400000000001455	trials	port_entry
6265.436866666667	3.9199999999982538	trials	port_entry
6269.486866666666	2.010033333332103	trials	port_entry
6271.536899999999	0.930000000000291	trials	port_entry
6272.636899999998	0.30993333333390183	trials	port_entry
6273.0569	0.020000000000436557	trials	port_entry
6273.096899999997	0.029966666668769903	trials	port_entry
6273.1469	0.889966666665714	trials	port_entry
6274.076866666666	0.11999999999898137	trials	port_entry
6274.786866666665	8.71003333333283	trials	port_entry
6283.7369	13.219999999997526	trials	port_entry
6297.206899999997	2.1700000000018917	trials	port_entry
6300.096899999997	0.040000000000873115	trials	port_entry
6300.176899999999	1.5099999999983993	trials	port_entry
6301.846899999997	2.180000000000291	trials	port_entry
6304.156899999998	1.819999999999709	trials	port_entry
6306.196933333333	0.10996666666687815	trials	port_entry
6306.366866666664	0.04003333333457704	trials	port_entry
6306.5569	11.300033333332976	trials	port_entry
6309.516933333332	20.002133333331585	trials	shock_stimulus_presentation
6322.676966666666	1.7099999999991269	trials	port_entry
6325.006966666664	0.7100000000027649	trials	port_entry
6329.316933333332	0.2999999999992724	trials	shock_relay
6329.386933333331	0.2000000000007276	trials	port_entry
6329.736933333334	0.09039999999731663	trials	port_entry
6329.986933333334	0.12999999999738066	trials	port_entry
6330.206933333331	0.8699666666689154	trials	port_entry
6331.106933333333	0.639966666665714	trials	port_entry
6332.16693333333	0.930000000000291	trials	port_entry
6333.216933333333	1.610033333330648	trials	port_entry
6335.186899999997	0.12003333333632327	trials	port_entry
6353.676966666666	0.20003333333079354	trials	port_entry
6353.976999999999	0.11000000000058208	trials	port_entry
6354.166999999998	0.1500000000014552	trials	port_entry
6354.816999999999	3.429933333332883	trials	port_entry
6358.276899999997	0.6201000000000931	trials	port_entry
6359.036966666667	38.300033333332976	trials	port_entry
6389.5170333333335	9.409999999999854	trials	reward_stimulus_presentation
6390.517	1.0	trials	reward_delivery
6398.527033333332	0.3499999999985448	trials	port_entry
6399.057033333331	2.4400000000023283	trials	port_entry
6401.577033333331	1.1500000000014552	trials	port_entry
6403.077033333331	0.06000000000130967	trials	port_entry
6441.317033333333	0.06999999999970896	trials	port_entry
6441.527033333332	0.4100333333335584	trials	port_entry
6442.387066666666	4.569999999999709	trials	port_entry
6446.977066666666	23.510033333332103	trials	port_entry
6470.5170333333335	17.559966666663968	trials	port_entry
6479.517099999997	10.380000000001019	trials	reward_stimulus_presentation
6480.517066666664	1.000033333333704	trials	reward_delivery
6489.497099999997	0.030000000002473826	trials	port_entry
6489.5671	1.8099999999976717	trials	port_entry
6491.447099999998	0.030000000002473826	trials	port_entry
6491.597099999999	0.029966666665131925	trials	port_entry
6491.9771	0.09999999999854481	trials	port_entry
6492.097099999999	0.7100333333328308	trials	port_entry
6492.877133333332	0.6599333333324466	trials	port_entry
6493.577099999999	0.27000000000043656	trials	port_entry
6508.1870666666655	0.15996666666615056	trials	port_entry
6517.307133333332	0.27999999999883585	trials	port_entry
6520.06713333333	0.37000000000261934	trials	port_entry
6520.587066666663	0.05006666666668025	trials	port_entry
6520.717133333332	2.0600000000013097	trials	port_entry
6522.7971333333335	2.25	trials	port_entry
6525.1671333333325	1.9599999999991269	trials	port_entry
6527.2370999999985	1.819999999999709	trials	port_entry
6529.15713333333	4.56000000000131	trials	port_entry
6533.867133333333	14.18999999999869	trials	port_entry
6548.167099999999	30.380099999998492	trials	port_entry
6578.657199999998	0.31999999999970896	trials	port_entry
6579.187199999997	0.23000000000320142	trials	port_entry
6579.517233333332	20.00209999999788	trials	shock_stimulus_presentation
6580.967199999999	2.7599999999983993	trials	port_entry
6586.207199999997	13.349966666668479	trials	port_entry
6599.317199999998	0.3000333333329763	trials	shock_relay
6599.9571	8.150066666665225	trials	port_entry
6608.147166666666	38.150066666665225	trials	port_entry
6646.4572666666645	38.06999999999971	trials	port_entry
6669.5172999999995	15.429966666666587	trials	reward_stimulus_presentation
6670.517266666666	1.0	trials	reward_delivery
6684.547266666665	0.35996666666687815	trials	port_entry
6684.987266666663	5.710033333336469	trials	port_entry
6691.627266666666	0.0200333333305025	trials	port_entry
6691.7173	0.06999999999970896	trials	port_entry
6691.847266666664	0.03996666666716919	trials	port_entry
6691.9572666666645	1.8500333333322487	trials	port_entry
6693.837233333332	1.4300666666676989	trials	port_entry
6696.427299999999	0.18003333333399496	trials	port_entry
6718.917333333331	0.16990000000077998	trials	port_entry
6719.117266666664	0.08000000000174623	trials	port_entry
6719.8773	0.3000333333329763	trials	port_entry
6720.1973	0.13003333333108458	trials	port_entry
6724.637333333332	5.0	trials	port_entry
6733.53733333333	0.029966666668769903	trials	port_entry
6734.147299999997	0.030033333336177748	trials	port_entry
6738.477333333332	0.11000000000058208	trials	port_entry
6738.617333333332	0.2999999999992724	trials	port_entry
6739.227333333332	0.3899999999994179	trials	port_entry
6739.637333333332	1.6899999999986903	trials	port_entry
6743.647333333331	0.5200000000004366	trials	port_entry
6744.237333333331	0.1900000000023283	trials	port_entry
6744.447266666666	0.9900666666653706	trials	port_entry
6745.587333333333	1.7899999999972351	trials	port_entry
6747.477333333332	0.2999999999992724	trials	port_entry
6747.847299999998	0.3000333333329763	trials	port_entry
6748.1973	0.029999999998835847	trials	port_entry
6748.427333333333	1.8000333333329763	trials	port_entry
6750.577333333331	0.11996666666891542	trials	port_entry
6750.78733333333	6.590033333333849	trials	port_entry
6757.757366666665	2.040000000000873	trials	port_entry
6759.517399999997	0.7799666666687699	trials	reward_stimulus_presentation
6759.897299999997	7.220100000002276	trials	port_entry
6760.517366666663	1.0	trials	reward_delivery
6771.567366666666	0.020000000000436557	trials	port_entry
6790.967399999998	0.1900000000023283	trials	port_entry
6791.177366666667	0.08003333333181217	trials	port_entry
6791.457399999999	0.10996666666687815	trials	port_entry
6791.677333333333	0.5400333333309391	trials	port_entry
6792.2873	0.15003333333152113	trials	port_entry
6792.4973666666665	2.790033333330939	trials	port_entry
6795.767399999997	0.03993333333346527	trials	port_entry
6795.847399999999	0.4600333333328308	trials	port_entry
6796.40743333333	0.09996666666847887	trials	port_entry
6796.5573333333305	0.030099999999947613	trials	port_entry
6798.147366666664	0.13000000000101863	trials	port_entry
6798.427399999997	0.19003333333603223	trials	port_entry
6798.767399999997	0.08003333333545015	trials	port_entry
6798.967399999998	0.27000000000043656	trials	port_entry
6799.257399999999	5.460033333332831	trials	port_entry
6804.767433333331	40.849999999998545	trials	port_entry
6846.077399999998	0.07003333333705086	trials	port_entry
6846.307433333332	2.139999999999418	trials	port_entry
6848.627400000001	8.67003333332832	trials	port_entry
6849.517466666668	11.610000000000582	trials	reward_stimulus_presentation
6850.517433333331	1.0	trials	reward_delivery
6860.727466666667	0.13999999999941792	trials	port_entry
6902.02753333333	0.7200000000011642	trials	port_entry
6903.127533333329	0.25	trials	port_entry
6903.877499999999	1.9900333333353046	trials	port_entry
6905.957466666663	11.020066666671482	trials	port_entry
6917.287533333332	0.059999999997671694	trials	port_entry
6917.507533333333	6.509999999994761	trials	port_entry
6924.057533333329	14.990000000005239	trials	port_entry
6934.5175666666655	20.00243333333492	trials	shock_stimulus_presentation
6939.677500000002	4.070066666667117	trials	port_entry
6944.157566666665	2.6299999999973807	trials	port_entry
6954.317533333331	0.3000000000029104	trials	shock_relay
6971.477566666665	0.12000000000261934	trials	port_entry
6971.697566666666	0.22000000000116415	trials	port_entry
6972.027599999998	0.37999999999738066	trials	port_entry
6972.527599999998	0.06993333333230112	trials	port_entry
6972.657599999995	0.26000000000203727	trials	port_entry
6973.3976	1.319999999999709	trials	port_entry
6975.147566666663	2.8000333333329763	trials	port_entry
6979.687600000001	0.7599999999947613	trials	port_entry
6980.4676	34.88999999999942	trials	port_entry
7015.407566666665	17.020066666664206	trials	port_entry
7024.517633333333	11.430033333330357	trials	reward_stimulus_presentation
7025.517599999996	1.000033333337342	trials	reward_delivery
7035.547633333332	0.0700333333297749	trials	port_entry
7035.667633333334	0.08999999999650754	trials	port_entry
7035.807666666664	0.25996666666469537	trials	port_entry
7036.21763333333	0.030033333336177748	trials	port_entry
7036.337633333333	0.4099999999962165	trials	port_entry
7072.057666666664	0.16993333333812188	trials	port_entry
7091.457699999995	0.3600000000005821	trials	port_entry
7104.4776999999995	0.42003333333559567	trials	port_entry
7104.957733333333	0.029999999998835847	trials	port_entry
7115.287699999997	0.6100000000005821	trials	port_entry
7116.397666666668	0.2200333333312301	trials	port_entry
7118.797699999999	7.790000000000873	trials	port_entry
7119.51773333333	20.000033333337342	trials	reward_stimulus_presentation
7120.5177	1.0	trials	reward_delivery
7166.7777666666625	0.11003333333792398	trials	port_entry
7189.51773333333	0.23006666667060927	trials	port_entry
7209.517833333335	20.00233333333017	trials	shock_stimulus_presentation
7229.317766666663	0.2999666666655685	trials	shock_relay
7230.307799999999	0.05000000000291038	trials	port_entry
7230.617799999996	1.2900000000008731	trials	port_entry
7233.517833333335	0.779966666661494	trials	port_entry
7234.477799999997	0.31999999999970896	trials	port_entry
7234.817800000001	0.02003333333414048	trials	port_entry
7234.937833333333	0.8399666666664416	trials	port_entry
7236.047833333334	12.059999999997672	trials	port_entry
7248.747800000001	0.01999999999679858	trials	port_entry
7248.877799999998	0.01999999999679858	trials	port_entry
7248.917833333329	0.02993333333870396	trials	port_entry
7249.057799999999	0.0700333333297749	trials	port_entry
7249.187833333333	1.2399999999979627	trials	port_entry
7250.517833333335	0.8200333333297749	trials	port_entry
7251.3978333333325	0.01999999999679858	trials	port_entry
7251.537833333332	1.1200333333326853	trials	port_entry
7252.6978666666655	0.040000000000873115	trials	port_entry
7253.037866666662	0.05000000000291038	trials	port_entry
7253.107866666662	0.09993333333841292	trials	port_entry
7256.1378333333305	0.360033333337924	trials	port_entry
7256.777866666667	0.05996666666760575	trials	port_entry
7258.657866666665	0.040000000000873115	trials	port_entry
7261.717866666662	0.1300000000046566	trials	port_entry
7281.4478666666655	0.3099999999976717	trials	port_entry
7289.517899999995	1.110000000000582	trials	reward_stimulus_presentation
7290.227866666664	6.210033333336469	trials	port_entry
7290.517833333335	1.000033333330066	trials	reward_delivery
7329.727933333332	0.4000000000014552	trials	port_entry
7330.497933333329	0.17000000000552973	trials	port_entry
7330.767933333333	0.31999999999970896	trials	port_entry
7336.317933333328	0.06000000000494765	trials	port_entry
7336.587933333332	0.1900000000023283	trials	port_entry
7337.317899999998	0.2799666666687699	trials	port_entry
7337.727933333332	0.37999999999738066	trials	port_entry
7362.937966666668	0.31999999999970896	trials	port_entry
7363.547900000001	0.040066666661005	trials	port_entry
7364.097966666664	0.31999999999970896	trials	port_entry
7364.717966666667	0.7399333333305549	trials	port_entry
7365.57793333333	0.029999999998835847	trials	port_entry
7365.777933333335	4.300066666663042	trials	port_entry
7371.847966666664	3.650000000001455	trials	port_entry
7375.547900000001	10.510099999999511	trials	port_entry
7379.51803333333	20.00203333333775	trials	shock_stimulus_presentation
7386.187999999998	11.160000000003492	trials	port_entry
7399.318033333333	0.2999999999956344	trials	shock_relay
7399.467999999997	0.05206666667072568	trials	port_entry
7399.998033333333	1.2900000000008731	trials	port_entry
7401.308000000001	0.2800333333289018	trials	port_entry
7401.637999999995	0.3400000000037835	trials	port_entry
7402.087966666662	25.98006666667061	trials	port_entry
7428.298033333329	5.970000000001164	trials	port_entry
7435.528000000002	6.000066666660132	trials	port_entry
7451.828066666665	0.08999999999650754	trials	port_entry
7451.948066666668	2.2999666666655685	trials	port_entry
7479.5180999999975	1.0100000000020373	trials	reward_stimulus_presentation
7480.128099999998	0.040000000000873115	trials	port_entry
7480.188099999996	6.629966666667315	trials	port_entry
7480.5180999999975	0.9999000000025262	trials	reward_delivery
7489.578099999995	0.18000000000029104	trials	port_entry
7490.098099999999	0.040000000000873115	trials	port_entry
7531.988133333329	0.20000000000436557	trials	port_entry
7535.5681333333305	0.11000000000058208	trials	port_entry
7540.198133333335	0.13999999999941792	trials	port_entry
7540.738133333329	0.11000000000058208	trials	port_entry
7541.048133333334	0.2999999999956344	trials	port_entry
7541.468100000002	0.059999999997671694	trials	port_entry
7544.038066666664	3.9100666666709003	trials	port_entry
7549.378133333328	7.080000000001746	trials	port_entry
7558.678133333331	4.070033333337051	trials	port_entry
7562.7680999999975	4.750066666667408	trials	port_entry
7567.648166666662	1.1299666666673147	trials	port_entry
7568.988166666666	0.8499999999985448	trials	port_entry
7569.518199999995	0.7599666666719713	trials	reward_stimulus_presentation
7569.8781666666655	5.980000000003201	trials	port_entry
7570.518166666665	1.0	trials	reward_delivery
7577.668166666666	0.13999999999941792	trials	port_entry
7578.768166666665	0.18000000000029104	trials	port_entry
7615.538233333329	0.5399666666708072	trials	port_entry
7616.408200000002	1.5100333333321032	trials	port_entry
7618.018233333332	0.1199333333352115	trials	port_entry
7619.308199999996	4.389999999999418	trials	port_entry
7624.598233333334	1.319966666662367	trials	port_entry
7627.458199999997	0.16000000000349246	trials	port_entry
7629.1781999999985	0.17006666666566161	trials	port_entry
7629.448266666663	0.3299666666716803	trials	port_entry
7629.7982666666685	0.049999999995634425	trials	port_entry
7629.918233333334	3.22003333333123	trials	port_entry
7638.698166666665	21.160100000000966	trials	port_entry
7659.5183	0.849933333331137	trials	reward_stimulus_presentation
7659.968266666667	7.759999999994761	trials	port_entry
7660.518233333332	0.9999333333325922	trials	reward_delivery
7683.3483000000015	1.1299999999973807	trials	port_entry
7685.028300000002	1.5	trials	port_entry
7686.7882999999965	0.6399999999994179	trials	port_entry
7687.648299999997	0.9700000000011642	trials	port_entry
7689.088266666662	3.1899666666722624	trials	port_entry
7692.688299999998	0.06996666666964302	trials	port_entry
7692.838266666662	0.3400000000037835	trials	port_entry
7696.218299999997	1.1900000000023283	trials	port_entry
7697.688233333331	1.36006666666799	trials	port_entry
7699.368299999998	2.1199333333352115	trials	port_entry
7701.678299999996	4.230000000003201	trials	port_entry
7706.148299999997	0.05996666666760575	trials	port_entry
7706.248299999996	1.5799666666716803	trials	port_entry
7710.798299999999	0.34003333333384944	trials	port_entry
7711.37833333333	0.0899666666664416	trials	port_entry
7711.668300000001	2.219999999993888	trials	port_entry
7714.3483000000015	2.080033333331812	trials	port_entry
7716.678333333333	0.019966666666732635	trials	port_entry
7716.728333333329	3.0599666666676058	trials	port_entry
7720.088299999999	1.930000000000291	trials	port_entry
7725.638266666665	0.2800666666662437	trials	port_entry
7726.12833333333	0.8399666666664416	trials	port_entry
7727.19833333333	5.569999999999709	trials	port_entry
7733.808333333331	5.919999999998254	trials	port_entry
7740.968333333334	0.31996666666236706	trials	port_entry
7741.368333333328	0.06000000000494765	trials	port_entry
7741.618366666666	0.3600000000005821	trials	port_entry
7745.308333333331	0.029999999998835847	trials	port_entry
7749.518366666667	20.00239999999758	trials	shock_stimulus_presentation
7760.918366666669	2.679966666662949	trials	port_entry
7769.318366666663	0.3000000000029104	trials	shock_relay
7769.468366666664	0.059999999997671694	trials	port_entry
7770.908366666667	0.6500000000014552	trials	port_entry
7771.748366666663	1.3300000000017462	trials	port_entry
7775.208366666662	0.4900000000052387	trials	port_entry
7775.978366666666	1.1999999999970896	trials	port_entry
7777.308366666668	0.03999999999359716	trials	port_entry
7779.398333333334	0.049999999995634425	trials	port_entry
7780.808333333331	0.13999999999941792	trials	port_entry
7782.008333333335	0.35006666666595265	trials	port_entry
7782.408399999997	1.7000000000043656	trials	port_entry
7784.518399999997	20.529999999998836	trials	port_entry
7805.1384	12.809999999997672	trials	port_entry
7818.548399999996	2.3800333333347226	trials	port_entry
7821.3884	0.6200333333326853	trials	port_entry
7822.118399999996	0.1199666666725534	trials	port_entry
7822.258399999995	1.6200000000026193	trials	port_entry
7824.618366666666	7.2000666666644975	trials	port_entry
7831.858400000001	2.9400333333323942	trials	port_entry
7834.5184333333345	0.7799999999988358	trials	reward_stimulus_presentation
7834.8983666666645	6.320066666667117	trials	port_entry
7835.5184333333345	1.0	trials	reward_delivery
7845.31843333333	1.069999999999709	trials	port_entry
7880.898466666662	0.04010000000562286	trials	port_entry
7881.008466666663	0.06000000000494765	trials	port_entry
7881.108466666668	0.09999999999854481	trials	port_entry
7881.3084666666655	0.13999999999941792	trials	port_entry
7889.498466666668	0.5200333333341405	trials	port_entry
7890.168499999996	0.4000000000014552	trials	port_entry
7890.658500000001	0.12999999999738066	trials	port_entry
7890.8285	32.59996666666848	trials	port_entry
7923.698466666665	2.2400333333353046	trials	port_entry
7924.518566666662	20.002000000000407	trials	shock_stimulus_presentation
7925.968499999999	4.550066666663042	trials	port_entry
7933.808499999996	0.12003333333268529	trials	port_entry
7934.0785	1.0300333333289018	trials	port_entry
7935.168499999996	1.2300333333332674	trials	port_entry
7937.388533333335	0.34993333333113696	trials	port_entry
7944.318566666665	0.3000000000029104	trials	shock_relay
7963.188566666668	0.22999999999592546	trials	port_entry
7964.098566666664	1.7099999999991269	trials	port_entry
7972.538566666666	1.0200333333341405	trials	port_entry
7982.778533333334	0.12999999999738066	trials	port_entry
7998.438566666668	2.849966666661203	trials	port_entry
8001.768566666662	0.1600666666709003	trials	port_entry
8001.9785666666685	1.9099666666661506	trials	port_entry
8006.848600000001	0.12003333333268529	trials	port_entry
8008.9685999999965	1.139966666669352	trials	port_entry
8013.148599999997	1.8999666666713892	trials	port_entry
8016.5586	0.37999999999738066	trials	port_entry
8019.518666666667	0.6299333333299728	trials	reward_stimulus_presentation
8019.748599999995	0.05996666666760575	trials	port_entry
8020.038566666666	7.740066666665371	trials	port_entry
8020.5186333333295	1.0	trials	reward_delivery
8039.118633333335	0.20999999999912689	trials	port_entry
8065.3386666666665	0.049999999995634425	trials	port_entry
8103.118599999998	0.059999999997671694	trials	port_entry
8103.5286333333315	0.3600000000005821	trials	port_entry
8104.868666666665	0.1599999999962165	trials	port_entry
8105.0686666666625	0.05000000000291038	trials	port_entry
8106.028699999999	0.12000000000261934	trials	port_entry
8106.218700000001	2.459999999999127	trials	port_entry
8109.518733333334	20.002599999999802	trials	shock_stimulus_presentation
8129.31873333333	0.3000000000029104	trials	shock_relay
8133.88873333333	0.029999999998835847	trials	port_entry
8134.048699999996	0.33003333333908813	trials	port_entry
8161.008733333332	0.040000000000873115	trials	port_entry
8161.098699999999	0.050033333332976326	trials	port_entry
8161.648733333332	1.9499999999970896	trials	port_entry
8189.518800000002	0.7899333333334653	trials	reward_stimulus_presentation
8189.908733333334	5.920066666665662	trials	port_entry
8190.518766666664	1.0	trials	reward_delivery
8279.518866666662	0.9300333333376329	trials	reward_stimulus_presentation
8280.04883333333	0.07003333333705086	trials	port_entry
8280.3489	0.7499666666626581	trials	port_entry
8280.518833333332	1.000033333330066	trials	reward_delivery
8281.178833333335	5.430066666660423	trials	port_entry
8288.798866666668	0.07999999999447027	trials	port_entry
8288.908866666668	0.029999999998835847	trials	port_entry
8331.16893333333	0.31999999999970896	trials	port_entry
8331.538933333333	0.09993333333113696	trials	port_entry
8333.51893333333	0.41000000000349246	trials	port_entry
8334.568933333332	0.1599999999962165	trials	port_entry
8378.1989	0.26006666666216915	trials	port_entry
8379.518999999997	1.2699666666667326	trials	reward_stimulus_presentation
8380.388966666662	0.040000000000873115	trials	port_entry
8380.499	0.09996666666847887	trials	port_entry
8380.51893333333	1.000033333337342	trials	reward_delivery
8382.068966666662	0.0900000000037835	trials	port_entry
8382.218966666664	5.070033333337051	trials	port_entry
8461.979066666663	0.27000000000407454	trials	port_entry
8469.519066666664	0.819999999999709	trials	reward_stimulus_presentation
8469.939066666662	5.680033333337633	trials	port_entry
8470.519066666664	0.9999666666699341	trials	reward_delivery
8476.049066666663	0.4000000000014552	trials	port_entry
8487.589066666664	0.20999999999912689	trials	port_entry
8493.799066666663	0.20000000000436557	trials	port_entry
8494.219066666668	0.16999999999825377	trials	port_entry
8495.619066666663	1.3700333333326853	trials	port_entry
8497.169099999996	0.0900000000037835	trials	port_entry
8497.899033333331	0.15006666666886304	trials	port_entry
8498.139099999997	4.719966666671098	trials	port_entry
8503.099066666666	10.870033333332685	trials	port_entry
8514.029133333333	52.33003333333181	trials	port_entry
8559.519133333331	20.002300000000105	trials	shock_stimulus_presentation
8566.389166666664	1.6200000000026193	trials	port_entry
8571.639166666664	0.08000000000174623	trials	port_entry
8571.759166666667	1.8300000000017462	trials	port_entry
8574.479166666668	5.059933333330264	trials	port_entry
8579.319200000002	0.2999999999956344	trials	shock_relay
8590.769133333331	0.030033333336177748	trials	port_entry
8593.3792	0.059999999997671694	trials	port_entry
8593.499200000002	0.9499999999970896	trials	port_entry
8594.689199999997	0.23000000000320142	trials	port_entry
8595.079199999996	0.7799999999988358	trials	port_entry
8596.1692	0.8799999999973807	trials	port_entry
8600.4492	17.669966666668188	trials	port_entry
8618.179166666665	9.630066666664788	trials	port_entry
8627.859233333333	7.229933333335794	trials	port_entry
8635.329199999996	2.4500333333344315	trials	port_entry
8638.819233333332	11.019966666666733	trials	port_entry
8649.519233333329	0.7600000000020373	trials	reward_stimulus_presentation
8649.879266666667	8.489966666667897	trials	port_entry
8650.519233333329	1.0	trials	reward_delivery
8658.479266666665	1.6299999999973807	trials	port_entry
8660.259266666664	2.2599666666646954	trials	port_entry
8665.849266666668	0.01999999999679858	trials	port_entry
8682.859266666663	0.17000000000552973	trials	port_entry
8688.2893	0.25996666666469537	trials	port_entry
8688.859266666663	0.33003333333908813	trials	port_entry
8719.809333333335	4.139966666662076	trials	port_entry
8724.009300000002	1.3400333333338494	trials	port_entry
8725.9693	0.5400000000008731	trials	port_entry
8726.7493	0.060033333335013594	trials	port_entry
8728.219233333333	1.5200666666642064	trials	port_entry
8729.989299999997	0.23999999999796273	trials	port_entry
8731.0393	0.1599999999962165	trials	port_entry
8731.339299999996	3.5900333333338494	trials	port_entry
8734.519333333334	0.8600000000005821	trials	reward_stimulus_presentation
8734.979299999995	7.750033333337342	trials	port_entry
8735.519333333334	1.0	trials	reward_delivery
8761.029266666668	0.01999999999679858	trials	port_entry
8763.079366666669	0.7199666666638223	trials	port_entry
8764.409333333333	0.37999999999738066	trials	port_entry
8780.879400000002	0.14999999999417923	trials	port_entry
8791.029333333328	0.26003333333937917	trials	port_entry
8792.049366666663	4.530033333336178	trials	port_entry
8796.60933333333	0.05010000000038417	trials	port_entry
8796.729333333333	3.330066666669154	trials	port_entry
8800.209399999996	0.16996666666818783	trials	port_entry
8800.409333333333	0.05006666666304227	trials	port_entry
8800.4794	0.049999999995634425	trials	port_entry
8803.43943333333	0.07996666667168029	trials	port_entry
8803.739366666665	0.26996666666673264	trials	port_entry
8804.159366666663	0.3100333333350136	trials	port_entry
8804.6194	0.01999999999679858	trials	port_entry
8806.9794	1.0800333333318122	trials	port_entry
8808.3394	0.09999999999854481	trials	port_entry
8808.4794	19.779999999998836	trials	port_entry
8824.519400000001	20.00216666666529	trials	shock_stimulus_presentation
8828.279366666666	3.260066666669445	trials	port_entry
8835.129400000002	0.18999999999505235	trials	port_entry
8844.319433333334	0.3000333333329763	trials	shock_relay
8856.329433333329	0.2800000000061118	trials	port_entry
8856.90943333333	0.12000000000261934	trials	port_entry
8857.069433333334	27.460033333329193	trials	port_entry
8884.759466666666	0.22996666666585952	trials	port_entry
8885.009433333329	0.04006666666828096	trials	port_entry
8885.219466666666	6.380033333334723	trials	port_entry
8891.689499999997	4.639966666669352	trials	port_entry
8897.179500000002	2.9099666666661506	trials	port_entry
8901.769499999999	3.099966666668479	trials	port_entry
8905.759499999996	3.0	trials	port_entry
8909.909533333335	0.36996666666527744	trials	port_entry
8914.149466666666	1.500033333330066	trials	port_entry
8915.769499999999	0.3600000000005821	trials	port_entry
8919.519466666668	0.6500333333315211	trials	reward_stimulus_presentation
8919.769499999999	8.049966666665568	trials	port_entry
8920.519499999999	1.0	trials	reward_delivery
8927.839466666668	0.3499666666612029	trials	port_entry
8968.979533333335	0.31999999999970896	trials	port_entry
8969.409533333335	0.049999999995634425	trials	port_entry
8969.529566666668	16.12999999999738	trials	port_entry
8985.679566666662	10.470000000001164	trials	port_entry
8996.279566666668	11.660033333333558	trials	port_entry
9008.029599999998	8.77996666666877	trials	port_entry
9009.519633333333	20.00186666666559	trials	shock_stimulus_presentation
9019.579633333331	1.680000000000291	trials	port_entry
9021.329633333331	0.05000000000291038	trials	port_entry
9021.419633333335	0.09999999999854481	trials	port_entry
9021.60963333333	0.03990000000339933	trials	port_entry
9029.319599999999	0.3000000000029104	trials	shock_relay
9052.849666666665	0.20999999999912689	trials	port_entry
9053.559666666664	0.05000000000291038	trials	port_entry
9053.859666666667	0.049999999995634425	trials	port_entry
9054.799666666662	6.819999999999709	trials	port_entry
9062.619633333332	3.1200333333326853	trials	port_entry
9065.979666666663	3.0800000000017462	trials	port_entry
9069.35963333333	1.5799666666716803	trials	port_entry
9071.809633333334	0.3499666666612029	trials	port_entry
9072.17963333333	3.010033333332103	trials	port_entry
9075.379700000001	0.32996666666440433	trials	port_entry
9076.069666666666	0.8699999999953434	trials	port_entry
9081.599699999995	1.4200000000055297	trials	port_entry
9083.039699999998	0.0900000000037835	trials	port_entry
9083.2297	0.3699999999953434	trials	port_entry
9089.519666666663	0.5100333333321032	trials	reward_stimulus_presentation
9089.629633333334	0.21006666666653473	trials	port_entry
9090.069699999996	7.139999999999418	trials	port_entry
9090.5197	0.9999666666626581	trials	reward_delivery
9097.679699999997	8.25	trials	port_entry
9107.249733333334	0.12999999999738066	trials	port_entry
9107.399733333328	0.5400000000008731	trials	port_entry
9143.72973333333	0.22003333333850605	trials	port_entry
9150.1197	0.5200666666642064	trials	port_entry
9153.419766666662	0.1500000000014552	trials	port_entry
9158.329766666666	0.25	trials	port_entry
9158.689766666666	0.01999999999679858	trials	port_entry
9158.729766666667	0.5599999999976717	trials	port_entry
9159.429699999997	0.09006666667119134	trials	port_entry
9159.829766666666	0.7099999999991269	trials	port_entry
9164.619766666667	0.2699999999967986	trials	port_entry
9164.939733333329	0.4500333333344315	trials	port_entry
9165.40973333333	5.090033333333849	trials	port_entry
9170.51973333333	0.050033333332976326	trials	port_entry
9170.849766666663	0.3000000000029104	trials	port_entry
9171.199766666668	16.2699999999968	trials	port_entry
9179.519799999998	20.00250000000233	trials	shock_stimulus_presentation
9199.319766666664	0.3000000000029104	trials	shock_relay
9247.27983333333	1.819999999999709	trials	port_entry
9249.13983333333	0.23999999999796273	trials	port_entry
9279.029866666668	0.18999999999505235	trials	port_entry
9279.519899999996	0.7399666666678968	trials	reward_stimulus_presentation
9279.859866666662	24.82003333333705	trials	port_entry
9280.519866666666	1.000033333330066	trials	reward_delivery
9312.069866666669	0.3899999999994179	trials	port_entry
9312.489933333334	0.6899666666649864	trials	port_entry
9335.279899999998	0.11000000000058208	trials	port_entry
9342.67993333333	1.7100333333364688	trials	port_entry
9344.479933333332	10.77996666666877	trials	port_entry
9357.459966666665	1.9000000000014552	trials	port_entry
9359.449966666663	1.1300000000046566	trials	port_entry
9360.709933333335	2.3700333333326853	trials	port_entry
9363.759966666668	0.07999999999447027	trials	port_entry
9367.629966666664	0.1500000000014552	trials	port_entry
9367.8599	0.15006666666886304	trials	port_entry
9369.509933333331	7.020066666664206	trials	port_entry
9369.519966666663	0.3899999999994179	trials	reward_stimulus_presentation
9370.519966666663	1.0	trials	reward_delivery
9379.329966666668	0.049999999995634425	trials	port_entry
9385.849933333335	0.15003333333152113	trials	port_entry
9386.039999999997	0.13993333333201008	trials	port_entry
9397.339966666663	0.0900000000037835	trials	port_entry
9397.589966666663	0.07996666667168029	trials	port_entry
9419.259999999998	0.09003333333384944	trials	port_entry
9419.459999999995	0.13003333333472256	trials	port_entry
9457.040033333335	0.47999999999592546	trials	port_entry
9459.260033333328	0.30996666666760575	trials	port_entry
9459.52003333333	0.13999999999941792	trials	reward_stimulus_presentation
9460.52003333333	1.0	trials	reward_delivery
9464.000033333334	5.2000333333344315	trials	port_entry
9549.520166666665	0.889966666669352	trials	reward_stimulus_presentation
9550.010133333333	6.72003333333123	trials	port_entry
9550.520066666668	1.0000666666674078	trials	reward_delivery
9575.17013333333	0.6399999999994179	trials	port_entry
9585.540166666662	0.26996666666673264	trials	port_entry
9588.980166666664	0.040000000000873115	trials	port_entry
9596.530199999997	0.19996666666702367	trials	port_entry
9606.620166666664	0.11003333333792398	trials	port_entry
9606.76023333333	0.6999333333369577	trials	port_entry
9626.180233333329	0.2800000000061118	trials	port_entry
9634.520199999995	20.00220000000263	trials	shock_stimulus_presentation
9654.320266666666	0.3000000000029104	trials	shock_relay
9666.530233333335	0.1600333333335584	trials	port_entry
9668.280233333335	0.19003333333239425	trials	port_entry
9668.600266666665	0.1900000000023283	trials	port_entry
9668.900266666667	0.12999999999738066	trials	port_entry
9669.270266666663	0.20999999999912689	trials	port_entry
9669.690266666668	0.47999999999592546	trials	port_entry
9670.220266666667	0.7900000000008731	trials	port_entry
9671.030266666665	53.83003333333181	trials	port_entry
9724.5203	0.7599999999947613	trials	reward_stimulus_presentation
9724.88033333333	7.089966666666442	trials	port_entry
9725.52033333333	1.0	trials	reward_delivery
9732.070299999996	2.0100000000020373	trials	port_entry
9734.1603	0.10003333332861075	trials	port_entry
9739.040266666667	25.560099999995145	trials	port_entry
9764.840366666667	0.08999999999650754	trials	port_entry
9765.530333333332	28.800033333332976	trials	port_entry
9794.420366666662	0.2800000000061118	trials	port_entry
9794.880366666668	0.2599999999947613	trials	port_entry
9795.360366666664	0.23000000000320142	trials	port_entry
9795.890366666663	0.5899666666664416	trials	port_entry
9797.110400000001	0.059999999997671694	trials	port_entry
9797.910366666667	6.4500333333344315	trials	port_entry
9804.730399999997	6.169933333338122	trials	port_entry
9810.95033333333	0.3800666666647885	trials	port_entry
9812.680433333331	14.269966666666733	trials	port_entry
9819.520366666668	8.99006666666537	trials	reward_stimulus_presentation
9820.520399999998	1.0	trials	reward_delivery
9828.110400000001	0.9400333333323942	trials	port_entry
9847.050399999996	0.4000333333387971	trials	port_entry
9847.520399999998	0.2700333333341405	trials	port_entry
9847.82043333333	3.4400000000023283	trials	port_entry
9851.470433333332	57.38999999999942	trials	port_entry
9909.230500000001	11.610033333330648	trials	port_entry
9909.520533333332	20.00216666666529	trials	shock_stimulus_presentation
9921.320499999998	5.470000000001164	trials	port_entry
9929.320533333335	0.2999999999956344	trials	shock_relay
9943.130499999996	0.6700333333355957	trials	port_entry
9944.860566666666	0.39993333333404735	trials	port_entry
9945.620533333331	0.05996666666760575	trials	port_entry
9946.850499999997	1.6700333333355957	trials	port_entry
9948.730533333332	2.599999999998545	trials	port_entry
9951.400466666662	0.7800666666662437	trials	port_entry
9952.420533333334	1.139999999999418	trials	port_entry
9953.810533333333	0.040000000000873115	trials	port_entry
9953.910533333332	5.790033333330939	trials	port_entry
9959.790466666662	1.4901000000027125	trials	port_entry
9961.860566666666	5.389999999999418	trials	port_entry
9967.590466666665	0.11009999999805586	trials	port_entry
9969.560566666663	1.8100000000049477	trials	port_entry
9972.860533333329	0.06000000000494765	trials	port_entry
9972.950499999995	0.020000000004074536	trials	port_entry
9973.090466666665	1.6300666666647885	trials	port_entry
9978.420533333334	0.8300333333318122	trials	port_entry
9980.520566666662	0.3400000000037835	trials	port_entry
9981.470566666667	0.569999999999709	trials	port_entry
9982.140566666665	2.710033333336469	trials	port_entry
9987.790566666667	2.0899666666664416	trials	port_entry
9989.5206	0.7799666666687699	trials	reward_stimulus_presentation
9989.900566666667	0.029966666661493946	trials	port_entry
9990.030533333334	8.290066666661005	trials	port_entry
9990.520566666662	1.000033333337342	trials	reward_delivery
9999.100600000002	0.959966666661785	trials	port_entry
10002.51053333333	0.030033333336177748	trials	port_entry
10002.630566666663	0.10996666667051613	trials	port_entry
10002.780566666665	0.7399999999979627	trials	port_entry
10003.600566666664	0.020000000004074536	trials	port_entry
10018.44053333333	0.4000000000014552	trials	port_entry
10019.240566666664	0.49003333333530463	trials	port_entry
10020.540599999997	0.13999999999941792	trials	port_entry
10020.800599999999	0.029999999998835847	trials	port_entry
10021.0206	0.930000000000291	trials	port_entry
10021.970599999997	0.020000000004074536	trials	port_entry
10022.08053333333	0.03006666666624369	trials	port_entry
10022.370599999998	0.22000000000116415	trials	port_entry
10022.610599999996	0.22000000000116415	trials	port_entry
10023.920600000001	0.049999999995634425	trials	port_entry
10024.050599999999	0.37999999999738066	trials	port_entry
10024.550599999999	0.1599999999962165	trials	port_entry
10024.850600000002	1.0299999999988358	trials	port_entry
10026.400599999997	0.3899999999994179	trials	port_entry
10026.830599999998	9.580033333331812	trials	port_entry
10036.52063333333	4.150000000001455	trials	port_entry
10041.010633333335	0.13999999999941792	trials	port_entry
10041.34063333333	0.17000000000552973	trials	port_entry
10041.530533333334	0.0400999999983469	trials	port_entry
10041.600633333332	0.3499999999985448	trials	port_entry
10042.100633333332	0.8899999999994179	trials	port_entry
10043.040633333334	0.14999999999417923	trials	port_entry
10043.210566666665	0.06006666666507954	trials	port_entry
10043.45063333333	1.069999999999709	trials	port_entry
10044.570633333333	0.4899333333305549	trials	port_entry
10045.080599999998	4.069999999999709	trials	port_entry
10049.95063333333	0.14993333333404735	trials	port_entry
10050.210633333332	6.5899999999965075	trials	port_entry
10056.890633333333	20.66003333333356	trials	port_entry
10077.620633333328	2.2800333333361777	trials	port_entry
10079.520699999997	0.8299666666644043	trials	reward_stimulus_presentation
10079.950699999998	6.789966666670807	trials	port_entry
10080.520666666667	1.0	trials	reward_delivery
10086.780600000002	0.07006666665984085	trials	port_entry
10086.880666666668	0.08999999999650754	trials	port_entry
10087.120633333328	1.1400000000066939	trials	port_entry
10090.820633333333	0.060033333335013594	trials	port_entry
10104.020666666667	0.21003333332919283	trials	port_entry
10108.070666666663	0.18000000000029104	trials	port_entry
10109.720700000002	0.8599999999933061	trials	port_entry
10110.610700000001	0.12999999999738066	trials	port_entry
10110.8207	0.3699999999953434	trials	port_entry
10111.300699999996	0.1900000000023283	trials	port_entry
10111.510699999995	0.05000000000291038	trials	port_entry
10111.730666666666	0.04003333333093906	trials	port_entry
10111.800699999996	0.02993333333870396	trials	port_entry
10112.730699999996	0.2400000000052387	trials	port_entry
10113.060699999998	1.2199333333337563	trials	port_entry
10114.300699999996	0.0900000000037835	trials	port_entry
10114.600699999999	1.0100000000020373	trials	port_entry
10115.88063333333	0.040000000000873115	trials	port_entry
10116.310699999998	0.06993333333230112	trials	port_entry
10119.5307	0.12999999999738066	trials	port_entry
10119.770699999997	0.1199333333352115	trials	port_entry
10120.040666666664	0.20000000000436557	trials	port_entry
10120.350699999999	0.41999999999825377	trials	port_entry
10120.920699999999	0.40003333333152113	trials	port_entry
10121.400666666665	0.27000000000407454	trials	port_entry
10121.970666666664	0.06006666666507954	trials	port_entry
10122.440666666665	0.060033333335013594	trials	port_entry
10122.7807	0.5800333333318122	trials	port_entry
10129.720700000002	0.18999999999505235	trials	port_entry
10129.950699999998	0.5900000000037835	trials	port_entry
10130.8207	0.18000000000029104	trials	port_entry
10150.770766666665	0.019966666666732635	trials	port_entry
10154.290766666662	1.1400000000066939	trials	port_entry
10155.5307	32.460066666666535	trials	port_entry
10179.520733333335	8.940033333332394	trials	reward_stimulus_presentation
10180.520800000002	0.9999333333325922	trials	reward_delivery
10188.060766666666	2.900000000001455	trials	port_entry
10191.080766666662	0.06999999999970896	trials	port_entry
10191.170766666666	3.2600000000020373	trials	port_entry
10205.070799999998	0.12000000000261934	trials	port_entry
10205.4408	0.7299999999959255	trials	port_entry
10206.820799999998	0.6500000000014552	trials	port_entry
10207.650766666662	0.06000000000494765	trials	port_entry
10207.820766666668	0.9899666666606208	trials	port_entry
10208.85073333333	0.06000000000494765	trials	port_entry
10208.940699999996	1.3000666666703182	trials	port_entry
10210.480800000001	0.13996666666207602	trials	port_entry
10211.0508	0.04996666666556848	trials	port_entry
10211.130766666665	0.04003333333093906	trials	port_entry
10211.270766666665	0.029999999998835847	trials	port_entry
10211.350766666666	7.320033333329775	trials	port_entry
10218.850799999997	0.5799333333343384	trials	port_entry
10219.560799999996	4.540033333338215	trials	port_entry
10224.1908	7.730033333333267	trials	port_entry
10232.000833333335	14.57999999999447	trials	port_entry
10246.620766666663	4.4100666666709	trials	port_entry
10251.050833333331	34.29003333333094	trials	port_entry
10269.520833333332	20.002533333332394	trials	shock_stimulus_presentation
10285.360866666666	0.059999999997671694	trials	port_entry
10285.810866666663	3.7400000000052387	trials	port_entry
10289.320866666665	0.3000000000029104	trials	shock_relay
10297.630866666663	0.6199666666725534	trials	port_entry
10299.040866666666	0.6199999999953434	trials	port_entry
10301.110866666666	0.7199666666638223	trials	port_entry
10302.320866666665	0.7600000000020373	trials	port_entry
10303.220866666667	64.61009999999806	trials	port_entry
10359.520966666667	9.199933333329682	trials	reward_stimulus_presentation
10360.52093333333	1.0	trials	reward_delivery
10368.320866666665	0.059999999997671694	trials	port_entry
10368.600933333331	0.4400000000023283	trials	port_entry
10373.400966666664	0.41000000000349246	trials	port_entry
10374.660966666666	0.2399666666678968	trials	port_entry
10378.27093333333	0.4100333333335584	trials	port_entry
10378.770966666667	0.029999999998835847	trials	port_entry
10379.170966666668	0.06999999999970896	trials	port_entry
10379.590966666667	0.3499999999985448	trials	port_entry
10380.170966666668	0.14999999999417923	trials	port_entry
10380.950966666667	0.9899999999979627	trials	port_entry
10382.500966666663	0.03993333333346527	trials	port_entry
10383.130966666668	0.6399999999994179	trials	port_entry
10384.180966666663	3.959999999999127	trials	port_entry
10392.960966666662	0.5	trials	port_entry
10393.680966666663	0.4599999999991269	trials	port_entry
10394.510966666665	0.01999999999679858	trials	port_entry
10395.040966666664	0.16000000000349246	trials	port_entry
10395.220966666664	0.11000000000058208	trials	port_entry
10396.440966666665	0.01999999999679858	trials	port_entry
10396.560966666668	0.06999999999970896	trials	port_entry
10396.720966666664	1.2700000000040745	trials	port_entry
10398.010966666665	0.01999999999679858	trials	port_entry
10398.130999999998	0.04996666666556848	trials	port_entry
10398.320966666663	0.6700000000055297	trials	port_entry
10399.400933333334	0.40003333333152113	trials	port_entry
10403.300999999996	0.040000000000873115	trials	port_entry
10403.370999999996	0.22000000000116415	trials	port_entry
10403.660999999996	0.2900000000008731	trials	port_entry
10403.971000000001	0.4799666666658595	trials	port_entry
10404.471000000001	0.03999999999359716	trials	port_entry
10404.740999999998	0.18000000000029104	trials	port_entry
10404.940999999995	0.049900000005436596	trials	port_entry
10405.310999999998	3.569966666669643	trials	port_entry
10409.931	3.5	trials	port_entry
10413.750966666663	1.1200000000026193	trials	port_entry
10414.890933333332	6.800066666663042	trials	port_entry
10424.001	34.94999999999709	trials	port_entry
10449.521066666664	20.002133333335223	trials	shock_stimulus_presentation
10461.581033333332	2.0599666666676058	trials	port_entry
10463.691033333333	0.029966666668769903	trials	port_entry
10465.301033333333	2.5800000000017462	trials	port_entry
10469.32103333333	0.3000000000029104	trials	shock_relay
10470.301033333333	0.34003333333384944	trials	port_entry
10470.871033333333	0.33000000000174623	trials	port_entry
10472.701033333335	0.5199666666667326	trials	port_entry
10473.331033333332	57.05006666666304	trials	port_entry
10530.501099999998	4.2700000000040745	trials	port_entry
10534.521100000002	0.7699999999967986	trials	reward_stimulus_presentation
10534.891099999997	8.82003333333705	trials	port_entry
10535.521100000002	1.0	trials	reward_delivery
10545.321099999997	0.8499999999985448	trials	port_entry
10549.511066666662	0.3000333333329763	trials	port_entry
10550.121166666668	0.04996666666556848	trials	port_entry
10551.4411	0.029999999998835847	trials	port_entry
10553.881133333332	1.069999999999709	trials	port_entry
10566.251133333335	0.059999999997671694	trials	port_entry
10569.531133333334	0.2999999999956344	trials	port_entry
10570.851133333334	0.08999999999650754	trials	port_entry
10571.751133333335	0.32999999999447027	trials	port_entry
10575.40113333333	0.3600000000005821	trials	port_entry
10575.891133333334	0.2199999999938882	trials	port_entry
10576.15113333333	0.6200000000026193	trials	port_entry
10577.601133333334	0.09999999999854481	trials	port_entry
10577.741133333333	2.6700333333355957	trials	port_entry
10580.451166666662	0.03993333333346527	trials	port_entry
10580.581166666667	0.049999999995634425	trials	port_entry
10581.291166666666	0.19999999999708962	trials	port_entry
10582.631166666662	0.18000000000029104	trials	port_entry
10582.971166666666	0.13999999999941792	trials	port_entry
10583.131166666662	0.31999999999970896	trials	port_entry
10583.471166666666	0.20999999999912689	trials	port_entry
10583.881166666662	0.12000000000261934	trials	port_entry
10584.351166666664	0.06000000000494765	trials	port_entry
10584.661166666669	0.03999999999359716	trials	port_entry
10585.501166666665	0.11000000000058208	trials	port_entry
10585.751166666665	2.7699999999967986	trials	port_entry
10588.791133333329	1.9900333333353046	trials	port_entry
10590.891133333334	0.19003333333239425	trials	port_entry
10591.231133333331	0.1299666666673147	trials	port_entry
10591.571133333335	0.10006666666595265	trials	port_entry
10592.111166666666	0.5800333333318122	trials	port_entry
10592.761199999997	0.2599333333346294	trials	port_entry
10595.141166666665	3.279999999998836	trials	port_entry
10598.621166666668	0.19999999999708962	trials	port_entry
10599.141166666665	4.620000000002619	trials	port_entry
10603.901166666667	20.990033333335305	trials	port_entry
10624.52123333333	0.7900000000008731	trials	reward_stimulus_presentation
10624.911199999999	0.11003333333064802	trials	port_entry
10625.121266666665	7.449933333329682	trials	port_entry
10625.5212	1.0	trials	reward_delivery
10636.011166666667	1.2600333333321032	trials	port_entry
10638.281200000001	0.3700333333326853	trials	port_entry
10642.1312	0.029999999998835847	trials	port_entry
10643.521166666662	0.4100333333335584	trials	port_entry
10645.2012	0.8399999999965075	trials	port_entry
10649.931199999995	0.8900333333367598	trials	port_entry
10662.431233333333	0.23999999999796273	trials	port_entry
10671.891266666662	0.569966666669643	trials	port_entry
10678.461233333332	1.75	trials	port_entry
10683.221266666664	1.6300000000046566	trials	port_entry
10684.871266666665	2.1600000000034925	trials	port_entry
10692.281266666669	0.4699999999938882	trials	port_entry
10694.461233333332	0.23000000000320142	trials	port_entry
10696.151300000001	0.03999999999359716	trials	port_entry
10698.221199999996	0.6601000000009662	trials	port_entry
10701.501266666663	0.2599666666719713	trials	port_entry
10714.7513	0.059999999997671694	trials	port_entry
10714.851299999998	0.05000000000291038	trials	port_entry
10716.6113	0.040000000000873115	trials	port_entry
10716.741299999998	2.9899999999979627	trials	port_entry
10719.521333333334	20.002133333327947	trials	shock_stimulus_presentation
10720.451299999997	4.560033333335014	trials	port_entry
10739.321266666662	0.3000666666703182	trials	shock_relay
10752.061299999998	0.7099666666690609	trials	port_entry
10753.5413	0.08999999999650754	trials	port_entry
10753.691299999995	0.720033333338506	trials	port_entry
10754.901333333331	35.170033333335596	trials	port_entry
10790.171366666666	7.719966666663822	trials	port_entry
10798.261300000002	1.290033333330939	trials	port_entry
10799.64133333333	0.20003333333443152	trials	port_entry
10801.771400000001	1.569966666662367	trials	port_entry
10805.951366666664	0.5300333333361777	trials	port_entry
10806.551366666663	0.10003333333588671	trials	port_entry
10806.711366666666	0.10003333332861075	trials	port_entry
10806.871299999995	0.05000000000291038	trials	port_entry
10809.261366666662	10.960033333336469	trials	port_entry
10809.521433333332	20.00243333333492	trials	shock_stimulus_presentation
10822.211399999997	0.6899333333349205	trials	port_entry
10829.321366666667	0.2999999999956344	trials	shock_relay
10840.401399999999	0.680000000000291	trials	port_entry
10843.271333333334	0.03003333332890179	trials	port_entry
10843.521366666664	0.059999999997671694	trials	port_entry
10844.671433333333	0.6199999999953434	trials	port_entry
10845.471433333329	0.040000000000873115	trials	port_entry
10845.591433333331	0.16999999999825377	trials	port_entry
10845.83143333333	0.4800000000032014	trials	port_entry
10846.411433333331	4.339966666666442	trials	port_entry
10850.771400000001	3.3000333333329763	trials	port_entry
10854.181433333335	40.29003333333094	trials	port_entry
10889.521499999999	20.002766666664684	trials	shock_stimulus_presentation
10897.851466666663	0.0900000000037835	trials	port_entry
10898.541466666666	5.529999999998836	trials	port_entry
10909.321466666664	0.3000000000029104	trials	shock_relay
10923.441499999997	0.059999999997671694	trials	port_entry
10923.7415	0.31999999999970896	trials	port_entry
10924.281500000001	1.0599999999976717	trials	port_entry
10925.651499999996	1.0200000000040745	trials	port_entry
10926.931499999995	6.410033333333558	trials	port_entry
10933.401533333334	0.9499999999970896	trials	port_entry
10934.471533333333	0.08000000000174623	trials	port_entry
10934.571466666664	0.0700666666671168	trials	port_entry
10938.981499999998	14.099966666668479	trials	port_entry
10954.081499999997	0.16999999999825377	trials	port_entry
10955.111499999995	0.11000000000058208	trials	port_entry
10957.211533333331	0.930000000000291	trials	port_entry
10958.941499999997	0.24003333333530463	trials	port_entry
10963.741566666667	0.22000000000116415	trials	port_entry
10964.011533333334	9.32999999999447	trials	port_entry
10973.651533333334	6.160033333333558	trials	port_entry
10979.521599999996	0.7499666666699341	trials	reward_stimulus_presentation
10979.871566666665	0.06996666666964302	trials	port_entry
10980.13153333333	10.080033333339088	trials	port_entry
10980.521566666666	0.9999666666626581	trials	reward_delivery
10992.561566666667	0.059999999997671694	trials	port_entry
10996.581566666664	0.13999999999941792	trials	port_entry
10996.981566666665	0.09999999999854481	trials	port_entry
10997.251566666662	0.7300000000032014	trials	port_entry
10998.001566666662	0.05000000000291038	trials	port_entry
11006.981599999996	0.0900000000037835	trials	port_entry
11007.091566666666	0.19003333333239425	trials	port_entry
11007.391599999999	0.31999999999970896	trials	port_entry
11007.851599999998	1.0399333333334653	trials	port_entry
11009.001499999995	7.180100000005041	trials	port_entry
11016.261566666664	0.13999999999941792	trials	port_entry
11016.421566666668	1.569999999999709	trials	port_entry
11018.041566666663	3.64003333333676	trials	port_entry
11021.771599999996	0.26000000000203727	trials	port_entry
11022.871599999995	0.1500000000014552	trials	port_entry
11023.3216	0.01999999999679858	trials	port_entry
11024.72163333333	0.25996666666469537	trials	port_entry
11025.081600000001	0.0899666666664416	trials	port_entry
11051.151633333331	0.16999999999825377	trials	port_entry
11051.341633333333	0.8399999999965075	trials	port_entry
11057.461633333329	0.0899666666664416	trials	port_entry
11059.04163333333	0.05000000000291038	trials	port_entry
11059.351633333328	2.9499666666670237	trials	port_entry
11063.901600000001	0.43999999999505235	trials	port_entry
11088.8017	0.27863333333516493	trials	phototagging
11089.360333333334	0.22753333333093906	trials	phototagging
11090.831866666664	0.1001333333333605	trials	phototagging
11091.833366666662	0.1001666666707024	trials	phototagging
11092.834899999998	0.1001666666707024	trials	phototagging
11093.836433333334	0.10016666666342644	trials	phototagging
11094.837966666662	0.1001666666707024	trials	phototagging
11095.839499999998	0.1001333333333605	trials	phototagging
11096.841033333334	0.10016666666342644	trials	phototagging
11097.842566666663	0.1001333333333605	trials	phototagging
11098.844099999998	0.1001333333333605	trials	phototagging
11099.845633333334	0.1001333333333605	trials	phototagging
11100.847166666663	0.1001333333333605	trials	phototagging
11101.848699999999	0.1001333333333605	trials	phototagging
11112.865533333334	0.004999999997380655	trials	phototagging
11112.875533333328	0.005033333334722556	trials	phototagging
11112.885566666668	0.004999999997380655	trials	phototagging
11112.895566666662	0.005033333334722556	trials	phototagging
11112.905600000002	0.004999999997380655	trials	phototagging
11112.915599999997	0.005000000004656613	trials	phototagging
11112.925633333329	0.005000000004656613	trials	phototagging
11112.93563333333	0.005033333334722556	trials	phototagging
11112.945666666663	0.005000000004656613	trials	phototagging
11112.955666666665	0.004999999997380655	trials	phototagging
11112.965666666667	0.005033333334722556	trials	phototagging
11112.975699999999	0.004999999997380655	trials	phototagging
11112.985733333331	0.004999999997380655	trials	phototagging
11112.995733333333	0.004999999997380655	trials	phototagging
11113.005733333335	0.0050333333274465986	trials	phototagging
11113.015766666667	0.004999999997380655	trials	phototagging
11113.025766666662	0.005033333334722556	trials	phototagging
11113.035800000001	0.004999999997380655	trials	phototagging
11113.045799999996	0.005033333334722556	trials	phototagging
11113.055833333328	0.005000000004656613	trials	phototagging
11113.06583333333	0.005000000004656613	trials	phototagging
11113.075866666662	0.005000000004656613	trials	phototagging
11113.085866666665	0.004999999997380655	trials	phototagging
11113.095866666667	0.005033333334722556	trials	phototagging
11113.105899999999	0.004999999997380655	trials	phototagging
11113.1159	0.0050333333274465986	trials	phototagging
11113.125933333333	0.004999999997380655	trials	phototagging
11113.135933333335	0.004999999997380655	trials	phototagging
11113.145966666667	0.004999999997380655	trials	phototagging
11113.155966666662	0.005000000004656613	trials	phototagging
11123.1813	0.010033333332103211	trials	phototagging
11123.281466666664	0.010000000002037268	trials	phototagging
11123.381633333334	0.00999999999476131	trials	phototagging
11123.481766666668	0.00999999999476131	trials	phototagging
11123.581933333331	0.010000000002037268	trials	phototagging
11123.682066666664	0.010033333332103211	trials	phototagging
11123.782233333335	0.00999999999476131	trials	phototagging
11123.882366666669	0.010033333332103211	trials	phototagging
11123.982533333332	0.010033333332103211	trials	phototagging
11124.082666666665	0.010033333332103211	trials	phototagging
11124.182833333329	0.010033333339379169	trials	phototagging
11124.283	0.010000000002037268	trials	phototagging
11124.383133333333	0.010033333332103211	trials	phototagging
11124.483299999996	0.010000000002037268	trials	phototagging
11124.583466666667	0.00999999999476131	trials	phototagging
11124.6836	0.010033333332103211	trials	phototagging
11124.783766666664	0.010000000002037268	trials	phototagging
11124.883899999997	0.010033333332103211	trials	phototagging
11124.984066666668	0.00999999999476131	trials	phototagging
11125.084200000001	0.010033333332103211	trials	phototagging
11125.184366666665	0.010033333332103211	trials	phototagging
11125.284533333335	0.00999999999476131	trials	phototagging
11125.384666666669	0.010033333332103211	trials	phototagging
11125.484833333332	0.010000000002037268	trials	phototagging
11125.584999999995	0.010000000002037268	trials	phototagging
11125.685133333329	0.010033333339379169	trials	phototagging
11125.7853	0.010000000002037268	trials	phototagging
11125.885433333333	0.010033333332103211	trials	phototagging
11125.985599999996	0.010033333332103211	trials	phototagging
11126.085766666667	0.00999999999476131	trials	phototagging
11136.20123333333	0.005000000004656613	trials	phototagging
11137.202733333335	0.0050333333274465986	trials	phototagging
11138.204300000001	0.004999999997380655	trials	phototagging
11139.20583333333	0.005000000004656613	trials	phototagging
11140.207333333328	0.005000000004656613	trials	phototagging
11141.208866666664	0.005033333334722556	trials	phototagging
11142.2104	0.004999999997380655	trials	phototagging
11143.211933333328	0.005033333334722556	trials	phototagging
11144.213466666664	0.004999999997380655	trials	phototagging
11145.215	0.004999999997380655	trials	phototagging
11146.216533333329	0.005000000004656613	trials	phototagging
11147.218066666665	0.004999999997380655	trials	phototagging
11148.2196	0.004999999997380655	trials	phototagging
11149.221133333329	0.005000000004656613	trials	phototagging
11150.222666666665	0.004999999997380655	trials	phototagging
11151.2242	0.004999999997380655	trials	phototagging
11152.22573333333	0.005000000004656613	trials	phototagging
11153.227266666665	0.004999999997380655	trials	phototagging
11154.2288	0.004999999997380655	trials	phototagging
11155.23033333333	0.005000000004656613	trials	phototagging
11156.231833333335	0.0050333333274465986	trials	phototagging
11157.233400000001	0.004999999997380655	trials	phototagging
11158.2349	0.005033333334722556	trials	phototagging
11159.236433333335	0.0050333333274465986	trials	phototagging
11160.237966666664	0.005033333334722556	trials	phototagging
11161.2395	0.004999999997380655	trials	phototagging
11162.241033333328	0.005033333334722556	trials	phototagging
11163.242566666664	0.005000000004656613	trials	phototagging
11164.2441	0.004999999997380655	trials	phototagging
11165.245633333328	0.005000000004656613	trials	phototagging
11176.262466666663	0.005033333334722556	trials	phototagging
11177.26403333333	0.005000000004656613	trials	phototagging
11178.265533333335	0.0050333333274465986	trials	phototagging
11179.267066666664	0.005033333334722556	trials	phototagging
11180.2686	0.005033333334722556	trials	phototagging
11181.270133333335	0.004999999997380655	trials	phototagging
11182.271666666664	0.005000000004656613	trials	phototagging
11183.2732	0.004999999997380655	trials	phototagging
11184.274733333328	0.005000000004656613	trials	phototagging
11185.276266666664	0.005000000004656613	trials	phototagging
11186.2778	0.004999999997380655	trials	phototagging
11187.279333333328	0.005000000004656613	trials	phototagging
11188.280866666664	0.004999999997380655	trials	phototagging
11189.2824	0.004999999997380655	trials	phototagging
11190.283933333329	0.005000000004656613	trials	phototagging
11191.285466666664	0.004999999997380655	trials	phototagging
11192.287	0.004999999997380655	trials	phototagging
11193.288533333329	0.005000000004656613	trials	phototagging
11194.290066666665	0.004999999997380655	trials	phototagging
11195.291566666663	0.005033333334722556	trials	phototagging
11196.293133333329	0.005000000004656613	trials	phototagging
11197.294633333335	0.0050333333274465986	trials	phototagging
11198.2962	0.004999999997380655	trials	phototagging
11199.2977	0.005033333334722556	trials	phototagging
11200.299233333335	0.004999999997380655	trials	phototagging
11201.300766666664	0.005033333334722556	trials	phototagging
11202.3023	0.004999999997380655	trials	phototagging
11203.303833333335	0.004999999997380655	trials	phototagging
11204.305366666664	0.005000000004656613	trials	phototagging
11205.3069	0.004999999997380655	trials	phototagging
11216.323766666665	0.010000000002037268	trials	phototagging
11216.423899999998	0.010033333332103211	trials	phototagging
11216.524066666669	0.00999999999476131	trials	phototagging
11216.624200000002	0.010033333332103211	trials	phototagging
11216.724366666665	0.010000000002037268	trials	phototagging
11216.824499999999	0.010033333332103211	trials	phototagging
11216.924666666662	0.010033333339379169	trials	phototagging
11217.024833333333	0.010000000002037268	trials	phototagging
11217.124966666666	0.010033333332103211	trials	phototagging
11217.22513333333	0.010033333332103211	trials	phototagging
11217.3253	0.00999999999476131	trials	phototagging
11217.425433333334	0.010033333332103211	trials	phototagging
11217.525599999997	0.010000000002037268	trials	phototagging
11217.62573333333	0.010033333332103211	trials	phototagging
11217.725900000001	0.00999999999476131	trials	phototagging
11217.826033333335	0.010033333332103211	trials	phototagging
11217.926199999998	0.010033333332103211	trials	phototagging
11218.026366666661	0.010000000002037268	trials	phototagging
11218.126499999995	0.010033333339379169	trials	phototagging
11218.226666666666	0.010000000002037268	trials	phototagging
11218.326833333329	0.010000000002037268	trials	phototagging
11218.426966666662	0.010000000002037268	trials	phototagging
11218.527133333333	0.010000000002037268	trials	phototagging
11218.627266666666	0.010033333332103211	trials	phototagging
11218.72743333333	0.010000000002037268	trials	phototagging
11218.827566666663	0.010033333332103211	trials	phototagging
11218.927733333334	0.010033333332103211	trials	phototagging
11219.027899999997	0.010000000002037268	trials	phototagging
11219.12803333333	0.010033333332103211	trials	phototagging
11219.228200000001	0.00999999999476131	trials	phototagging
11229.343666666664	0.005000000004656613	trials	phototagging
11230.3452	0.004999999997380655	trials	phototagging
11231.346733333328	0.005000000004656613	trials	phototagging
11232.348266666664	0.004999999997380655	trials	phototagging
11233.3498	0.004999999997380655	trials	phototagging
11234.351333333329	0.005000000004656613	trials	phototagging
11235.352866666664	0.004999999997380655	trials	phototagging
11236.3544	0.004999999997380655	trials	phototagging
11237.355933333329	0.005000000004656613	trials	phototagging
11238.357466666665	0.004999999997380655	trials	phototagging
11239.359	0.004999999997380655	trials	phototagging
11240.360499999999	0.005033333334722556	trials	phototagging
11241.362066666665	0.004999999997380655	trials	phototagging
11242.363566666663	0.005033333334722556	trials	phototagging
11243.36513333333	0.005000000004656613	trials	phototagging
11244.366633333335	0.0050333333274465986	trials	phototagging
11245.368166666663	0.005033333334722556	trials	phototagging
11246.3697	0.004999999997380655	trials	phototagging
11247.371233333335	0.004999999997380655	trials	phototagging
11248.372766666664	0.005000000004656613	trials	phototagging
11249.3743	0.004999999997380655	trials	phototagging
11250.375833333335	0.004999999997380655	trials	phototagging
11251.377366666664	0.005000000004656613	trials	phototagging
11252.3789	0.004999999997380655	trials	phototagging
11253.380433333328	0.005000000004656613	trials	phototagging
11254.381966666664	0.004999999997380655	trials	phototagging
11255.3835	0.004999999997380655	trials	phototagging
11256.385033333328	0.005000000004656613	trials	phototagging
11257.386566666664	0.004999999997380655	trials	phototagging
11258.3881	0.004999999997380655	trials	phototagging
11269.404933333335	0.004999999997380655	trials	phototagging
11269.414966666667	0.004999999997380655	trials	phototagging
11269.424966666662	0.005000000004656613	trials	phototagging
11269.435000000001	0.004999999997380655	trials	phototagging
11269.444999999996	0.005000000004656613	trials	phototagging
11269.455033333328	0.005000000004656613	trials	phototagging
11269.46503333333	0.005000000004656613	trials	phototagging
11269.475033333332	0.005033333334722556	trials	phototagging
11269.485066666664	0.004999999997380655	trials	phototagging
11269.495099999996	0.005000000004656613	trials	phototagging
11269.505099999998	0.004999999997380655	trials	phototagging
11269.5151	0.004999999997380655	trials	phototagging
11269.525133333333	0.004999999997380655	trials	phototagging
11269.535133333335	0.0050333333274465986	trials	phototagging
11269.545166666667	0.004999999997380655	trials	phototagging
11269.555166666662	0.005000000004656613	trials	phototagging
11269.565200000001	0.004999999997380655	trials	phototagging
11269.575199999996	0.005033333334722556	trials	phototagging
11269.585233333335	0.004999999997380655	trials	phototagging
11269.59523333333	0.005000000004656613	trials	phototagging
11269.605266666662	0.005000000004656613	trials	phototagging
11269.615266666664	0.005000000004656613	trials	phototagging
11269.625266666666	0.005033333334722556	trials	phototagging
11269.635299999998	0.004999999997380655	trials	phototagging
11269.6453	0.005033333334722556	trials	phototagging
11269.655333333332	0.004999999997380655	trials	phototagging
11269.665333333334	0.004999999997380655	trials	phototagging
11269.675366666666	0.004999999997380655	trials	phototagging
11269.685366666668	0.004999999997380655	trials	phototagging
11269.6954	0.004999999997380655	trials	phototagging
11279.720733333332	0.010000000002037268	trials	phototagging
11279.820866666665	0.010033333332103211	trials	phototagging
11279.921033333329	0.010000000002037268	trials	phototagging
11280.021166666662	0.010033333339379169	trials	phototagging
11280.121333333333	0.010033333332103211	trials	phototagging
11280.221499999996	0.010000000002037268	trials	phototagging
11280.32163333333	0.010033333332103211	trials	phototagging
11280.4218	0.00999999999476131	trials	phototagging
11280.521933333333	0.010033333332103211	trials	phototagging
11280.622099999997	0.010000000002037268	trials	phototagging
11280.722266666668	0.00999999999476131	trials	phototagging
11280.822400000001	0.00999999999476131	trials	phototagging
11280.922566666664	0.010000000002037268	trials	phototagging
11281.022699999998	0.010033333332103211	trials	phototagging
11281.122866666668	0.00999999999476131	trials	phototagging
11281.223000000002	0.010033333332103211	trials	phototagging
11281.323166666665	0.010033333332103211	trials	phototagging
11281.423333333329	0.010000000002037268	trials	phototagging
11281.523466666662	0.010033333339379169	trials	phototagging
11281.623633333333	0.010033333332103211	trials	phototagging
11281.723799999996	0.010000000002037268	trials	phototagging
11281.82393333333	0.010033333332103211	trials	phototagging
11281.9241	0.00999999999476131	trials	phototagging
11282.024233333334	0.010033333332103211	trials	phototagging
11282.124399999997	0.010000000002037268	trials	phototagging
11282.22453333333	0.010033333332103211	trials	phototagging
11282.324700000001	0.010033333332103211	trials	phototagging
11282.424866666664	0.010000000002037268	trials	phototagging
11282.524999999998	0.010033333332103211	trials	phototagging
11282.625166666669	0.00999999999476131	trials	phototagging
11292.740633333331	0.1001666666707024	trials	phototagging
11293.742166666667	0.10016666666342644	trials	phototagging
11294.743699999995	0.1001666666707024	trials	phototagging
11295.745233333331	0.1001333333333605	trials	phototagging
11296.746766666667	0.10016666666342644	trials	phototagging
11297.748299999996	0.1001333333333605	trials	phototagging
11298.749833333331	0.1001333333333605	trials	phototagging
11299.751366666667	0.1001333333333605	trials	phototagging
11300.752866666666	0.10016666666342644	trials	phototagging
11301.754433333332	0.1001333333333605	trials	phototagging
11302.755966666668	0.1001333333333605	trials	phototagging
11303.757499999996	0.1001333333333605	trials	phototagging
11314.774333333331	0.004999999997380655	trials	phototagging
11314.784333333333	0.005033333334722556	trials	phototagging
11314.794366666665	0.004999999997380655	trials	phototagging
11314.804366666667	0.005033333334722556	trials	phototagging
11314.8144	0.004999999997380655	trials	phototagging
11314.824400000001	0.004999999997380655	trials	phototagging
11314.834433333333	0.004999999997380655	trials	phototagging
11314.844433333328	0.005033333334722556	trials	phototagging
11314.854466666668	0.004999999997380655	trials	phototagging
11314.864466666662	0.005000000004656613	trials	phototagging
11314.874466666664	0.005033333334722556	trials	phototagging
11314.884499999996	0.005000000004656613	trials	phototagging
11314.894533333329	0.005000000004656613	trials	phototagging
11314.90453333333	0.005000000004656613	trials	phototagging
11314.914533333333	0.005033333334722556	trials	phototagging
11314.924566666665	0.004999999997380655	trials	phototagging
11314.934599999997	0.005000000004656613	trials	phototagging
11314.944599999999	0.004999999997380655	trials	phototagging
11314.954600000001	0.0050333333274465986	trials	phototagging
11314.964633333333	0.004999999997380655	trials	phototagging
11314.974633333335	0.0050333333274465986	trials	phototagging
11314.984666666667	0.004999999997380655	trials	phototagging
11314.994666666662	0.005033333334722556	trials	phototagging
11315.004700000001	0.004999999997380655	trials	phototagging
11315.014699999996	0.005000000004656613	trials	phototagging
11315.024733333328	0.005000000004656613	trials	phototagging
11315.03473333333	0.005000000004656613	trials	phototagging
11315.044766666662	0.005000000004656613	trials	phototagging
11315.054766666664	0.004999999997380655	trials	phototagging
11315.064766666666	0.005033333334722556	trials	phototagging
11325.090099999998	0.1001666666707024	trials	phototagging
11326.091633333333	0.10016666666342644	trials	phototagging
11327.093166666662	0.1001666666707024	trials	phototagging
11328.094699999998	0.1001666666707024	trials	phototagging
11329.096233333334	0.10016666666342644	trials	phototagging
11330.097766666662	0.1001666666707024	trials	phototagging
11331.099299999998	0.10016666666342644	trials	phototagging
11332.100833333334	0.10016666666342644	trials	phototagging
11333.102366666662	0.1001666666707024	trials	phototagging
11334.103899999998	0.1001333333333605	trials	phototagging
11335.105433333334	0.10016666666342644	trials	phototagging
11336.106966666663	0.1001666666707024	trials	phototagging
11347.123833333335	0.00999999999476131	trials	phototagging
11347.223966666668	0.010033333332103211	trials	phototagging
11347.324133333332	0.010000000002037268	trials	phototagging
11347.424266666665	0.010033333332103211	trials	phototagging
11347.524433333328	0.010000000002037268	trials	phototagging
11347.624566666662	0.010033333339379169	trials	phototagging
11347.724733333333	0.010033333332103211	trials	phototagging
11347.824899999996	0.010000000002037268	trials	phototagging
11347.92503333333	0.010033333339379169	trials	phototagging
11348.0252	0.00999999999476131	trials	phototagging
11348.125333333333	0.010033333332103211	trials	phototagging
11348.225499999997	0.010000000002037268	trials	phototagging
11348.325666666668	0.00999999999476131	trials	phototagging
11348.4258	0.010033333332103211	trials	phototagging
11348.525966666664	0.010000000002037268	trials	phototagging
11348.626099999998	0.010033333332103211	trials	phototagging
11348.726266666668	0.010033333332103211	trials	phototagging
11348.826433333332	0.010000000002037268	trials	phototagging
11348.926566666665	0.010033333332103211	trials	phototagging
11349.026733333329	0.010000000002037268	trials	phototagging
11349.126866666662	0.010033333339379169	trials	phototagging
11349.227033333333	0.010033333332103211	trials	phototagging
11349.327199999996	0.010000000002037268	trials	phototagging
11349.42733333333	0.010033333332103211	trials	phototagging
11349.5275	0.00999999999476131	trials	phototagging
11349.627666666664	0.010000000002037268	trials	phototagging
11349.727799999997	0.010033333332103211	trials	phototagging
11349.827966666668	0.00999999999476131	trials	phototagging
11349.928100000001	0.010033333332103211	trials	phototagging
11350.028266666664	0.010000000002037268	trials	phototagging
11360.143733333334	0.004999999997380655	trials	phototagging
11361.145266666663	0.005000000004656613	trials	phototagging
11362.146799999999	0.004999999997380655	trials	phototagging
11363.148333333334	0.004999999997380655	trials	phototagging
11364.149866666663	0.005000000004656613	trials	phototagging
11365.151399999999	0.004999999997380655	trials	phototagging
11366.152933333335	0.004999999997380655	trials	phototagging
11367.154466666663	0.005000000004656613	trials	phototagging
11368.155999999999	0.004999999997380655	trials	phototagging
11369.157533333335	0.004999999997380655	trials	phototagging
11370.159066666663	0.005000000004656613	trials	phototagging
11371.160566666662	0.005033333334722556	trials	phototagging
11372.162133333335	0.004999999997380655	trials	phototagging
11373.163633333334	0.005033333334722556	trials	phototagging
11374.1652	0.004999999997380655	trials	phototagging
11375.166699999998	0.005033333334722556	trials	phototagging
11376.168233333334	0.005033333334722556	trials	phototagging
11377.169766666662	0.005033333334722556	trials	phototagging
11378.171299999998	0.004999999997380655	trials	phototagging
11379.172833333334	0.005033333334722556	trials	phototagging
11380.174366666663	0.005000000004656613	trials	phototagging
11381.175899999998	0.005033333334722556	trials	phototagging
11382.177433333334	0.004999999997380655	trials	phototagging
11383.178966666663	0.005000000004656613	trials	phototagging
11384.180499999999	0.004999999997380655	trials	phototagging
11385.182033333334	0.004999999997380655	trials	phototagging
11386.183566666663	0.005000000004656613	trials	phototagging
11387.185099999999	0.004999999997380655	trials	phototagging
11388.186633333335	0.004999999997380655	trials	phototagging
11389.188166666663	0.005000000004656613	trials	phototagging
11400.204999999998	0.005033333334722556	trials	phototagging
11401.206533333334	0.005033333334722556	trials	phototagging
11402.208066666662	0.005033333334722556	trials	phototagging
11403.209599999998	0.005033333334722556	trials	phototagging
11404.211133333334	0.004999999997380655	trials	phototagging
11405.212666666663	0.005033333334722556	trials	phototagging
11406.214199999999	0.004999999997380655	trials	phototagging
11407.215733333334	0.004999999997380655	trials	phototagging
11408.217266666663	0.005000000004656613	trials	phototagging
11409.218799999999	0.004999999997380655	trials	phototagging
11410.220333333335	0.004999999997380655	trials	phototagging
11411.221866666663	0.005000000004656613	trials	phototagging
11412.223399999999	0.004999999997380655	trials	phototagging
11413.224933333335	0.004999999997380655	trials	phototagging
11414.226466666663	0.005000000004656613	trials	phototagging
11415.228	0.004999999997380655	trials	phototagging
11416.229533333335	0.004999999997380655	trials	phototagging
11417.231066666664	0.005000000004656613	trials	phototagging
11418.2326	0.004999999997380655	trials	phototagging
11419.234133333335	0.004999999997380655	trials	phototagging
11420.235666666664	0.005000000004656613	trials	phototagging
11421.2372	0.004999999997380655	trials	phototagging
11422.238733333335	0.004999999997380655	trials	phototagging
11423.240233333334	0.005033333334722556	trials	phototagging
11424.2418	0.004999999997380655	trials	phototagging
11425.243299999998	0.005033333334722556	trials	phototagging
11426.244833333334	0.0050333333274465986	trials	phototagging
11427.246366666663	0.005033333334722556	trials	phototagging
11428.247899999998	0.005033333334722556	trials	phototagging
11429.249433333334	0.0050333333274465986	trials	phototagging
11440.2663	0.010000000002037268	trials	phototagging
11440.366433333333	0.010033333332103211	trials	phototagging
11440.466599999996	0.010033333332103211	trials	phototagging
11440.566766666667	0.00999999999476131	trials	phototagging
11440.6669	0.010033333332103211	trials	phototagging
11440.767066666664	0.010000000002037268	trials	phototagging
11440.867233333334	0.00999999999476131	trials	phototagging
11440.967366666668	0.010033333332103211	trials	phototagging
11441.067533333331	0.010000000002037268	trials	phototagging
11441.167666666664	0.010033333332103211	trials	phototagging
11441.267833333335	0.00999999999476131	trials	phototagging
11441.367999999999	0.010000000002037268	trials	phototagging
11441.468133333332	0.010033333332103211	trials	phototagging
11441.568299999995	0.010000000002037268	trials	phototagging
11441.668433333329	0.010033333339379169	trials	phototagging
11441.7686	0.010000000002037268	trials	phototagging
11441.868766666663	0.010000000002037268	trials	phototagging
11441.968899999996	0.010000000002037268	trials	phototagging
11442.069066666667	0.00999999999476131	trials	phototagging
11442.1692	0.010033333332103211	trials	phototagging
11442.269366666664	0.010000000002037268	trials	phototagging
11442.369499999997	0.010033333332103211	trials	phototagging
11442.469666666668	0.00999999999476131	trials	phototagging
11442.569800000001	0.010033333332103211	trials	phototagging
11442.669966666665	0.010033333332103211	trials	phototagging
11442.770133333335	0.00999999999476131	trials	phototagging
11442.870266666669	0.010033333332103211	trials	phototagging
11442.970433333332	0.010000000002037268	trials	phototagging
11443.070566666665	0.010033333332103211	trials	phototagging
11443.170733333329	0.010033333339379169	trials	phototagging
11775.560699999998	0.1001333333333605	trials	phototagging
11776.562233333334	0.10016666666342644	trials	phototagging
11777.563766666663	0.1001333333333605	trials	phototagging
11778.565299999998	0.1001333333333605	trials	phototagging
11779.566833333334	0.1001333333333605	trials	phototagging
11780.568366666663	0.1001333333333605	trials	phototagging
11781.569899999999	0.1001333333333605	trials	phototagging
11782.571433333334	0.1001333333333605	trials	phototagging
11783.572933333333	0.10016666666342644	trials	phototagging
11784.574466666661	0.1001666666707024	trials	phototagging
11785.575999999997	0.1001666666707024	trials	phototagging
11786.577533333333	0.10016666666342644	trials	phototagging
11797.594399999998	0.004999999997380655	trials	phototagging
11797.60443333333	0.005000000004656613	trials	phototagging
11797.614433333332	0.004999999997380655	trials	phototagging
11797.624433333334	0.004999999997380655	trials	phototagging
11797.634466666666	0.004999999997380655	trials	phototagging
11797.644466666668	0.004999999997380655	trials	phototagging
11797.6545	0.004999999997380655	trials	phototagging
11797.664499999995	0.005000000004656613	trials	phototagging
11797.674533333335	0.004999999997380655	trials	phototagging
11797.68453333333	0.005000000004656613	trials	phototagging
11797.694533333331	0.005033333334722556	trials	phototagging
11797.704566666664	0.005000000004656613	trials	phototagging
11797.714566666666	0.005033333334722556	trials	phototagging
11797.724599999998	0.004999999997380655	trials	phototagging
11797.7346	0.004999999997380655	trials	phototagging
11797.744633333332	0.004999999997380655	trials	phototagging
11797.754633333334	0.004999999997380655	trials	phototagging
11797.764666666666	0.004999999997380655	trials	phototagging
11797.774666666668	0.004999999997380655	trials	phototagging
11797.784666666663	0.005033333334722556	trials	phototagging
11797.794699999995	0.005000000004656613	trials	phototagging
11797.804699999997	0.005033333334722556	trials	phototagging
11797.814733333329	0.005000000004656613	trials	phototagging
11797.824733333331	0.004999999997380655	trials	phototagging
11797.834766666663	0.005000000004656613	trials	phototagging
11797.844766666665	0.004999999997380655	trials	phototagging
11797.854799999997	0.005000000004656613	trials	phototagging
11797.8648	0.004999999997380655	trials	phototagging
11797.874800000001	0.0050333333274465986	trials	phototagging
11797.884833333334	0.004999999997380655	trials	phototagging
11807.910166666665	0.010033333332103211	trials	phototagging
11808.010333333328	0.010000000002037268	trials	phototagging
11808.110466666662	0.010033333339379169	trials	phototagging
11808.210633333332	0.010000000002037268	trials	phototagging
11808.310799999996	0.010000000002037268	trials	phototagging
11808.410933333329	0.010000000002037268	trials	phototagging
11808.5111	0.010000000002037268	trials	phototagging
11808.611233333333	0.010033333332103211	trials	phototagging
11808.711399999997	0.010000000002037268	trials	phototagging
11808.81153333333	0.010033333332103211	trials	phototagging
11808.9117	0.00999999999476131	trials	phototagging
11809.011866666664	0.010000000002037268	trials	phototagging
11809.111999999997	0.010033333332103211	trials	phototagging
11809.212166666668	0.00999999999476131	trials	phototagging
11809.312300000001	0.010033333332103211	trials	phototagging
11809.412466666665	0.010000000002037268	trials	phototagging
11809.512633333328	0.010000000002037268	trials	phototagging
11809.612799999999	0.010000000002037268	trials	phototagging
11809.712933333332	0.010000000002037268	trials	phototagging
11809.813066666666	0.010033333332103211	trials	phototagging
11809.91323333333	0.010000000002037268	trials	phototagging
11810.013366666662	0.010033333339379169	trials	phototagging
11810.113533333333	0.010000000002037268	trials	phototagging
11810.213699999997	0.010000000002037268	trials	phototagging
11810.31383333333	0.010033333332103211	trials	phototagging
11810.414	0.00999999999476131	trials	phototagging
11810.514166666664	0.010000000002037268	trials	phototagging
11810.614299999997	0.010033333332103211	trials	phototagging
11810.714466666668	0.00999999999476131	trials	phototagging
11810.814600000002	0.010033333332103211	trials	phototagging
11820.930100000001	0.004999999997380655	trials	phototagging
11821.9316	0.005033333334722556	trials	phototagging
11822.933133333328	0.005033333334722556	trials	phototagging
11823.934666666664	0.005033333334722556	trials	phototagging
11824.9362	0.004999999997380655	trials	phototagging
11825.937733333329	0.005000000004656613	trials	phototagging
11826.939266666664	0.004999999997380655	trials	phototagging
11827.9408	0.004999999997380655	trials	phototagging
11828.942333333329	0.005000000004656613	trials	phototagging
11829.943866666665	0.004999999997380655	trials	phototagging
11830.9454	0.004999999997380655	trials	phototagging
11831.946933333329	0.005000000004656613	trials	phototagging
11832.948466666665	0.004999999997380655	trials	phototagging
11833.95	0.004999999997380655	trials	phototagging
11834.95153333333	0.005000000004656613	trials	phototagging
11835.953066666665	0.004999999997380655	trials	phototagging
11836.954600000001	0.004999999997380655	trials	phototagging
11837.95613333333	0.005000000004656613	trials	phototagging
11838.957633333335	0.0050333333274465986	trials	phototagging
11839.959200000001	0.004999999997380655	trials	phototagging
11840.96073333333	0.005000000004656613	trials	phototagging
11841.962233333328	0.005033333334722556	trials	phototagging
11842.963800000001	0.004999999997380655	trials	phototagging
11843.9653	0.005033333334722556	trials	phototagging
11844.966866666666	0.004999999997380655	trials	phototagging
11845.968366666664	0.004999999997380655	trials	phototagging
11846.9699	0.004999999997380655	trials	phototagging
11847.971433333329	0.005000000004656613	trials	phototagging
11848.972966666664	0.004999999997380655	trials	phototagging
11849.9745	0.004999999997380655	trials	phototagging
11860.991366666665	0.004999999997380655	trials	phototagging
11861.992900000001	0.004999999997380655	trials	phototagging
11862.9944	0.005033333334722556	trials	phototagging
11863.995966666665	0.004999999997380655	trials	phototagging
11864.997466666664	0.005033333334722556	trials	phototagging
11865.99903333333	0.005000000004656613	trials	phototagging
11867.000533333328	0.005033333334722556	trials	phototagging
11868.002066666664	0.005033333334722556	trials	phototagging
11869.0036	0.004999999997380655	trials	phototagging
11870.005133333329	0.005000000004656613	trials	phototagging
11871.006666666664	0.004999999997380655	trials	phototagging
11872.0082	0.004999999997380655	trials	phototagging
11873.009733333329	0.005033333334722556	trials	phototagging
11874.011266666665	0.004999999997380655	trials	phototagging
11875.0128	0.004999999997380655	trials	phototagging
11876.014333333329	0.005000000004656613	trials	phototagging
11877.015866666665	0.004999999997380655	trials	phototagging
11878.0174	0.004999999997380655	trials	phototagging
11879.01893333333	0.005000000004656613	trials	phototagging
11880.020466666665	0.004999999997380655	trials	phototagging
11881.022	0.004999999997380655	trials	phototagging
11882.02353333333	0.005000000004656613	trials	phototagging
11883.025066666665	0.004999999997380655	trials	phototagging
11884.026600000001	0.004999999997380655	trials	phototagging
11885.02813333333	0.005000000004656613	trials	phototagging
11886.029633333335	0.0050333333274465986	trials	phototagging
11887.031200000001	0.004999999997380655	trials	phototagging
11888.0327	0.005033333334722556	trials	phototagging
11889.034266666666	0.004999999997380655	trials	phototagging
11890.035800000001	0.004999999997380655	trials	phototagging
11901.05263333333	0.010033333339379169	trials	phototagging
11901.1528	0.010000000002037268	trials	phototagging
11901.252933333333	0.010033333332103211	trials	phototagging
11901.353099999997	0.010000000002037268	trials	phototagging
11901.45323333333	0.010033333332103211	trials	phototagging
11901.5534	0.00999999999476131	trials	phototagging
11901.653533333334	0.010033333332103211	trials	phototagging
11901.753699999997	0.010033333332103211	trials	phototagging
11901.853866666668	0.00999999999476131	trials	phototagging
11901.954000000002	0.010033333332103211	trials	phototagging
11902.054166666665	0.010000000002037268	trials	phototagging
11902.154333333328	0.010000000002037268	trials	phototagging
11902.254466666662	0.010033333339379169	trials	phototagging
11902.354633333332	0.010000000002037268	trials	phototagging
11902.454766666666	0.010033333332103211	trials	phototagging
11902.55493333333	0.010000000002037268	trials	phototagging
11902.6551	0.010000000002037268	trials	phototagging
11902.755233333333	0.010033333332103211	trials	phototagging
11902.855399999997	0.010000000002037268	trials	phototagging
11902.95553333333	0.010033333332103211	trials	phototagging
11903.0557	0.00999999999476131	trials	phototagging
11903.155833333334	0.010033333332103211	trials	phototagging
11903.255999999998	0.010000000002037268	trials	phototagging
11903.356166666668	0.00999999999476131	trials	phototagging
11903.456300000002	0.010033333332103211	trials	phototagging
11903.556466666665	0.010000000002037268	trials	phototagging
11903.656599999998	0.010033333332103211	trials	phototagging
11903.756766666662	0.010000000002037268	trials	phototagging
11903.856899999995	0.010033333339379169	trials	phototagging
11903.957066666666	0.010033333332103211	trials	phototagging
11914.072566666666	0.004999999997380655	trials	phototagging
11915.074066666664	0.005033333334722556	trials	phototagging
11916.0756	0.005033333334722556	trials	phototagging
11917.077133333329	0.005000000004656613	trials	phototagging
11918.078666666665	0.004999999997380655	trials	phototagging
11919.0802	0.004999999997380655	trials	phototagging
11920.081733333329	0.005000000004656613	trials	phototagging
11921.083266666665	0.004999999997380655	trials	phototagging
11922.0848	0.004999999997380655	trials	phototagging
11923.08633333333	0.005000000004656613	trials	phototagging
11924.087866666665	0.004999999997380655	trials	phototagging
11925.0894	0.004999999997380655	trials	phototagging
11926.09093333333	0.005000000004656613	trials	phototagging
11927.092466666665	0.004999999997380655	trials	phototagging
11928.094000000001	0.004999999997380655	trials	phototagging
11929.09553333333	0.005000000004656613	trials	phototagging
11930.097066666665	0.004999999997380655	trials	phototagging
11931.098600000001	0.004999999997380655	trials	phototagging
11932.10013333333	0.005000000004656613	trials	phototagging
11933.101666666666	0.004999999997380655	trials	phototagging
11934.103200000001	0.004999999997380655	trials	phototagging
11935.1047	0.005033333334722556	trials	phototagging
11936.106266666666	0.004999999997380655	trials	phototagging
11937.107766666664	0.005033333334722556	trials	phototagging
11938.1093	0.005033333334722556	trials	phototagging
11939.110833333329	0.005033333334722556	trials	phototagging
11940.112366666664	0.005033333334722556	trials	phototagging
11941.1139	0.005033333334722556	trials	phototagging
11942.115433333329	0.005000000004656613	trials	phototagging
11943.116966666665	0.004999999997380655	trials	phototagging
11954.13383333333	0.005000000004656613	trials	phototagging
11954.143833333332	0.005033333334722556	trials	phototagging
11954.153866666664	0.005000000004656613	trials	phototagging
11954.163866666666	0.005033333334722556	trials	phototagging
11954.173899999998	0.004999999997380655	trials	phototagging
11954.1839	0.004999999997380655	trials	phototagging
11954.193933333332	0.004999999997380655	trials	phototagging
11954.203933333334	0.004999999997380655	trials	phototagging
11954.213966666666	0.004999999997380655	trials	phototagging
11954.223966666668	0.004999999997380655	trials	phototagging
11954.233966666663	0.005033333334722556	trials	phototagging
11954.243999999995	0.005000000004656613	trials	phototagging
11954.253999999997	0.005033333334722556	trials	phototagging
11954.26403333333	0.005000000004656613	trials	phototagging
11954.274033333331	0.004999999997380655	trials	phototagging
11954.284066666663	0.005000000004656613	trials	phototagging
11954.294066666665	0.004999999997380655	trials	phototagging
11954.304099999998	0.004999999997380655	trials	phototagging
11954.3141	0.004999999997380655	trials	phototagging
11954.324133333332	0.004999999997380655	trials	phototagging
11954.334133333334	0.004999999997380655	trials	phototagging
11954.344133333329	0.005033333334722556	trials	phototagging
11954.354166666668	0.004999999997380655	trials	phototagging
11954.364166666663	0.005033333334722556	trials	phototagging
11954.374200000002	0.004999999997380655	trials	phototagging
11954.384199999997	0.005033333334722556	trials	phototagging
11954.394233333329	0.005000000004656613	trials	phototagging
11954.404233333331	0.005033333334722556	trials	phototagging
11954.414266666663	0.005000000004656613	trials	phototagging
11954.424266666665	0.004999999997380655	trials	phototagging
11964.449599999996	0.010033333332103211	trials	phototagging
11964.549766666667	0.00999999999476131	trials	phototagging
11964.6499	0.010033333332103211	trials	phototagging
11964.750066666664	0.010000000002037268	trials	phototagging
11964.850233333334	0.00999999999476131	trials	phototagging
11964.950366666668	0.010033333332103211	trials	phototagging
11965.050533333331	0.010000000002037268	trials	phototagging
11965.150666666665	0.010033333332103211	trials	phototagging
11965.250833333335	0.010033333332103211	trials	phototagging
11965.350999999999	0.010000000002037268	trials	phototagging
11965.451133333332	0.010033333332103211	trials	phototagging
11965.551299999996	0.010000000002037268	trials	phototagging
11965.651433333329	0.010033333339379169	trials	phototagging
11965.7516	0.010033333332103211	trials	phototagging
11965.851766666663	0.010000000002037268	trials	phototagging
11965.951899999996	0.010033333332103211	trials	phototagging
11966.052066666667	0.00999999999476131	trials	phototagging
11966.15223333333	0.010000000002037268	trials	phototagging
11966.252366666664	0.010033333332103211	trials	phototagging
11966.352533333335	0.00999999999476131	trials	phototagging
11966.452666666668	0.010033333332103211	trials	phototagging
11966.552833333331	0.010000000002037268	trials	phototagging
11966.652966666665	0.010033333332103211	trials	phototagging
11966.753133333328	0.010033333339379169	trials	phototagging
11966.853299999999	0.010000000002037268	trials	phototagging
11966.953433333332	0.010033333332103211	trials	phototagging
11967.053599999996	0.010000000002037268	trials	phototagging
11967.153733333329	0.010033333339379169	trials	phototagging
11967.2539	0.010000000002037268	trials	phototagging
11967.354066666663	0.010000000002037268	trials	phototagging
11977.469533333333	0.1001333333333605	trials	phototagging
11978.471066666661	0.1001333333333605	trials	phototagging
11979.472599999997	0.1001333333333605	trials	phototagging
11980.474133333333	0.1001333333333605	trials	phototagging
11981.475666666662	0.1001333333333605	trials	phototagging
11982.477199999998	0.1001333333333605	trials	phototagging
11983.478733333333	0.1001333333333605	trials	phototagging
11984.480266666662	0.1001333333333605	trials	phototagging
11985.481766666668	0.10016666666342644	trials	phototagging
11986.483299999996	0.1001666666707024	trials	phototagging
11987.484833333332	0.10016666666342644	trials	phototagging
11988.486366666668	0.10016666666342644	trials	phototagging
11999.503233333333	0.004999999997380655	trials	phototagging
11999.513266666665	0.004999999997380655	trials	phototagging
11999.523266666667	0.004999999997380655	trials	phototagging
11999.533266666662	0.005000000004656613	trials	phototagging
11999.543300000001	0.004999999997380655	trials	phototagging
11999.553299999996	0.005000000004656613	trials	phototagging
11999.563333333335	0.004999999997380655	trials	phototagging
11999.57333333333	0.005000000004656613	trials	phototagging
11999.583366666662	0.005000000004656613	trials	phototagging
11999.593366666664	0.004999999997380655	trials	phototagging
11999.603366666666	0.005033333334722556	trials	phototagging
11999.613399999998	0.004999999997380655	trials	phototagging
11999.62343333333	0.005000000004656613	trials	phototagging
11999.633433333333	0.004999999997380655	trials	phototagging
11999.643433333335	0.0050333333274465986	trials	phototagging
11999.653466666667	0.004999999997380655	trials	phototagging
11999.663466666669	0.0050333333274465986	trials	phototagging
11999.6735	0.004999999997380655	trials	phototagging
11999.683499999996	0.005000000004656613	trials	phototagging
11999.693533333335	0.004999999997380655	trials	phototagging
11999.70353333333	0.005000000004656613	trials	phototagging
11999.713566666662	0.005000000004656613	trials	phototagging
11999.723566666664	0.005000000004656613	trials	phototagging
11999.733566666666	0.005033333334722556	trials	phototagging
11999.743599999998	0.004999999997380655	trials	phototagging
11999.7536	0.005033333334722556	trials	phototagging
11999.763633333332	0.004999999997380655	trials	phototagging
11999.773633333334	0.004999999997380655	trials	phototagging
11999.783666666666	0.004999999997380655	trials	phototagging
11999.793666666668	0.004999999997380655	trials	phototagging
12009.819	0.10016666666342644	trials	phototagging
12010.820533333335	0.10016666666342644	trials	phototagging
12011.822066666664	0.1001666666707024	trials	phototagging
12012.8236	0.10016666666342644	trials	phototagging
12013.825133333328	0.1001666666707024	trials	phototagging
12014.826666666664	0.1001333333333605	trials	phototagging
12015.8282	0.1001333333333605	trials	phototagging
12016.829733333328	0.1001666666707024	trials	phototagging
12017.831266666664	0.1001333333333605	trials	phototagging
12018.8328	0.1001333333333605	trials	phototagging
12019.834333333329	0.1001333333333605	trials	phototagging
12020.835833333334	0.10016666666342644	trials	phototagging
12031.8527	0.010033333332103211	trials	phototagging
12031.952866666663	0.010000000002037268	trials	phototagging
12032.052999999996	0.010033333332103211	trials	phototagging
12032.153166666667	0.010033333332103211	trials	phototagging
12032.25333333333	0.010000000002037268	trials	phototagging
12032.353466666664	0.010033333332103211	trials	phototagging
12032.453633333334	0.00999999999476131	trials	phototagging
12032.553799999998	0.010000000002037268	trials	phototagging
12032.653933333331	0.010033333332103211	trials	phototagging
12032.754066666665	0.010033333332103211	trials	phototagging
12032.854233333335	0.010033333332103211	trials	phototagging
12032.954399999999	0.010000000002037268	trials	phototagging
12033.054533333332	0.010033333332103211	trials	phototagging
12033.154699999996	0.010000000002037268	trials	phototagging
12033.254866666666	0.010000000002037268	trials	phototagging
12033.355	0.010033333332103211	trials	phototagging
12033.455166666663	0.010000000002037268	trials	phototagging
12033.555299999996	0.010033333332103211	trials	phototagging
12033.655466666667	0.00999999999476131	trials	phototagging
12033.75563333333	0.010000000002037268	trials	phototagging
12033.855766666664	0.010033333332103211	trials	phototagging
12033.955933333335	0.00999999999476131	trials	phototagging
12034.056066666668	0.010033333332103211	trials	phototagging
12034.156233333331	0.010000000002037268	trials	phototagging
12034.256366666665	0.010033333332103211	trials	phototagging
12034.356533333335	0.00999999999476131	trials	phototagging
12034.456699999999	0.010000000002037268	trials	phototagging
12034.556833333332	0.010033333332103211	trials	phototagging
12034.656999999996	0.010000000002037268	trials	phototagging
12034.757133333329	0.010033333339379169	trials	phototagging
12044.872633333329	0.005000000004656613	trials	phototagging
12045.874166666665	0.004999999997380655	trials	phototagging
12046.8757	0.004999999997380655	trials	phototagging
12047.877233333329	0.005000000004656613	trials	phototagging
12048.878766666665	0.004999999997380655	trials	phototagging
12049.880266666663	0.005033333334722556	trials	phototagging
12050.8818	0.005033333334722556	trials	phototagging
12051.883333333335	0.0050333333274465986	trials	phototagging
12052.884866666664	0.005000000004656613	trials	phototagging
12053.8864	0.005033333334722556	trials	phototagging
12054.887933333335	0.004999999997380655	trials	phototagging
12055.889466666664	0.005033333334722556	trials	phototagging
12056.891	0.004999999997380655	trials	phototagging
12057.892533333328	0.005000000004656613	trials	phototagging
12058.894066666664	0.005000000004656613	trials	phototagging
12059.8956	0.004999999997380655	trials	phototagging
12060.897133333328	0.005000000004656613	trials	phototagging
12061.898666666664	0.004999999997380655	trials	phototagging
12062.9002	0.004999999997380655	trials	phototagging
12063.901733333329	0.005000000004656613	trials	phototagging
12064.903266666664	0.004999999997380655	trials	phototagging
12065.9048	0.004999999997380655	trials	phototagging
12066.906333333329	0.005000000004656613	trials	phototagging
12067.907866666665	0.004999999997380655	trials	phototagging
12068.9094	0.004999999997380655	trials	phototagging
12069.910899999999	0.005033333334722556	trials	phototagging
12070.912466666665	0.004999999997380655	trials	phototagging
12071.913966666663	0.005033333334722556	trials	phototagging
12072.91553333333	0.005000000004656613	trials	phototagging
12073.917066666665	0.004999999997380655	trials	phototagging
12084.9339	0.004999999997380655	trials	phototagging
12085.935433333329	0.005000000004656613	trials	phototagging
12086.936966666664	0.004999999997380655	trials	phototagging
12087.9385	0.004999999997380655	trials	phototagging
12088.940033333329	0.005000000004656613	trials	phototagging
12089.941566666665	0.004999999997380655	trials	phototagging
12090.9431	0.004999999997380655	trials	phototagging
12091.944633333329	0.005000000004656613	trials	phototagging
12092.946166666665	0.004999999997380655	trials	phototagging
12093.9477	0.004999999997380655	trials	phototagging
12094.94923333333	0.005000000004656613	trials	phototagging
12095.950766666665	0.004999999997380655	trials	phototagging
12096.9523	0.004999999997380655	trials	phototagging
12097.9538	0.005033333334722556	trials	phototagging
12098.955333333335	0.0050333333274465986	trials	phototagging
12099.956866666664	0.005033333334722556	trials	phototagging
12100.95843333333	0.005000000004656613	trials	phototagging
12101.959933333335	0.0050333333274465986	trials	phototagging
12102.961466666664	0.005000000004656613	trials	phototagging
12103.963	0.005033333334722556	trials	phototagging
12104.964533333328	0.005000000004656613	trials	phototagging
12105.966066666664	0.004999999997380655	trials	phototagging
12106.9676	0.004999999997380655	trials	phototagging
12107.969133333329	0.005000000004656613	trials	phototagging
12108.970666666664	0.004999999997380655	trials	phototagging
12109.9722	0.004999999997380655	trials	phototagging
12110.973733333329	0.005000000004656613	trials	phototagging
12111.975266666665	0.004999999997380655	trials	phototagging
12112.9768	0.004999999997380655	trials	phototagging
12113.978333333329	0.005000000004656613	trials	phototagging
12124.995166666664	0.010033333332103211	trials	phototagging
12125.095333333335	0.00999999999476131	trials	phototagging
12125.195466666668	0.010033333332103211	trials	phototagging
12125.295633333331	0.010033333332103211	trials	phototagging
12125.395800000002	0.00999999999476131	trials	phototagging
12125.495933333328	0.010033333339379169	trials	phototagging
12125.596099999999	0.010000000002037268	trials	phototagging
12125.696266666662	0.010000000002037268	trials	phototagging
12125.796399999996	0.010033333339379169	trials	phototagging
12125.896566666666	0.010000000002037268	trials	phototagging
12125.9967	0.010033333332103211	trials	phototagging
12126.096866666663	0.010000000002037268	trials	phototagging
12126.196999999996	0.010033333332103211	trials	phototagging
12126.297166666667	0.010033333332103211	trials	phototagging
12126.39733333333	0.010000000002037268	trials	phototagging
12126.497466666664	0.010033333332103211	trials	phototagging
12126.597633333335	0.00999999999476131	trials	phototagging
12126.697799999998	0.010000000002037268	trials	phototagging
12126.797933333331	0.010033333332103211	trials	phototagging
12126.898099999995	0.010000000002037268	trials	phototagging
12126.998233333328	0.010033333339379169	trials	phototagging
12127.098399999999	0.010000000002037268	trials	phototagging
12127.198533333332	0.010033333332103211	trials	phototagging
12127.298699999996	0.010033333339379169	trials	phototagging
12127.398866666666	0.010000000002037268	trials	phototagging
12127.499	0.010033333332103211	trials	phototagging
12127.599166666663	0.010000000002037268	trials	phototagging
12127.699333333334	0.00999999999476131	trials	phototagging
12127.799466666667	0.00999999999476131	trials	phototagging
12127.89963333333	0.010000000002037268	trials	phototagging
