onset	duration	nwb_table	trial_type
12.763066666668237	0.27863333333152696	trials	phototagging
13.321700000000419	0.22753333333275805	trials	phototagging
14.821200000000317	0.10016666666706442	trials	phototagging
15.822733333334327	0.10016666666706442	trials	phototagging
16.824266666666517	0.1001333333333605	trials	phototagging
17.825800000000527	0.1001333333333605	trials	phototagging
18.827300000000832	0.10016666666706442	trials	phototagging
19.828833333334842	0.10016666666524543	trials	phototagging
20.830366666667032	0.1001333333333605	trials	phototagging
21.831900000001042	0.1001333333333605	trials	phototagging
22.833400000001348	0.10016666666524543	trials	phototagging
23.834933333333538	0.10016666666706442	trials	phototagging
24.836466666667548	0.1001333333333605	trials	phototagging
25.838000000001557	0.10013333333154151	trials	phototagging
36.85480000000098	0.004999999999199645	trials	phototagging
36.864800000001196	0.004999999999199645	trials	phototagging
36.8748333333333	0.005000000001018634	trials	phototagging
36.88483333333352	0.005000000001018634	trials	phototagging
36.894833333333736	0.005033333332903567	trials	phototagging
36.90486666666766	0.004999999999199645	trials	phototagging
36.914866666667876	0.005033333332903567	trials	phototagging
36.92489999999998	0.005000000001018634	trials	phototagging
36.9349000000002	0.005000000001018634	trials	phototagging
36.94493333333412	0.004999999999199645	trials	phototagging
36.95493333333434	0.004999999999199645	trials	phototagging
36.96496666666644	0.005000000001018634	trials	phototagging
36.97496666666666	0.005000000001018634	trials	phototagging
36.98500000000058	0.004999999999199645	trials	phototagging
36.9950000000008	0.004999999999199645	trials	phototagging
37.00500000000102	0.005033333332903567	trials	phototagging
37.01503333333312	0.005000000001018634	trials	phototagging
37.025066666667044	0.005000000001018634	trials	phototagging
37.03506666666726	0.004999999999199645	trials	phototagging
37.04506666666748	0.004999999999199645	trials	phototagging
37.0551000000014	0.004999999999199645	trials	phototagging
37.065133333333506	0.005000000001018634	trials	phototagging
37.075133333333724	0.005000000001018634	trials	phototagging
37.08513333333394	0.004999999999199645	trials	phototagging
37.095166666667865	0.004999999999199645	trials	phototagging
37.10516666666808	0.004999999999199645	trials	phototagging
37.115200000000186	0.005000000001018634	trials	phototagging
37.125200000000405	0.005000000001018634	trials	phototagging
37.13523333333433	0.004999999999199645	trials	phototagging
37.145233333334545	0.004999999999199645	trials	phototagging
47.17053333333388	0.010000000000218279	trials	phototagging
47.27066666666724	0.0100333333339222	trials	phototagging
47.3708333333343	0.010000000000218279	trials	phototagging
47.470966666667664	0.010033333332103211	trials	phototagging
47.57113333333473	0.00999999999839929	trials	phototagging
47.671299999999974	0.010000000000218279	trials	phototagging
47.771433333333334	0.010000000000218279	trials	phototagging
47.8716000000004	0.010000000000218279	trials	phototagging
47.97173333333376	0.0100333333339222	trials	phototagging
48.071900000000824	0.010000000000218279	trials	phototagging
48.172033333334184	0.0100333333339222	trials	phototagging
48.27220000000125	0.010000000000218279	trials	phototagging
48.372366666666494	0.010000000000218279	trials	phototagging
48.472499999999854	0.0100333333339222	trials	phototagging
48.57266666666692	0.010000000000218279	trials	phototagging
48.67280000000028	0.0100333333339222	trials	phototagging
48.772966666667344	0.010000000000218279	trials	phototagging
48.87313333333441	0.010000000000218279	trials	phototagging
48.97326666666777	0.010000000000218279	trials	phototagging
49.07343333333483	0.00999999999839929	trials	phototagging
49.173566666668194	0.010033333332103211	trials	phototagging
49.27373333333344	0.010000000000218279	trials	phototagging
49.3738666666668	0.0100333333339222	trials	phototagging
49.474033333333864	0.0100333333339222	trials	phototagging
49.574166666667224	0.0100333333339222	trials	phototagging
49.67433333333429	0.0100333333339222	trials	phototagging
49.77450000000135	0.010000000000218279	trials	phototagging
49.874633333334714	0.010033333332103211	trials	phototagging
49.97479999999996	0.010000000000218279	trials	phototagging
50.074966666667024	0.010000000000218279	trials	phototagging
60.190366666667614	0.004999999999199645	trials	phototagging
61.191899999999805	0.005000000001018634	trials	phototagging
62.193433333333815	0.005000000001018634	trials	phototagging
63.194966666667824	0.004999999999199645	trials	phototagging
64.19646666666813	0.004999999999199645	trials	phototagging
65.19800000000032	0.005000000001018634	trials	phototagging
66.19953333333433	0.004999999999199645	trials	phototagging
67.20106666666652	0.005000000001018634	trials	phototagging
68.20260000000053	0.005000000001018634	trials	phototagging
69.20410000000084	0.004999999999199645	trials	phototagging
70.20563333333484	0.004999999999199645	trials	phototagging
71.20716666666704	0.005000000001018634	trials	phototagging
72.20870000000104	0.004999999999199645	trials	phototagging
73.21023333333324	0.005000000001018634	trials	phototagging
74.21173333333354	0.005000000001018634	trials	phototagging
75.21326666666755	0.004999999999199645	trials	phototagging
76.21480000000156	0.004999999999199645	trials	phototagging
77.21633333333375	0.005000000001018634	trials	phototagging
78.21786666666776	0.004999999999199645	trials	phototagging
79.21936666666807	0.005033333332903567	trials	phototagging
80.22090000000026	0.005000000001018634	trials	phototagging
81.22243333333427	0.004999999999199645	trials	phototagging
82.22396666666646	0.005000000001018634	trials	phototagging
83.22550000000047	0.005000000001018634	trials	phototagging
84.22703333333448	0.004999999999199645	trials	phototagging
85.22853333333478	0.004999999999199645	trials	phototagging
86.23006666666697	0.005000000001018634	trials	phototagging
87.23160000000098	0.004999999999199645	trials	phototagging
88.23313333333317	0.005000000001018634	trials	phototagging
89.23466666666718	0.005000000001018634	trials	phototagging
100.25143333333472	0.005033333332903567	trials	phototagging
101.25296666666691	0.005033333332903567	trials	phototagging
102.25450000000092	0.004999999999199645	trials	phototagging
103.25603333333311	0.005000000001018634	trials	phototagging
104.25756666666712	0.005000000001018634	trials	phototagging
105.25910000000113	0.004999999999199645	trials	phototagging
106.26060000000143	0.004999999999199645	trials	phototagging
107.26213333333362	0.005033333332903567	trials	phototagging
108.26366666666763	0.004999999999199645	trials	phototagging
109.26519999999982	0.005000000001018634	trials	phototagging
110.26673333333383	0.005000000001018634	trials	phototagging
111.26823333333414	0.005033333332903567	trials	phototagging
112.26976666666815	0.005033333332903567	trials	phototagging
113.27130000000034	0.005000000001018634	trials	phototagging
114.27283333333435	0.004999999999199645	trials	phototagging
115.27436666666654	0.005000000001018634	trials	phototagging
116.27590000000055	0.005000000001018634	trials	phototagging
117.27740000000085	0.005033333332903567	trials	phototagging
118.27893333333486	0.004999999999199645	trials	phototagging
119.28046666666705	0.005000000001018634	trials	phototagging
120.28200000000106	0.004999999999199645	trials	phototagging
121.28353333333325	0.005000000001018634	trials	phototagging
122.28506666666726	0.004999999999199645	trials	phototagging
123.28656666666757	0.005033333332903567	trials	phototagging
124.28810000000158	0.004999999999199645	trials	phototagging
125.28963333333377	0.005000000001018634	trials	phototagging
126.29116666666778	0.004999999999199645	trials	phototagging
127.29266666666808	0.005033333332903567	trials	phototagging
128.29423333333398	0.004999999999199645	trials	phototagging
129.29573333333428	0.004999999999199645	trials	phototagging
140.3125333333337	0.0100333333339222	trials	phototagging
140.41270000000077	0.010000000000218279	trials	phototagging
140.51286666666783	0.010000000000218279	trials	phototagging
140.6130000000012	0.010033333332103211	trials	phototagging
140.71316666666644	0.010000000000218279	trials	phototagging
140.8132999999998	0.0100333333339222	trials	phototagging
140.91346666666686	0.010000000000218279	trials	phototagging
141.01363333333393	0.010000000000218279	trials	phototagging
141.1137666666673	0.010000000000218279	trials	phototagging
141.21393333333435	0.010000000000218279	trials	phototagging
141.3140666666677	0.010033333332103211	trials	phototagging
141.41423333333478	0.00999999999839929	trials	phototagging
141.51436666666814	0.010033333332103211	trials	phototagging
141.61453333333338	0.010000000000218279	trials	phototagging
141.71470000000045	0.010000000000218279	trials	phototagging
141.8148333333338	0.0100333333339222	trials	phototagging
141.91500000000087	0.010000000000218279	trials	phototagging
142.01513333333423	0.0100333333339222	trials	phototagging
142.1153000000013	0.010000000000218279	trials	phototagging
142.21543333333466	0.010033333332103211	trials	phototagging
142.3155999999999	0.010000000000218279	trials	phototagging
142.41576666666697	0.010000000000218279	trials	phototagging
142.51590000000033	0.0100333333339222	trials	phototagging
142.6160666666674	0.010000000000218279	trials	phototagging
142.71620000000075	0.0100333333339222	trials	phototagging
142.81636666666782	0.010000000000218279	trials	phototagging
142.91653333333488	0.00999999999839929	trials	phototagging
143.01666666666824	0.010033333332103211	trials	phototagging
143.1168333333335	0.010000000000218279	trials	phototagging
143.21696666666685	0.0100333333339222	trials	phototagging
153.33240000000114	0.004999999999199645	trials	phototagging
154.33393333333333	0.005000000001018634	trials	phototagging
155.33546666666734	0.004999999999199645	trials	phototagging
156.33696666666765	0.005033333332903567	trials	phototagging
157.33849999999984	0.005033333334722556	trials	phototagging
158.34003333333385	0.005000000001018634	trials	phototagging
159.34156666666786	0.004999999999199645	trials	phototagging
160.34310000000005	0.005000000001018634	trials	phototagging
161.34463333333406	0.004999999999199645	trials	phototagging
162.34613333333436	0.005033333332903567	trials	phototagging
163.34766666666656	0.005000000001018634	trials	phototagging
164.34920000000056	0.004999999999199645	trials	phototagging
165.35073333333457	0.004999999999199645	trials	phototagging
166.35226666666676	0.005000000001018634	trials	phototagging
167.35380000000077	0.004999999999199645	trials	phototagging
168.35530000000108	0.005033333332903567	trials	phototagging
169.35683333333327	0.005000000001018634	trials	phototagging
170.35836666666728	0.004999999999199645	trials	phototagging
171.3599000000013	0.004999999999199645	trials	phototagging
172.36143333333348	0.005000000001018634	trials	phototagging
173.3629666666675	0.004999999999199645	trials	phototagging
174.3644666666678	0.005033333332903567	trials	phototagging
175.36599999999999	0.005033333334722556	trials	phototagging
176.367533333334	0.004999999999199645	trials	phototagging
177.369066666668	0.004999999999199645	trials	phototagging
178.3706000000002	0.005000000001018634	trials	phototagging
179.3721333333342	0.004999999999199645	trials	phototagging
180.3736333333345	0.005033333332903567	trials	phototagging
181.3751666666667	0.005000000001018634	trials	phototagging
182.3767000000007	0.004999999999199645	trials	phototagging
186.09950000000026	7.339966666666442	trials	port_entry
193.39350000000013	0.005033333334722556	trials	phototagging
193.40353333333405	0.004999999999199645	trials	phototagging
193.41353333333427	0.004999999999199645	trials	phototagging
193.4235666666682	0.004999999999199645	trials	phototagging
193.4335666666666	0.005000000001018634	trials	phototagging
193.44360000000052	0.005000000001018634	trials	phototagging
193.45360000000073	0.004999999999199645	trials	phototagging
193.46360000000095	0.005033333332903567	trials	phototagging
193.47363333333487	0.004999999999199645	trials	phototagging
193.48363333333327	0.005033333334722556	trials	phototagging
193.4936666666672	0.005000000001018634	trials	phototagging
193.5036666666674	0.004999999999199645	trials	phototagging
193.51370000000134	0.004999999999199645	trials	phototagging
193.52370000000155	0.004999999999199645	trials	phototagging
193.53373333333366	0.005000000001018634	trials	phototagging
193.54373333333388	0.005000000001018634	trials	phototagging
193.5537333333341	0.005033333332903567	trials	phototagging
193.56376666666802	0.004999999999199645	trials	phototagging
193.57376666666823	0.005033333332903567	trials	phototagging
193.58380000000034	0.005000000001018634	trials	phototagging
193.59380000000056	0.005000000001018634	trials	phototagging
193.60383333333448	0.004999999999199645	trials	phototagging
193.6138333333347	0.004999999999199645	trials	phototagging
193.6238666666668	0.005000000001018634	trials	phototagging
193.63386666666702	0.005000000001018634	trials	phototagging
193.64390000000094	0.004999999999199645	trials	phototagging
193.65390000000116	0.004999999999199645	trials	phototagging
193.66390000000138	0.005033333332903567	trials	phototagging
193.67393333333348	0.005000000001018634	trials	phototagging
193.6839666666674	0.004999999999199645	trials	phototagging
203.70926666666674	0.010000000000218279	trials	phototagging
203.8094000000001	0.010000000000218279	trials	phototagging
203.90953333333346	0.0100333333339222	trials	phototagging
204.00970000000052	0.0100333333339222	trials	phototagging
204.10986666666759	0.010000000000218279	trials	phototagging
204.21000000000095	0.0100333333339222	trials	phototagging
204.310166666668	0.010000000000218279	trials	phototagging
204.41030000000137	0.010033333332103211	trials	phototagging
204.51046666666662	0.010000000000218279	trials	phototagging
204.61063333333368	0.010000000000218279	trials	phototagging
204.71076666666704	0.0100333333339222	trials	phototagging
204.8109333333341	0.010000000000218279	trials	phototagging
204.91110000000117	0.010000000000218279	trials	phototagging
205.01123333333453	0.010000000000218279	trials	phototagging
205.1113666666679	0.010033333332103211	trials	phototagging
205.21153333333314	0.0100333333339222	trials	phototagging
205.3117000000002	0.010000000000218279	trials	phototagging
205.41183333333356	0.0100333333339222	trials	phototagging
205.51200000000063	0.010000000000218279	trials	phototagging
205.612133333334	0.0100333333339222	trials	phototagging
205.71230000000105	0.010033333332103211	trials	phototagging
205.81246666666812	0.00999999999839929	trials	phototagging
205.91260000000148	0.010033333332103211	trials	phototagging
206.01276666666672	0.010000000000218279	trials	phototagging
206.11293333333379	0.010000000000218279	trials	phototagging
206.21306666666715	0.010000000000218279	trials	phototagging
206.3132000000005	0.0100333333339222	trials	phototagging
206.41336666666757	0.0100333333339222	trials	phototagging
206.51353333333464	0.010000000000218279	trials	phototagging
206.613666666668	0.010033333332103211	trials	phototagging
216.72910000000047	0.10016666666706442	trials	phototagging
217.73063333333448	0.10016666666706442	trials	phototagging
218.73216666666667	0.10016666666706442	trials	phototagging
219.73370000000068	0.1001333333333605	trials	phototagging
220.7352333333347	0.1001333333333605	trials	phototagging
221.73673333333318	0.10016666666706442	trials	phototagging
222.7382666666672	0.10016666666706442	trials	phototagging
223.7398000000012	0.10016666666524543	trials	phototagging
224.7413333333334	0.1001333333333605	trials	phototagging
225.7428666666674	0.1001333333333605	trials	phototagging
226.7443666666677	0.10016666666706442	trials	phototagging
227.6195000000007	4.100000000000364	trials	port_entry
227.7459333333336	0.1001333333333605	trials	phototagging
238.76273333333484	0.004999999999199645	trials	phototagging
238.77273333333324	0.005000000001018634	trials	phototagging
238.78276666666716	0.005000000001018634	trials	phototagging
238.79276666666738	0.004999999999199645	trials	phototagging
238.8028000000013	0.004999999999199645	trials	phototagging
238.81280000000152	0.004999999999199645	trials	phototagging
238.82283333333362	0.005000000001018634	trials	phototagging
238.83283333333384	0.005000000001018634	trials	phototagging
238.84283333333406	0.005033333332903567	trials	phototagging
238.85286666666798	0.004999999999199645	trials	phototagging
238.8628666666682	0.005033333332903567	trials	phototagging
238.8729000000003	0.005000000001018634	trials	phototagging
238.88290000000052	0.005000000001018634	trials	phototagging
238.89293333333444	0.004999999999199645	trials	phototagging
238.90293333333466	0.004999999999199645	trials	phototagging
238.91296666666676	0.005000000001018634	trials	phototagging
238.92296666666698	0.005000000001018634	trials	phototagging
238.9329666666672	0.005033333332903567	trials	phototagging
238.94300000000112	0.004999999999199645	trials	phototagging
238.95300000000134	0.005033333332903567	trials	phototagging
238.96303333333344	0.005000000001018634	trials	phototagging
238.97303333333366	0.005000000001018634	trials	phototagging
238.98306666666758	0.004999999999199645	trials	phototagging
238.9930666666678	0.004999999999199645	trials	phototagging
239.0030999999999	0.005000000001018634	trials	phototagging
239.01310000000012	0.005000000001018634	trials	phototagging
239.02310000000034	0.005033333332903567	trials	phototagging
239.03313333333426	0.004999999999199645	trials	phototagging
239.04313333333448	0.005033333332903567	trials	phototagging
239.05316666666658	0.005000000001018634	trials	phototagging
249.07846666666774	0.10016666666706442	trials	phototagging
250.07999999999993	0.1001333333333605	trials	phototagging
251.08153333333394	0.1001333333333605	trials	phototagging
252.08303333333424	0.10016666666706442	trials	phototagging
253.08456666666643	0.10016666666706442	trials	phototagging
254.08610000000044	0.10016666666706442	trials	phototagging
255.08763333333445	0.1001333333333605	trials	phototagging
256.08916666666664	0.1001333333333605	trials	phototagging
257.09070000000065	0.1001333333333605	trials	phototagging
258.09220000000096	0.10016666666706442	trials	phototagging
259.09373333333315	0.10016666666706442	trials	phototagging
260.09526666666716	0.10016666666706442	trials	phototagging
271.1121000000003	0.010000000000218279	trials	phototagging
271.21223333333364	0.0100333333339222	trials	phototagging
271.3124000000007	0.010000000000218279	trials	phototagging
271.41253333333407	0.0100333333339222	trials	phototagging
271.51270000000113	0.010000000000218279	trials	phototagging
271.6128666666682	0.00999999999839929	trials	phototagging
271.71300000000156	0.010033333332103211	trials	phototagging
271.8131666666668	0.010000000000218279	trials	phototagging
271.91330000000016	0.0100333333339222	trials	phototagging
272.0134666666672	0.010000000000218279	trials	phototagging
272.1136000000006	0.0100333333339222	trials	phototagging
272.21376666666765	0.010000000000218279	trials	phototagging
272.3139333333347	0.00999999999839929	trials	phototagging
272.4140666666681	0.010033333332103211	trials	phototagging
272.5142333333333	0.010000000000218279	trials	phototagging
272.6143666666667	0.0100333333339222	trials	phototagging
272.71453333333375	0.010000000000218279	trials	phototagging
272.8147000000008	0.010000000000218279	trials	phototagging
272.9148333333342	0.0100333333339222	trials	phototagging
273.01500000000124	0.010000000000218279	trials	phototagging
273.1151333333346	0.010033333332103211	trials	phototagging
273.21529999999984	0.010000000000218279	trials	phototagging
273.3154333333332	0.0100333333339222	trials	phototagging
273.41560000000027	0.0100333333339222	trials	phototagging
273.51576666666733	0.010000000000218279	trials	phototagging
273.6159000000007	0.0100333333339222	trials	phototagging
273.71606666666776	0.010000000000218279	trials	phototagging
273.8162000000011	0.010033333332103211	trials	phototagging
273.9163666666682	0.00999999999839929	trials	phototagging
274.0165333333334	0.010000000000218279	trials	phototagging
284.1319666666677	0.004999999999199645	trials	phototagging
285.133466666668	0.005033333332903567	trials	phototagging
286.1350000000002	0.005033333332903567	trials	phototagging
287.1365333333342	0.004999999999199645	trials	phototagging
288.13806666666824	0.004999999999199645	trials	phototagging
289.1396000000004	0.005000000001018634	trials	phototagging
290.14113333333444	0.004999999999199645	trials	phototagging
291.1426666666666	0.005000000001018634	trials	phototagging
292.14420000000064	0.004999999999199645	trials	phototagging
293.01953333333404	0.9899999999997817	trials	port_entry
293.14570000000094	0.004999999999199645	trials	phototagging
294.14723333333313	0.005000000001018634	trials	phototagging
294.869466666667	20.00010000000111	trials	reward_stimulus_presentation
295.14876666666714	0.005000000001018634	trials	phototagging
295.8695333333344	0.7999999999992724	trials	reward_delivery
296.15030000000115	0.004999999999199645	trials	phototagging
297.15183333333334	0.005000000001018634	trials	phototagging
298.15336666666735	0.004999999999199645	trials	phototagging
299.15490000000136	0.004999999999199645	trials	phototagging
300.15639999999985	0.005033333334722556	trials	phototagging
301.15793333333386	0.005000000001018634	trials	phototagging
302.15946666666787	0.004999999999199645	trials	phototagging
303.16100000000006	0.005000000001018634	trials	phototagging
304.16253333333407	0.004999999999199645	trials	phototagging
305.1640666666681	0.004999999999199645	trials	phototagging
306.16556666666656	0.005033333334722556	trials	phototagging
307.1671000000006	0.004999999999199645	trials	phototagging
308.1686333333346	0.004999999999199645	trials	phototagging
309.1701666666668	0.005000000001018634	trials	phototagging
310.1717000000008	0.004999999999199645	trials	phototagging
311.1732333333348	0.004999999999199645	trials	phototagging
312.174766666667	0.005000000001018634	trials	phototagging
313.176300000001	0.004999999999199645	trials	phototagging
321.2895666666682	1.8299999999999272	trials	port_entry
323.14956666666694	0.1000000000003638	trials	port_entry
323.2895666666682	0.10999999999876309	trials	port_entry
323.4196000000011	0.8699666666670964	trials	port_entry
324.1931000000004	0.005000000001018634	trials	phototagging
324.32956666666723	0.09003333333384944	trials	port_entry
324.5095666666675	0.020000000000436557	trials	port_entry
324.6295666666665	0.06000000000130967	trials	port_entry
324.76956666666774	0.09000000000014552	trials	port_entry
324.96956666666665	0.11000000000058208	trials	port_entry
325.1295666666665	0.040000000000873115	trials	port_entry
325.1946333333344	0.004999999999199645	trials	phototagging
325.2895666666682	0.07996666666622332	trials	port_entry
325.46950000000106	0.020066666666025412	trials	port_entry
325.58956666666745	0.13999999999941792	trials	port_entry
325.7495666666673	0.11993333333339251	trials	port_entry
325.9195666666674	0.1000000000003638	trials	port_entry
326.09956666666767	0.12999999999919964	trials	port_entry
326.1961666666666	0.005000000001018634	trials	phototagging
326.2495666666673	0.3099999999994907	trials	port_entry
326.58956666666745	0.1299666666673147	trials	port_entry
326.7495333333336	0.15003333333334012	trials	port_entry
326.9195666666674	0.12999999999919964	trials	port_entry
327.1195666666681	0.11999999999898137	trials	port_entry
327.1977000000006	0.004999999999199645	trials	phototagging
327.2895666666682	0.6099999999987631	trials	port_entry
327.9395666666678	0.12999999999919964	trials	port_entry
328.1195000000007	0.03006666666624369	trials	port_entry
328.1695666666674	0.039999999999054126	trials	port_entry
328.1992000000009	0.005033333332903567	trials	phototagging
329.2007333333331	0.005033333334722556	trials	phototagging
330.20226666666713	0.005000000001018634	trials	phototagging
331.20380000000114	0.004999999999199645	trials	phototagging
332.20533333333333	0.005000000001018634	trials	phototagging
333.20686666666734	0.004999999999199645	trials	phototagging
334.20840000000135	0.004999999999199645	trials	phototagging
335.20993333333354	0.005000000001018634	trials	phototagging
335.2595666666675	2.6900000000005093	trials	port_entry
336.21146666666755	0.004999999999199645	trials	phototagging
337.21296666666785	0.005033333332903567	trials	phototagging
338.21450000000004	0.005033333334722556	trials	phototagging
339.21603333333405	0.004999999999199645	trials	phototagging
340.21756666666806	0.004999999999199645	trials	phototagging
341.21910000000025	0.005000000001018634	trials	phototagging
342.22063333333426	0.004999999999199645	trials	phototagging
343.22213333333457	0.005033333332903567	trials	phototagging
344.22370000000046	0.005000000001018634	trials	phototagging
345.22520000000077	0.004999999999199645	trials	phototagging
346.2267333333348	0.004999999999199645	trials	phototagging
347.22826666666697	0.005000000001018634	trials	phototagging
348.229800000001	0.004999999999199645	trials	phototagging
349.23133333333317	0.005000000001018634	trials	phototagging
350.2328666666672	0.005000000001018634	trials	phototagging
351.2344000000012	0.004999999999199645	trials	phototagging
352.2359333333334	0.005000000001018634	trials	phototagging
353.2374333333337	0.005000000001018634	trials	phototagging
364.2542666666668	0.010000000000218279	trials	phototagging
364.35440000000017	0.0100333333339222	trials	phototagging
364.45456666666723	0.0100333333339222	trials	phototagging
364.5547333333343	0.010000000000218279	trials	phototagging
364.65486666666766	0.0100333333339222	trials	phototagging
364.7550333333347	0.00999999999839929	trials	phototagging
364.8551666666681	0.010033333332103211	trials	phototagging
364.95533333333333	0.010000000000218279	trials	phototagging
365.0555000000004	0.010000000000218279	trials	phototagging
365.15563333333375	0.0100333333339222	trials	phototagging
365.2558000000008	0.010000000000218279	trials	phototagging
365.3559333333342	0.0100333333339222	trials	phototagging
365.45610000000124	0.010000000000218279	trials	phototagging
365.5562333333346	0.010033333332103211	trials	phototagging
365.65639999999985	0.0100333333339222	trials	phototagging
365.7565666666669	0.010000000000218279	trials	phototagging
365.8567000000003	0.0100333333339222	trials	phototagging
365.95686666666734	0.0100333333339222	trials	phototagging
366.0570333333344	0.010000000000218279	trials	phototagging
366.15716666666776	0.010000000000218279	trials	phototagging
366.2573333333348	0.00999999999839929	trials	phototagging
366.3574666666682	0.010033333332103211	trials	phototagging
366.45763333333343	0.010000000000218279	trials	phototagging
366.5577666666668	0.0100333333339222	trials	phototagging
366.65793333333386	0.0100333333339222	trials	phototagging
366.7581000000009	0.010000000000218279	trials	phototagging
366.8582333333343	0.0100333333339222	trials	phototagging
366.95840000000135	0.010000000000218279	trials	phototagging
367.0585666666666	0.010000000000218279	trials	phototagging
367.15869999999995	0.010000000000218279	trials	phototagging
382.8196000000007	10.8799999999992	trials	port_entry
384.8695333333344	9.250066666665589	trials	reward_stimulus_presentation
385.8696	0.8000000000010914	trials	reward_delivery
393.71960000000036	0.28000000000065484	trials	port_entry
394.01960000000145	0.4599999999991269	trials	port_entry
394.499600000001	0.12999999999919964	trials	port_entry
394.64960000000065	0.13999999999941792	trials	port_entry
394.8096000000005	0.13999999999941792	trials	port_entry
394.96960000000036	2.3700000000008004	trials	port_entry
398.1196	1.5600000000013097	trials	port_entry
400.15960000000086	0.27000000000043656	trials	port_entry
400.6095999999998	1.7399666666678968	trials	port_entry
404.6895666666678	0.9300666666658799	trials	port_entry
424.6095999999998	5.040033333334577	trials	port_entry
435.1896333333334	3.1200000000008004	trials	port_entry
467.71963333333406	3.2700000000004366	trials	port_entry
474.8696	15.510066666667626	trials	reward_stimulus_presentation
475.8696333333337	0.7999666666673875	trials	reward_delivery
489.979666666668	0.1999999999989086	trials	port_entry
490.3096333333342	5.880033333332904	trials	port_entry
496.229666666668	0.10999999999876309	trials	port_entry
496.3596666666672	0.27000000000043656	trials	port_entry
496.6796666666669	0.28000000000065484	trials	port_entry
496.979666666668	0.09999999999854481	trials	port_entry
497.1096666666672	0.819999999999709	trials	port_entry
499.9396666666671	1.8999999999996362	trials	port_entry
518.149666666668	0.23993333333237388	trials	port_entry
518.5196000000014	2.390066666665007	trials	port_entry
536.4097000000002	4.25	trials	port_entry
540.729666666668	0.3899999999994179	trials	port_entry
543.1097000000009	0.5499999999992724	trials	port_entry
552.2796666666673	5.000033333333704	trials	port_entry
560.4397000000008	1.7299999999995634	trials	port_entry
564.8696333333337	20.000066666667408	trials	neutral_stimulus_presentation
577.2997333333333	0.25	trials	port_entry
577.5696333333344	3.190099999999802	trials	port_entry
582.1397333333334	3.889966666667533	trials	port_entry
586.0597333333335	1.2600000000002183	trials	port_entry
588.4797333333336	0.14996666666775127	trials	port_entry
592.8097333333335	1.180000000000291	trials	port_entry
594.0497333333333	0.1000000000003638	trials	port_entry
594.279700000001	0.23003333333326736	trials	port_entry
601.5997333333344	1.1599999999998545	trials	port_entry
609.3797333333332	0.13000000000101863	trials	port_entry
627.3297666666676	0.2899999999990541	trials	port_entry
631.549766666667	2.7600000000002183	trials	port_entry
649.8697666666667	8.700000000000728	trials	reward_stimulus_presentation
650.8697666666667	0.8000000000010914	trials	reward_delivery
658.1697666666678	8.229999999999563	trials	port_entry
691.0097999999998	4.770000000000437	trials	port_entry
701.9898000000012	4.010000000000218	trials	port_entry
733.1598333333332	5.740000000001601	trials	port_entry
739.8098333333346	0.3099999999994907	trials	port_entry
739.8698333333341	20.001266666666197	trials	shock_stimulus_presentation
742.4598333333342	0.13003333333290357	trials	port_entry
742.7098000000005	4.040033333332758	trials	port_entry
757.1898333333338	0.22999999999956344	trials	port_entry
759.6698333333334	0.3000000000010914	trials	shock_relay
769.5998	1.0700333333334129	trials	port_entry
770.7298333333347	0.9599999999991269	trials	port_entry
792.7198666666682	3.4899999999997817	trials	port_entry
796.2398000000012	0.12006666666638921	trials	port_entry
796.3797666666669	0.37010000000009313	trials	port_entry
808.4498666666677	7.739999999999782	trials	port_entry
831.3898666666682	1.4699999999993452	trials	port_entry
834.8699000000015	1.3799666666654957	trials	reward_stimulus_presentation
835.8498666666674	12.529966666666951	trials	port_entry
835.8698666666678	0.7999999999992724	trials	reward_delivery
869.3298666666669	5.499966666666296	trials	port_entry
906.1798333333336	6.890033333333122	trials	port_entry
924.8699000000015	20.00006666666559	trials	neutral_stimulus_presentation
939.5099666666665	2.280000000000655	trials	port_entry
944.1499666666678	4.949966666667024	trials	port_entry
949.1199333333334	0.8700333333345043	trials	port_entry
951.5899666666664	1.7200000000011642	trials	port_entry
965.5399333333335	0.8700333333345043	trials	port_entry
976.9399666666668	3.970033333333049	trials	port_entry
980.9799666666677	0.7700333333323215	trials	port_entry
982.9999666666681	0.15999999999985448	trials	port_entry
983.279966666667	0.15003333333334012	trials	port_entry
989.8399666666664	1.7100333333346498	trials	port_entry
991.5699666666678	0.029933333333246992	trials	port_entry
991.6199333333334	3.4500666666681354	trials	port_entry
1004.8700000000008	6.559999999999491	trials	reward_stimulus_presentation
1005.8700000000008	0.7999999999992724	trials	reward_delivery
1011.0300000000007	2.1299999999991996	trials	port_entry
1013.1799666666666	1.110033333334286	trials	port_entry
1014.3200000000015	6.009999999998399	trials	port_entry
1058.010033333334	8.069966666666005	trials	port_entry
1067.6000000000004	1.4400333333342132	trials	port_entry
1072.7000333333344	1.1700000000000728	trials	port_entry
1077.9400000000005	0.5000333333337039	trials	port_entry
1094.8700666666682	20.001566666665894	trials	shock_stimulus_presentation
1105.2000333333344	0.21999999999934516	trials	port_entry
1105.7700333333341	0.15999999999985448	trials	port_entry
1105.9700333333349	0.1999999999989086	trials	port_entry
1106.190066666668	0.15999999999985448	trials	port_entry
1114.6700666666675	0.2999999999992724	trials	shock_relay
1146.1701000000012	8.109999999998763	trials	port_entry
1158.660100000001	5.329999999999927	trials	port_entry
1166.7201000000005	3.639999999999418	trials	port_entry
1171.9900666666672	4.7000333333326125	trials	port_entry
1178.1100999999999	1.8500333333340677	trials	port_entry
1183.5601333333343	0.5499999999992724	trials	port_entry
1185.740100000001	1.4499999999989086	trials	port_entry
1194.8701333333338	2.600000000000364	trials	reward_stimulus_presentation
1195.8701333333338	0.8000000000010914	trials	reward_delivery
1197.0701333333345	10.739999999999782	trials	port_entry
1212.5101333333332	0.050000000001091394	trials	port_entry
1212.6601333333347	2.5199999999986176	trials	port_entry
1215.2401333333346	0.049999999999272404	trials	port_entry
1250.060166666668	6.0	trials	port_entry
1261.7201666666679	0.6899999999986903	trials	port_entry
1262.7701666666671	1.5900000000001455	trials	port_entry
1275.0201666666671	0.8000333333329763	trials	port_entry
1284.350166666667	0.3000333333329763	trials	port_entry
1284.6701666666668	2.430033333333995	trials	port_entry
1284.8702000000012	20.0	trials	neutral_stimulus_presentation
1287.2902000000013	0.930000000000291	trials	port_entry
1290.9802	0.3600000000005821	trials	port_entry
1291.940200000001	0.030000000000654836	trials	port_entry
1292.3802000000014	0.07999999999992724	trials	port_entry
1305.9002	0.820000000001528	trials	port_entry
1320.0802000000003	0.4099999999998545	trials	port_entry
1320.5602	0.16000000000167347	trials	port_entry
1321.3802000000014	0.13999999999941792	trials	port_entry
1323.1202000000012	1.0199999999986176	trials	port_entry
1324.2502000000004	10.560033333333195	trials	port_entry
1335.3002333333334	2.720000000001164	trials	port_entry
1339.2102333333332	2.1300000000010186	trials	port_entry
1358.9402333333346	1.359999999998763	trials	port_entry
1368.9302333333344	0.20999999999912689	trials	port_entry
1374.870233333335	1.1299999999991996	trials	reward_stimulus_presentation
1375.6002333333345	0.05999999999949068	trials	port_entry
1375.870233333335	0.7999999999992724	trials	reward_delivery
1376.1902333333346	0.019999999998617568	trials	port_entry
1376.2802333333348	0.019999999998617568	trials	port_entry
1379.9502333333348	0.09999999999854481	trials	port_entry
1380.1102333333347	0.07999999999992724	trials	port_entry
1380.2202666666672	0.14996666666775127	trials	port_entry
1380.4002333333337	0.5600333333331946	trials	port_entry
1380.990233333334	0.11000000000058208	trials	port_entry
1381.240233333334	0.22999999999956344	trials	port_entry
1381.510266666668	0.5099666666665144	trials	port_entry
1382.0602333333336	0.11000000000058208	trials	port_entry
1382.2002333333348	0.08999999999832653	trials	port_entry
1382.3202333333338	0.13000000000101863	trials	port_entry
1382.490233333334	0.049999999999272404	trials	port_entry
1382.6102333333347	0.21999999999934516	trials	port_entry
1382.8902333333335	0.09000000000014552	trials	port_entry
1383.0402333333332	0.3900000000012369	trials	port_entry
1383.460133333334	0.12010000000009313	trials	port_entry
1383.620233333335	0.10003333333224873	trials	port_entry
1383.7702333333345	0.08003333333363116	trials	port_entry
1383.9101666666666	0.11009999999987485	trials	port_entry
1384.0402333333332	0.11000000000058208	trials	port_entry
1384.1702333333342	0.42000000000007276	trials	port_entry
1384.6101666666673	0.2999999999992724	trials	port_entry
1384.9502333333348	0.11999999999898137	trials	port_entry
1385.1002333333345	0.05999999999949068	trials	port_entry
1385.2402666666676	0.09996666666665988	trials	port_entry
1385.3602333333347	0.2899999999990541	trials	port_entry
1385.6702333333342	0.2500333333337039	trials	port_entry
1385.9702333333335	0.09000000000014552	trials	port_entry
1386.110333333334	0.09989999999925203	trials	port_entry
1386.240233333334	0.2600333333339222	trials	port_entry
1386.5202666666664	0.13000000000101863	trials	port_entry
1386.6902333333346	0.12003333333268529	trials	port_entry
1386.840266666668	0.26999999999861757	trials	port_entry
1387.1502333333337	0.12003333333268529	trials	port_entry
1387.2902333333332	0.4500000000007276	trials	port_entry
1387.7802333333348	0.07999999999992724	trials	port_entry
1387.930266666668	0.09999999999854481	trials	port_entry
1388.0502333333334	0.09000000000014552	trials	port_entry
1388.2002666666667	0.27000000000043656	trials	port_entry
1388.490233333334	0.12000000000080036	trials	port_entry
1388.6702333333342	0.11000000000058208	trials	port_entry
1388.800266666667	0.25996666666651436	trials	port_entry
1389.0902333333343	0.4499999999989086	trials	port_entry
1389.5702333333338	0.110033333334286	trials	port_entry
1389.7002333333348	0.12003333333268529	trials	port_entry
1389.840266666668	0.11996666666527744	trials	port_entry
1390.0002666666678	0.11999999999898137	trials	port_entry
1390.1502333333337	0.11000000000058208	trials	port_entry
1390.3202666666675	0.11000000000058208	trials	port_entry
1390.4602333333332	0.8200333333334129	trials	port_entry
1391.4402666666665	0.1500000000014552	trials	port_entry
1391.6502333333337	1.8000333333329763	trials	port_entry
1415.760266666668	6.219999999999345	trials	port_entry
1424.1502666666674	2.5100000000002183	trials	port_entry
1445.3303000000014	4.399999999999636	trials	port_entry
1449.7803000000004	0.23999999999978172	trials	port_entry
1450.0902999999998	0.27000000000043656	trials	port_entry
1450.4202999999998	0.07993333333433839	trials	port_entry
1451.2803000000004	0.18000000000029104	trials	port_entry
1451.5703000000012	0.09000000000014552	trials	port_entry
1451.6803	0.050000000001091394	trials	port_entry
1451.8002000000015	0.0400999999983469	trials	port_entry
1451.9403000000002	0.030000000000654836	trials	port_entry
1452.5902333333343	0.05006666666668025	trials	port_entry
1452.7803000000004	0.040000000000873115	trials	port_entry
1453.5303000000004	0.040000000000873115	trials	port_entry
1454.2403000000013	0.05996666666578676	trials	port_entry
1454.7203000000009	0.049999999999272404	trials	port_entry
1454.7903000000006	0.040000000000873115	trials	port_entry
1454.9703000000009	0.11000000000058208	trials	port_entry
1455.2503000000015	0.03993333333164628	trials	port_entry
1456.310300000001	0.2899666666671692	trials	port_entry
1456.6903000000002	0.06000000000130967	trials	port_entry
1457.5803000000014	0.1499999999996362	trials	port_entry
1457.7703000000001	0.06999999999970896	trials	port_entry
1457.8703000000005	0.07999999999992724	trials	port_entry
1458.2902333333332	1.3200666666671168	trials	port_entry
1459.6303000000007	0.16996666666636884	trials	port_entry
1459.8402333333343	1.1600666666672623	trials	port_entry
1461.0503000000008	0.2999999999992724	trials	port_entry
1461.5203000000001	0.11000000000058208	trials	port_entry
1461.7803000000004	0.10993333333317423	trials	port_entry
1462.0503000000008	0.11999999999898137	trials	port_entry
1462.2403000000013	0.17000000000007276	trials	port_entry
1462.6003	0.030000000000654836	trials	port_entry
1463.2803000000004	0.07999999999992724	trials	port_entry
1463.4403000000002	0.13000000000101863	trials	port_entry
1464.2902333333332	0.0700666666671168	trials	port_entry
1464.4103000000014	0.07999999999992724	trials	port_entry
1464.5203000000001	0.06000000000130967	trials	port_entry
1464.6203000000005	0.13999999999941792	trials	port_entry
1464.8703000000005	20.00090000000091	trials	shock_stimulus_presentation
1464.9103000000014	0.09000000000014552	trials	port_entry
1484.6702999999998	0.3000000000010914	trials	shock_relay
1500.2103333333343	5.539999999999054	trials	port_entry
1535.8503333333338	1.4600000000009459	trials	port_entry
1537.3303333333333	2.320000000001528	trials	port_entry
1540.320333333333	0.48003333333508635	trials	port_entry
1549.8703333333342	20.000033333333704	trials	neutral_stimulus_presentation
1554.3703333333342	0.23999999999978172	trials	port_entry
1554.6303333333344	4.139999999999418	trials	port_entry
1562.4703333333346	3.9900333333334856	trials	port_entry
1568.6303666666681	4.929999999998472	trials	port_entry
1575.1803666666674	0.039999999999054126	trials	port_entry
1575.240366666667	1.2499333333344111	trials	port_entry
1590.3503666666675	0.8799999999991996	trials	port_entry
1594.240366666667	0.3200333333334129	trials	port_entry
1616.1903666666676	0.22003333333304909	trials	port_entry
1619.740366666667	2.320033333333413	trials	port_entry
1622.1104000000014	0.8400000000001455	trials	port_entry
1628.9703666666665	0.19006666666791716	trials	port_entry
1629.250366666667	0.21999999999934516	trials	port_entry
1629.5303666666678	0.18000000000029104	trials	port_entry
1632.8004	0.3200333333334129	trials	port_entry
1633.5004000000008	0.039999999999054126	trials	port_entry
1635.6004000000012	0.029999999998835847	trials	port_entry
1639.8704333333335	20.00153333333401	trials	shock_stimulus_presentation
1650.8404333333347	0.12999999999919964	trials	port_entry
1653.4404333333332	1.1300000000010186	trials	port_entry
1655.6004333333349	2.419966666666369	trials	port_entry
1658.230433333334	0.029966666666950914	trials	port_entry
1659.6704000000009	0.2999999999992724	trials	shock_relay
1707.9904000000006	0.8099999999994907	trials	port_entry
1708.9304666666667	0.8599000000012893	trials	port_entry
1724.0304333333333	0.23003333333326736	trials	port_entry
1727.3904000000002	1.3999999999996362	trials	port_entry
1729.6704666666665	0.9000000000014552	trials	port_entry
1734.8704666666672	20.00090000000091	trials	shock_stimulus_presentation
1736.7504000000008	0.3100666666668985	trials	port_entry
1754.6704333333346	0.2999666666655685	trials	shock_relay
1774.2105333333348	0.3499999999985448	trials	port_entry
1775.3805333333348	0.09986666666554811	trials	port_entry
1795.6705333333339	4.100000000000364	trials	port_entry
1801.5005333333338	0.3000000000010914	trials	port_entry
1822.3305666666674	1.3299999999999272	trials	port_entry
1824.7205666666669	0.04996666666738747	trials	port_entry
1824.8705666666665	20.0	trials	neutral_stimulus_presentation
1856.140566666667	0.9500000000007276	trials	port_entry
1893.7806	1.6599999999998545	trials	port_entry
1904.8706000000002	4.100000000000364	trials	reward_stimulus_presentation
1905.8706000000002	0.8000000000010914	trials	reward_delivery
1908.570600000001	1.7299999999995634	trials	port_entry
1910.320600000001	1.3099999999994907	trials	port_entry
1911.6506000000008	0.23999999999978172	trials	port_entry
1911.910600000001	0.020000000000436557	trials	port_entry
1911.9706000000006	0.25	trials	port_entry
1912.2606000000014	0.049999999999272404	trials	port_entry
1912.3305333333337	0.1300666666666075	trials	port_entry
1912.5305333333345	8.580066666665516	trials	port_entry
1926.2606333333333	2.8700000000008004	trials	port_entry
1929.160600000001	0.09003333333203045	trials	port_entry
1929.2705999999998	2.720033333334868	trials	port_entry
1945.4006333333346	6.199999999998909	trials	port_entry
1953.6506333333346	1.3099999999994907	trials	port_entry
1957.3606333333337	1.139999999999418	trials	port_entry
1988.2006666666675	0.1499999999996362	trials	port_entry
1988.3706666666676	6.679966666666587	trials	port_entry
1994.8706666666676	20.0	trials	neutral_stimulus_presentation
1996.4606666666677	0.5799999999999272	trials	port_entry
1999.050666666668	0.019999999998617568	trials	port_entry
1999.1006333333335	0.12003333333450428	trials	port_entry
1999.2406666666666	0.2100333333346498	trials	port_entry
1999.6006666666672	0.030000000000654836	trials	port_entry
1999.6507000000001	0.10996666666687815	trials	port_entry
1999.7806666666675	0.25	trials	port_entry
2000.060666666668	0.07999999999992724	trials	port_entry
2000.210633333334	0.09000000000014552	trials	port_entry
2000.3606666666674	0.05999999999949068	trials	port_entry
2021.6206666666676	1.5	trials	port_entry
2023.3806666666678	0.12999999999919964	trials	port_entry
2023.7806666666675	1.1000000000003638	trials	port_entry
2025.4107000000004	0.029966666666950914	trials	port_entry
2033.0107000000007	2.649999999999636	trials	port_entry
2036.6307000000015	0.22999999999956344	trials	port_entry
2036.940700000001	0.3599999999987631	trials	port_entry
2050.8307000000004	0.3400000000001455	trials	port_entry
2053.2507000000005	0.21000000000094587	trials	port_entry
2077.6907333333347	3.9099666666661506	trials	port_entry
2094.150733333334	3.3700000000008004	trials	port_entry
2094.870733333333	19.999966666668115	trials	neutral_stimulus_presentation
2097.5607333333337	0.32999999999992724	trials	port_entry
2098.1907333333347	0.039999999999054126	trials	port_entry
2101.0407000000014	2.4900333333334856	trials	port_entry
2107.910733333334	3.0900000000001455	trials	port_entry
2111.150733333334	0.12000000000080036	trials	port_entry
2111.320733333334	0.12000000000080036	trials	port_entry
2111.5107333333344	0.039999999999054126	trials	port_entry
2111.7607333333344	0.2500333333337039	trials	port_entry
2112.1206666666676	0.0800666666655161	trials	port_entry
2112.2707333333346	0.3899999999994179	trials	port_entry
2113.1907333333347	0.02003333333232149	trials	port_entry
2120.0207333333346	1.5	trials	port_entry
2122.080733333334	0.9799999999995634	trials	port_entry
2127.400733333334	2.3100333333331946	trials	port_entry
2130.260766666668	0.019966666666732635	trials	port_entry
2135.3007333333335	2.1300000000010186	trials	port_entry
2144.170766666668	0.6599666666661506	trials	port_entry
2144.950733333333	0.02003333333414048	trials	port_entry
2155.920766666668	0.7899333333334653	trials	port_entry
2180.5308000000005	0.6999666666670237	trials	port_entry
2184.870766666667	20.00153333333401	trials	shock_stimulus_presentation
2194.220800000001	0.4499999999989086	trials	port_entry
2194.8208000000013	0.049999999999272404	trials	port_entry
2204.6708	0.3000000000010914	trials	shock_relay
2215.0508333333346	1.4699666666656412	trials	port_entry
2271.8008666666665	22.88000000000102	trials	port_entry
2274.870866666668	20.0	trials	reward_stimulus_presentation
2275.870866666668	0.7999999999992724	trials	reward_delivery
2295.0508666666665	1.0600000000013097	trials	port_entry
2296.1408666666666	0.7300000000013824	trials	port_entry
2300.7208666666666	4.910033333333558	trials	port_entry
2323.010900000001	6.719999999999345	trials	port_entry
2332.750900000001	3.6900000000005093	trials	port_entry
2342.3609000000015	2.0199999999986176	trials	port_entry
2350.2809000000016	0.3700333333326853	trials	port_entry
2350.670900000001	2.1000333333322487	trials	port_entry
2364.8709333333336	1.4099999999998545	trials	reward_stimulus_presentation
2365.8709333333336	0.8000000000010914	trials	reward_delivery
2365.880933333334	15.880000000001019	trials	port_entry
2383.8309333333345	3.859999999998763	trials	port_entry
2398.180933333335	7.880033333332904	trials	port_entry
2412.190966666667	1.930000000000291	trials	port_entry
2432.1209666666673	2.0799333333325194	trials	port_entry
2436.190966666667	1.680000000000291	trials	port_entry
2437.940966666667	0.23999999999978172	trials	port_entry
2449.871000000001	20.0	trials	neutral_stimulus_presentation
2458.661	13.550000000001091	trials	port_entry
2492.461000000001	5.719999999999345	trials	port_entry
2528.1510333333335	2.180000000000291	trials	port_entry
2539.8710333333347	20.0	trials	reward_stimulus_presentation
2540.8710333333347	0.7999999999992724	trials	reward_delivery
2561.8710333333347	5.129966666665496	trials	port_entry
2585.2410333333337	1.5300000000006548	trials	port_entry
2616.9711000000007	3.930000000000291	trials	port_entry
2623.3411000000015	1.9599999999991269	trials	port_entry
2625.3210666666673	0.4200333333337767	trials	port_entry
2634.8711000000003	11.860033333334286	trials	reward_stimulus_presentation
2635.8710666666666	0.8000000000010914	trials	reward_delivery
2646.3311000000012	0.039999999999054126	trials	port_entry
2646.3911000000007	0.4000333333333401	trials	port_entry
2646.8211333333347	0.8499999999985448	trials	port_entry
2647.7111000000004	0.22003333333304909	trials	port_entry
2648.0311	0.03003333333435876	trials	port_entry
2648.0811000000012	0.10003333333224873	trials	port_entry
2648.2111000000004	0.22003333333304909	trials	port_entry
2648.491100000001	0.029999999998835847	trials	port_entry
2648.6111	0.22003333333304909	trials	port_entry
2648.911133333335	0.04996666666556848	trials	port_entry
2649.151100000001	0.5200333333323215	trials	port_entry
2649.6911	0.2100333333346498	trials	port_entry
2649.9711000000007	0.2500333333337039	trials	port_entry
2650.241100000001	2.8700333333326853	trials	port_entry
2678.9311333333335	2.390000000001237	trials	port_entry
2706.631133333334	4.850033333332249	trials	port_entry
2711.6011666666673	9.530000000000655	trials	port_entry
2721.2411666666667	3.070000000001528	trials	port_entry
2724.8711666666677	20.0014666666666	trials	shock_stimulus_presentation
2734.7311666666665	0.3000000000010914	trials	port_entry
2738.921166666667	0.09000000000014552	trials	port_entry
2744.671166666667	0.3000000000010914	trials	shock_relay
2786.3912	3.8800000000010186	trials	port_entry
2804.871266666667	20.0	trials	neutral_stimulus_presentation
2807.741233333334	3.609966666666878	trials	port_entry
2816.231233333334	3.220033333333049	trials	port_entry
2828.9712666666674	3.030000000000655	trials	port_entry
2839.8112666666675	1.360000000000582	trials	port_entry
2842.131266666667	1.1000000000003638	trials	port_entry
2846.171266666668	0.4099999999998545	trials	port_entry
2878.3313	1.1500000000014552	trials	port_entry
2889.1513000000014	2.969999999999345	trials	port_entry
2894.2613	0.9200000000000728	trials	port_entry
2894.8713000000007	20.0	trials	neutral_stimulus_presentation
2912.2413000000015	0.5599999999994907	trials	port_entry
2912.9813000000013	0.7299999999995634	trials	port_entry
2930.231333333333	7.6600000000016735	trials	port_entry
2963.1613333333335	0.8299999999999272	trials	port_entry
2970.701366666668	0.15999999999985448	trials	port_entry
2971.0913666666675	0.01989999999932479	trials	port_entry
2971.3813333333346	0.2399666666660778	trials	port_entry
2972.861366666668	0.20996666666542296	trials	port_entry
2973.0913666666675	6.680000000000291	trials	port_entry
2980.531366666668	0.049999999999272404	trials	port_entry
2980.741366666667	0.8099999999994907	trials	port_entry
2981.6313666666665	0.21000000000094587	trials	port_entry
2982.1013666666677	0.020000000000436557	trials	port_entry
2982.401366666667	0.5400000000008731	trials	port_entry
2983.0913666666675	0.039999999999054126	trials	port_entry
2994.8714	20.001400000001013	trials	shock_stimulus_presentation
3002.6813666666676	0.17000000000007276	trials	port_entry
3002.8813666666665	0.9100000000016735	trials	port_entry
3005.781366666668	0.13999999999941792	trials	port_entry
3005.981366666667	4.330033333333631	trials	port_entry
3010.3813666666665	0.2000000000007276	trials	port_entry
3013.041366666668	0.04003333333275805	trials	port_entry
3013.1013666666677	0.07003333333341288	trials	port_entry
3014.6713666666674	0.2999999999992724	trials	shock_relay
3068.961433333334	4.040000000000873	trials	port_entry
3073.051433333334	1.0499999999992724	trials	port_entry
3075.511433333333	3.4900000000016007	trials	port_entry
3080.681433333333	3.460000000000946	trials	port_entry
3084.8714	20.000066666667408	trials	neutral_stimulus_presentation
3091.761433333333	0.7700000000004366	trials	port_entry
3092.7214000000004	0.5800333333336312	trials	port_entry
3094.4114333333346	0.18000000000029104	trials	port_entry
3114.931433333333	0.8700000000008004	trials	port_entry
3161.441466666667	0.4400000000005093	trials	port_entry
3174.871500000001	20.0	trials	reward_stimulus_presentation
3175.871500000001	0.7999999999992724	trials	reward_delivery
3200.0015000000003	0.47999999999956344	trials	port_entry
3200.5015000000003	0.050033333332976326	trials	port_entry
3200.621500000001	0.049999999999272404	trials	port_entry
3200.711433333334	9.45010000000002	trials	port_entry
3210.241533333334	1.8698999999996886	trials	port_entry
3212.1315000000013	1.1999999999989086	trials	port_entry
3215.441500000001	4.289999999999054	trials	port_entry
3221.941500000001	3.669966666666369	trials	port_entry
3225.6515333333336	0.1000000000003638	trials	port_entry
3256.341533333334	4.8400000000001455	trials	port_entry
3261.2615333333342	2.4400000000005093	trials	port_entry
3264.8715666666667	20.001400000001013	trials	shock_stimulus_presentation
3279.1215666666667	0.2000000000007276	trials	port_entry
3279.3715666666667	0.03993333333346527	trials	port_entry
3279.4915666666675	1.0300000000006548	trials	port_entry
3284.671566666668	0.2999666666655685	trials	shock_relay
3318.721566666667	4.050000000001091	trials	port_entry
3344.1616000000013	2.1599999999998545	trials	port_entry
3349.8716000000004	5.780000000000655	trials	reward_stimulus_presentation
3350.8716000000004	0.8000000000010914	trials	reward_delivery
3355.2515666666677	10.020066666666025	trials	port_entry
3365.3016333333344	0.25	trials	port_entry
3381.4415333333345	6.710100000000239	trials	port_entry
3410.7516000000014	3.610066666666171	trials	port_entry
3432.6416666666682	3.6999999999989086	trials	port_entry
3436.8316333333332	0.04003333333457704	trials	port_entry
3438.2716666666674	17.130033333332904	trials	port_entry
3439.8717000000015	20.0	trials	reward_stimulus_presentation
3440.871666666668	0.7999999999992724	trials	reward_delivery
3476.351700000001	5.830033333333631	trials	port_entry
3494.821733333334	1.3799999999991996	trials	port_entry
3502.7517333333344	0.0899666666664416	trials	port_entry
3505.8817333333336	0.19000000000050932	trials	port_entry
3506.2017333333333	0.32000000000152795	trials	port_entry
3519.741733333334	3.790033333332758	trials	port_entry
3525.1517666666678	3.069999999999709	trials	port_entry
3531.1417666666675	0.05999999999949068	trials	port_entry
3534.871766666667	3.639999999999418	trials	reward_stimulus_presentation
3535.871766666667	0.8000000000010914	trials	reward_delivery
3538.111766666667	0.9400000000005093	trials	port_entry
3539.071766666668	0.019999999998617568	trials	port_entry
3539.111766666667	0.6400000000012369	trials	port_entry
3539.7717666666667	0.7900000000008731	trials	port_entry
3540.5917666666664	0.050000000001091394	trials	port_entry
3540.8518000000004	0.05996666666760575	trials	port_entry
3540.991766666668	0.23999999999978172	trials	port_entry
3541.2518	1.2699666666667326	trials	port_entry
3542.541766666667	1.2299999999995634	trials	port_entry
3543.801666666668	0.11009999999987485	trials	port_entry
3543.9317666666666	1.8500000000003638	trials	port_entry
3545.911766666668	0.029999999998835847	trials	port_entry
3546.121766666667	0.2299333333339746	trials	port_entry
3571.791800000001	0.1499999999996362	trials	port_entry
3572.0218000000004	0.15999999999985448	trials	port_entry
3572.2117666666672	0.6700333333337767	trials	port_entry
3572.9018000000015	0.23999999999978172	trials	port_entry
3573.1718	0.040000000000873115	trials	port_entry
3573.2317666666677	0.11003333333246701	trials	port_entry
3573.4818000000014	0.019999999998617568	trials	port_entry
3573.6818000000003	0.12000000000080036	trials	port_entry
3574.301800000001	0.12999999999919964	trials	port_entry
3574.4518000000007	0.020000000000436557	trials	port_entry
3574.5118	0.18000000000029104	trials	port_entry
3574.801800000001	0.09000000000014552	trials	port_entry
3575.5318000000007	0.15999999999985448	trials	port_entry
3575.7518	0.040000000000873115	trials	port_entry
3575.8118000000013	0.049999999999272404	trials	port_entry
3575.8918000000012	0.039999999999054126	trials	port_entry
3576.0318000000007	0.040000000000873115	trials	port_entry
3576.0918	0.15999999999985448	trials	port_entry
3579.4818000000014	0.18999999999869033	trials	port_entry
3580.5018	0.040000000000873115	trials	port_entry
3580.7518	0.040000000000873115	trials	port_entry
3581.1818000000003	0.15999999999985448	trials	port_entry
3581.381800000001	0.2899999999990541	trials	port_entry
3581.7318000000014	0.18999999999869033	trials	port_entry
3581.9617666666672	0.5100333333339222	trials	port_entry
3582.5118	0.06000000000130967	trials	port_entry
3583.041800000001	0.21999999999934516	trials	port_entry
3583.291800000001	0.6499999999996362	trials	port_entry
3584.0018	0.11000000000058208	trials	port_entry
3587.301800000001	0.039999999999054126	trials	port_entry
3587.6618	0.04989999999997963	trials	port_entry
3589.8318	0.029966666666950914	trials	port_entry
3591.7618	0.17000000000007276	trials	port_entry
3591.9617666666672	0.3000333333329763	trials	port_entry
3593.7618	0.030000000000654836	trials	port_entry
3595.2818000000007	0.1499999999996362	trials	port_entry
3595.5218000000004	0.28000000000065484	trials	port_entry
3596.1418000000012	0.029999999998835847	trials	port_entry
3600.7418	0.6900000000005093	trials	port_entry
3601.461800000001	0.17000000000007276	trials	port_entry
3601.6518000000015	0.6300333333329036	trials	port_entry
3602.3318	0.12003333333450428	trials	port_entry
3602.5218000000004	0.2900000000008731	trials	port_entry
3624.8718333333345	20.001666666667006	trials	shock_stimulus_presentation
3644.671833333334	0.3000000000010914	trials	shock_relay
3684.391866666667	3.6200000000008004	trials	port_entry
3688.071866666667	0.07999999999992724	trials	port_entry
3688.2118666666665	0.030000000000654836	trials	port_entry
3688.2618666666676	2.9899999999997817	trials	port_entry
3694.241866666667	3.4899999999997817	trials	port_entry
3698.901866666667	1.3800333333329036	trials	port_entry
3704.8719	0.4099999999998545	trials	reward_stimulus_presentation
3704.8818666666666	16.65996666666797	trials	port_entry
3705.871866666668	0.7999999999992724	trials	reward_delivery
3723.821900000001	0.2999999999992724	trials	port_entry
3724.161900000001	0.21999999999934516	trials	port_entry
3724.7819	0.050000000001091394	trials	port_entry
3724.8619	0.030000000000654836	trials	port_entry
3765.211933333334	3.9500000000007276	trials	port_entry
3783.001933333335	3.320033333333413	trials	port_entry
3791.621933333334	1.860033333334286	trials	port_entry
3794.011933333333	1.0500000000010914	trials	port_entry
3794.871933333334	20.0	trials	neutral_stimulus_presentation
3812.7719333333334	3.860000000000582	trials	port_entry
3820.8819666666677	2.5899666666664416	trials	port_entry
3837.171966666667	3.8700000000008004	trials	port_entry
3847.9119666666666	2.3100000000013097	trials	port_entry
3860.7919666666676	0.3400000000001455	trials	port_entry
3871.1620000000003	0.06999999999970896	trials	port_entry
3871.272000000001	0.039999999999054126	trials	port_entry
3871.3520000000008	0.569999999999709	trials	port_entry
3873.901966666668	0.11999999999898137	trials	port_entry
3894.872033333335	20.001633333333302	trials	shock_stimulus_presentation
3914.672033333334	0.29996666666738747	trials	shock_relay
3923.862000000001	6.5600666666668985	trials	port_entry
3939.472066666667	3.0	trials	port_entry
3942.502066666668	0.8500000000003638	trials	port_entry
3949.9820666666674	3.9799999999995634	trials	port_entry
3984.8721000000005	20.0	trials	neutral_stimulus_presentation
4001.5821000000014	10.849999999998545	trials	port_entry
4012.472100000001	5.780000000000655	trials	port_entry
4019.0921	0.860033333334286	trials	port_entry
4025.452133333334	7.489999999999782	trials	port_entry
4044.6621333333333	3.3800333333347226	trials	port_entry
4074.872166666668	3.0199999999986176	trials	reward_stimulus_presentation
4075.872133333334	0.7999999999992724	trials	reward_delivery
4077.492166666667	6.960000000000946	trials	port_entry
4084.492166666667	0.06999999999970896	trials	port_entry
4084.582166666667	0.7100000000009459	trials	port_entry
4085.3120666666673	0.6800999999995838	trials	port_entry
4086.072166666667	0.1000000000003638	trials	port_entry
4086.1921666666676	0.8400000000001455	trials	port_entry
4087.052166666668	0.09999999999854481	trials	port_entry
4087.172166666667	0.5900000000001455	trials	port_entry
4098.1421666666665	4.379933333333611	trials	port_entry
4102.562100000001	1.7600000000002183	trials	port_entry
4105.462166666668	0.07999999999992724	trials	port_entry
4146.272200000001	1.5100000000002183	trials	port_entry
4147.8022	0.1000000000003638	trials	port_entry
4147.932200000001	0.11999999999898137	trials	port_entry
4148.0722000000005	0.1000000000003638	trials	port_entry
4148.192200000001	0.07999999999992724	trials	port_entry
4148.312133333335	0.10006666666595265	trials	port_entry
4148.432200000001	0.12999999999919964	trials	port_entry
4148.582200000001	0.37999999999919964	trials	port_entry
4148.992200000001	0.11000000000058208	trials	port_entry
4149.1221000000005	0.12010000000009313	trials	port_entry
4149.262133333334	0.09006666666755336	trials	port_entry
4149.3822	0.2600000000002183	trials	port_entry
4149.662133333333	0.24006666666718957	trials	port_entry
4149.9622	0.05993333333390183	trials	port_entry
4150.092200000001	0.06999999999970896	trials	port_entry
4150.192200000001	0.2600000000002183	trials	port_entry
4150.4722	0.2600000000002183	trials	port_entry
4150.7822000000015	0.10999999999876309	trials	port_entry
4150.932200000001	0.08993333333273767	trials	port_entry
4151.0522	0.07999999999992724	trials	port_entry
4151.192200000001	0.23999999999978172	trials	port_entry
4151.502200000001	0.1000000000003638	trials	port_entry
4152.2122	0.06000000000130967	trials	port_entry
4152.342200000001	0.23999999999978172	trials	port_entry
4152.662200000001	0.06999999999970896	trials	port_entry
4152.912166666667	0.08003333333363116	trials	port_entry
4154.1522	0.030000000000654836	trials	port_entry
4164.8722333333335	1.5999666666666599	trials	reward_stimulus_presentation
4165.8722	0.8000000000010914	trials	reward_delivery
4166.0722000000005	2.469999999999345	trials	port_entry
4168.562133333335	12.270066666666025	trials	port_entry
4183.6522	2.2600000000002183	trials	port_entry
4185.9522000000015	0.07999999999992724	trials	port_entry
4189.262166666667	0.5500333333329763	trials	port_entry
4189.832200000001	0.029966666666950914	trials	port_entry
4189.8822	0.1500000000014552	trials	port_entry
4190.1522	0.38000000000101863	trials	port_entry
4190.5722000000005	0.020000000000436557	trials	port_entry
4199.422166666667	1.5200666666660254	trials	port_entry
4200.982233333334	0.15999999999985448	trials	port_entry
4201.2522333333345	0.1000000000003638	trials	port_entry
4201.3822	0.2299666666676785	trials	port_entry
4201.672200000001	0.08003333333363116	trials	port_entry
4201.952133333334	0.11009999999987485	trials	port_entry
4203.6522	0.050000000001091394	trials	port_entry
4232.562233333334	3.7599666666665144	trials	port_entry
4249.872266666667	5.089933333332738	trials	reward_stimulus_presentation
4250.872266666667	0.7999999999992724	trials	reward_delivery
4254.5622	0.9600000000009459	trials	port_entry
4255.582200000001	0.22003333333304909	trials	port_entry
4255.822166666667	0.05006666666668025	trials	port_entry
4256.0622	0.21006666666653473	trials	port_entry
4256.3222000000005	0.1000000000003638	trials	port_entry
4256.5722000000005	0.03996666666716919	trials	port_entry
4256.632233333334	0.10996666666687815	trials	port_entry
4256.842200000001	0.03003333333253977	trials	port_entry
4256.9622	0.04003333333457704	trials	port_entry
4257.492233333334	0.019966666666732635	trials	port_entry
4257.6222	0.2400000000016007	trials	port_entry
4257.902166666667	0.08006666666733508	trials	port_entry
4258.162233333334	0.2299333333321556	trials	port_entry
4258.442233333333	0.03003333333435876	trials	port_entry
4258.572166666667	0.04003333333457704	trials	port_entry
4258.7222	0.030000000000654836	trials	port_entry
4259.0022333333345	0.049999999999272404	trials	port_entry
4259.082233333334	0.0399666666653502	trials	port_entry
4259.1421666666665	0.220066666666753	trials	port_entry
4259.412166666667	0.10003333333406772	trials	port_entry
4259.572166666667	0.03006666666806268	trials	port_entry
4259.692166666668	1.1000666666659527	trials	port_entry
4260.8222000000005	0.050033333332976326	trials	port_entry
4260.912200000001	1.2800000000006548	trials	port_entry
4304.5823	3.4500000000007276	trials	port_entry
4316.8323	0.930033333333995	trials	port_entry
4325.502333333334	0.07999999999992724	trials	port_entry
4327.5023	3.110033333334286	trials	port_entry
4339.472333333333	3.8799666666673147	trials	port_entry
4343.402300000002	0.019999999998617568	trials	port_entry
4359.672333333334	0.3000333333329763	trials	shock_relay
4381.842266666667	2.8801000000003114	trials	port_entry
4391.442366666668	2.8400000000001455	trials	port_entry
4394.342366666668	0.9500333333326125	trials	port_entry
4417.6224	5.270000000000437	trials	port_entry
4434.8724	9.380033333334723	trials	reward_stimulus_presentation
4435.8723666666665	0.7999999999992724	trials	reward_delivery
4443.8524333333335	1.4299333333328832	trials	port_entry
4445.3024000000005	1.4500000000007276	trials	port_entry
4446.782333333333	0.12006666666638921	trials	port_entry
4446.9223999999995	0.10000000000218279	trials	port_entry
4447.072400000001	0.3499999999985448	trials	port_entry
4447.472400000002	0.48999999999796273	trials	port_entry
4448.022400000002	1.4099999999998545	trials	port_entry
4449.452433333336	0.12996666666367673	trials	port_entry
4449.6124333333355	1.0999666666648409	trials	port_entry
4450.7624	0.930033333333995	trials	port_entry
4451.722400000002	0.03003333333253977	trials	port_entry
4475.1024333333335	2.5800000000017462	trials	port_entry
4486.112466666666	2.069966666669643	trials	port_entry
4512.562466666666	1.180000000000291	trials	port_entry
4513.792466666666	0.040000000000873115	trials	port_entry
4513.902466666666	0.47999999999956344	trials	port_entry
4514.432466666669	0.06999999999970896	trials	port_entry
4514.572433333335	0.2200333333312301	trials	port_entry
4514.842466666669	0.5199999999967986	trials	port_entry
4515.382466666666	0.26000000000203727	trials	port_entry
4515.672466666667	0.06999999999970896	trials	port_entry
4515.822466666668	0.11000000000058208	trials	port_entry
4515.952466666666	0.10000000000218279	trials	port_entry
4516.092466666669	0.23999999999796273	trials	port_entry
4516.352466666667	0.09000000000014552	trials	port_entry
4516.482466666668	0.37999999999738066	trials	port_entry
4516.882466666666	0.2400000000016007	trials	port_entry
4517.182466666669	0.039966666663531214	trials	port_entry
4517.292466666666	0.10000000000218279	trials	port_entry
4517.442466666667	0.049999999999272404	trials	port_entry
4524.872500000001	5.759999999998399	trials	reward_stimulus_presentation
4525.872466666668	0.7999999999992724	trials	reward_delivery
4530.232500000002	1.0799999999981083	trials	port_entry
4531.372500000001	0.7000000000007276	trials	port_entry
4532.102466666667	0.060033333335013594	trials	port_entry
4532.182466666669	0.01999999999679858	trials	port_entry
4532.222466666666	0.5600333333350136	trials	port_entry
4532.802500000002	0.040000000000873115	trials	port_entry
4532.862499999999	0.5200000000004366	trials	port_entry
4533.4025	1.0800000000017462	trials	port_entry
4534.502466666669	0.6499333333304094	trials	port_entry
4535.172466666667	4.660033333333558	trials	port_entry
4546.6525	1.4900000000016007	trials	port_entry
4561.6325	1.819999999999709	trials	port_entry
4563.4725	0.10000000000218279	trials	port_entry
4563.612499999999	1.6000000000021828	trials	port_entry
4565.232500000002	0.07999999999810825	trials	port_entry
4565.4725	0.049999999999272404	trials	port_entry
4584.882533333333	2.5200000000004366	trials	port_entry
4590.162533333332	1.0100000000020373	trials	port_entry
4591.192533333335	0.07999999999810825	trials	port_entry
4591.302533333335	0.5	trials	port_entry
4591.822533333336	0.6299999999973807	trials	port_entry
4592.472533333334	0.5	trials	port_entry
4592.992533333334	0.13993333333201008	trials	port_entry
4593.152533333334	0.06999999999970896	trials	port_entry
4593.472533333334	0.18000000000029104	trials	port_entry
4594.962533333335	2.639999999999418	trials	port_entry
4597.622533333335	1.0799999999981083	trials	port_entry
4598.722533333334	0.040000000000873115	trials	port_entry
4600.492533333334	16.9900000000016	trials	port_entry
4604.872533333335	15.270000000000437	trials	reward_stimulus_presentation
4605.872533333335	0.7999999999992724	trials	reward_delivery
4619.742566666668	1.1300000000010186	trials	port_entry
4640.492566666668	0.09999999999854481	trials	port_entry
4641.862566666667	1.6300000000010186	trials	port_entry
4643.512566666668	0.34003333333384944	trials	port_entry
4643.872566666669	0.020000000000436557	trials	port_entry
4643.912566666666	0.12000000000261934	trials	port_entry
4644.222566666667	0.040000000000873115	trials	port_entry
4644.622566666669	0.029933333331428003	trials	port_entry
4644.732566666666	0.06000000000130967	trials	port_entry
4645.392566666669	0.5199999999967986	trials	port_entry
4645.952499999999	0.03006666666624369	trials	port_entry
4646.512566666668	0.03993333333346527	trials	port_entry
4646.6525	0.03006666666624369	trials	port_entry
4672.352600000002	6.129899999999907	trials	port_entry
4678.712599999999	3.4500000000007276	trials	port_entry
4686.122600000002	1.389999999999418	trials	port_entry
4692.892599999999	0.4400000000023283	trials	port_entry
4694.742600000001	5.0	trials	port_entry
4694.872600000002	0.2699999999967986	trials	reward_stimulus_presentation
4695.872600000002	0.7999999999992724	trials	reward_delivery
4699.762600000002	0.48999999999796273	trials	port_entry
4700.302599999999	0.040000000000873115	trials	port_entry
4700.402600000001	0.11999999999898137	trials	port_entry
4700.5725999999995	0.10000000000218279	trials	port_entry
4700.692600000002	0.11999999999898137	trials	port_entry
4700.8626	0.08000000000174623	trials	port_entry
4700.992600000001	0.029999999998835847	trials	port_entry
4701.052599999999	0.020000000000436557	trials	port_entry
4701.102600000002	0.09000000000014552	trials	port_entry
4701.2526	0.11000000000058208	trials	port_entry
4701.402600000001	0.059999999997671694	trials	port_entry
4701.672600000002	0.5499999999992724	trials	port_entry
4702.262600000002	0.11000000000058208	trials	port_entry
4702.392599999999	0.040000000000873115	trials	port_entry
4702.5725999999995	0.06000000000130967	trials	port_entry
4702.672600000002	0.020000000000436557	trials	port_entry
4702.832600000002	0.029999999998835847	trials	port_entry
4702.962599999999	0.030000000002473826	trials	port_entry
4704.142599999999	0.020000000000436557	trials	port_entry
4704.1826	0.020000000000436557	trials	port_entry
4704.4326	0.09000000000014552	trials	port_entry
4704.582600000002	0.09999999999854481	trials	port_entry
4704.742600000001	0.09999999999854481	trials	port_entry
4704.872600000002	0.049999999999272404	trials	port_entry
4705.2526	0.06000000000130967	trials	port_entry
4705.332600000002	0.040000000000873115	trials	port_entry
4705.4526000000005	0.11999999999898137	trials	port_entry
4705.602600000002	0.1099999999969441	trials	port_entry
4705.782600000002	0.039999999997235136	trials	port_entry
4705.9126	0.09000000000014552	trials	port_entry
4706.372600000002	0.08999999999650754	trials	port_entry
4706.532600000002	0.01999999999679858	trials	port_entry
4706.5725999999995	0.020000000000436557	trials	port_entry
4706.6826	0.040000000000873115	trials	port_entry
4722.432633333334	5.670000000001892	trials	port_entry
4751.302633333333	3.9099999999998545	trials	port_entry
4774.6826666666675	0.8800000000010186	trials	port_entry
4775.782666666666	0.019966666666732635	trials	port_entry
4775.922666666669	0.01999999999679858	trials	port_entry
4776.172633333335	0.07003333333341288	trials	port_entry
4777.462666666666	2.610000000000582	trials	port_entry
4794.8726333333325	20.000933333336434	trials	shock_stimulus_presentation
4803.792666666668	3.279999999998836	trials	port_entry
4814.672666666669	0.2999999999992724	trials	shock_relay
4815.592666666667	10.390033333333122	trials	port_entry
4826.292700000002	0.06999999999970896	trials	port_entry
4827.7327000000005	3.8400000000001455	trials	port_entry
4833.342700000001	1.5	trials	port_entry
4839.172699999999	6.830000000001746	trials	port_entry
4859.792700000002	2.390033333333122	trials	port_entry
4864.852666666666	3.0900666666675534	trials	port_entry
4869.402700000002	0.1099999999969441	trials	port_entry
4869.572700000001	0.2500333333337039	trials	port_entry
4872.5327	7.740033333335305	trials	port_entry
4881.502733333335	3.149999999997817	trials	port_entry
4884.872733333334	1.3100000000013097	trials	reward_stimulus_presentation
4885.7827	10.27003333333414	trials	port_entry
4885.8727	0.7999999999992724	trials	reward_delivery
4896.082733333333	0.680000000000291	trials	port_entry
4896.782733333333	0.27000000000043656	trials	port_entry
4897.072733333334	0.11999999999898137	trials	port_entry
4897.212733333334	0.27999999999883585	trials	port_entry
4924.002733333335	2.2700000000004366	trials	port_entry
4926.2927333333355	1.7599999999983993	trials	port_entry
4928.082699999999	0.0200666666678444	trials	port_entry
4928.232733333334	0.43003333333399496	trials	port_entry
4928.702766666669	0.019966666666732635	trials	port_entry
4940.0927666666685	0.07999999999810825	trials	port_entry
4940.212766666667	2.4500333333344315	trials	port_entry
4963.472733333336	2.080033333331812	trials	port_entry
4967.052766666668	3.599999999998545	trials	port_entry
4972.302800000001	7.989999999997963	trials	port_entry
4974.872800000001	20.0	trials	neutral_stimulus_presentation
4984.552800000001	8.65996666666615	trials	port_entry
4997.122800000001	1.9599999999991269	trials	port_entry
4999.132733333336	0.2700666666642064	trials	port_entry
5012.4928	2.4900000000016007	trials	port_entry
5018.282800000001	2.5499999999992724	trials	port_entry
5035.322833333335	1.2899999999972351	trials	port_entry
5037.102833333334	0.020000000000436557	trials	port_entry
5039.3328	0.029999999998835847	trials	port_entry
5039.382799999999	0.2000000000007276	trials	port_entry
5039.7728000000025	0.059999999997671694	trials	port_entry
5041.682833333332	1.0900000000001455	trials	port_entry
5042.9028	0.19003333333239425	trials	port_entry
5043.242833333334	0.47000000000116415	trials	port_entry
5044.012833333334	0.049999999999272404	trials	port_entry
5045.192833333334	0.09000000000014552	trials	port_entry
5054.362799999999	0.20003333333443152	trials	port_entry
5055.052766666668	0.2999999999992724	trials	port_entry
5055.942833333334	0.020000000000436557	trials	port_entry
5056.302800000001	0.049999999999272404	trials	port_entry
5056.372833333335	0.060033333331375616	trials	port_entry
5064.872800000001	20.000899999999092	trials	shock_stimulus_presentation
5074.332833333334	0.09999999999854481	trials	port_entry
5084.672833333334	0.3000333333329763	trials	shock_relay
5094.0228333333325	3.319966666669643	trials	port_entry
5097.612799999999	1.2701333333352522	trials	port_entry
5113.562900000001	3.680033333333995	trials	port_entry
5117.2629000000015	0.6100666666643519	trials	port_entry
5124.2729	4.290033333334577	trials	port_entry
5128.582900000001	2.1900333333323942	trials	port_entry
5131.562833333333	8.970100000002276	trials	port_entry
5143.0529333333325	0.9200000000018917	trials	port_entry
5147.842933333333	0.6300000000010186	trials	port_entry
5149.872933333336	1.4799999999995634	trials	reward_stimulus_presentation
5150.872933333336	0.7999999999992724	trials	reward_delivery
5150.952933333334	0.029999999998835847	trials	port_entry
5151.112933333334	0.020000000000436557	trials	port_entry
5151.4329333333335	0.06999999999970896	trials	port_entry
5151.522933333334	0.019933333333028713	trials	port_entry
5151.582933333335	0.029999999998835847	trials	port_entry
5154.642933333333	0.06999999999970896	trials	port_entry
5154.752933333333	0.06000000000130967	trials	port_entry
5154.832933333335	0.20999999999912689	trials	port_entry
5155.172933333335	0.049999999999272404	trials	port_entry
5155.602933333335	0.06999999999970896	trials	port_entry
5155.6929333333355	0.3099999999976717	trials	port_entry
5156.732933333333	0.3600000000005821	trials	port_entry
5158.862933333334	0.18000000000029104	trials	port_entry
5159.382933333334	0.09999999999854481	trials	port_entry
5173.012933333335	2.9899999999979627	trials	port_entry
5176.022933333334	1.2600333333321032	trials	port_entry
5177.512933333335	0.45996666666542296	trials	port_entry
5202.302966666666	1.6700000000018917	trials	port_entry
5239.873	20.0	trials	neutral_stimulus_presentation
5261.742933333335	3.9100666666672623	trials	port_entry
5271.873033333333	5.1599999999998545	trials	port_entry
5295.643033333334	9.4900000000016	trials	port_entry
5315.293033333335	2.4200333333319577	trials	port_entry
5324.873066666667	2.8400000000001455	trials	port_entry
5334.873066666667	20.0	trials	neutral_stimulus_presentation
5350.963	4.1700666666693	trials	port_entry
5409.483100000001	3.930000000000291	trials	port_entry
5413.443066666667	1.0800333333354502	trials	port_entry
5423.6031	11.440033333332394	trials	port_entry
5424.873200000002	10.609933333333174	trials	reward_stimulus_presentation
5425.873133333334	0.7999999999992724	trials	reward_delivery
5435.0831333333335	4.100000000002183	trials	port_entry
5462.813133333333	2.110000000000582	trials	port_entry
5464.943133333334	0.8100333333350136	trials	port_entry
5465.793166666666	0.5399666666671692	trials	port_entry
5466.363100000002	0.11006666666435194	trials	port_entry
5466.513133333334	0.11000000000058208	trials	port_entry
5466.643133333335	1.0999999999985448	trials	port_entry
5467.793166666666	0.05996666666760575	trials	port_entry
5483.253133333335	2.500033333333704	trials	port_entry
5499.043166666666	3.430033333333995	trials	port_entry
5504.873166666668	20.00143333333108	trials	shock_stimulus_presentation
5524.673200000001	0.2999666666655685	trials	shock_relay
5550.663199999999	3.6200000000026193	trials	port_entry
5580.093199999999	0.1600333333335584	trials	port_entry
5580.273233333333	0.6300000000010186	trials	port_entry
5594.873266666666	7.780000000002474	trials	reward_stimulus_presentation
5595.8732333333355	0.7999999999992724	trials	reward_delivery
5602.253266666667	7.729999999999563	trials	port_entry
5654.2233000000015	1.4799999999995634	trials	port_entry
5655.7233000000015	0.3499999999985448	trials	port_entry
5670.633300000001	0.930000000000291	trials	port_entry
5671.603299999999	0.030000000002473826	trials	port_entry
5681.183233333333	0.04010000000198488	trials	port_entry
5681.2533	0.02993333333506598	trials	port_entry
5685.673300000002	0.06999999999970896	trials	port_entry
5685.923300000002	0.08003333333181217	trials	port_entry
5692.043333333335	0.049999999999272404	trials	port_entry
5692.173300000002	0.050033333332976326	trials	port_entry
5692.393333333333	0.06999999999970896	trials	port_entry
5694.873333333333	20.0	trials	neutral_stimulus_presentation
5695.163333333334	0.01989999999932479	trials	port_entry
5695.203266666667	0.03003333333253977	trials	port_entry
5704.183333333334	0.6500000000014552	trials	port_entry
5707.953333333335	9.649999999997817	trials	port_entry
5720.573333333334	1.0499999999992724	trials	port_entry
5742.443366666666	5.759933333334629	trials	port_entry
5768.463366666667	3.319933333332301	trials	port_entry
5774.583366666666	0.8200333333334129	trials	port_entry
5784.8734	20.0	trials	neutral_stimulus_presentation
5799.573400000001	1.860000000000582	trials	port_entry
5805.343400000002	0.08993333333273767	trials	port_entry
5821.613400000002	0.9099999999998545	trials	port_entry
5835.6934	0.27000000000043656	trials	port_entry
5846.363433333336	0.48999999999796273	trials	port_entry
5847.173433333333	0.020000000000436557	trials	port_entry
5847.653433333333	0.2900000000008731	trials	port_entry
5853.843400000002	0.07999999999810825	trials	port_entry
5855.813399999999	0.040000000000873115	trials	port_entry
5858.493399999999	0.020000000000436557	trials	port_entry
5864.053400000001	0.11000000000058208	trials	port_entry
5874.873466666668	20.001733333334414	trials	shock_stimulus_presentation
5888.0833999999995	0.1500333333351591	trials	port_entry
5894.673433333333	0.3000333333329763	trials	shock_relay
5964.8735000000015	20.0	trials	neutral_stimulus_presentation
5970.343499999999	1.0800000000017462	trials	port_entry
6007.223533333334	0.10003333333224873	trials	port_entry
6042.633533333334	0.49003333333530463	trials	port_entry
6049.873566666669	5.9099999999998545	trials	reward_stimulus_presentation
6050.873533333335	0.7999999999992724	trials	reward_delivery
6055.383566666667	0.10003333333224873	trials	port_entry
6055.583566666668	10.159999999999854	trials	port_entry
6068.043600000001	0.029966666665131925	trials	port_entry
6068.123599999999	0.019966666666732635	trials	port_entry
6084.203600000001	2.3699666666652774	trials	port_entry
6089.233566666666	3.5600333333350136	trials	port_entry
6092.813600000001	0.09999999999854481	trials	port_entry
6094.6536000000015	1.0299999999988358	trials	port_entry
6095.703600000001	0.02003333333414048	trials	port_entry
6095.743600000002	0.020000000000436557	trials	port_entry
6095.8236	0.2800000000024738	trials	port_entry
6096.223600000001	0.049999999999272404	trials	port_entry
6096.313600000001	0.11999999999898137	trials	port_entry
6096.463599999999	0.21000000000276486	trials	port_entry
6096.713599999999	0.040000000000873115	trials	port_entry
6096.883600000001	0.029999999998835847	trials	port_entry
6099.873599999999	0.07000000000334694	trials	port_entry
6099.9836	0.030000000002473826	trials	port_entry
6127.863633333334	4.639999999999418	trials	port_entry
6139.873666666666	20.001666666667006	trials	shock_stimulus_presentation
6154.603666666666	0.15999999999985448	trials	port_entry
6154.893633333333	1.1200000000026193	trials	port_entry
6159.433666666668	2.75	trials	port_entry
6159.673666666666	0.29996666666920646	trials	shock_relay
6162.223666666669	0.020000000000436557	trials	port_entry
6162.283666666666	0.19996666666702367	trials	port_entry
6162.863666666668	1.0200000000004366	trials	port_entry
6163.923666666666	0.43000000000029104	trials	port_entry
6167.243666666669	2.5099999999983993	trials	port_entry
6174.603666666666	0.18000000000029104	trials	port_entry
6174.813666666669	1.6499999999978172	trials	port_entry
6176.783666666666	0.10000000000218279	trials	port_entry
6177.113666666668	0.27999999999883585	trials	port_entry
6188.113666666668	2.3500333333322487	trials	port_entry
6190.483666666667	0.06996666666600504	trials	port_entry
6210.5836666666655	12.070033333333413	trials	port_entry
6234.873733333334	0.4099999999998545	trials	reward_stimulus_presentation
6234.883700000002	14.620033333332685	trials	port_entry
6235.8737	0.7999999999992724	trials	reward_delivery
6266.383733333332	2.9400000000023283	trials	port_entry
6270.273733333335	4.819999999999709	trials	port_entry
6277.723733333332	1.0200000000004366	trials	port_entry
6282.753733333335	1.8500333333322487	trials	port_entry
6290.073766666668	0.6100000000005821	trials	port_entry
6295.053766666668	4.75	trials	port_entry
6313.773766666669	2.8299999999981083	trials	port_entry
6324.8737666666675	20.000033333333704	trials	neutral_stimulus_presentation
6326.323700000001	1.9100666666672623	trials	port_entry
6340.613799999999	2.9900000000016007	trials	port_entry
6343.6937333333335	2.6400666666668258	trials	port_entry
6346.443800000001	1.3100000000013097	trials	port_entry
6349.413800000002	0.4499999999970896	trials	port_entry
6350.1738000000005	4.610000000000582	trials	port_entry
6354.943800000001	0.3100000000013097	trials	port_entry
6369.613799999999	0.9800000000032014	trials	port_entry
6393.313833333334	0.7299999999995634	trials	port_entry
6404.873833333335	1.430033333333995	trials	reward_stimulus_presentation
6405.873833333335	0.7999999999992724	trials	reward_delivery
6405.903833333334	2.75	trials	port_entry
6408.673833333334	2.739966666667897	trials	port_entry
6411.433833333333	1.1599999999998545	trials	port_entry
6412.623833333335	0.27000000000043656	trials	port_entry
6412.923833333334	2.3100000000013097	trials	port_entry
6415.273833333333	0.12000000000261934	trials	port_entry
6415.413800000002	1.2899666666635312	trials	port_entry
6416.7338333333355	0.22999999999956344	trials	port_entry
6417.083833333334	0.4500333333344315	trials	port_entry
6417.613833333333	0.05000000000291038	trials	port_entry
6466.243866666668	6.299999999999272	trials	port_entry
6482.2739	1.9000000000014552	trials	port_entry
6484.193866666668	4.660033333333558	trials	port_entry
6489.053899999999	0.3599333333368122	trials	port_entry
6489.4339	0.25	trials	port_entry
6489.883900000001	0.040000000000873115	trials	port_entry
6491.8138	13.460100000000239	trials	port_entry
6494.873933333332	10.849966666668479	trials	reward_stimulus_presentation
6495.873900000002	0.7999666666655685	trials	reward_delivery
6505.323866666666	0.3900333333367598	trials	port_entry
6505.7539	0.020000000000436557	trials	port_entry
6554.683933333334	0.02993333333506598	trials	port_entry
6554.813866666667	2.5900666666675534	trials	port_entry
6557.423933333335	0.5200000000004366	trials	port_entry
6557.9639333333325	0.3600000000005821	trials	port_entry
6558.363933333334	0.09999999999854481	trials	port_entry
6558.483933333333	1.2400000000016007	trials	port_entry
6576.033933333332	1.1500000000014552	trials	port_entry
6586.263966666669	2.709999999999127	trials	port_entry
6588.993966666669	1.9499999999970896	trials	port_entry
6594.873966666666	20.001333333333605	trials	shock_stimulus_presentation
6599.253966666667	2.2999666666655685	trials	port_entry
6614.673966666669	0.2999999999992724	trials	shock_relay
6632.633966666668	2.500033333333704	trials	port_entry
6643.593966666667	0.050033333332976326	trials	port_entry
6643.673966666669	0.6299999999973807	trials	port_entry
6644.353966666666	0.21000000000276486	trials	port_entry
6647.913933333333	0.8900666666668258	trials	port_entry
6652.854033333333	0.4399666666686244	trials	port_entry
6653.313933333335	0.8200666666671168	trials	port_entry
6682.904000000002	0.09999999999854481	trials	port_entry
6683.0740000000005	0.6500000000014552	trials	port_entry
6684.4439999999995	0.019966666666732635	trials	port_entry
6684.874	20.000033333333704	trials	neutral_stimulus_presentation
6686.574033333334	0.04996666666556848	trials	port_entry
6686.864000000001	0.020000000000436557	trials	port_entry
6687.8240000000005	2.070033333333413	trials	port_entry
6697.7540333333345	0.020000000000436557	trials	port_entry
6700.024033333335	0.029999999998835847	trials	port_entry
6700.6340333333355	0.029933333331428003	trials	port_entry
6707.544033333335	0.1099999999969441	trials	port_entry
6709.534033333333	0.2799666666687699	trials	port_entry
6711.054033333334	0.029999999998835847	trials	port_entry
6712.394033333334	0.029999999998835847	trials	port_entry
6716.2540333333345	0.11999999999898137	trials	port_entry
6716.444033333333	0.6399999999994179	trials	port_entry
6726.274066666669	0.12999999999738066	trials	port_entry
6727.234066666668	0.049999999999272404	trials	port_entry
6737.434033333335	6.459999999999127	trials	port_entry
6774.874133333335	11.739999999997963	trials	reward_stimulus_presentation
6775.874133333335	0.7999333333318646	trials	reward_delivery
6786.214100000001	5.22003333333123	trials	port_entry
6791.454133333333	0.680000000000291	trials	port_entry
6792.294166666667	1.2999666666692065	trials	port_entry
6793.614099999999	0.860033333334286	trials	port_entry
6835.104166666668	3.099999999998545	trials	port_entry
6838.304166666669	0.20999999999912689	trials	port_entry
6838.564166666667	0.09999999999854481	trials	port_entry
6838.684166666666	8.470000000001164	trials	port_entry
6853.894166666669	12.209999999999127	trials	port_entry
6864.874200000002	1.6599666666661506	trials	reward_stimulus_presentation
6865.874166666668	0.7999999999992724	trials	reward_delivery
6866.134166666667	12.100033333332249	trials	port_entry
6878.254166666666	0.9700333333348681	trials	port_entry
6913.5442	6.920000000001892	trials	port_entry
6934.0242333333335	2.7999666666655685	trials	port_entry
6949.874233333336	20.0015999999996	trials	shock_stimulus_presentation
6950.584233333335	2.9799999999995634	trials	port_entry
6960.884233333334	0.13999999999941792	trials	port_entry
6961.084233333335	2.8799999999973807	trials	port_entry
6967.214233333332	1.3100000000013097	trials	port_entry
6969.674233333335	0.2999999999992724	trials	shock_relay
6970.404233333335	0.15999999999985448	trials	port_entry
6970.624266666666	0.6700000000018917	trials	port_entry
7005.004266666667	0.8099666666676058	trials	port_entry
7034.674300000002	2.889999999999418	trials	port_entry
7037.584300000002	0.25	trials	port_entry
7037.854299999999	0.07000000000334694	trials	port_entry
7038.104299999999	0.030000000002473826	trials	port_entry
7038.154300000002	0.039999999997235136	trials	port_entry
7038.2143	0.3600000000005821	trials	port_entry
7038.594300000001	0.049999999999272404	trials	port_entry
7039.8742999999995	11.170000000001892	trials	reward_stimulus_presentation
7040.8742999999995	0.8000000000029104	trials	reward_delivery
7050.6443	2.0800000000017462	trials	port_entry
7052.744300000002	1.3099999999976717	trials	port_entry
7054.094300000001	0.09999999999854481	trials	port_entry
7054.2343	1.5100000000020373	trials	port_entry
7055.774300000001	0.09999999999854481	trials	port_entry
7055.8943	0.38000000000101863	trials	port_entry
7056.3043	0.10000000000218279	trials	port_entry
7056.424300000002	0.5	trials	port_entry
7093.104333333333	3.0	trials	port_entry
7096.154333333336	0.01999999999679858	trials	port_entry
7096.214333333333	1.1599999999998545	trials	port_entry
7110.904366666666	2.569966666669643	trials	port_entry
7118.0543333333335	1.5600000000013097	trials	port_entry
7119.6843333333345	0.47000000000116415	trials	port_entry
7134.374333333333	9.58003333333545	trials	port_entry
7134.874333333333	9.690033333332394	trials	reward_stimulus_presentation
7135.874333333333	0.7999999999992724	trials	reward_delivery
7144.164366666668	2.389999999999418	trials	port_entry
7146.974366666669	2.7399999999979627	trials	port_entry
7150.754366666668	0.020000000000436557	trials	port_entry
7150.794366666669	0.07999999999810825	trials	port_entry
7181.614400000002	0.16999999999825377	trials	port_entry
7181.804366666667	0.13003333333472256	trials	port_entry
7182.004400000002	0.18000000000029104	trials	port_entry
7182.254366666668	0.2100333333328308	trials	port_entry
7182.5344000000005	0.040000000000873115	trials	port_entry
7182.594400000002	0.020000000000436557	trials	port_entry
7182.714400000001	0.11999999999898137	trials	port_entry
7182.8544	0.020000000000436557	trials	port_entry
7183.3543666666665	0.03003333333253977	trials	port_entry
7183.4144000000015	0.049999999999272404	trials	port_entry
7183.504400000002	0.029999999998835847	trials	port_entry
7183.554366666667	0.04003333333457704	trials	port_entry
7184.0344000000005	0.11999999999898137	trials	port_entry
7184.1744	0.20999999999912689	trials	port_entry
7184.464400000001	0.040000000000873115	trials	port_entry
7184.904366666666	0.04003333333457704	trials	port_entry
7188.1044	0.26000000000203727	trials	port_entry
7188.4944	0.15999999999985448	trials	port_entry
7188.684400000002	0.15999999999985448	trials	port_entry
7188.984400000001	0.09000000000014552	trials	port_entry
7189.504400000002	0.5499666666655685	trials	port_entry
7190.134366666669	0.37999999999738066	trials	port_entry
7190.534366666667	0.13003333333472256	trials	port_entry
7190.684366666668	0.11999999999898137	trials	port_entry
7190.984400000001	0.0899666666664416	trials	port_entry
7193.7844000000005	0.12003333333268529	trials	port_entry
7193.934366666668	0.09003333333384944	trials	port_entry
7194.044366666669	0.15999999999985448	trials	port_entry
7194.2343666666675	0.07999999999810825	trials	port_entry
7194.3543666666665	0.03003333333253977	trials	port_entry
7194.494366666666	0.09996666666847887	trials	port_entry
7194.6644000000015	0.2000000000007276	trials	port_entry
7195.054366666667	0.09003333333384944	trials	port_entry
7195.924366666666	0.040000000000873115	trials	port_entry
7196.4843666666675	0.07003333333341288	trials	port_entry
7206.8344	2.070033333333413	trials	port_entry
7215.0344000000005	9.78003333333254	trials	port_entry
7224.874433333334	20.001566666665894	trials	shock_stimulus_presentation
7224.944433333334	0.019933333333028713	trials	port_entry
7226.904433333333	7.040000000000873	trials	port_entry
7233.994433333333	0.8999666666677513	trials	port_entry
7236.714400000001	3.7800333333325398	trials	port_entry
7244.6743333333325	0.30010000000038417	trials	shock_relay
7257.264466666667	0.2599999999983993	trials	port_entry
7257.654466666667	0.9799666666658595	trials	port_entry
7287.934466666666	1.2200000000011642	trials	port_entry
7303.304533333336	0.3499666666648409	trials	port_entry
7304.874500000002	13.930000000000291	trials	reward_stimulus_presentation
7305.874500000002	0.7999999999992724	trials	reward_delivery
7318.404500000001	0.5	trials	port_entry
7318.924500000001	1.3800000000010186	trials	port_entry
7320.324500000002	0.5099999999983993	trials	port_entry
7320.854500000001	0.11999999999898137	trials	port_entry
7321.0244999999995	0.05000000000291038	trials	port_entry
7321.144500000002	0.059999999997671694	trials	port_entry
7321.324500000002	0.7999999999992724	trials	port_entry
7322.154500000001	0.7999999999992724	trials	port_entry
7322.984500000002	0.11999999999898137	trials	port_entry
7323.144433333335	0.39006666666682577	trials	port_entry
7323.574500000002	0.09003333333021146	trials	port_entry
7323.714500000002	0.27999999999883585	trials	port_entry
7324.014500000001	0.09000000000014552	trials	port_entry
7324.164499999999	0.10000000000218279	trials	port_entry
7324.294399999999	1.0001000000011118	trials	port_entry
7325.3145	0.13000000000101863	trials	port_entry
7325.4745	0.7000000000007276	trials	port_entry
7326.194500000001	0.6899999999986903	trials	port_entry
7326.944500000001	0.48999999999796273	trials	port_entry
7337.904533333334	3.150000000001455	trials	port_entry
7352.564533333334	0.4000000000014552	trials	port_entry
7353.014533333335	3.139999999999418	trials	port_entry
7384.0045666666665	0.10000000000218279	trials	port_entry
7394.874566666669	20.0	trials	neutral_stimulus_presentation
7395.194566666669	2.430000000000291	trials	port_entry
7397.644566666666	1.1000000000021828	trials	port_entry
7398.784566666669	0.01989999999932479	trials	port_entry
7398.904533333334	0.2600333333321032	trials	port_entry
7399.184566666667	0.06000000000130967	trials	port_entry
7399.294566666667	0.13999999999941792	trials	port_entry
7399.464566666666	0.12000000000261934	trials	port_entry
7399.604500000001	0.09006666666755336	trials	port_entry
7399.754533333333	0.14003333333312185	trials	port_entry
7399.944566666669	0.039999999997235136	trials	port_entry
7400.004466666669	0.0400999999983469	trials	port_entry
7426.5045666666665	8.310033333335014	trials	port_entry
7434.874599999999	6.170000000001892	trials	port_entry
7441.354533333335	0.7399999999979627	trials	port_entry
7454.854533333335	0.8800666666647885	trials	port_entry
7469.044600000001	0.27000000000043656	trials	port_entry
7482.674633333336	7.139999999999418	trials	port_entry
7494.874633333333	1.0	trials	reward_stimulus_presentation
7495.474633333335	13.78996666666717	trials	port_entry
7495.874633333333	0.8000000000029104	trials	reward_delivery
7521.304666666667	1.0999666666684789	trials	port_entry
7522.434633333334	0.049999999999272404	trials	port_entry
7522.534633333333	0.3600000000005821	trials	port_entry
7522.954566666667	0.34006666666755336	trials	port_entry
7523.3646333333345	0.11000000000058208	trials	port_entry
7523.4946333333355	0.10003333333224873	trials	port_entry
7523.644633333333	0.6199999999989814	trials	port_entry
7524.284633333333	0.12000000000261934	trials	port_entry
7524.434633333334	0.09999999999854481	trials	port_entry
7524.564633333335	0.11000000000058208	trials	port_entry
7524.694633333333	0.09000000000014552	trials	port_entry
7524.8246	0.360033333334286	trials	port_entry
7525.2346	0.07003333333341288	trials	port_entry
7551.974666666669	2.7199666666638223	trials	port_entry
7556.664633333334	1.1899666666686244	trials	port_entry
7557.874633333333	0.10003333333588671	trials	port_entry
7562.224666666669	0.039966666663531214	trials	port_entry
7562.2946666666685	0.019966666666732635	trials	port_entry
7562.404666666669	0.04993333333186456	trials	port_entry
7573.844666666668	6.349999999998545	trials	port_entry
7580.224666666669	1.75	trials	port_entry
7584.874666666667	7.869999999998981	trials	reward_stimulus_presentation
7585.874666666667	0.7999999999992724	trials	reward_delivery
7592.344666666668	6.2299666666658595	trials	port_entry
7598.594666666668	0.10993333333317423	trials	port_entry
7609.034733333334	3.38993333333201	trials	port_entry
7653.474766666666	0.8499666666684789	trials	port_entry
7672.784733333334	2.140033333333122	trials	port_entry
7674.874766666668	20.0	trials	neutral_stimulus_presentation
7682.374733333334	2.709999999999127	trials	port_entry
7708.944766666667	3.150000000001455	trials	port_entry
7750.684799999999	1.2999333333355025	trials	port_entry
7752.014766666667	0.7300333333332674	trials	port_entry
7752.784733333334	0.41010000000096625	trials	port_entry
7753.214766666668	0.4200666666656616	trials	port_entry
7753.654766666667	0.28003333333253977	trials	port_entry
7754.054800000002	0.06999999999970896	trials	port_entry
7754.284733333334	0.13006666666842648	trials	port_entry
7754.4748	0.680033333333995	trials	port_entry
7755.174800000001	0.040000000000873115	trials	port_entry
7755.284800000001	0.03003333333253977	trials	port_entry
7756.304800000002	4.9099999999998545	trials	port_entry
7764.874833333335	20.001499999998487	trials	shock_stimulus_presentation
7776.294833333333	1.8500000000021828	trials	port_entry
7778.284800000001	1.4799999999995634	trials	port_entry
7784.674833333334	0.2999666666655685	trials	shock_relay
7784.914833333332	0.4800000000032014	trials	port_entry
7787.2648333333345	0.19996666666702367	trials	port_entry
7787.594833333333	0.30996666666760575	trials	port_entry
7819.334866666668	6.680000000000291	trials	port_entry
7826.254866666666	1.6700000000018917	trials	port_entry
7830.374866666669	0.7199999999975262	trials	port_entry
7849.874899999999	2.680000000000291	trials	reward_stimulus_presentation
7850.874866666669	0.7999999999992724	trials	reward_delivery
7852.154900000001	7.430000000000291	trials	port_entry
7884.7648333333345	2.4100666666672623	trials	port_entry
7887.194900000002	0.3899999999994179	trials	port_entry
7887.604900000002	0.5000333333337039	trials	port_entry
7888.214899999999	0.42000000000189175	trials	port_entry
7888.654900000001	0.04003333333093906	trials	port_entry
7888.794900000001	0.20999999999912689	trials	port_entry
7889.084900000002	0.049999999999272404	trials	port_entry
7889.184933333334	0.27000000000043656	trials	port_entry
7889.474900000001	0.2600333333321032	trials	port_entry
7889.764900000002	0.08003333333181217	trials	port_entry
7890.034833333335	0.2800999999999476	trials	port_entry
7890.394899999999	0.050033333332976326	trials	port_entry
7907.594866666666	2.260066666669445	trials	port_entry
7909.934933333334	0.049999999999272404	trials	port_entry
7910.004933333334	0.5	trials	port_entry
7920.144933333333	2.400000000001455	trials	port_entry
7924.0449333333345	1.2299999999995634	trials	port_entry
7933.564933333335	10.03003333333254	trials	port_entry
7939.874966666666	20.001100000001315	trials	shock_stimulus_presentation
7954.8449666666675	0.25	trials	port_entry
7955.154966666669	0.12999999999738066	trials	port_entry
7955.324966666667	3.9200000000018917	trials	port_entry
7959.394966666667	0.2999999999992724	trials	port_entry
7959.674966666666	0.3000000000029104	trials	shock_relay
7959.734966666667	0.031066666666447418	trials	port_entry
7959.854966666666	0.05000000000291038	trials	port_entry
7961.234966666667	1.5	trials	port_entry
7987.445	4.540000000000873	trials	port_entry
7996.865000000002	0.029999999998835847	trials	port_entry
7996.985000000001	1.5200000000004366	trials	port_entry
8034.875033333334	4.729999999999563	trials	reward_stimulus_presentation
8035.875033333334	0.7999999999992724	trials	reward_delivery
8039.205033333335	10.419999999998254	trials	port_entry
8051.855033333333	1.069999999999709	trials	port_entry
8054.925033333333	0.030000000002473826	trials	port_entry
8054.975033333332	1.25	trials	port_entry
8103.555066666668	2.0	trials	port_entry
8105.635066666666	0.3500000000021828	trials	port_entry
8106.005066666668	0.5499999999992724	trials	port_entry
8106.595033333335	0.35003333333224873	trials	port_entry
8114.935066666669	1.7700000000004366	trials	port_entry
8116.725066666666	0.13000000000101863	trials	port_entry
8117.325066666668	0.029999999998835847	trials	port_entry
8117.875066666667	0.06000000000130967	trials	port_entry
8118.165066666668	0.020000000000436557	trials	port_entry
8119.235066666668	0.049999999999272404	trials	port_entry
8119.905066666666	2.639999999999418	trials	port_entry
8124.875066666667	20.000033333333704	trials	neutral_stimulus_presentation
8129.575000000001	3.2800999999999476	trials	port_entry
8143.215100000001	1.4899999999979627	trials	port_entry
8158.185100000002	1.7899999999972351	trials	port_entry
8167.795099999999	9.150000000001455	trials	port_entry
8177.1350999999995	2.100000000002183	trials	port_entry
8179.295099999999	0.12003333333632327	trials	port_entry
8179.995033333333	0.9600666666665347	trials	port_entry
8182.705099999999	3.08003333333545	trials	port_entry
8201.355133333334	1.2000000000007276	trials	port_entry
8204.875133333335	9.21003333333283	trials	reward_stimulus_presentation
8205.875133333335	0.7999666666655685	trials	reward_delivery
8213.685133333332	1.5300000000024738	trials	port_entry
8215.235133333335	0.029933333331428003	trials	port_entry
8215.305133333335	0.0200333333305025	trials	port_entry
8215.345100000002	0.5000666666637699	trials	port_entry
8216.115133333333	0.9799999999995634	trials	port_entry
8217.115133333333	0.06000000000130967	trials	port_entry
8217.195066666667	0.04006666666828096	trials	port_entry
8217.255133333332	0.03993333333346527	trials	port_entry
8217.655133333334	0.6700333333319577	trials	port_entry
8218.395066666668	0.03006666666624369	trials	port_entry
8218.445133333335	0.13000000000101863	trials	port_entry
8218.595066666669	0.15006666666522506	trials	port_entry
8218.815133333334	0.029999999998835847	trials	port_entry
8218.875133333335	0.050033333332976326	trials	port_entry
8218.965133333335	0.020000000000436557	trials	port_entry
8219.085166666668	0.3399666666664416	trials	port_entry
8219.445133333335	0.47000000000116415	trials	port_entry
8219.935133333332	0.110033333334286	trials	port_entry
8220.085166666668	1.1599999999998545	trials	port_entry
8221.275099999999	0.6400333333367598	trials	port_entry
8224.555133333335	0.9099999999998545	trials	port_entry
8230.73516666667	0.7399999999979627	trials	port_entry
8231.495066666666	0.22010000000227592	trials	port_entry
8291.535166666668	1.889999999999418	trials	port_entry
8293.455166666667	0.11999999999898137	trials	port_entry
8293.615166666666	0.8899999999994179	trials	port_entry
8294.635166666667	0.020000000000436557	trials	port_entry
8294.675166666668	0.040000000000873115	trials	port_entry
8294.785166666668	0.09000000000014552	trials	port_entry
8294.875200000002	0.15996666666615056	trials	reward_stimulus_presentation
8294.925200000001	0.040000000000873115	trials	port_entry
8295.025166666666	0.23003333333326736	trials	port_entry
8295.415166666666	0.13000000000101863	trials	port_entry
8295.635166666667	10.770066666667844	trials	port_entry
8295.875166666669	0.7999999999992724	trials	reward_delivery
8321.3852	4.429966666666587	trials	port_entry
8325.835200000001	0.11000000000058208	trials	port_entry
8338.725233333334	1.860000000000582	trials	port_entry
8342.835233333335	1.3599333333331742	trials	port_entry
8347.345233333333	0.020000000000436557	trials	port_entry
8356.975233333334	0.13000000000101863	trials	port_entry
8357.195166666668	0.03006666666624369	trials	port_entry
8363.605233333335	0.06999999999970896	trials	port_entry
8365.985233333333	0.2399666666678968	trials	port_entry
8366.305233333333	0.15999999999985448	trials	port_entry
8366.485233333333	0.24003333333530463	trials	port_entry
8366.815233333335	0.11999999999898137	trials	port_entry
8367.435233333334	0.040000000000873115	trials	port_entry
8367.515166666668	0.0200666666678444	trials	port_entry
8367.555233333333	0.13000000000101863	trials	port_entry
8369.135233333334	1.5400000000008731	trials	port_entry
8372.895199999999	5.160033333333558	trials	port_entry
8379.455233333334	1.2099999999991269	trials	port_entry
8380.685233333334	0.09000000000014552	trials	port_entry
8380.825233333333	1.5100000000020373	trials	port_entry
8382.355233333335	0.029999999998835847	trials	port_entry
8382.425233333335	0.569966666666005	trials	port_entry
8384.015233333335	2.25	trials	port_entry
8388.015233333335	4.120033333332685	trials	port_entry
8392.215233333332	1.0300333333361777	trials	port_entry
8393.845266666667	7.93999999999869	trials	port_entry
8394.875266666666	20.000033333333704	trials	neutral_stimulus_presentation
8402.925266666669	9.219933333330118	trials	port_entry
8438.975266666668	6.229999999999563	trials	port_entry
8447.105333333333	1.4699333333337563	trials	port_entry
8448.745266666669	0.04006666666464298	trials	port_entry
8484.875366666667	0.4599999999991269	trials	reward_stimulus_presentation
8484.935333333335	10.830033333331812	trials	port_entry
8485.875333333333	0.7999999999992724	trials	reward_delivery
8495.785333333333	1.1900333333323942	trials	port_entry
8497.005333333334	0.10003333333224873	trials	port_entry
8497.145366666668	0.13000000000101863	trials	port_entry
8524.795366666669	4.109999999996944	trials	port_entry
8549.755400000002	3.360000000000582	trials	port_entry
8553.1354	1.069999999999709	trials	port_entry
8574.875433333335	20.00136666666731	trials	shock_stimulus_presentation
8594.6754	0.2999999999992724	trials	shock_relay
8609.365433333332	3.9200000000018917	trials	port_entry
8625.515433333334	2.639999999999418	trials	port_entry
8636.525466666666	8.319999999999709	trials	port_entry
8657.795466666666	1.2199666666674602	trials	port_entry
8662.435466666666	1.4700000000011642	trials	port_entry
8664.875500000002	2.039966666667169	trials	reward_stimulus_presentation
8665.875466666668	0.7999999999992724	trials	reward_delivery
8666.515466666668	10.34003333333385	trials	port_entry
8688.0255	3.1599999999998545	trials	port_entry
8691.205466666666	0.12003333333268529	trials	port_entry
8730.375433333335	8.420099999999366	trials	port_entry
8738.8855	0.050033333332976326	trials	port_entry
8749.875533333336	4.219999999997526	trials	reward_stimulus_presentation
8750.875533333336	0.7999999999992724	trials	reward_delivery
8753.695533333335	1.5999999999985448	trials	port_entry
8755.325533333333	0.040000000000873115	trials	port_entry
8755.385533333334	0.2400000000016007	trials	port_entry
8755.715533333336	0.039999999997235136	trials	port_entry
8755.785533333335	0.029999999998835847	trials	port_entry
8755.925533333335	0.029999999998835847	trials	port_entry
8755.975533333334	0.11999999999898137	trials	port_entry
8756.115466666666	0.05006666666668025	trials	port_entry
8756.185533333333	0.31999999999970896	trials	port_entry
8756.525533333333	0.049999999999272404	trials	port_entry
8756.595533333333	0.030000000002473826	trials	port_entry
8756.645533333332	0.040000000000873115	trials	port_entry
8756.715533333336	0.039999999997235136	trials	port_entry
8756.775533333333	0.11999999999898137	trials	port_entry
8756.915533333333	0.3100000000013097	trials	port_entry
8757.315533333334	1.0900000000001455	trials	port_entry
8758.425533333335	0.5400000000008731	trials	port_entry
8758.985533333333	0.12000000000261934	trials	port_entry
8759.125533333336	0.07999999999810825	trials	port_entry
8759.265533333335	1.9799999999995634	trials	port_entry
8761.275533333333	0.08000000000174623	trials	port_entry
8763.845533333333	0.7200000000011642	trials	port_entry
8764.635533333334	0.040000000000873115	trials	port_entry
8764.735533333333	0.12000000000261934	trials	port_entry
8780.735566666666	0.09996666666847887	trials	port_entry
8780.975566666668	0.22996666666585952	trials	port_entry
8781.235533333333	0.09000000000014552	trials	port_entry
8781.345533333333	0.15999999999985448	trials	port_entry
8781.585533333335	0.110033333334286	trials	port_entry
8786.215566666666	0.08003333333545015	trials	port_entry
8787.225533333334	0.019933333333028713	trials	port_entry
8807.135566666668	2.7999999999992724	trials	port_entry
8824.7356	2.9099666666661506	trials	port_entry
8839.475566666668	3.5099999999983993	trials	port_entry
8849.285566666666	1.610033333334286	trials	port_entry
8859.675600000002	0.2999999999992724	trials	shock_relay
8867.655633333336	1.9399666666649864	trials	port_entry
8875.095633333334	2.9699666666674602	trials	port_entry
8878.085600000002	3.5	trials	port_entry
8900.795633333335	0.2000000000007276	trials	port_entry
8905.345633333334	2.3400000000001455	trials	port_entry
8921.405633333336	0.610033333330648	trials	port_entry
8933.525666666668	7.899966666664113	trials	port_entry
8934.8757	6.96996666666746	trials	reward_stimulus_presentation
8935.875666666667	0.7999999999992724	trials	reward_delivery
8941.445666666667	1.1300000000010186	trials	port_entry
8942.595633333334	0.2600333333321032	trials	port_entry
8942.875666666667	1.2699666666667326	trials	port_entry
8944.175666666666	0.6799666666665871	trials	port_entry
8944.895666666667	2.279999999998836	trials	port_entry
8947.215666666667	0.9000000000014552	trials	port_entry
8948.685666666668	0.4099999999998545	trials	port_entry
8949.115666666668	0.029966666665131925	trials	port_entry
8993.1757	1.0399666666671692	trials	port_entry
8994.235633333334	0.3901000000005297	trials	port_entry
8994.645700000001	1.5299999999988358	trials	port_entry
8996.1957	0.6700000000018917	trials	port_entry
8996.9057	0.13000000000101863	trials	port_entry
8997.0557	0.2100333333328308	trials	port_entry
8997.365700000002	0.08003333333181217	trials	port_entry
9016.555733333335	7.919999999998254	trials	port_entry
9024.875733333334	20.001000000000204	trials	shock_stimulus_presentation
9030.115733333336	0.9299999999966531	trials	port_entry
9044.675733333333	0.2999999999992724	trials	shock_relay
9074.935666666668	2.2700999999979103	trials	port_entry
9077.235766666668	0.03993333333346527	trials	port_entry
9077.305766666668	2.8099999999976717	trials	port_entry
9080.135766666666	2.569999999999709	trials	port_entry
9096.2458	8.67989999999918	trials	port_entry
9104.875733333334	1.0499666666655685	trials	reward_stimulus_presentation
9105.5258	11.530000000002474	trials	port_entry
9105.8757	0.7999999999992724	trials	reward_delivery
9117.125800000002	0.6899999999986903	trials	port_entry
9125.645766666668	3.3800333333310846	trials	port_entry
9148.395833333336	3.5499999999992724	trials	port_entry
9171.155833333334	1.0099999999983993	trials	port_entry
9190.805833333336	0.9199999999982538	trials	port_entry
9194.875833333335	20.0	trials	neutral_stimulus_presentation
9200.655733333333	2.510133333333215	trials	port_entry
9207.775866666667	1.2400000000016007	trials	port_entry
9211.615866666667	3.279933333335066	trials	port_entry
9236.695833333335	3.540033333330939	trials	port_entry
9244.3458	3.010033333335741	trials	port_entry
9247.385866666667	7.109933333333174	trials	port_entry
9254.5958	1.9600000000027649	trials	port_entry
9267.675866666668	0.26996666666673264	trials	port_entry
9268.3458	0.080100000002858	trials	port_entry
9273.095833333333	0.4700333333348681	trials	port_entry
9273.595833333333	0.15999999999985448	trials	port_entry
9273.8759	0.019933333336666692	trials	port_entry
9274.015866666668	0.05996666666396777	trials	port_entry
9274.135866666667	0.09999999999854481	trials	port_entry
9274.255799999999	0.04003333333457704	trials	port_entry
9276.775866666667	0.3699333333352115	trials	port_entry
9277.165866666666	0.05993333333390183	trials	port_entry
9278.405900000002	0.029966666665131925	trials	port_entry
9280.575833333332	0.13006666666842648	trials	port_entry
9281.675900000002	0.23999999999796273	trials	port_entry
9281.945833333335	1.0200333333305025	trials	port_entry
9294.875933333333	1.3000000000029104	trials	reward_stimulus_presentation
9295.7759	10.550033333332976	trials	port_entry
9295.8759	0.8000333333366143	trials	reward_delivery
9306.345933333334	0.5200000000004366	trials	port_entry
9306.965933333333	0.06000000000130967	trials	port_entry
9307.045933333335	0.27999999999883585	trials	port_entry
9329.045933333335	3.3299999999981083	trials	port_entry
9332.395933333333	0.36999999999898137	trials	port_entry
9363.885966666669	4.740033333331667	trials	port_entry
9384.755966666668	10.71003333333283	trials	port_entry
9384.876	0.2799666666687699	trials	reward_stimulus_presentation
9385.875966666666	0.7999999999992724	trials	reward_delivery
9396.456000000002	1.1299999999973807	trials	port_entry
9422.846000000001	3.279999999998836	trials	port_entry
9426.155999999999	0.11000000000058208	trials	port_entry
9426.286	0.18003333333399496	trials	port_entry
9442.676	6.960000000002765	trials	port_entry
9449.736	2.3100000000013097	trials	port_entry
9463.586066666667	2.6199666666689154	trials	port_entry
9474.876033333334	1.8800333333347226	trials	reward_stimulus_presentation
9475.876033333334	0.7999999999992724	trials	reward_delivery
9476.356033333333	0.12003333333268529	trials	port_entry
9476.526066666669	0.029966666665131925	trials	port_entry
9476.656033333333	1.6900333333360322	trials	port_entry
9478.366033333336	0.10996666666687815	trials	port_entry
9478.496033333333	2.4900333333353046	trials	port_entry
9481.016033333333	5.430000000000291	trials	port_entry
9486.486033333334	0.10006666666595265	trials	port_entry
9486.626066666668	0.8699666666652774	trials	port_entry
9504.026066666669	2.5200333333305025	trials	port_entry
9531.946100000001	3.4500000000007276	trials	port_entry
9546.9761	0.8900333333331218	trials	port_entry
9547.896100000002	1.430033333333995	trials	port_entry
9555.606133333335	2.599999999998545	trials	port_entry
9558.376133333335	1.4500000000007276	trials	port_entry
9564.876133333335	1.5499999999992724	trials	reward_stimulus_presentation
9565.876133333335	0.7999999999992724	trials	reward_delivery
9566.026133333333	9.470000000001164	trials	port_entry
9576.496133333334	0.9700000000011642	trials	port_entry
9591.446133333335	1.6400333333331218	trials	port_entry
9593.116133333333	0.9000000000014552	trials	port_entry
9608.006166666666	0.4400000000023283	trials	port_entry
9608.476166666667	0.31999999999970896	trials	port_entry
9608.866166666667	0.06999999999970896	trials	port_entry
9609.356133333335	0.02003333333414048	trials	port_entry
9609.446166666668	0.020000000000436557	trials	port_entry
9609.756166666666	0.06999999999970896	trials	port_entry
9621.306166666669	4.469999999997526	trials	port_entry
9625.976166666667	0.6500000000014552	trials	port_entry
9637.866166666667	2.100000000002183	trials	port_entry
9640.016200000002	0.21999999999752617	trials	port_entry
9649.876200000002	20.00119999999879	trials	shock_stimulus_presentation
9669.676200000002	0.2999999999992724	trials	shock_relay
9676.566200000001	1.3400000000001455	trials	port_entry
9703.126233333332	8.610000000000582	trials	port_entry
9718.886233333335	9.810033333331376	trials	port_entry
9728.726233333335	0.07999999999810825	trials	port_entry
9729.536233333332	7.940033333336032	trials	port_entry
9739.876266666666	0.4500000000007276	trials	reward_stimulus_presentation
9739.926233333335	12.310033333331376	trials	port_entry
9740.876266666666	0.8000000000029104	trials	reward_delivery
9755.696266666666	0.15999999999985448	trials	port_entry
9755.906266666669	0.15999999999985448	trials	port_entry
9773.976266666668	3.7800333333325398	trials	port_entry
9787.026266666668	0.12003333333268529	trials	port_entry
9795.256300000001	2.5799999999981083	trials	port_entry
9798.0763	0.040000000000873115	trials	port_entry
9798.206300000002	0.020000000000436557	trials	port_entry
9798.3063	0.029999999998835847	trials	port_entry
9798.866300000002	0.11000000000058208	trials	port_entry
9834.876233333332	20.000033333333704	trials	neutral_stimulus_presentation
9848.826333333334	5.259999999998399	trials	port_entry
9854.146333333334	4.669999999998254	trials	port_entry
9858.966333333334	0.3899999999994179	trials	port_entry
9859.386333333336	1.2099999999991269	trials	port_entry
9864.596333333335	2.8699999999989814	trials	port_entry
9922.276400000002	1.779966666665132	trials	port_entry
9924.116399999999	0.08996666667007958	trials	port_entry
9924.876333333334	20.001166666668723	trials	shock_stimulus_presentation
9936.456366666669	5.190033333332394	trials	port_entry
9943.466366666667	1.389999999999418	trials	port_entry
9944.6763	0.3000333333366143	trials	shock_relay
9945.296366666666	0.2600333333357412	trials	port_entry
10000.676433333334	13.860000000000582	trials	port_entry
10004.876366666667	10.080066666665516	trials	reward_stimulus_presentation
10005.876366666667	0.7999999999992724	trials	reward_delivery
10014.556433333335	1.9399999999986903	trials	port_entry
10016.706433333333	2.75	trials	port_entry
10033.186466666666	2.780000000002474	trials	port_entry
10035.986466666669	1.6199999999989814	trials	port_entry
10089.9264	4.9900999999990745	trials	port_entry
10094.876433333335	0.5200666666642064	trials	reward_stimulus_presentation
10094.996500000001	0.019966666666732635	trials	port_entry
10095.876433333335	0.7999999999992724	trials	reward_delivery
10096.466400000001	0.1900999999998021	trials	port_entry
10096.7065	11.180000000000291	trials	port_entry
10111.096433333332	0.04003333333457704	trials	port_entry
10114.766466666668	2.1599666666661506	trials	port_entry
10162.896566666666	3.5100000000020373	trials	port_entry
10169.836566666669	1.1899999999986903	trials	port_entry
10194.8766	2.789966666667169	trials	reward_stimulus_presentation
10195.8766	0.7999999999992724	trials	reward_delivery
10197.266599999999	10.80000000000291	trials	port_entry
10218.516599999999	1.7200000000011642	trials	port_entry
10220.2566	0.049999999999272404	trials	port_entry
10236.416633333334	0.7999999999992724	trials	port_entry
10256.356633333333	2.4799999999995634	trials	port_entry
10259.296633333335	0.020000000000436557	trials	port_entry
10259.896633333334	0.020000000000436557	trials	port_entry
10260.536633333333	0.020000000000436557	trials	port_entry
10261.226633333335	1.2999999999992724	trials	port_entry
10267.636633333335	0.039999999997235136	trials	port_entry
10282.306666666667	8.900000000001455	trials	port_entry
10284.876666666667	20.00146666666842	trials	shock_stimulus_presentation
10295.726666666666	0.12000000000261934	trials	port_entry
10295.916666666668	2.430000000000291	trials	port_entry
10304.676633333333	0.3000333333329763	trials	shock_relay
10306.616700000002	3.41996666666455	trials	port_entry
10312.306666666667	1.4799999999995634	trials	port_entry
10358.736700000001	5.759999999998399	trials	port_entry
10366.046699999999	7.670033333335596	trials	port_entry
10373.866700000002	0.5200333333305025	trials	port_entry
10374.876733333334	1.139999999999418	trials	reward_stimulus_presentation
10375.616700000002	10.840033333330211	trials	port_entry
10375.8767	0.7999999999992724	trials	reward_delivery
10387.646733333335	0.4500000000007276	trials	port_entry
10447.736766666669	4.43999999999869	trials	port_entry
10464.876766666668	20.000033333333704	trials	neutral_stimulus_presentation
10507.306766666668	2.2800333333325398	trials	port_entry
10524.626800000002	8.180033333333995	trials	port_entry
10532.886833333334	0.139966666665714	trials	port_entry
10534.4768	3.360033333334286	trials	port_entry
10549.876866666666	15.479966666669497	trials	reward_stimulus_presentation
10550.876833333336	0.7999999999992724	trials	reward_delivery
10564.956833333334	0.43000000000029104	trials	port_entry
10565.416833333333	0.42000000000189175	trials	port_entry
10565.856833333335	0.23003333333326736	trials	port_entry
10566.176833333335	0.18000000000029104	trials	port_entry
10566.396833333332	0.06000000000130967	trials	port_entry
10566.496866666668	0.03996666666716919	trials	port_entry
10566.776833333333	0.10000000000218279	trials	port_entry
10566.916833333333	0.030000000002473826	trials	port_entry
10567.076833333333	0.06000000000130967	trials	port_entry
10567.206866666667	0.019966666666732635	trials	port_entry
10567.376833333336	0.18000000000029104	trials	port_entry
10567.626833333336	0.09000000000014552	trials	port_entry
10568.086866666668	0.10996666666687815	trials	port_entry
10568.226833333334	0.11000000000058208	trials	port_entry
10568.356833333335	0.09999999999854481	trials	port_entry
10568.536833333335	0.11003333333064802	trials	port_entry
10568.716833333336	0.050033333332976326	trials	port_entry
10568.826833333333	0.38993333333564806	trials	port_entry
10569.276766666666	0.08006666666915407	trials	port_entry
10569.426833333335	0.07999999999810825	trials	port_entry
10569.556833333336	0.4200333333319577	trials	port_entry
10569.996833333335	0.15999999999985448	trials	port_entry
10570.656833333334	0.020000000000436557	trials	port_entry
10597.256866666667	1.7800000000024738	trials	port_entry
10611.066866666668	0.10003333333224873	trials	port_entry
10613.596866666667	0.5900333333338494	trials	port_entry
10614.566900000002	0.029966666665131925	trials	port_entry
10626.386900000001	2.91996666666455	trials	port_entry
10636.096866666667	1.0900666666675534	trials	port_entry
10639.876933333333	20.0	trials	neutral_stimulus_presentation
10644.016866666669	15.650066666665225	trials	port_entry
10659.8469	0.18003333333399496	trials	port_entry
10661.136933333335	3.4500000000007276	trials	port_entry
10665.326933333334	4.920000000001892	trials	port_entry
10670.436933333334	0.6500000000014552	trials	port_entry
10671.636933333335	0.029999999998835847	trials	port_entry
10672.656900000002	5.000033333333704	trials	port_entry
10678.876933333333	2.1300333333347226	trials	port_entry
10681.196933333333	0.11000000000058208	trials	port_entry
10695.226966666669	1.5799333333307004	trials	port_entry
10704.066966666669	5.6599999999998545	trials	port_entry
10709.896966666667	0.10993333333317423	trials	port_entry
10712.076933333334	2.890033333333122	trials	port_entry
10716.946966666666	0.5800000000017462	trials	port_entry
10718.116966666668	1.5900000000001455	trials	port_entry
10719.806966666667	0.1500000000014552	trials	port_entry
10720.996966666666	2.070000000003347	trials	port_entry
10734.877	20.00106666666761	trials	shock_stimulus_presentation
10750.247	0.13000000000101863	trials	port_entry
10751.777000000002	0.5399666666671692	trials	port_entry
10754.677	0.2999999999992724	trials	shock_relay
10784.406933333335	1.58009999999922	trials	port_entry
10788.006966666668	1.7500666666674078	trials	port_entry
10813.247033333333	0.13999999999941792	trials	port_entry
10813.447066666668	1.3599333333331742	trials	port_entry
10814.957000000002	0.11003333333064802	trials	port_entry
10815.287033333334	3.830033333331812	trials	port_entry
10820.787033333334	2.9900333333316667	trials	port_entry
10824.877033333334	20.000033333333704	trials	neutral_stimulus_presentation
10825.627066666668	6.930000000000291	trials	port_entry
10833.517066666667	2.75	trials	port_entry
10853.077066666669	4.619999999998981	trials	port_entry
10863.43706666667	4.329999999998108	trials	port_entry
10868.807	5.570066666667117	trials	port_entry
10874.507033333335	0.5999999999985448	trials	port_entry
10875.667066666669	1.8300333333318122	trials	port_entry
10880.287066666668	0.5800333333318122	trials	port_entry
10889.6871	1.3700000000026193	trials	port_entry
10894.337033333333	1.1900333333323942	trials	port_entry
10899.607033333334	0.11006666666798992	trials	port_entry
10901.127100000002	0.09999999999854481	trials	port_entry
10901.427066666667	0.02003333333414048	trials	port_entry
10901.467066666668	0.060033333331375616	trials	port_entry
10903.107033333334	0.020000000000436557	trials	port_entry
10903.18706666667	0.029999999998835847	trials	port_entry
10904.877100000002	20.00170000000071	trials	shock_stimulus_presentation
10913.097099999999	0.1500000000014552	trials	port_entry
10913.8371	1.0400000000008731	trials	port_entry
10915.207033333332	0.14006666666682577	trials	port_entry
10924.6771	0.2999999999992724	trials	shock_relay
10935.807066666668	0.0700666666671168	trials	port_entry
10936.067133333334	0.3100000000013097	trials	port_entry
10940.857066666667	0.12006666666638921	trials	port_entry
10942.297133333333	0.020000000000436557	trials	port_entry
10942.677133333334	0.07993333333433839	trials	port_entry
10942.7771	0.07996666666804231	trials	port_entry
10962.037100000001	1.4099999999998545	trials	port_entry
10984.637166666667	1.0499999999992724	trials	port_entry
10994.877166666669	4.559999999997672	trials	reward_stimulus_presentation
10995.877166666669	0.7999999999992724	trials	reward_delivery
10999.037166666669	6.660033333333558	trials	port_entry
11005.767166666668	0.020000000000436557	trials	port_entry
11053.107200000002	1.2300333333332674	trials	port_entry
11054.3672	2.4200000000018917	trials	port_entry
11074.967233333333	1.4099999999998545	trials	port_entry
11082.927233333336	0.09000000000014552	trials	port_entry
11084.857233333332	0.12000000000261934	trials	port_entry
11330.2592	0.1001333333333605	trials	phototagging
11331.260733333333	0.1001333333333605	trials	phototagging
11332.262266666668	0.10016666666706442	trials	phototagging
11333.2638	0.10016666666706442	trials	phototagging
11334.265366666667	0.1001333333333605	trials	phototagging
11335.266866666669	0.10016666666706442	trials	phototagging
11336.268433333335	0.1001333333333605	trials	phototagging
11337.269966666667	0.1001333333333605	trials	phototagging
11338.271499999999	0.10016666666706442	trials	phototagging
11339.273033333335	0.10016666666706442	trials	phototagging
11340.274566666667	0.10016666666706442	trials	phototagging
11341.276133333333	0.1001333333333605	trials	phototagging
11352.293033333335	0.005033333331084577	trials	phototagging
11352.303066666667	0.005000000001018634	trials	phototagging
11352.313066666666	0.005033333334722556	trials	phototagging
11352.323100000001	0.005000000001018634	trials	phototagging
11352.3331	0.005000000001018634	trials	phototagging
11352.343133333336	0.004999999997380655	trials	phototagging
11352.353133333334	0.005000000001018634	trials	phototagging
11352.363166666666	0.005000000001018634	trials	phototagging
11352.373166666668	0.005000000001018634	trials	phototagging
11352.383166666667	0.005033333334722556	trials	phototagging
11352.393200000002	0.004999999997380655	trials	phototagging
11352.4032	0.005033333334722556	trials	phototagging
11352.413233333333	0.005000000001018634	trials	phototagging
11352.423233333335	0.005033333331084577	trials	phototagging
11352.433266666667	0.005000000001018634	trials	phototagging
11352.443266666669	0.004999999997380655	trials	phototagging
11352.453300000001	0.005000000001018634	trials	phototagging
11352.4633	0.005033333334722556	trials	phototagging
11352.473333333335	0.004999999997380655	trials	phototagging
11352.483333333334	0.005000000001018634	trials	phototagging
11352.493366666666	0.005000000001018634	trials	phototagging
11352.503366666668	0.005000000001018634	trials	phototagging
11352.5134	0.005000000001018634	trials	phototagging
11352.523400000002	0.004999999997380655	trials	phototagging
11352.533433333334	0.005000000001018634	trials	phototagging
11352.543433333332	0.005000000001018634	trials	phototagging
11352.553466666668	0.005000000001018634	trials	phototagging
11352.563466666666	0.005000000001018634	trials	phototagging
11352.573500000002	0.004999999997380655	trials	phototagging
11352.5835	0.005000000001018634	trials	phototagging
11362.6089	0.01003333333574119	trials	phototagging
11362.709066666666	0.010000000002037268	trials	phototagging
11362.8092	0.01003333333574119	trials	phototagging
11362.909366666667	0.010033333332103211	trials	phototagging
11363.0095	0.010033333332103211	trials	phototagging
11363.109666666667	0.00999999999839929	trials	phototagging
11363.209833333334	0.00999999999839929	trials	phototagging
11363.309966666668	0.010033333332103211	trials	phototagging
11363.410133333335	0.00999999999839929	trials	phototagging
11363.510266666668	0.010033333332103211	trials	phototagging
11363.610433333335	0.010033333332103211	trials	phototagging
11363.710600000002	0.00999999999839929	trials	phototagging
11363.810733333336	0.010033333332103211	trials	phototagging
11363.910899999999	0.01003333333574119	trials	phototagging
11364.011066666666	0.010000000002037268	trials	phototagging
11364.1112	0.01003333333574119	trials	phototagging
11364.211366666666	0.010000000002037268	trials	phototagging
11364.311533333334	0.010000000002037268	trials	phototagging
11364.411666666667	0.010033333332103211	trials	phototagging
11364.511833333334	0.00999999999839929	trials	phototagging
11364.611966666667	0.010033333332103211	trials	phototagging
11364.712133333334	0.010033333332103211	trials	phototagging
11364.812300000001	0.00999999999839929	trials	phototagging
11364.912433333335	0.010033333332103211	trials	phototagging
11365.012600000002	0.00999999999839929	trials	phototagging
11365.112766666669	0.00999999999839929	trials	phototagging
11365.212900000002	0.010033333332103211	trials	phototagging
11365.313066666666	0.010000000002037268	trials	phototagging
11365.413199999999	0.01003333333574119	trials	phototagging
11365.513366666666	0.010000000002037268	trials	phototagging
11375.6289	0.005033333334722556	trials	phototagging
11376.630466666666	0.005000000001018634	trials	phototagging
11377.632000000001	0.005000000001018634	trials	phototagging
11378.633533333334	0.005000000001018634	trials	phototagging
11379.635066666666	0.005000000001018634	trials	phototagging
11380.636600000002	0.005033333331084577	trials	phototagging
11381.638133333334	0.005033333334722556	trials	phototagging
11382.6397	0.005000000001018634	trials	phototagging
11383.641233333336	0.004999999997380655	trials	phototagging
11384.642766666668	0.005000000001018634	trials	phototagging
11385.6443	0.005000000001018634	trials	phototagging
11386.645833333336	0.005033333331084577	trials	phototagging
11387.647366666668	0.005033333331084577	trials	phototagging
11388.648933333334	0.005000000001018634	trials	phototagging
11389.650466666666	0.005000000001018634	trials	phototagging
11390.652000000002	0.004999999997380655	trials	phototagging
11391.653533333334	0.005033333334722556	trials	phototagging
11392.655066666666	0.005033333334722556	trials	phototagging
11393.656633333336	0.004999999997380655	trials	phototagging
11394.658166666668	0.005000000001018634	trials	phototagging
11395.6597	0.005000000001018634	trials	phototagging
11396.661233333332	0.005000000001018634	trials	phototagging
11397.662766666668	0.005033333331084577	trials	phototagging
11398.6643	0.005033333334722556	trials	phototagging
11399.665866666666	0.005000000001018634	trials	phototagging
11400.667400000002	0.004999999997380655	trials	phototagging
11401.668933333334	0.005000000001018634	trials	phototagging
11402.670466666666	0.005000000001018634	trials	phototagging
11403.672000000002	0.004999999997380655	trials	phototagging
11404.673533333334	0.005033333331084577	trials	phototagging
11415.690466666667	0.005033333334722556	trials	phototagging
11416.692	0.005033333334722556	trials	phototagging
11417.693533333335	0.005033333331084577	trials	phototagging
11418.6951	0.005000000001018634	trials	phototagging
11419.696633333333	0.005000000001018634	trials	phototagging
11420.698166666669	0.005033333331084577	trials	phototagging
11421.699700000001	0.005033333334722556	trials	phototagging
11422.701233333333	0.005033333334722556	trials	phototagging
11423.7028	0.005000000001018634	trials	phototagging
11424.704333333335	0.004999999997380655	trials	phototagging
11425.705866666667	0.005000000001018634	trials	phototagging
11426.7074	0.005000000001018634	trials	phototagging
11427.708933333335	0.005033333331084577	trials	phototagging
11428.710500000001	0.005000000001018634	trials	phototagging
11429.712033333333	0.005000000001018634	trials	phototagging
11430.713566666669	0.004999999997380655	trials	phototagging
11431.715100000001	0.005000000001018634	trials	phototagging
11432.716633333333	0.005000000001018634	trials	phototagging
11433.7182	0.005000000001018634	trials	phototagging
11434.719733333335	0.004999999997380655	trials	phototagging
11435.721266666667	0.005000000001018634	trials	phototagging
11436.7228	0.005000000001018634	trials	phototagging
11437.724333333335	0.004999999997380655	trials	phototagging
11438.725866666668	0.005000000001018634	trials	phototagging
11439.727433333333	0.005000000001018634	trials	phototagging
11440.728966666666	0.005000000001018634	trials	phototagging
11441.730500000001	0.004999999997380655	trials	phototagging
11442.732033333334	0.005000000001018634	trials	phototagging
11443.733566666666	0.005000000001018634	trials	phototagging
11444.735100000002	0.005033333331084577	trials	phototagging
11455.752033333334	0.010033333332103211	trials	phototagging
11455.852200000001	0.010033333332103211	trials	phototagging
11455.952366666668	0.00999999999839929	trials	phototagging
11456.052500000002	0.010033333332103211	trials	phototagging
11456.152666666669	0.00999999999839929	trials	phototagging
11456.252833333336	0.00999999999839929	trials	phototagging
11456.352966666669	0.010033333332103211	trials	phototagging
11456.453133333333	0.010000000002037268	trials	phototagging
11456.553266666666	0.01003333333574119	trials	phototagging
11456.653433333333	0.010000000002037268	trials	phototagging
11456.7536	0.010000000002037268	trials	phototagging
11456.853733333333	0.010000000002037268	trials	phototagging
11456.9539	0.010000000002037268	trials	phototagging
11457.054033333334	0.010033333332103211	trials	phototagging
11457.1542	0.00999999999839929	trials	phototagging
11457.254333333334	0.010033333332103211	trials	phototagging
11457.354500000001	0.010033333332103211	trials	phototagging
11457.454666666668	0.00999999999839929	trials	phototagging
11457.554833333335	0.00999999999839929	trials	phototagging
11457.654966666669	0.010033333332103211	trials	phototagging
11457.755133333332	0.010000000002037268	trials	phototagging
11457.855266666666	0.01003333333574119	trials	phototagging
11457.955433333333	0.010000000002037268	trials	phototagging
11458.055566666666	0.01003333333574119	trials	phototagging
11458.155733333333	0.01003333333574119	trials	phototagging
11458.2559	0.010000000002037268	trials	phototagging
11458.356033333333	0.010033333332103211	trials	phototagging
11458.4562	0.00999999999839929	trials	phototagging
11458.556366666668	0.00999999999839929	trials	phototagging
11458.656500000001	0.010033333332103211	trials	phototagging
11468.772066666668	0.004999999997380655	trials	phototagging
11469.7736	0.005000000001018634	trials	phototagging
11470.775133333333	0.005000000001018634	trials	phototagging
11471.776666666668	0.005033333331084577	trials	phototagging
11472.7782	0.005033333334722556	trials	phototagging
11473.779766666667	0.005000000001018634	trials	phototagging
11474.781300000002	0.004999999997380655	trials	phototagging
11475.782833333335	0.005000000001018634	trials	phototagging
11476.784366666667	0.005000000001018634	trials	phototagging
11477.785899999999	0.005033333334722556	trials	phototagging
11478.787433333335	0.005033333331084577	trials	phototagging
11479.789	0.005000000001018634	trials	phototagging
11480.790533333333	0.005000000001018634	trials	phototagging
11481.792066666669	0.004999999997380655	trials	phototagging
11482.7936	0.005033333334722556	trials	phototagging
11483.795133333333	0.005033333334722556	trials	phototagging
11484.796699999999	0.005000000001018634	trials	phototagging
11485.798233333335	0.005000000001018634	trials	phototagging
11486.799766666667	0.005000000001018634	trials	phototagging
11487.8013	0.005000000001018634	trials	phototagging
11488.802833333335	0.004999999997380655	trials	phototagging
11489.804366666667	0.005033333334722556	trials	phototagging
11490.805933333333	0.005000000001018634	trials	phototagging
11491.807466666669	0.004999999997380655	trials	phototagging
11492.809000000001	0.005000000001018634	trials	phototagging
11493.810533333333	0.005000000001018634	trials	phototagging
11494.81206666667	0.004999999997380655	trials	phototagging
11495.813633333335	0.004999999997380655	trials	phototagging
11496.815166666667	0.005000000001018634	trials	phototagging
11497.8167	0.005000000001018634	trials	phototagging
11508.833633333335	0.004999999997380655	trials	phototagging
11508.843633333334	0.005033333334722556	trials	phototagging
11508.853666666666	0.005000000001018634	trials	phototagging
11508.863666666668	0.005033333331084577	trials	phototagging
11508.8737	0.005000000001018634	trials	phototagging
11508.883700000002	0.004999999997380655	trials	phototagging
11508.893733333334	0.005000000001018634	trials	phototagging
11508.903733333333	0.005033333334722556	trials	phototagging
11508.913766666668	0.004999999997380655	trials	phototagging
11508.923766666667	0.005000000001018634	trials	phototagging
11508.933766666669	0.005033333331084577	trials	phototagging
11508.943800000001	0.005000000001018634	trials	phototagging
11508.953833333333	0.005000000001018634	trials	phototagging
11508.963833333335	0.004999999997380655	trials	phototagging
11508.973833333333	0.005033333334722556	trials	phototagging
11508.983866666666	0.005000000001018634	trials	phototagging
11508.993866666668	0.005033333334722556	trials	phototagging
11509.0039	0.005000000001018634	trials	phototagging
11509.013900000002	0.005033333331084577	trials	phototagging
11509.023933333334	0.005000000001018634	trials	phototagging
11509.033933333332	0.005033333334722556	trials	phototagging
11509.043966666668	0.005000000001018634	trials	phototagging
11509.053966666666	0.005033333334722556	trials	phototagging
11509.064000000002	0.004999999997380655	trials	phototagging
11509.074	0.005000000001018634	trials	phototagging
11509.084033333333	0.005000000001018634	trials	phototagging
11509.094033333335	0.005000000001018634	trials	phototagging
11509.104066666667	0.005000000001018634	trials	phototagging
11509.114066666669	0.004999999997380655	trials	phototagging
11509.124066666667	0.005033333334722556	trials	phototagging
11519.1495	0.010000000002037268	trials	phototagging
11519.249633333333	0.01003333333574119	trials	phototagging
11519.3498	0.01003333333574119	trials	phototagging
11519.449966666667	0.010000000002037268	trials	phototagging
11519.5501	0.010033333332103211	trials	phototagging
11519.650266666667	0.00999999999839929	trials	phototagging
11519.7504	0.010033333332103211	trials	phototagging
11519.850566666668	0.00999999999839929	trials	phototagging
11519.950733333335	0.00999999999839929	trials	phototagging
11520.050866666668	0.010033333332103211	trials	phototagging
11520.151033333335	0.010033333332103211	trials	phototagging
11520.251200000002	0.00999999999839929	trials	phototagging
11520.351333333336	0.010033333332103211	trials	phototagging
11520.4515	0.010000000002037268	trials	phototagging
11520.551666666666	0.010000000002037268	trials	phototagging
11520.6518	0.010000000002037268	trials	phototagging
11520.751966666667	0.010000000002037268	trials	phototagging
11520.8521	0.01003333333574119	trials	phototagging
11520.952266666667	0.00999999999839929	trials	phototagging
11521.0524	0.010033333332103211	trials	phototagging
11521.152566666668	0.010033333332103211	trials	phototagging
11521.252733333335	0.00999999999839929	trials	phototagging
11521.352866666668	0.010033333332103211	trials	phototagging
11521.453033333335	0.010033333332103211	trials	phototagging
11521.553200000002	0.00999999999839929	trials	phototagging
11521.653333333335	0.010033333332103211	trials	phototagging
11521.753499999999	0.010000000002037268	trials	phototagging
11521.853666666666	0.010000000002037268	trials	phototagging
11521.9538	0.01003333333574119	trials	phototagging
11522.053966666666	0.010000000002037268	trials	phototagging
11532.1695	0.10016666666706442	trials	phototagging
11533.171033333336	0.10016666666342644	trials	phototagging
11534.172600000002	0.1001333333333605	trials	phototagging
11535.174133333334	0.1001333333333605	trials	phototagging
11536.175666666666	0.10016666666706442	trials	phototagging
11537.177200000002	0.10016666666706442	trials	phototagging
11538.178733333334	0.10016666666706442	trials	phototagging
11539.180266666666	0.10016666666706442	trials	phototagging
11540.181800000002	0.10016666666342644	trials	phototagging
11541.183366666668	0.10016666666706442	trials	phototagging
11542.1849	0.10016666666706442	trials	phototagging
11543.186433333332	0.10016666666706442	trials	phototagging
11554.203366666668	0.005033333331084577	trials	phototagging
11554.2134	0.005000000001018634	trials	phototagging
11554.223399999999	0.005033333334722556	trials	phototagging
11554.233433333335	0.005000000001018634	trials	phototagging
11554.243433333333	0.005000000001018634	trials	phototagging
11554.253466666669	0.004999999997380655	trials	phototagging
11554.263466666667	0.005000000001018634	trials	phototagging
11554.2735	0.005000000001018634	trials	phototagging
11554.283500000001	0.005000000001018634	trials	phototagging
11554.2935	0.005033333334722556	trials	phototagging
11554.303533333336	0.004999999997380655	trials	phototagging
11554.313533333334	0.005000000001018634	trials	phototagging
11554.323566666666	0.005000000001018634	trials	phototagging
11554.333566666668	0.005000000001018634	trials	phototagging
11554.3436	0.005000000001018634	trials	phototagging
11554.353600000002	0.004999999997380655	trials	phototagging
11554.363633333334	0.005000000001018634	trials	phototagging
11554.373633333333	0.005000000001018634	trials	phototagging
11554.383633333335	0.005033333331084577	trials	phototagging
11554.393666666667	0.005000000001018634	trials	phototagging
11554.403666666669	0.005033333331084577	trials	phototagging
11554.413700000001	0.005000000001018634	trials	phototagging
11554.4237	0.005033333334722556	trials	phototagging
11554.433733333335	0.004999999997380655	trials	phototagging
11554.443733333334	0.005033333334722556	trials	phototagging
11554.453766666666	0.005000000001018634	trials	phototagging
11554.463766666668	0.005000000001018634	trials	phototagging
11554.4738	0.005000000001018634	trials	phototagging
11554.483800000002	0.005033333331084577	trials	phototagging
11554.493833333334	0.005000000001018634	trials	phototagging
11564.519233333333	0.10016666666706442	trials	phototagging
11565.520766666668	0.10016666666706442	trials	phototagging
11566.5223	0.10016666666706442	trials	phototagging
11567.523866666666	0.1001333333333605	trials	phototagging
11568.525400000002	0.1001333333333605	trials	phototagging
11569.526933333334	0.1001333333333605	trials	phototagging
11570.528466666667	0.10016666666706442	trials	phototagging
11571.530000000002	0.10016666666342644	trials	phototagging
11572.531533333335	0.10016666666706442	trials	phototagging
11573.5331	0.1001333333333605	trials	phototagging
11574.534633333333	0.1001333333333605	trials	phototagging
11575.536166666669	0.1001333333333605	trials	phototagging
11586.553100000001	0.010033333332103211	trials	phototagging
11586.653266666668	0.00999999999839929	trials	phototagging
11586.753400000001	0.010033333332103211	trials	phototagging
11586.853566666668	0.00999999999839929	trials	phototagging
11586.953733333336	0.00999999999839929	trials	phototagging
11587.053866666669	0.010033333332103211	trials	phototagging
11587.154033333332	0.010000000002037268	trials	phototagging
11587.254166666666	0.01003333333574119	trials	phototagging
11587.354333333333	0.010000000002037268	trials	phototagging
11587.4545	0.010000000002037268	trials	phototagging
11587.554633333333	0.01003333333574119	trials	phototagging
11587.6548	0.010000000002037268	trials	phototagging
11587.754966666667	0.00999999999839929	trials	phototagging
11587.8551	0.010033333332103211	trials	phototagging
11587.955266666668	0.00999999999839929	trials	phototagging
11588.055400000001	0.010033333332103211	trials	phototagging
11588.155566666668	0.00999999999839929	trials	phototagging
11588.255733333335	0.00999999999839929	trials	phototagging
11588.355866666669	0.010033333332103211	trials	phototagging
11588.456033333336	0.00999999999839929	trials	phototagging
11588.556166666669	0.010033333332103211	trials	phototagging
11588.656333333332	0.010000000002037268	trials	phototagging
11588.7565	0.010000000002037268	trials	phototagging
11588.856633333333	0.01003333333574119	trials	phototagging
11588.9568	0.010000000002037268	trials	phototagging
11589.056933333333	0.01003333333574119	trials	phototagging
11589.1571	0.010033333332103211	trials	phototagging
11589.257266666667	0.00999999999839929	trials	phototagging
11589.357433333334	0.00999999999839929	trials	phototagging
11589.457566666668	0.00999999999839929	trials	phototagging
11599.573100000001	0.005033333331084577	trials	phototagging
11600.574666666667	0.005000000001018634	trials	phototagging
11601.5762	0.005000000001018634	trials	phototagging
11602.577733333335	0.004999999997380655	trials	phototagging
11603.579266666668	0.005000000001018634	trials	phototagging
11604.5808	0.005033333334722556	trials	phototagging
11605.582366666666	0.005000000001018634	trials	phototagging
11606.583900000001	0.005000000001018634	trials	phototagging
11607.585433333334	0.005000000001018634	trials	phototagging
11608.586966666666	0.005000000001018634	trials	phototagging
11609.588500000002	0.005033333331084577	trials	phototagging
11610.590066666668	0.005000000001018634	trials	phototagging
11611.5916	0.005000000001018634	trials	phototagging
11612.593133333336	0.004999999997380655	trials	phototagging
11613.594666666668	0.005000000001018634	trials	phototagging
11614.5962	0.005000000001018634	trials	phototagging
11615.597733333336	0.005033333331084577	trials	phototagging
11616.599300000002	0.004999999997380655	trials	phototagging
11617.600833333334	0.005000000001018634	trials	phototagging
11618.602366666666	0.005000000001018634	trials	phototagging
11619.603900000002	0.004999999997380655	trials	phototagging
11620.605433333334	0.005033333334722556	trials	phototagging
11621.607	0.005000000001018634	trials	phototagging
11622.608533333336	0.004999999997380655	trials	phototagging
11623.610066666668	0.005000000001018634	trials	phototagging
11624.6116	0.005033333334722556	trials	phototagging
11625.613133333332	0.005033333334722556	trials	phototagging
11626.614700000002	0.004999999997380655	trials	phototagging
11627.616233333334	0.005000000001018634	trials	phototagging
11628.617766666666	0.005000000001018634	trials	phototagging
11639.634700000002	0.004999999997380655	trials	phototagging
11640.636233333335	0.005033333331084577	trials	phototagging
11641.6378	0.005000000001018634	trials	phototagging
11642.639333333333	0.005000000001018634	trials	phototagging
11643.640866666668	0.004999999997380655	trials	phototagging
11644.6424	0.005000000001018634	trials	phototagging
11645.643933333333	0.005033333334722556	trials	phototagging
11646.645500000002	0.004999999997380655	trials	phototagging
11647.647033333335	0.005000000001018634	trials	phototagging
11648.648566666667	0.005000000001018634	trials	phototagging
11649.650099999999	0.005033333334722556	trials	phototagging
11650.651633333335	0.005033333331084577	trials	phototagging
11651.6532	0.005000000001018634	trials	phototagging
11652.654733333333	0.005000000001018634	trials	phototagging
11653.656266666669	0.004999999997380655	trials	phototagging
11654.6578	0.005000000001018634	trials	phototagging
11655.659333333333	0.005033333334722556	trials	phototagging
11656.660899999999	0.005000000001018634	trials	phototagging
11657.662433333335	0.005000000001018634	trials	phototagging
11658.663966666667	0.005000000001018634	trials	phototagging
11659.6655	0.005000000001018634	trials	phototagging
11660.667033333335	0.005033333331084577	trials	phototagging
11661.668566666667	0.005033333334722556	trials	phototagging
11662.670133333333	0.005000000001018634	trials	phototagging
11663.671666666669	0.004999999997380655	trials	phototagging
11664.673200000001	0.005000000001018634	trials	phototagging
11665.674733333333	0.005033333334722556	trials	phototagging
11666.67626666667	0.005033333331084577	trials	phototagging
11667.677833333335	0.004999999997380655	trials	phototagging
11668.679366666667	0.005000000001018634	trials	phototagging
11679.6963	0.010000000002037268	trials	phototagging
11679.796433333333	0.01003333333574119	trials	phototagging
11679.8966	0.010000000002037268	trials	phototagging
11679.996766666667	0.010000000002037268	trials	phototagging
11680.0969	0.010033333332103211	trials	phototagging
11680.197066666668	0.00999999999839929	trials	phototagging
11680.297233333335	0.00999999999839929	trials	phototagging
11680.397366666668	0.010033333332103211	trials	phototagging
11680.497533333335	0.00999999999839929	trials	phototagging
11680.597666666668	0.010033333332103211	trials	phototagging
11680.697833333335	0.010033333332103211	trials	phototagging
11680.797999999999	0.010000000002037268	trials	phototagging
11680.898133333332	0.01003333333574119	trials	phototagging
11680.9983	0.010000000002037268	trials	phototagging
11681.098466666666	0.010000000002037268	trials	phototagging
11681.1986	0.01003333333574119	trials	phototagging
11681.298766666667	0.010000000002037268	trials	phototagging
11681.3989	0.010033333332103211	trials	phototagging
11681.499066666667	0.010033333332103211	trials	phototagging
11681.599233333334	0.00999999999839929	trials	phototagging
11681.699366666668	0.010033333332103211	trials	phototagging
11681.799533333335	0.00999999999839929	trials	phototagging
11681.899700000002	0.00999999999839929	trials	phototagging
11681.999833333335	0.010033333332103211	trials	phototagging
11682.100000000002	0.00999999999839929	trials	phototagging
11682.200133333336	0.010033333332103211	trials	phototagging
11682.300299999999	0.010000000002037268	trials	phototagging
11682.400466666666	0.010000000002037268	trials	phototagging
11682.5006	0.01003333333574119	trials	phototagging
11682.600766666666	0.010000000002037268	trials	phototagging
