onset	duration	nwb_table	trial_type
75.5542333333342	0.09999999999854481	trials	port_entry
75.67423333333318	0.030000000000654836	trials	port_entry
75.7542333333331	0.020000000000436557	trials	port_entry
75.91423333333296	0.3500333333340677	trials	port_entry
76.28423333333376	0.03003333333253977	trials	port_entry
80.82420000000093	0.02003333333232149	trials	port_entry
100.07430000000022	0.030000000000654836	trials	port_entry
171.3744999999999	0.040000000000873115	trials	port_entry
171.6845333333331	0.040000000000873115	trials	port_entry
278.2347666666665	18.540000000000873	trials	reward_stimulus_presentation
279.2347666666665	0.8000333333329763	trials	reward_delivery
296.3748333333333	0.0699333333341201	trials	port_entry
296.65483333333395	4.639966666665714	trials	port_entry
302.21479999999974	0.04003333333457704	trials	port_entry
302.34480000000076	2.0900333333320305	trials	port_entry
306.58476666666684	0.10006666666595265	trials	port_entry
308.2048333333332	0.18000000000029104	trials	port_entry
349.29496666666637	0.04996666666738747	trials	port_entry
368.2350333333343	4.229933333332156	trials	reward_stimulus_presentation
369.2350000000006	0.7999999999992724	trials	reward_delivery
372.0650333333342	0.019999999998617568	trials	port_entry
372.1250333333337	0.049999999999272404	trials	port_entry
372.47496666666666	0.050000000001091394	trials	port_entry
372.58503333333283	7.579933333334338	trials	port_entry
380.1849999999995	0.030000000000654836	trials	port_entry
435.21520000000055	0.18000000000029104	trials	port_entry
444.6352000000006	0.1499999999996362	trials	port_entry
452.3652333333339	0.020000000000436557	trials	port_entry
458.23523333333287	7.410033333333558	trials	reward_stimulus_presentation
459.23523333333287	0.8000000000010914	trials	reward_delivery
465.2452666666668	0.09000000000014552	trials	port_entry
465.3852666666662	0.050000000001091394	trials	port_entry
465.59526666666716	6.960033333332831	trials	port_entry
485.9452999999994	0.1000000000003638	trials	port_entry
504.1853333333329	0.07999999999992724	trials	port_entry
533.8254333333334	0.050000000001091394	trials	port_entry
548.235466666667	20.000066666667408	trials	neutral_stimulus_presentation
565.8554999999997	0.07996666666804231	trials	port_entry
577.305433333333	0.09010000000125729	trials	port_entry
598.1555666666663	0.07003333333341288	trials	port_entry
601.1856000000007	0.1999999999989086	trials	port_entry
604.6655333333329	0.03003333333435876	trials	port_entry
621.5756666666675	0.15999999999985448	trials	port_entry
633.2357000000011	8.40003333333334	trials	reward_stimulus_presentation
634.2356666666674	0.8000333333329763	trials	reward_delivery
641.2357000000011	0.10003333333224873	trials	port_entry
641.5156999999999	7.710033333332831	trials	port_entry
672.8457333333336	0.08006666666733508	trials	port_entry
701.3758666666672	0.15999999999985448	trials	port_entry
723.2359333333334	20.00120000000061	trials	shock_stimulus_presentation
730.8459666666677	0.10999999999876309	trials	port_entry
743.0359666666664	0.3000333333347953	trials	shock_relay
748.3259333333335	0.05996666666760575	trials	port_entry
774.3760666666676	0.12999999999919964	trials	port_entry
785.9360333333334	0.060033333333194605	trials	port_entry
787.3361000000004	0.049999999999272404	trials	port_entry
790.1360999999997	0.23999999999978172	trials	port_entry
808.2261333333336	0.1000000000003638	trials	port_entry
818.2361333333338	6.920033333333777	trials	reward_stimulus_presentation
819.2361666666675	0.7999999999992724	trials	reward_delivery
824.7561666666661	8.5	trials	port_entry
834.8162000000011	0.029966666665131925	trials	port_entry
851.9362666666675	0.07999999999992724	trials	port_entry
877.426300000001	0.12003333333268529	trials	port_entry
879.5463333333337	0.17000000000007276	trials	port_entry
879.7963333333337	0.030000000000654836	trials	port_entry
908.2363999999998	20.000033333333704	trials	neutral_stimulus_presentation
918.7464	0.1499999999996362	trials	port_entry
922.8463666666667	0.08006666666733508	trials	port_entry
923.0364000000009	0.07003333333341288	trials	port_entry
923.1264333333329	0.06990000000041618	trials	port_entry
937.2963666666674	0.07999999999992724	trials	port_entry
937.4963666666663	0.030000000000654836	trials	port_entry
938.7964666666667	0.050000000001091394	trials	port_entry
964.4865666666665	0.10993333333317423	trials	port_entry
978.3065999999999	0.11000000000058208	trials	port_entry
988.2366000000002	6.860033333334286	trials	reward_stimulus_presentation
989.2367333333332	0.7998666666662757	trials	reward_delivery
994.696633333333	8.489933333334193	trials	port_entry
1019.9165666666668	0.1600333333335584	trials	port_entry
1041.8667333333342	0.09000000000014552	trials	port_entry
1051.6167000000005	0.17006666666566161	trials	port_entry
1062.3367666666672	0.06999999999970896	trials	port_entry
1065.2667666666675	0.029999999998835847	trials	port_entry
1077.7667999999994	0.08000000000174623	trials	port_entry
1078.2368000000006	20.00169999999889	trials	shock_stimulus_presentation
1079.9568333333336	0.20999999999912689	trials	port_entry
1098.036900000001	0.2999666666655685	trials	shock_relay
1108.3468666666668	0.19996666666702367	trials	port_entry
1111.1769000000004	0.19000000000050932	trials	port_entry
1111.9668999999994	0.28000000000065484	trials	port_entry
1112.5469000000012	0.09999999999854481	trials	port_entry
1112.7568666666666	1.3400333333338494	trials	port_entry
1114.2469333333338	0.8699666666670964	trials	port_entry
1117.3068999999996	0.5300000000006548	trials	port_entry
1118.856866666667	0.930033333333995	trials	port_entry
1120.0769333333337	0.019966666666732635	trials	port_entry
1120.1169333333328	0.5499666666673875	trials	port_entry
1122.5269000000008	0.16006666666544334	trials	port_entry
1122.8669666666665	0.5599333333339018	trials	port_entry
1123.706933333333	0.06996666666782403	trials	port_entry
1124.3069333333333	0.12000000000080036	trials	port_entry
1124.6669333333339	0.8500333333322487	trials	port_entry
1125.5369666666666	0.16996666666636884	trials	port_entry
1129.2369666666673	0.18000000000029104	trials	port_entry
1131.426933333334	0.19003333333239425	trials	port_entry
1133.086933333334	0.19996666666702367	trials	port_entry
1138.476966666667	0.07999999999992724	trials	port_entry
1162.8970333333327	0.16000000000167347	trials	port_entry
1165.086933333334	0.07003333333341288	trials	port_entry
1165.5470333333342	0.10996666666687815	trials	port_entry
1167.1170000000002	0.10003333333406772	trials	port_entry
1168.3970666666664	0.5200000000004366	trials	port_entry
1178.2370666666666	7.220033333333049	trials	reward_stimulus_presentation
1179.2370333333329	0.7999666666673875	trials	reward_delivery
1185.0571	0.13993333333382907	trials	port_entry
1185.3770999999997	7.690033333334213	trials	port_entry
1193.107133333333	0.07000000000152795	trials	port_entry
1193.1970999999994	0.820000000001528	trials	port_entry
1195.627033333334	0.8300666666655161	trials	port_entry
1237.5771999999997	0.09003333333384944	trials	port_entry
1268.2372333333333	20.000133333332997	trials	neutral_stimulus_presentation
1276.6972333333342	0.030099999999947613	trials	port_entry
1286.3973000000005	0.07996666666622332	trials	port_entry
1292.4073666666663	0.020000000000436557	trials	port_entry
1292.5473333333339	0.029966666666950914	trials	port_entry
1294.9673666666677	1.0900000000001455	trials	port_entry
1296.1173666666673	0.09000000000014552	trials	port_entry
1297.1673333333329	0.19996666666702367	trials	port_entry
1305.9673999999995	0.19000000000050932	trials	port_entry
1308.3973999999998	0.1499999999996362	trials	port_entry
1310.7074000000011	0.15999999999985448	trials	port_entry
1311.0674	0.3099999999994907	trials	port_entry
1311.4174000000003	0.019966666666732635	trials	port_entry
1311.5274000000009	0.019999999998617568	trials	port_entry
1314.3873999999996	0.030000000000654836	trials	port_entry
1325.1974333333328	0.12000000000080036	trials	port_entry
1341.5174333333343	0.07999999999992724	trials	port_entry
1352.5275333333338	0.11000000000058208	trials	port_entry
1355.287433333333	0.1200666666682082	trials	port_entry
1357.0174666666662	0.13000000000101863	trials	port_entry
1357.2874666666667	0.110033333334286	trials	port_entry
1357.7175000000007	0.020000000000436557	trials	port_entry
1358.237533333333	1.7100000000009459	trials	reward_stimulus_presentation
1359.237533333333	0.8000000000010914	trials	reward_delivery
1359.5475333333343	0.07999999999992724	trials	port_entry
1368.5975666666673	0.05996666666578676	trials	port_entry
1368.7875000000004	0.13003333333290357	trials	port_entry
1369.0475333333343	6.670000000000073	trials	port_entry
1376.4675666666662	1.0600333333331946	trials	port_entry
1380.3976000000002	0.12999999999919964	trials	port_entry
1405.8576666666668	0.11993333333339251	trials	port_entry
1407.6376	0.18003333333399496	trials	port_entry
1408.7076666666671	0.6299333333336108	trials	port_entry
1414.6076000000012	0.11999999999898137	trials	port_entry
1423.2276999999995	0.07993333333433839	trials	port_entry
1425.437633333333	0.06000000000130967	trials	port_entry
1425.547700000001	0.10999999999876309	trials	port_entry
1426.1377000000011	0.23999999999978172	trials	port_entry
1427.0676999999996	0.020000000000436557	trials	port_entry
1437.7977333333329	0.17000000000007276	trials	port_entry
1448.2378000000008	20.00103333333209	trials	shock_stimulus_presentation
1457.4677666666666	0.13000000000101863	trials	port_entry
1468.0378	0.29996666666738747	trials	shock_relay
1474.9078000000009	0.019999999998617568	trials	port_entry
1474.9478	0.1400000000012369	trials	port_entry
1491.8979	0.050000000001091394	trials	port_entry
1491.9678999999996	0.050000000001091394	trials	port_entry
1506.8578666666672	0.09003333333384944	trials	port_entry
1533.2379666666675	20.000033333331885	trials	neutral_stimulus_presentation
1533.5979000000007	0.20003333333261253	trials	port_entry
1546.4679333333333	0.07003333333341288	trials	port_entry
1546.5679333333337	0.23999999999978172	trials	port_entry
1568.6980666666677	0.13999999999941792	trials	port_entry
1573.9480666666677	0.20996666666542296	trials	port_entry
1577.9680333333345	0.23003333333326736	trials	port_entry
1578.3180666666667	0.10003333333406772	trials	port_entry
1581.2681000000011	0.22999999999956344	trials	port_entry
1584.8680999999997	0.11000000000058208	trials	port_entry
1623.2382333333335	20.001800000000003	trials	shock_stimulus_presentation
1627.6382333333331	0.06999999999970896	trials	port_entry
1630.8282333333336	0.03996666666716919	trials	port_entry
1643.0382333333328	0.3000333333347953	trials	shock_relay
1644.758233333334	0.21999999999934516	trials	port_entry
1680.7682666666678	0.2900999999983469	trials	port_entry
1694.0383999999995	0.04993333333368355	trials	port_entry
1695.008366666667	0.019966666666732635	trials	port_entry
1709.1984000000011	0.0800666666655161	trials	port_entry
1709.468366666666	1.000033333333704	trials	port_entry
1716.2783666666674	0.14006666666682577	trials	port_entry
1718.2384666666676	20.001166666666904	trials	shock_stimulus_presentation
1721.408433333334	0.12999999999919964	trials	port_entry
1728.3284666666677	0.11003333333246701	trials	port_entry
1734.3084	0.1900999999998021	trials	port_entry
1734.6985000000004	0.04993333333368355	trials	port_entry
1735.7684666666664	0.1400000000012369	trials	port_entry
1738.0384666666669	0.3000333333329763	trials	shock_relay
1739.8984333333337	0.2899999999990541	trials	port_entry
1748.1885000000002	0.43000000000029104	trials	port_entry
1755.5185666666675	0.049999999999272404	trials	port_entry
1757.5085666666673	0.1000000000003638	trials	port_entry
1757.6685666666672	0.020000000000436557	trials	port_entry
1775.1085999999996	0.040000000000873115	trials	port_entry
1775.9886000000006	0.12996666666549572	trials	port_entry
1783.2086	0.3099999999994907	trials	port_entry
1794.2686333333331	0.17000000000007276	trials	port_entry
1796.1085666666677	0.14003333333312185	trials	port_entry
1800.3286666666663	0.2000000000007276	trials	port_entry
1808.2386666666662	20.000066666667408	trials	neutral_stimulus_presentation
1808.818666666666	0.1799666666684061	trials	port_entry
1816.3287	0.1499999999996362	trials	port_entry
1827.0486666666675	0.14996666666593228	trials	port_entry
1831.9987333333338	0.09000000000014552	trials	port_entry
1833.4586666666673	0.35006666666595265	trials	port_entry
1848.208700000001	0.10006666666595265	trials	port_entry
1848.638766666667	0.13999999999941792	trials	port_entry
1848.9387666666662	0.8500333333340677	trials	port_entry
1883.618833333334	0.14996666666593228	trials	port_entry
1888.2389000000003	10.590000000000146	trials	reward_stimulus_presentation
1889.2389000000003	0.7999999999992724	trials	reward_delivery
1898.4288333333334	0.110033333334286	trials	port_entry
1898.5988666666672	0.06996666666600504	trials	port_entry
1915.4589333333333	0.05999999999949068	trials	port_entry
1932.4390000000003	0.22999999999956344	trials	port_entry
1964.7490666666672	10.160066666667262	trials	port_entry
1975.4290999999994	0.030000000000654836	trials	port_entry
1975.5791333333327	0.04996666666738747	trials	port_entry
1975.7091	1.0100000000002183	trials	port_entry
1978.2391333333344	20.000033333331885	trials	neutral_stimulus_presentation
1983.139133333334	0.15996666666615056	trials	port_entry
1983.3690333333343	0.2901000000001659	trials	port_entry
1983.759133333333	0.23000000000138243	trials	port_entry
1984.0791333333327	3.039966666667169	trials	port_entry
1988.669100000001	0.06999999999970896	trials	port_entry
1988.9091333333345	6.899966666665932	trials	port_entry
1997.9791333333342	0.8999999999996362	trials	port_entry
1998.9491333333335	0.030000000000654836	trials	port_entry
2008.3392000000003	0.25	trials	port_entry
2008.7991333333339	0.0800666666655161	trials	port_entry
2011.8191333333343	0.18999999999869033	trials	port_entry
2012.1892000000007	0.1000000000003638	trials	port_entry
2012.8691333333336	0.2300666666669713	trials	port_entry
2015.8191333333343	0.02003333333232149	trials	port_entry
2051.8392999999996	0.3100000000013097	trials	port_entry
2078.2393666666667	20.000033333333704	trials	neutral_stimulus_presentation
2080.6893333333337	0.08003333333363116	trials	port_entry
2082.5593666666664	0.9299333333347022	trials	port_entry
2106.9594333333334	0.16993333333266492	trials	port_entry
2107.599433333333	0.3000000000010914	trials	port_entry
2107.949466666667	0.03996666666716919	trials	port_entry
2123.0894666666663	0.11000000000058208	trials	port_entry
2124.4794666666676	0.09000000000014552	trials	port_entry
2150.269533333334	0.020000000000436557	trials	port_entry
2150.389533333333	0.04003333333457704	trials	port_entry
2163.8195333333333	0.37000000000080036	trials	port_entry
2168.239600000001	20.0009666666665	trials	shock_stimulus_presentation
2169.659600000001	0.17000000000007276	trials	port_entry
2172.559533333333	0.14006666666682577	trials	port_entry
2172.9295999999995	0.3600000000005821	trials	port_entry
2188.0396333333338	0.2999999999992724	trials	shock_relay
2205.999633333333	0.139966666667533	trials	port_entry
2206.389666666668	0.0899666666664416	trials	port_entry
2214.869700000001	0.09999999999854481	trials	port_entry
2215.2397	0.0699333333341201	trials	port_entry
2224.9397333333345	0.10999999999876309	trials	port_entry
2234.3796999999995	0.13003333333472256	trials	port_entry
2234.589733333334	0.039999999999054126	trials	port_entry
2257.7498333333333	0.31996666666782403	trials	port_entry
2258.239833333333	4.669966666666369	trials	reward_stimulus_presentation
2259.239833333333	0.7999666666673875	trials	reward_delivery
2262.5098333333335	0.18000000000029104	trials	port_entry
2262.7698	0.21000000000094587	trials	port_entry
2263.0098	9.99006666666719	trials	port_entry
2280.689833333334	0.25	trials	port_entry
2281.039833333334	0.8000333333329763	trials	port_entry
2295.2298666666666	3.2300666666669713	trials	port_entry
2301.849933333333	0.21000000000094587	trials	port_entry
2307.739933333334	0.22999999999956344	trials	port_entry
2311.269933333333	0.30996666666760575	trials	port_entry
2311.649933333334	0.13003333333290357	trials	port_entry
2315.789966666667	0.2899999999990541	trials	port_entry
2316.1699666666664	0.2000000000007276	trials	port_entry
2320.2099666666672	0.11996666666709643	trials	port_entry
2323.259933333333	0.06000000000130967	trials	port_entry
2342.060033333333	0.4099333333342656	trials	port_entry
2342.5300000000007	1.7599666666665144	trials	port_entry
2344.319966666668	0.04003333333275805	trials	port_entry
2344.640033333333	0.680000000000291	trials	port_entry
2348.24	12.99006666666719	trials	reward_stimulus_presentation
2349.2400333333335	0.7999333333336835	trials	reward_delivery
2360.8300666666673	8.34996666666666	trials	port_entry
2371.6600666666673	0.5100333333339222	trials	port_entry
2393.2101666666676	0.13993333333201008	trials	port_entry
2393.4601666666676	0.10999999999876309	trials	port_entry
2399.5801666666666	0.12000000000080036	trials	port_entry
2400.260166666667	0.12999999999919964	trials	port_entry
2401.2600999999995	0.16006666666726233	trials	port_entry
2401.520166666667	0.2999999999992724	trials	port_entry
2402.6301666666677	0.3099999999994907	trials	port_entry
2407.5501999999997	0.09000000000014552	trials	port_entry
2410.5701666666664	0.1499999999996362	trials	port_entry
2417.2001666666674	0.15003333333334012	trials	port_entry
2417.5501999999997	0.24996666666811507	trials	port_entry
2417.8701666666675	0.029999999998835847	trials	port_entry
2418.0102333333343	0.09996666666665988	trials	port_entry
2418.570233333334	0.15999999999985448	trials	port_entry
2426.6601666666666	0.030000000000654836	trials	port_entry
2428.4302000000007	0.12003333333268529	trials	port_entry
2430.870233333333	0.23999999999978172	trials	port_entry
2432.9702333333335	1.2600000000002183	trials	port_entry
2433.240233333334	20.00006666666559	trials	neutral_stimulus_presentation
2451.8403	0.8700000000008004	trials	port_entry
2465.4503000000004	0.20996666666724195	trials	port_entry
2469.5403333333343	0.2999666666655685	trials	port_entry
2470.0203	0.3299666666662233	trials	port_entry
2470.5802999999996	0.11000000000058208	trials	port_entry
2470.720300000001	0.9000666666652251	trials	port_entry
2471.7803000000004	0.5800333333336312	trials	port_entry
2479.9003666666667	0.19000000000050932	trials	port_entry
2480.470300000001	0.06006666666689853	trials	port_entry
2492.6304	0.8700000000008004	trials	port_entry
2496.7903333333343	0.07003333333341288	trials	port_entry
2513.8704	0.139966666667533	trials	port_entry
2523.2405	6.5499666666673875	trials	reward_stimulus_presentation
2524.240466666666	0.7999666666673875	trials	reward_delivery
2529.3904999999995	0.17996666666658712	trials	port_entry
2529.7004333333334	11.040066666666462	trials	port_entry
2542.4704666666676	0.11006666666617093	trials	port_entry
2546.2405666666673	0.020000000000436557	trials	port_entry
2552.020566666666	0.28000000000065484	trials	port_entry
2553.0705333333335	0.019966666666732635	trials	port_entry
2557.9905333333336	0.20999999999912689	trials	port_entry
2565.140566666667	0.13999999999941792	trials	port_entry
2570.300533333333	0.09006666666755336	trials	port_entry
2581.650600000001	0.21999999999934516	trials	port_entry
2588.290633333334	0.11999999999898137	trials	port_entry
2588.640566666667	0.1499999999996362	trials	port_entry
2590.630633333334	0.11999999999898137	trials	port_entry
2595.720666666666	0.17000000000007276	trials	port_entry
2596.050633333334	0.09003333333203045	trials	port_entry
2599.8106000000007	0.220066666666753	trials	port_entry
2601.4006666666664	0.15996666666796955	trials	port_entry
2602.3106666666663	0.04996666666738747	trials	port_entry
2602.4406	0.2300666666669713	trials	port_entry
2602.8806000000004	0.05006666666668025	trials	port_entry
2618.2406666666666	18.120100000000093	trials	reward_stimulus_presentation
2619.2407000000003	0.7999999999992724	trials	reward_delivery
2635.9607333333333	7.330033333333631	trials	port_entry
2643.7607666666663	1.0500000000010914	trials	port_entry
2688.2808000000005	0.23003333333326736	trials	port_entry
2688.610833333334	1.1500333333333401	trials	port_entry
2692.6008666666676	0.12003333333268529	trials	port_entry
2696.6908666666677	0.1499999999996362	trials	port_entry
2699.260900000001	0.19996666666520468	trials	port_entry
2699.7909	0.22003333333304909	trials	port_entry
2700.090900000001	1.0300333333325398	trials	port_entry
2702.6609333333345	0.15999999999985448	trials	port_entry
2708.2409666666663	20.00106666666761	trials	shock_stimulus_presentation
2728.0409666666674	0.2999666666655685	trials	shock_relay
2765.0810666666675	0.039999999999054126	trials	port_entry
2765.251033333334	0.029999999998835847	trials	port_entry
2783.3411333333333	0.13000000000101863	trials	port_entry
2784.8011333333343	0.039999999999054126	trials	port_entry
2788.2411666666667	19.999966666666296	trials	neutral_stimulus_presentation
2789.031133333334	0.07999999999992724	trials	port_entry
2803.511166666667	0.18000000000029104	trials	port_entry
2803.7312	0.040000000000873115	trials	port_entry
2803.7911999999997	0.7300000000013824	trials	port_entry
2815.181200000001	0.11999999999898137	trials	port_entry
2817.701233333333	0.09000000000014552	trials	port_entry
2819.551166666666	0.20003333333443152	trials	port_entry
2819.8112	0.2899666666671692	trials	port_entry
2823.3112	0.2600000000002183	trials	port_entry
2828.0012333333343	0.07999999999992724	trials	port_entry
2829.5012333333343	1.069999999999709	trials	port_entry
2830.611233333333	0.13000000000101863	trials	port_entry
2831.4212333333344	1.319999999999709	trials	port_entry
2866.0013	0.09996666666665988	trials	port_entry
2866.191333333334	0.139966666665714	trials	port_entry
2876.2513333333336	0.4199333333326649	trials	port_entry
2878.241366666667	20.000066666667408	trials	neutral_stimulus_presentation
2891.1514000000006	0.029999999998835847	trials	port_entry
2899.5714333333344	0.1999999999989086	trials	port_entry
2902.5414	0.020000000000436557	trials	port_entry
2902.581400000001	0.019999999998617568	trials	port_entry
2905.5113999999994	0.08000000000174623	trials	port_entry
2912.0113999999994	0.02003333333414048	trials	port_entry
2926.0514999999996	0.11993333333339251	trials	port_entry
2936.6314999999995	0.20003333333443152	trials	port_entry
2947.1515	0.15996666666615056	trials	port_entry
2951.0215333333344	0.17000000000007276	trials	port_entry
2951.3915333333334	0.09000000000014552	trials	port_entry
2951.5014666666666	0.04006666666646197	trials	port_entry
2951.561466666666	0.20006666666813544	trials	port_entry
2956.641566666667	0.03993333333346527	trials	port_entry
2957.1515666666673	0.2600000000002183	trials	port_entry
2957.431566666666	0.07003333333341288	trials	port_entry
2959.0215666666663	0.18000000000029104	trials	port_entry
2963.6216000000004	0.11999999999898137	trials	port_entry
2966.031500000001	0.9200333333319577	trials	port_entry
2974.5416000000005	0.11993333333339251	trials	port_entry
2975.9915666666675	0.20003333333261253	trials	port_entry
2976.2716	0.09000000000014552	trials	port_entry
2978.2415999999994	20.00120000000061	trials	shock_stimulus_presentation
2979.8616	0.3999999999996362	trials	port_entry
2980.4316	0.030000000000654836	trials	port_entry
2980.561600000001	0.17999999999847205	trials	port_entry
2998.041633333334	0.3000333333329763	trials	shock_relay
3028.2816999999995	0.1299666666673147	trials	port_entry
3039.291766666667	0.12999999999919964	trials	port_entry
3042.3917666666675	0.2100333333328308	trials	port_entry
3055.3117666666676	0.12003333333268529	trials	port_entry
3068.2418	20.000066666667408	trials	neutral_stimulus_presentation
3087.8818666666666	0.0899666666664416	trials	port_entry
3094.6519000000008	0.020000000000436557	trials	port_entry
3095.8819000000003	0.030000000000654836	trials	port_entry
3096.2818666666662	0.3799666666673147	trials	port_entry
3103.5719333333327	0.21000000000094587	trials	port_entry
3106.1819333333333	0.019966666666732635	trials	port_entry
3108.961933333334	0.12999999999919964	trials	port_entry
3111.4819333333344	0.6499999999996362	trials	port_entry
3112.3819666666677	0.07999999999992724	trials	port_entry
3113.4819666666663	0.14993333333404735	trials	port_entry
3113.8619333333336	0.27000000000043656	trials	port_entry
3119.6219666666675	4.750033333331885	trials	port_entry
3124.4519666666674	0.20999999999912689	trials	port_entry
3130.9720333333335	0.15993333333426563	trials	port_entry
3138.5920000000006	0.06999999999970896	trials	port_entry
3149.3520333333345	0.09003333333203045	trials	port_entry
3152.7420666666676	0.039999999999054126	trials	port_entry
3158.242033333334	0.9999666666662961	trials	reward_stimulus_presentation
3158.8420333333343	0.16993333333266492	trials	port_entry
3159.242	0.8000333333329763	trials	reward_delivery
3160.492033333334	0.1999999999989086	trials	port_entry
3160.942033333333	13.230000000001382	trials	port_entry
3182.4121333333333	0.09000000000014552	trials	port_entry
3187.572133333333	0.5999666666666599	trials	port_entry
3232.5121666666673	0.1000000000003638	trials	port_entry
3248.2423333333336	20.001233333332493	trials	shock_stimulus_presentation
3268.042333333333	0.3000000000010914	trials	shock_relay
3294.0923999999995	0.11000000000058208	trials	port_entry
3301.172433333333	0.029933333333246992	trials	port_entry
3301.522366666666	0.0200666666678444	trials	port_entry
3301.5624333333344	0.019999999998617568	trials	port_entry
3301.6124333333337	0.020000000000436557	trials	port_entry
3315.6924666666673	0.18000000000029104	trials	port_entry
3316.352466666667	0.5799999999999272	trials	port_entry
3333.2425000000003	8.65996666666615	trials	reward_stimulus_presentation
3334.2425000000003	0.7999666666673875	trials	reward_delivery
3341.5025000000005	0.030000000000654836	trials	port_entry
3341.5624666666663	8.170033333333777	trials	port_entry
3369.392600000001	0.029966666665131925	trials	port_entry
3369.4626000000007	0.1999999999989086	trials	port_entry
3380.282633333334	0.24993333333259216	trials	port_entry
3384.312600000001	0.09003333333203045	trials	port_entry
3412.7626666666674	0.2899999999990541	trials	port_entry
3417.1427000000003	0.11993333333339251	trials	port_entry
3417.4626666666663	0.17003333333377668	trials	port_entry
3423.2427333333344	0.3999999999996362	trials	reward_stimulus_presentation
3423.2427333333344	0.029933333333246992	trials	port_entry
3423.4027333333343	0.019999999998617568	trials	port_entry
3424.2427333333344	0.7999666666655685	trials	reward_delivery
3427.1127333333334	7.990033333333486	trials	port_entry
3435.5527666666676	0.22999999999956344	trials	port_entry
3462.1628333333338	0.26996666666673264	trials	port_entry
3481.592833333334	0.07999999999992724	trials	port_entry
3481.7328333333335	0.20996666666724195	trials	port_entry
3492.292833333333	0.14006666666682577	trials	port_entry
3492.5529000000006	0.020000000000436557	trials	port_entry
3501.032933333334	0.17000000000007276	trials	port_entry
3504.2329333333328	0.5799666666680423	trials	port_entry
3506.3829000000005	0.8799333333336108	trials	port_entry
3511.962966666668	0.09999999999854481	trials	port_entry
3512.3328999999994	0.38000000000101863	trials	port_entry
3518.2430000000004	7.6899000000012165	trials	reward_stimulus_presentation
3519.2429666666667	0.8000000000010914	trials	reward_delivery
3525.532933333334	7.900066666665225	trials	port_entry
3535.8030000000017	0.0899666666664416	trials	port_entry
3539.752999999999	0.05000000000291038	trials	port_entry
3539.8229999999985	0.029966666668769903	trials	port_entry
3544.7630333333345	0.09996666666484089	trials	port_entry
3545.953033333333	0.18000000000029104	trials	port_entry
3546.182999999999	0.1500000000014552	trials	port_entry
3552.613033333333	0.10000000000218279	trials	port_entry
3560.4630666666653	0.030033333336177748	trials	port_entry
3560.833066666668	0.36999999999898137	trials	port_entry
3573.5231000000003	0.05993333333390183	trials	port_entry
3574.253066666666	0.2100333333328308	trials	port_entry
3575.063100000001	0.23999999999796273	trials	port_entry
3584.963099999999	0.15993333333608462	trials	port_entry
3604.0931666666675	0.860033333334286	trials	port_entry
3604.9731666666685	0.06999999999970896	trials	port_entry
3605.533166666666	0.020000000000436557	trials	port_entry
3605.8331666666654	0.25	trials	port_entry
3606.6231333333326	0.06000000000130967	trials	port_entry
3606.7131333333327	1.2100666666665347	trials	port_entry
3608.243199999999	20.001666666667006	trials	shock_stimulus_presentation
3609.5931666666675	0.27000000000043656	trials	port_entry
3610.1531666666688	0.8599999999969441	trials	port_entry
3612.6431666666667	0.19996666666702367	trials	port_entry
3612.8731333333326	0.5300333333361777	trials	port_entry
3613.573166666667	0.2000000000007276	trials	port_entry
3613.8031666666666	0.3700333333326853	trials	port_entry
3614.433133333334	0.060033333331375616	trials	port_entry
3614.5631999999987	0.030000000002473826	trials	port_entry
3628.043200000002	0.3000333333329763	trials	shock_relay
3642.9832000000006	0.39006666666682577	trials	port_entry
3666.7832666666673	0.029999999998835847	trials	port_entry
3672.023299999999	0.17000000000189175	trials	port_entry
3673.2833666666684	0.18000000000029104	trials	port_entry
3679.2933666666668	0.25	trials	port_entry
3679.7033666666666	0.27000000000043656	trials	port_entry
3686.573266666668	0.0800666666655161	trials	port_entry
3688.243433333335	4.489933333330555	trials	reward_stimulus_presentation
3689.2433666666675	0.8000333333329763	trials	reward_delivery
3692.3333666666676	0.21996666666746023	trials	port_entry
3692.6033333333344	5.540066666664643	trials	port_entry
3700.903400000001	0.11000000000058208	trials	port_entry
3701.0333666666684	3.610066666664352	trials	port_entry
3707.6433666666653	0.060033333335013594	trials	port_entry
3733.6234999999997	0.2400000000016007	trials	port_entry
3748.203533333335	0.11999999999898137	trials	port_entry
3778.2436	20.000033333333704	trials	neutral_stimulus_presentation
3779.2336000000014	0.14003333333312185	trials	port_entry
3782.763633333334	0.04996666666556848	trials	port_entry
3783.053633333335	0.07999999999810825	trials	port_entry
3801.233633333335	0.2999999999992724	trials	port_entry
3801.5736333333352	4.959999999999127	trials	port_entry
3810.353666666668	0.19003333333239425	trials	port_entry
3816.9537	0.18996666666862438	trials	port_entry
3823.3037333333323	0.18996666666862438	trials	port_entry
3830.763733333335	0.19999999999708962	trials	port_entry
3833.833700000001	0.24003333333166665	trials	port_entry
3834.153766666668	0.25993333333099145	trials	port_entry
3834.4937666666683	0.5199333333330287	trials	port_entry
3838.433766666667	0.22999999999956344	trials	port_entry
3838.8337333333347	0.36999999999898137	trials	port_entry
3843.6037666666653	0.1400000000030559	trials	port_entry
3844.773766666667	2.709999999999127	trials	port_entry
3850.0337000000018	0.1600333333335584	trials	port_entry
3856.1836999999996	0.11000000000058208	trials	port_entry
3858.5337999999992	0.13999999999941792	trials	port_entry
3859.713733333332	0.06006666666871752	trials	port_entry
3859.9838	0.1500000000014552	trials	port_entry
3862.9338000000007	0.11000000000058208	trials	port_entry
3874.513866666666	0.019966666666732635	trials	port_entry
3874.7338666666674	0.019966666666732635	trials	port_entry
3878.2438999999995	20.00170000000071	trials	shock_stimulus_presentation
3898.0438000000013	0.30006666666668025	trials	shock_relay
3912.5939333333354	0.19999999999708962	trials	port_entry
3931.8140000000003	0.18999999999869033	trials	port_entry
3932.343999999999	0.06000000000130967	trials	port_entry
3932.804000000002	0.16999999999825377	trials	port_entry
3954.574066666666	0.13999999999941792	trials	port_entry
3964.944033333335	0.4099999999998545	trials	port_entry
3968.244066666668	20.000033333333704	trials	neutral_stimulus_presentation
3984.084133333332	0.17000000000189175	trials	port_entry
4002.3841666666685	0.10996666666687815	trials	port_entry
4010.7541666666675	0.22999999999956344	trials	port_entry
4014.9741999999987	0.05000000000291038	trials	port_entry
4015.0542000000005	0.020000000000436557	trials	port_entry
4018.6341999999986	0.16000000000349246	trials	port_entry
4019.3042000000005	0.20993333333171904	trials	port_entry
4029.424233333333	0.10000000000218279	trials	port_entry
4032.4742333333324	0.16996666666818783	trials	port_entry
4033.0742333333346	0.2600333333321032	trials	port_entry
4033.3642666666656	0.42000000000189175	trials	port_entry
4037.0842666666667	0.020000000000436557	trials	port_entry
4050.2143000000015	0.03993333333346527	trials	port_entry
4051.274299999999	0.1500000000014552	trials	port_entry
4052.134266666666	0.23003333333326736	trials	port_entry
4053.6242666666676	0.20996666666542296	trials	port_entry
4054.274299999999	0.020000000000436557	trials	port_entry
4055.294266666666	0.049999999999272404	trials	port_entry
4055.374233333334	0.5200333333341405	trials	port_entry
4058.244333333334	0.4399666666649864	trials	reward_stimulus_presentation
4058.284300000001	0.25	trials	port_entry
4059.2443000000003	0.7999999999992724	trials	reward_delivery
4065.7943333333333	10.760033333332103	trials	port_entry
4079.884366666667	0.019966666666732635	trials	port_entry
4079.9243333333343	0.14003333333312185	trials	port_entry
4082.574333333332	0.08000000000174623	trials	port_entry
4084.2542999999987	0.06000000000130967	trials	port_entry
4090.2444000000014	0.08993333333273767	trials	port_entry
4109.3444	0.35003333333224873	trials	port_entry
4138.674433333335	0.25006666666376987	trials	port_entry
4139.334499999999	0.14003333333312185	trials	port_entry
4142.854466666666	0.09003333333384944	trials	port_entry
4148.244533333333	3.5600000000013097	trials	reward_stimulus_presentation
4149.244466666665	0.8000333333366143	trials	reward_delivery
4151.404533333332	9.5	trials	port_entry
4163.454566666665	2.0900000000001455	trials	port_entry
4170.114566666665	0.08996666667007958	trials	port_entry
4170.274533333335	0.610033333330648	trials	port_entry
4174.024599999999	0.13000000000101863	trials	port_entry
4197.624666666668	0.18999999999869033	trials	port_entry
4209.794666666667	0.1500333333351591	trials	port_entry
4211.264666666668	0.029999999998835847	trials	port_entry
4211.314666666667	0.049999999999272404	trials	port_entry
4211.714633333335	0.07003333333341288	trials	port_entry
4230.064700000001	0.13000000000101863	trials	port_entry
4231.4547	0.1500000000014552	trials	port_entry
4233.094766666667	0.5399666666671692	trials	port_entry
4233.244733333335	0.24996666666629608	trials	reward_stimulus_presentation
4234.2447666666685	0.7999999999992724	trials	reward_delivery
4235.9546666666665	0.10006666666595265	trials	port_entry
4236.104700000002	8.43999999999869	trials	port_entry
4248.024766666667	0.13003333333472256	trials	port_entry
4248.664766666667	0.1500000000014552	trials	port_entry
4254.674799999999	0.18000000000029104	trials	port_entry
4257.834799999999	0.15996666666978854	trials	port_entry
4286.784866666667	0.27000000000043656	trials	port_entry
4287.304866666667	0.6499666666677513	trials	port_entry
4288.704833333335	0.039999999997235136	trials	port_entry
4291.844900000002	0.019933333333028713	trials	port_entry
4291.9048999999995	0.020000000000436557	trials	port_entry
4297.574900000001	8.96003333333283	trials	port_entry
4306.894900000001	0.19003333333239425	trials	port_entry
4310.814899999999	3.700266666666721	trials	port_entry
4317.684900000002	0.18999999999869033	trials	port_entry
4318.064899999999	0.3700666666663892	trials	port_entry
4323.245000000001	20.001466666664783	trials	shock_stimulus_presentation
4333.234933333335	0.07006666666347883	trials	port_entry
4333.844966666666	0.26000000000203727	trials	port_entry
4335.3150000000005	0.13999999999941792	trials	port_entry
4335.955	0.11000000000058208	trials	port_entry
4336.765000000001	0.11000000000058208	trials	port_entry
4336.894900000001	1.1201000000000931	trials	port_entry
4343.045033333334	0.2999666666655685	trials	shock_relay
4346.3150000000005	0.4799333333321556	trials	port_entry
4347.114933333332	0.26009999999951106	trials	port_entry
4358.4850333333325	0.12000000000261934	trials	port_entry
4358.965033333332	0.22000000000116415	trials	port_entry
4360.275033333333	0.18000000000029104	trials	port_entry
4361.295033333334	1.000033333333704	trials	port_entry
4362.4950333333345	0.09996666666484089	trials	port_entry
4364.375066666666	0.1900000000023283	trials	port_entry
4364.835066666668	0.3099999999976717	trials	port_entry
4384.755133333334	0.24993333333259216	trials	port_entry
4385.115133333335	0.27999999999883585	trials	port_entry
4388.725133333335	0.25	trials	port_entry
4395.005133333334	0.2000000000007276	trials	port_entry
4395.4151	0.19003333333239425	trials	port_entry
4395.705133333335	2.6199666666652774	trials	port_entry
4415.155199999999	0.18000000000029104	trials	port_entry
4417.2051999999985	0.20993333333535702	trials	port_entry
4417.575200000001	0.25	trials	port_entry
4418.245233333333	3.0900000000001455	trials	reward_stimulus_presentation
4419.245166666666	0.8000000000029104	trials	reward_delivery
4420.935166666668	0.36006666666435194	trials	port_entry
4421.335266666667	9.459933333331719	trials	port_entry
4444.765166666666	0.020000000000436557	trials	port_entry
4450.3853	0.1799333333328832	trials	port_entry
4450.775233333332	0.04006666666828096	trials	port_entry
4451.325233333335	0.04003333333093906	trials	port_entry
4451.665266666669	0.2999999999992724	trials	port_entry
4454.765266666667	0.16999999999825377	trials	port_entry
4455.085266666667	0.20999999999912689	trials	port_entry
4459.095299999999	0.21000000000276486	trials	port_entry
4463.055300000002	0.21999999999752617	trials	port_entry
4463.995233333333	0.08000000000174623	trials	port_entry
4474.9953000000005	0.110033333334286	trials	port_entry
4490.875366666665	0.11000000000058208	trials	port_entry
4492.275366666667	0.2000000000007276	trials	port_entry
4492.595333333333	1.1099666666668782	trials	port_entry
4496.225400000001	0.059999999997671694	trials	port_entry
4496.645399999999	0.019966666666732635	trials	port_entry
4496.805399999999	0.040000000000873115	trials	port_entry
4497.635400000001	0.5198999999993248	trials	port_entry
4508.245433333335	1.529966666665132	trials	reward_stimulus_presentation
4509.245433333335	0.7999666666655685	trials	reward_delivery
4509.375433333333	0.22999999999956344	trials	port_entry
4510.315400000001	0.28999999999723514	trials	port_entry
4510.635433333335	8.87999999999738	trials	port_entry
4519.705433333334	0.3999999999978172	trials	port_entry
4522.885433333335	0.11000000000058208	trials	port_entry
4542.635433333335	0.24996666666629608	trials	port_entry
4543.255433333334	4.36006666666799	trials	port_entry
4554.615533333335	0.049999999999272404	trials	port_entry
4556.675499999999	0.09003333333384944	trials	port_entry
4562.025500000002	0.11006666666435194	trials	port_entry
4562.595500000001	0.019966666666732635	trials	port_entry
4562.7654999999995	0.03006666666624369	trials	port_entry
4569.715600000001	0.059999999997671694	trials	port_entry
4574.665600000002	0.01999999999679858	trials	port_entry
4588.2456	4.590033333333849	trials	reward_stimulus_presentation
4589.2456	0.7999999999992724	trials	reward_delivery
4592.435633333333	0.05996666666760575	trials	port_entry
4592.515600000001	0.04996666666556848	trials	port_entry
4592.665600000002	7.570033333329775	trials	port_entry
4600.415633333332	0.9199666666681878	trials	port_entry
4641.375733333332	0.13000000000101863	trials	port_entry
4641.555733333333	0.07996666666804231	trials	port_entry
4647.6457666666665	0.9099999999998545	trials	port_entry
4678.2458333333325	9.10006666666959	trials	reward_stimulus_presentation
4679.2458333333325	0.8000000000029104	trials	reward_delivery
4686.945866666667	0.1799333333328832	trials	port_entry
4687.185800000001	5.750099999997474	trials	port_entry
4693.645900000001	1.180000000000291	trials	port_entry
4696.845800000001	0.10009999999965657	trials	port_entry
4697.085866666666	0.75	trials	port_entry
4704.4059	0.11999999999898137	trials	port_entry
4705.285900000001	0.07999999999810825	trials	port_entry
4707.3159	0.019933333333028713	trials	port_entry
4707.5859	0.06999999999970896	trials	port_entry
4708.805900000001	0.029999999998835847	trials	port_entry
4717.535966666668	0.25	trials	port_entry
4733.796	0.11999999999898137	trials	port_entry
4734.565966666667	0.029999999998835847	trials	port_entry
4755.836033333335	0.07996666666440433	trials	port_entry
4756.206033333334	0.23999999999796273	trials	port_entry
4761.426000000001	0.16006666666726233	trials	port_entry
4764.096066666667	0.18999999999869033	trials	port_entry
4764.476066666668	0.18999999999869033	trials	port_entry
4764.736066666666	1.6799666666665871	trials	port_entry
4771.466033333332	0.10996666666687815	trials	port_entry
4774.486066666666	0.1500333333351591	trials	port_entry
4778.2460999999985	20.00130000000354	trials	shock_stimulus_presentation
4780.156100000002	0.27999999999883585	trials	port_entry
4798.046133333335	0.2999666666655685	trials	shock_relay
4799.5561333333335	0.060033333335013594	trials	port_entry
4809.006166666668	0.11999999999898137	trials	port_entry
4815.496133333332	0.26000000000203727	trials	port_entry
4816.046166666665	0.0699333333359391	trials	port_entry
4829.866199999999	0.1400000000030559	trials	port_entry
4832.576200000001	0.23999999999796273	trials	port_entry
4838.716133333333	0.13003333333472256	trials	port_entry
4839.0162	0.049999999999272404	trials	port_entry
4839.126200000001	0.14006666666682577	trials	port_entry
4841.556266666668	0.13003333333108458	trials	port_entry
4842.456266666666	0.049999999999272404	trials	port_entry
4842.566233333333	0.7299666666658595	trials	port_entry
4843.316233333333	0.049999999999272404	trials	port_entry
4843.7662	0.03003333333253977	trials	port_entry
4843.896233333335	0.04019999999945867	trials	port_entry
4856.926266666667	0.040000000000873115	trials	port_entry
4858.446266666668	1.5399333333334653	trials	port_entry
4866.786233333334	0.11006666666435194	trials	port_entry
4867.166266666665	0.060033333335013594	trials	port_entry
4868.246333333334	9.849999999998545	trials	reward_stimulus_presentation
4869.246300000001	0.7999666666655685	trials	reward_delivery
4877.696333333335	0.049999999999272404	trials	port_entry
4877.906333333334	9.579933333334338	trials	port_entry
4894.246400000002	0.09996666666484089	trials	port_entry
4895.826366666666	0.15999999999985448	trials	port_entry
4904.5764	0.12003333333268529	trials	port_entry
4906.366400000001	0.13000000000101863	trials	port_entry
4908.266399999999	0.020000000000436557	trials	port_entry
4909.0964	0.020000000000436557	trials	port_entry
4909.216399999999	0.04996666666920646	trials	port_entry
4909.296366666667	0.03003333333253977	trials	port_entry
4909.426366666668	0.0200333333305025	trials	port_entry
4938.726466666665	0.020000000000436557	trials	port_entry
4939.216466666667	0.3600000000005821	trials	port_entry
4944.2165	0.2000000000007276	trials	port_entry
4944.526466666668	0.050033333332976326	trials	port_entry
4944.7665	0.1900000000023283	trials	port_entry
4946.236533333335	0.16996666666454985	trials	port_entry
4947.146466666667	0.22000000000116415	trials	port_entry
4949.456466666668	0.2600333333321032	trials	port_entry
4949.7665	0.2900000000008731	trials	port_entry
4958.246533333333	20.000033333333704	trials	neutral_stimulus_presentation
4959.486500000001	0.12003333333268529	trials	port_entry
4959.636466666669	0.19006666666609817	trials	port_entry
4960.186566666665	0.11000000000058208	trials	port_entry
4960.506566666669	0.2999999999992724	trials	port_entry
4972.066566666666	0.06993333333230112	trials	port_entry
4972.986500000001	0.6100666666643519	trials	port_entry
4975.876566666668	1.279933333331428	trials	port_entry
4977.206500000002	2.4900666666653706	trials	port_entry
4982.426600000001	1.2498999999988882	trials	port_entry
4983.736600000002	7.819999999999709	trials	port_entry
4991.996533333333	0.3200333333334129	trials	port_entry
4992.496566666667	0.03003333333253977	trials	port_entry
5006.386566666666	0.18003333333399496	trials	port_entry
5012.286699999999	0.23993333333419287	trials	port_entry
5012.666633333332	0.17000000000189175	trials	port_entry
5014.7567	0.17000000000189175	trials	port_entry
5014.946699999999	1.0300000000024738	trials	port_entry
5016.206700000001	0.27999999999883585	trials	port_entry
5019.736633333332	0.33003333333545015	trials	port_entry
5021.566633333334	0.9900333333316667	trials	port_entry
5024.646733333333	0.26000000000203727	trials	port_entry
5025.096733333334	0.11999999999898137	trials	port_entry
5026.606733333332	1.2999666666692065	trials	port_entry
5028.746733333335	0.32999999999810825	trials	port_entry
5029.226733333335	3.349966666664841	trials	port_entry
5033.716699999999	0.06000000000130967	trials	port_entry
5034.046700000001	1.7899333333334653	trials	port_entry
5035.896633333332	0.04003333333457704	trials	port_entry
5038.626733333333	0.39003333333312185	trials	port_entry
5046.496766666665	0.1699333333344839	trials	port_entry
5048.246799999999	20.001333333333605	trials	shock_stimulus_presentation
5054.766799999999	0.26996666666673264	trials	port_entry
5062.4967000000015	0.20009999999820138	trials	port_entry
5067.306766666667	0.13003333333472256	trials	port_entry
5068.046833333332	0.29996666666920646	trials	shock_relay
5089.436866666669	0.19999999999708962	trials	port_entry
5101.3369	0.11000000000058208	trials	port_entry
5102.366899999999	0.15999999999985448	trials	port_entry
5104.9068333333325	0.15006666666886304	trials	port_entry
5111.706899999999	0.3200333333334129	trials	port_entry
5112.536933333335	0.18000000000029104	trials	port_entry
5113.076933333332	0.5099666666683333	trials	port_entry
5114.4269	0.3100000000013097	trials	port_entry
5133.2469666666675	4.029933333331428	trials	reward_stimulus_presentation
5134.2469666666675	0.7999999999992724	trials	reward_delivery
5136.876900000001	9.670099999999366	trials	port_entry
5154.416966666666	0.12003333333632327	trials	port_entry
5155.006966666666	0.610033333334286	trials	port_entry
5158.087000000001	0.25	trials	port_entry
5159.637033333334	0.040000000000873115	trials	port_entry
5161.7270333333345	0.6699999999982538	trials	port_entry
5164.247066666669	0.06999999999970896	trials	port_entry
5171.8271	0.22996666666585952	trials	port_entry
5172.487066666667	0.3200333333334129	trials	port_entry
5172.887066666668	0.2500333333337039	trials	port_entry
5175.137066666668	0.36996666666527744	trials	port_entry
5176.107066666666	0.680033333333995	trials	port_entry
5177.0771	0.1899666666649864	trials	port_entry
5201.667166666668	0.22999999999956344	trials	port_entry
5221.657166666666	0.10000000000218279	trials	port_entry
5222.047133333335	0.060033333331375616	trials	port_entry
5223.247133333332	20.00010000000111	trials	neutral_stimulus_presentation
5224.2671666666665	0.39003333333312185	trials	port_entry
5238.107233333334	0.059900000000197906	trials	port_entry
5240.887199999999	0.18003333333399496	trials	port_entry
5258.4773000000005	0.029966666665131925	trials	port_entry
5260.8873	0.09999999999854481	trials	port_entry
5261.327299999999	0.06000000000130967	trials	port_entry
5273.767333333335	0.059999999997671694	trials	port_entry
5275.517300000001	0.11996666666527744	trials	port_entry
5277.277333333333	0.2400000000016007	trials	port_entry
5277.587333333335	0.24003333333166665	trials	port_entry
5293.887400000001	0.18999999999869033	trials	port_entry
5318.247466666666	20.000033333333704	trials	neutral_stimulus_presentation
5318.637466666665	0.15996666666978854	trials	port_entry
5347.217533333334	0.06999999999970896	trials	port_entry
5348.237533333335	0.11993333333157352	trials	port_entry
5350.5575333333345	0.18000000000029104	trials	port_entry
5351.977499999999	0.13003333333472256	trials	port_entry
5352.197533333334	0.2599999999983993	trials	port_entry
5360.477499999999	0.020000000000436557	trials	port_entry
5360.6775	0.07003333333341288	trials	port_entry
5360.8075333333345	0.020000000000436557	trials	port_entry
5362.7575000000015	0.610033333330648	trials	port_entry
5366.6174999999985	0.5600333333350136	trials	port_entry
5367.287533333334	0.27999999999883585	trials	port_entry
5371.187566666666	0.15999999999985448	trials	port_entry
5371.5375	0.0800666666655161	trials	port_entry
5372.5475333333325	0.05996666666760575	trials	port_entry
5372.9676666666655	4.089933333336376	trials	port_entry
5379.027566666666	0.12000000000261934	trials	port_entry
5379.287566666668	0.09000000000014552	trials	port_entry
5380.657566666667	0.22000000000116415	trials	port_entry
5381.057566666668	0.18999999999869033	trials	port_entry
5381.397566666668	2.680033333330357	trials	port_entry
5388.337566666667	0.07003333333341288	trials	port_entry
5388.887566666666	0.7299999999995634	trials	port_entry
5389.8876	1.3000333333329763	trials	port_entry
5408.247666666668	6.770000000000437	trials	reward_stimulus_presentation
5409.247666666668	0.7999999999992724	trials	reward_delivery
5414.617633333333	0.02003333333414048	trials	port_entry
5414.657666666668	0.09000000000014552	trials	port_entry
5414.767666666668	0.3099999999976717	trials	port_entry
5415.397666666666	0.020000000000436557	trials	port_entry
5415.587633333334	0.06999999999970896	trials	port_entry
5415.677633333335	0.07996666666440433	trials	port_entry
5415.797633333334	0.049999999999272404	trials	port_entry
5415.897600000002	8.860099999998056	trials	port_entry
5472.317833333333	0.2000000000007276	trials	port_entry
5485.267866666667	0.27999999999883585	trials	port_entry
5488.2479	20.00106666666761	trials	shock_stimulus_presentation
5499.337799999999	0.19006666666609817	trials	port_entry
5500.127866666668	0.18999999999869033	trials	port_entry
5505.187866666665	0.18003333333399496	trials	port_entry
5505.927933333334	0.20993333333171904	trials	port_entry
5507.607900000001	0.49003333333166665	trials	port_entry
5508.047933333333	0.2999999999992724	trials	shock_relay
5527.077966666666	0.029966666668769903	trials	port_entry
5527.257966666666	0.030000000002473826	trials	port_entry
5527.307966666665	0.05000000000291038	trials	port_entry
5528.967933333335	0.039999999997235136	trials	port_entry
5535.388000000001	0.020000000000436557	trials	port_entry
5535.437966666666	0.060033333335013594	trials	port_entry
5535.797933333333	0.029999999998835847	trials	port_entry
5536.847966666666	0.030000000002473826	trials	port_entry
5538.688	0.11999999999898137	trials	port_entry
5539.2080000000005	0.06000000000130967	trials	port_entry
5539.307999999999	0.1500000000014552	trials	port_entry
5541.048000000001	0.20999999999912689	trials	port_entry
5541.358000000002	0.3999999999978172	trials	port_entry
5542.228000000001	0.40993333333244664	trials	port_entry
5544.8279999999995	0.06000000000130967	trials	port_entry
5559.868033333334	0.040000000000873115	trials	port_entry
5570.768033333332	0.18000000000029104	trials	port_entry
5571.0080333333335	0.110033333334286	trials	port_entry
5577.468066666666	0.11000000000058208	trials	port_entry
5578.178033333335	0.15996666666615056	trials	port_entry
5578.248000000001	0.3300666666655161	trials	reward_stimulus_presentation
5578.368033333334	0.060033333331375616	trials	port_entry
5579.248033333335	0.8000333333329763	trials	reward_delivery
5580.828066666667	0.020000000000436557	trials	port_entry
5581.6981	10.569966666666005	trials	port_entry
5603.4380666666675	0.12006666666638921	trials	port_entry
5611.318166666666	0.040000000000873115	trials	port_entry
5613.028066666668	0.13009999999849242	trials	port_entry
5619.988166666668	0.16999999999825377	trials	port_entry
5635.618233333333	4.510000000002037	trials	port_entry
5644.5782666666655	0.13000000000101863	trials	port_entry
5646.8282666666655	0.25	trials	port_entry
5674.198333333332	0.13993333333564806	trials	port_entry
5676.908333333335	0.20999999999912689	trials	port_entry
5678.248333333335	20.000033333333704	trials	neutral_stimulus_presentation
5678.5683333333345	0.13999999999941792	trials	port_entry
5709.518399999999	0.07996666666804231	trials	port_entry
5710.588399999999	0.10993333333317423	trials	port_entry
5712.048366666668	0.18003333333399496	trials	port_entry
5713.808433333334	0.27000000000043656	trials	port_entry
5715.1684000000005	0.43000000000029104	trials	port_entry
5717.5584	0.050033333332976326	trials	port_entry
5717.868400000001	0.22999999999956344	trials	port_entry
5718.188400000001	0.27000000000043656	trials	port_entry
5719.878433333333	0.18999999999869033	trials	port_entry
5720.518433333333	0.22000000000116415	trials	port_entry
5757.358533333334	0.13000000000101863	trials	port_entry
5758.278566666666	0.13999999999941792	trials	port_entry
5760.378500000001	3.510033333332103	trials	port_entry
5764.028533333332	0.4400000000023283	trials	port_entry
5765.028533333332	0.4500000000007276	trials	port_entry
5768.2485	20.00010000000111	trials	neutral_stimulus_presentation
5770.898599999999	0.22993333333579358	trials	port_entry
5771.188533333332	0.28003333333617775	trials	port_entry
5773.958566666666	0.27000000000043656	trials	port_entry
5774.248566666667	0.7000333333344315	trials	port_entry
5774.988566666669	0.07999999999810825	trials	port_entry
5778.378566666668	0.18000000000029104	trials	port_entry
5786.948633333335	0.16999999999825377	trials	port_entry
5788.5686000000005	0.2000000000007276	trials	port_entry
5788.858600000001	0.7400333333316667	trials	port_entry
5857.3287	0.24003333333530463	trials	port_entry
5857.598733333334	0.040000000000873115	trials	port_entry
5858.248766666666	20.0015999999996	trials	shock_stimulus_presentation
5858.668800000001	0.15993333333244664	trials	port_entry
5867.568799999999	0.09000000000014552	trials	port_entry
5878.048799999999	0.3000000000029104	trials	shock_relay
5889.368800000002	0.15006666666522506	trials	port_entry
5899.988833333335	0.11999999999898137	trials	port_entry
5903.4989000000005	0.18999999999869033	trials	port_entry
5904.528866666666	0.29003333333457704	trials	port_entry
5920.018900000001	0.050033333332976326	trials	port_entry
5924.958933333333	0.27999999999883585	trials	port_entry
5944.288966666665	0.08000000000174623	trials	port_entry
5944.8189	0.040000000000873115	trials	port_entry
5948.249033333335	20.0	trials	neutral_stimulus_presentation
5948.989	0.029966666668769903	trials	port_entry
5949.068966666668	0.27000000000043656	trials	port_entry
5949.619000000001	0.32999999999810825	trials	port_entry
5952.6590000000015	0.19999999999708962	trials	port_entry
5952.999000000002	0.09000000000014552	trials	port_entry
5966.019033333332	0.18003333333399496	trials	port_entry
5986.0591	0.18000000000029104	trials	port_entry
5988.859066666666	0.17996666666658712	trials	port_entry
5993.129133333334	0.11996666666527744	trials	port_entry
5994.299066666668	0.05006666666668025	trials	port_entry
5998.059133333334	0.09999999999854481	trials	port_entry
6000.919066666667	0.16006666666726233	trials	port_entry
6002.709133333332	0.6199666666689154	trials	port_entry
6003.4691	0.029966666665131925	trials	port_entry
6024.2492	0.11000000000058208	trials	port_entry
6025.0692	0.13999999999941792	trials	port_entry
6033.2491666666665	8.86006666666799	trials	reward_stimulus_presentation
6034.2491666666665	0.8000333333329763	trials	reward_delivery
6041.709233333333	6.9500333333344315	trials	port_entry
6050.739266666666	1.4900000000016007	trials	port_entry
6057.049266666667	0.049999999999272404	trials	port_entry
6058.359300000002	0.05996666666396777	trials	port_entry
6076.749266666668	0.03996666666716919	trials	port_entry
6098.799400000002	0.09000000000014552	trials	port_entry
6120.539366666666	0.12003333333268529	trials	port_entry
6120.749399999999	0.15999999999985448	trials	port_entry
6122.629366666666	0.17003333333559567	trials	port_entry
6123.2494333333325	20.001633333333302	trials	shock_stimulus_presentation
6126.239433333334	0.3100000000013097	trials	port_entry
6126.639400000002	2.2700333333305025	trials	port_entry
6134.0594666666675	0.22996666666585952	trials	port_entry
6135.589366666665	0.25010000000111177	trials	port_entry
6135.959400000002	1.2100666666665347	trials	port_entry
6143.049433333335	0.3000333333329763	trials	shock_relay
6155.119499999999	0.060033333335013594	trials	port_entry
6155.209533333333	0.22999999999956344	trials	port_entry
6172.129533333335	0.27000000000043656	trials	port_entry
6189.739599999999	0.07993333333433839	trials	port_entry
6191.819600000001	0.22999999999956344	trials	port_entry
6200.619633333334	0.11000000000058208	trials	port_entry
6202.6896	0.03003333333253977	trials	port_entry
6218.2496999999985	9.900000000001455	trials	reward_stimulus_presentation
6219.249666666668	0.7999999999992724	trials	reward_delivery
6227.749733333332	6.2299666666694975	trials	port_entry
6240.439700000001	0.09003333333384944	trials	port_entry
6242.6497	0.09000000000014552	trials	port_entry
6258.2498	0.31999999999970896	trials	port_entry
6258.649800000001	4.429933333332883	trials	port_entry
6269.129766666667	0.06996666666600504	trials	port_entry
6305.069866666667	0.14003333333312185	trials	port_entry
6308.249900000001	20.0	trials	neutral_stimulus_presentation
6328.0499	0.15999999999985448	trials	port_entry
6331.279966666667	0.08000000000174623	trials	port_entry
6346.17	0.10996666666687815	trials	port_entry
6356.869966666667	0.020000000000436557	trials	port_entry
6376.240066666667	0.11999999999898137	trials	port_entry
6378.400066666667	0.07999999999810825	trials	port_entry
6382.390000000001	0.05006666666668025	trials	port_entry
6382.700033333333	0.04003333333457704	trials	port_entry
6388.250099999999	20.000066666667408	trials	reward_stimulus_presentation
6389.250099999999	0.7999999999992724	trials	reward_delivery
6410.230166666666	8.010000000002037	trials	port_entry
6421.090166666667	1.3000333333329763	trials	port_entry
6442.870199999999	0.2400000000016007	trials	port_entry
6478.250333333335	2.5899666666664416	trials	reward_stimulus_presentation
6479.250266666668	0.8000333333329763	trials	reward_delivery
6480.4403	0.04003333333457704	trials	port_entry
6481.900299999999	8.810066666668718	trials	port_entry
6509.320399999999	0.12003333333632327	trials	port_entry
6511.4004	0.049999999999272404	trials	port_entry
6511.490333333333	0.049999999999272404	trials	port_entry
6532.190433333335	0.050033333332976326	trials	port_entry
6535.860466666667	0.06000000000130967	trials	port_entry
6536.280466666665	0.2400000000016007	trials	port_entry
6536.660366666665	0.11010000000169384	trials	port_entry
6537.0904666666665	2.100000000002183	trials	port_entry
6539.220466666668	0.059999999997671694	trials	port_entry
6541.570466666666	0.1900000000023283	trials	port_entry
6542.200466666667	0.2199333333337563	trials	port_entry
6545.320433333332	0.040000000000873115	trials	port_entry
6578.250600000001	20.00136666666731	trials	shock_stimulus_presentation
6594.020633333335	0.18999999999869033	trials	port_entry
6598.050633333334	0.2999666666655685	trials	shock_relay
6611.6606666666685	0.04996666666556848	trials	port_entry
6637.6006	0.5201000000015483	trials	port_entry
6652.3907666666655	0.06999999999970896	trials	port_entry
6653.7707666666665	0.1500000000014552	trials	port_entry
6654.220766666667	0.1500000000014552	trials	port_entry
6654.3907666666655	0.030000000002473826	trials	port_entry
6657.040766666667	0.3899999999994179	trials	port_entry
6657.480766666666	0.2900000000008731	trials	port_entry
6660.5207666666665	0.10993333333317423	trials	port_entry
6668.2508	20.0	trials	neutral_stimulus_presentation
6687.840833333334	0.11999999999898137	trials	port_entry
6690.180833333334	0.1700333333319577	trials	port_entry
6692.480833333333	0.17000000000189175	trials	port_entry
6707.830899999999	0.18003333333399496	trials	port_entry
6710.060899999999	0.020000000000436557	trials	port_entry
6710.4109333333345	0.09000000000014552	trials	port_entry
6730.3609000000015	0.19003333333239425	trials	port_entry
6730.780933333333	0.06999999999970896	trials	port_entry
6734.070933333334	0.18000000000029104	trials	port_entry
6737.250933333335	0.22999999999956344	trials	port_entry
6750.001000000002	1.5799999999981083	trials	port_entry
6758.251033333332	7.229933333335794	trials	reward_stimulus_presentation
6759.251000000002	0.7999666666655685	trials	reward_delivery
6765.081	0.06996666666600504	trials	port_entry
6765.321000000002	8.010033333332103	trials	port_entry
6780.721	0.04006666666828096	trials	port_entry
6807.921133333335	0.09999999999854481	trials	port_entry
6827.721200000002	0.09999999999854481	trials	port_entry
6833.171199999999	0.21000000000276486	trials	port_entry
6839.471133333334	0.03003333333253977	trials	port_entry
6841.091166666667	0.029999999998835847	trials	port_entry
6848.251266666668	10.989999999997963	trials	reward_stimulus_presentation
6849.251233333334	0.7999999999992724	trials	reward_delivery
6858.841266666668	0.020000000000436557	trials	port_entry
6884.261333333334	9.099999999998545	trials	port_entry
6922.7014	0.09999999999854481	trials	port_entry
6928.561433333334	0.019966666666732635	trials	port_entry
6928.601433333335	0.15999999999985448	trials	port_entry
6933.251466666667	20.001766666668118	trials	shock_stimulus_presentation
6940.311366666667	0.17009999999936554	trials	port_entry
6944.311466666668	0.23999999999796273	trials	port_entry
6948.431500000001	0.1299666666673147	trials	port_entry
6951.471466666668	0.2100333333328308	trials	port_entry
6953.051466666666	0.2999999999992724	trials	shock_relay
6978.211566666667	0.06999999999970896	trials	port_entry
6978.541566666669	0.6199999999989814	trials	port_entry
7001.361600000002	0.2200333333312301	trials	port_entry
7006.191633333334	0.06999999999970896	trials	port_entry
7023.251699999999	2.9099666666697885	trials	reward_stimulus_presentation
7024.251633333335	0.8000333333329763	trials	reward_delivery
7025.761666666667	10.200066666668135	trials	port_entry
7057.011700000001	0.03003333333253977	trials	port_entry
7066.551799999999	0.08000000000174623	trials	port_entry
7074.161699999999	0.220066666668572	trials	port_entry
7103.211833333333	0.12003333333268529	trials	port_entry
7118.251933333335	2.349966666664841	trials	reward_stimulus_presentation
7119.251933333335	0.7999666666655685	trials	reward_delivery
7120.201866666668	0.020000000000436557	trials	port_entry
7120.7819	0.040000000000873115	trials	port_entry
7120.9619	0.03003333333253977	trials	port_entry
7123.6019	0.040000000000873115	trials	port_entry
7123.671933333333	0.020000000000436557	trials	port_entry
7123.741899999999	6.750033333333704	trials	port_entry
7133.361866666668	0.6600666666672623	trials	port_entry
7144.581966666667	0.14993333333404735	trials	port_entry
7158.882	0.11999999999898137	trials	port_entry
7178.931999999999	0.04003333333457704	trials	port_entry
7207.992100000001	0.2700333333305025	trials	port_entry
7208.252166666667	20.000899999999092	trials	shock_stimulus_presentation
7224.022200000001	0.13999999999941792	trials	port_entry
7228.0522	0.2999999999992724	trials	shock_relay
7256.262266666667	0.09999999999854481	trials	port_entry
7256.792200000002	0.9400666666660982	trials	port_entry
7257.772266666669	0.029999999998835847	trials	port_entry
7257.822266666668	0.029999999998835847	trials	port_entry
7273.142233333334	0.12006666666638921	trials	port_entry
7288.252333333332	8.83003333333545	trials	reward_stimulus_presentation
7289.252333333332	0.8000000000029104	trials	reward_delivery
7296.682366666666	0.07996666666804231	trials	port_entry
7296.862366666666	0.2000000000007276	trials	port_entry
7297.252300000002	6.730066666663333	trials	port_entry
7305.422333333334	4.740033333331667	trials	port_entry
7312.2024	0.18000000000029104	trials	port_entry
7312.4324	1.569999999999709	trials	port_entry
7315.6324	0.2400000000016007	trials	port_entry
7319.7724333333335	0.11000000000058208	trials	port_entry
7343.5424	0.09999999999854481	trials	port_entry
7344.532466666666	0.0699333333359391	trials	port_entry
7344.832499999999	0.10000000000218279	trials	port_entry
7374.992566666666	0.12000000000261934	trials	port_entry
7375.272566666668	0.15999999999985448	trials	port_entry
7378.252566666668	20.0	trials	neutral_stimulus_presentation
7402.3525666666665	0.029999999998835847	trials	port_entry
7426.902700000001	0.16999999999825377	trials	port_entry
7428.572666666669	0.11999999999898137	trials	port_entry
7428.792666666666	0.040000000000873115	trials	port_entry
7428.982666666669	0.12999999999738066	trials	port_entry
7429.872666666668	0.8400000000001455	trials	port_entry
7432.892666666668	0.2200333333312301	trials	port_entry
7472.222766666668	0.16999999999825377	trials	port_entry
7478.252833333334	10.000033333333704	trials	reward_stimulus_presentation
7479.252833333334	0.7999999999992724	trials	reward_delivery
7487.852866666666	6.749966666666296	trials	port_entry
7510.052900000001	0.11993333333157352	trials	port_entry
7519.662933333335	0.09999999999854481	trials	port_entry
7568.252999999999	5.320066666667117	trials	reward_stimulus_presentation
7569.252999999999	0.8000333333366143	trials	reward_delivery
7573.173066666668	0.0799333333307004	trials	port_entry
7573.413066666666	6.450000000000728	trials	port_entry
7581.323066666666	0.5600000000013097	trials	port_entry
7593.0931	0.09000000000014552	trials	port_entry
7605.583133333335	0.09999999999854481	trials	port_entry
7608.0031	0.08003333333545015	trials	port_entry
7626.143166666667	0.19993333333331975	trials	port_entry
7638.013199999999	0.12000000000261934	trials	port_entry
7658.253266666668	20.000033333330066	trials	neutral_stimulus_presentation
7665.223266666666	0.1900000000023283	trials	port_entry
7682.043299999999	0.08000000000174623	trials	port_entry
7685.063266666666	0.14006666666682577	trials	port_entry
7686.173333333334	0.06000000000130967	trials	port_entry
7707.963399999999	0.05996666666760575	trials	port_entry
7708.253366666666	0.02003333333414048	trials	port_entry
7717.083400000001	0.20999999999912689	trials	port_entry
7739.303466666666	0.15996666666615056	trials	port_entry
7744.103466666666	0.10000000000218279	trials	port_entry
7748.2534	20.001100000001315	trials	shock_stimulus_presentation
7758.253500000001	0.029933333331428003	trials	port_entry
7762.023500000001	0.020000000000436557	trials	port_entry
7768.053533333334	0.2999999999992724	trials	shock_relay
7777.003500000001	0.040000000000873115	trials	port_entry
7802.073633333335	0.1099999999969441	trials	port_entry
7804.413633333335	0.13999999999941792	trials	port_entry
7815.353666666668	0.029933333331428003	trials	port_entry
7833.253699999999	8.77996666666877	trials	reward_stimulus_presentation
7834.253699999999	0.7999999999992724	trials	reward_delivery
7841.6337	0.040000000000873115	trials	port_entry
7841.983699999999	0.22003333333486808	trials	port_entry
7842.223733333334	5.339966666666442	trials	port_entry
7847.943700000002	1.2700000000004366	trials	port_entry
7861.0337666666655	0.18996666666862438	trials	port_entry
7864.943733333335	0.08003333333181217	trials	port_entry
7891.603833333333	0.12000000000261934	trials	port_entry
7912.4438666666665	0.18999999999869033	trials	port_entry
7916.343900000002	0.13999999999941792	trials	port_entry
7923.253933333335	20.001733333330776	trials	shock_stimulus_presentation
7935.233933333335	0.20999999999912689	trials	port_entry
7943.0539333333345	0.2999999999992724	trials	shock_relay
7956.384	0.020000000000436557	trials	port_entry
8018.254200000001	4.289966666667169	trials	reward_stimulus_presentation
8019.2541666666675	0.7999999999992724	trials	reward_delivery
8022.144166666667	0.2000000000007276	trials	port_entry
8036.684133333334	0.06999999999970896	trials	port_entry
8036.804133333333	7.30006666666668	trials	port_entry
8053.474233333332	0.040000000000873115	trials	port_entry
8053.544200000002	0.050033333332976326	trials	port_entry
8053.614233333332	0.030000000002473826	trials	port_entry
8053.754233333335	0.020000000000436557	trials	port_entry
8062.504266666669	0.4599999999991269	trials	port_entry
8067.934266666665	0.05000000000291038	trials	port_entry
8075.8343	0.11999999999898137	trials	port_entry
8078.524299999999	0.10000000000218279	trials	port_entry
8100.714366666665	0.06996666666964302	trials	port_entry
8104.294366666667	0.16999999999825377	trials	port_entry
8108.2544	20.000033333333704	trials	neutral_stimulus_presentation
8113.124399999999	0.020000000000436557	trials	port_entry
8123.424333333334	0.09006666666755336	trials	port_entry
8154.6844666666675	0.0899666666664416	trials	port_entry
8159.6445	0.11000000000058208	trials	port_entry
8161.934500000001	0.20003333333079354	trials	port_entry
8162.234533333334	0.7099999999991269	trials	port_entry
8184.434566666669	0.1299333333299728	trials	port_entry
8188.254566666668	10.110033333330648	trials	reward_stimulus_presentation
8189.254566666668	0.7999666666655685	trials	reward_delivery
8197.964566666667	0.25	trials	port_entry
8198.244566666666	0.040000000000873115	trials	port_entry
8198.334566666666	6.730033333333267	trials	port_entry
8205.814633333333	0.43000000000029104	trials	port_entry
8228.024666666666	0.06999999999970896	trials	port_entry
8232.964699999999	0.019933333336666692	trials	port_entry
8260.924700000001	0.020000000000436557	trials	port_entry
8272.9348	0.019933333333028713	trials	port_entry
8273.4348	0.13000000000101863	trials	port_entry
8274.954766666668	0.10003333333224873	trials	port_entry
8278.2548	6.31000000000131	trials	reward_stimulus_presentation
8279.254833333334	0.7999999999992724	trials	reward_delivery
8284.1648	0.13993333333201008	trials	port_entry
8306.504900000002	0.02989999999772408	trials	port_entry
8319.734866666668	0.20999999999912689	trials	port_entry
8327.754933333335	0.13999999999941792	trials	port_entry
8337.384933333333	0.09000000000014552	trials	port_entry
8340.654966666667	0.11000000000058208	trials	port_entry
8378.255033333333	20.000066666667408	trials	neutral_stimulus_presentation
8382.965066666666	0.1900000000023283	trials	port_entry
8424.075133333334	0.14003333333312185	trials	port_entry
8459.785266666668	0.09000000000014552	trials	port_entry
8462.735266666668	0.12996666666367673	trials	port_entry
8466.9952	0.08000000000174623	trials	port_entry
8468.255266666665	19.999966666669934	trials	reward_stimulus_presentation
8469.255266666665	0.8000000000029104	trials	reward_delivery
8495.205333333333	0.09000000000014552	trials	port_entry
8495.335333333334	5.730033333333267	trials	port_entry
8502.295333333333	2.220033333334868	trials	port_entry
8546.385466666668	0.3499999999985448	trials	port_entry
8558.255533333335	20.00119999999879	trials	shock_stimulus_presentation
8562.635499999999	0.13000000000101863	trials	port_entry
8567.635466666668	0.2300666666669713	trials	port_entry
8578.055566666668	0.2999999999992724	trials	shock_relay
8583.945533333334	0.18000000000029104	trials	port_entry
8623.305600000002	0.17006666666566161	trials	port_entry
8623.625600000001	1.0	trials	port_entry
8628.3656	0.06996666666600504	trials	port_entry
8628.485600000002	0.09000000000014552	trials	port_entry
8628.645633333335	0.019966666666732635	trials	port_entry
8628.9556	0.02003333333414048	trials	port_entry
8648.255733333333	13.580000000001746	trials	reward_stimulus_presentation
8649.2557	0.7999999999992724	trials	reward_delivery
8661.435766666667	6.049999999999272	trials	port_entry
8668.865766666668	0.040000000000873115	trials	port_entry
8668.975733333335	0.959966666665423	trials	port_entry
8684.395833333334	0.13999999999941792	trials	port_entry
8709.395866666668	0.040000000000873115	trials	port_entry
8728.965933333335	0.07999999999810825	trials	port_entry
8733.255933333332	18.55006666666668	trials	reward_stimulus_presentation
8734.255900000002	0.7999999999992724	trials	reward_delivery
8751.406	9.079999999998108	trials	port_entry
8783.456066666668	0.13000000000101863	trials	port_entry
8796.086099999999	0.020000000000436557	trials	port_entry
8823.256200000002	20.001233333332493	trials	shock_stimulus_presentation
8837.8762	0.3499999999985448	trials	port_entry
8843.0562	0.2999999999992724	trials	shock_relay
8849.2862	0.1500000000014552	trials	port_entry
8876.856233333334	0.23003333333326736	trials	port_entry
8898.036366666665	0.11000000000058208	trials	port_entry
8913.186366666667	0.06999999999970896	trials	port_entry
8918.2564	10.540033333334577	trials	reward_stimulus_presentation
8919.2564	0.7999999999992724	trials	reward_delivery
8928.396433333333	0.019966666666732635	trials	port_entry
8928.4364	0.1500000000014552	trials	port_entry
8928.6264	0.5	trials	port_entry
8929.146466666667	0.07993333333433839	trials	port_entry
8929.246400000002	5.880033333331085	trials	port_entry
8937.5264	0.9200333333319577	trials	port_entry
8953.196466666666	0.26000000000203727	trials	port_entry
8959.2365	0.139966666665714	trials	port_entry
9002.756599999999	0.09000000000014552	trials	port_entry
9003.1566	0.05996666666760575	trials	port_entry
9008.256599999999	20.001033333333908	trials	shock_stimulus_presentation
9016.506633333333	0.029966666668769903	trials	port_entry
9018.896666666666	0.21996666666746023	trials	port_entry
9019.326633333332	0.3900000000030559	trials	port_entry
9019.926633333334	0.07999999999810825	trials	port_entry
9020.056566666668	0.11006666666435194	trials	port_entry
9028.056666666665	0.3000000000029104	trials	shock_relay
9045.386700000001	0.019966666666732635	trials	port_entry
9062.346766666667	0.09999999999854481	trials	port_entry
9065.376766666666	0.09000000000014552	trials	port_entry
9066.606766666666	0.1299666666673147	trials	port_entry
9088.256833333335	8.319999999999709	trials	reward_stimulus_presentation
9089.256833333335	0.7999999999992724	trials	reward_delivery
9096.176833333333	5.600033333332249	trials	port_entry
9101.976866666666	1.0999666666684789	trials	port_entry
9119.496833333333	0.110033333334286	trials	port_entry
9119.736900000002	0.09999999999854481	trials	port_entry
9134.196866666667	0.03006666666624369	trials	port_entry
9154.816966666667	0.18003333333399496	trials	port_entry
9164.966999999999	0.020000000000436557	trials	port_entry
9165.427000000001	0.13999999999941792	trials	port_entry
9178.257066666667	20.000033333333704	trials	neutral_stimulus_presentation
9183.907033333335	0.15003333333152113	trials	port_entry
9215.067066666668	0.20006666666449746	trials	port_entry
9236.557166666667	0.02003333333414048	trials	port_entry
9243.277199999999	0.15993333333608462	trials	port_entry
9246.3572	0.18000000000029104	trials	port_entry
9271.557266666669	0.12999999999738066	trials	port_entry
9271.737266666665	0.020000000000436557	trials	port_entry
9278.257266666666	13.720100000002276	trials	reward_stimulus_presentation
9279.2573	0.7999999999992724	trials	reward_delivery
9291.577333333333	0.1900000000023283	trials	port_entry
9291.897366666666	0.1500000000014552	trials	port_entry
9292.097366666667	6.579966666668042	trials	port_entry
9299.277333333333	0.8499999999985448	trials	port_entry
9333.877366666666	0.23003333333326736	trials	port_entry
9353.4975	0.040000000000873115	trials	port_entry
9359.157466666666	0.14003333333312185	trials	port_entry
9368.257533333335	20.000033333330066	trials	reward_stimulus_presentation
9369.257533333335	0.7999999999992724	trials	reward_delivery
9393.217566666668	0.07999999999810825	trials	port_entry
9393.317566666667	0.2700333333341405	trials	port_entry
9393.777533333332	5.570066666667117	trials	port_entry
9400.2875	2.3100999999987835	trials	port_entry
9403.467600000002	0.11999999999898137	trials	port_entry
9403.6576	1.0799999999981083	trials	port_entry
9404.757599999999	0.020000000000436557	trials	port_entry
9404.8176	0.2000000000007276	trials	port_entry
9405.107600000001	1.0599666666639678	trials	port_entry
9407.787600000001	2.430000000000291	trials	port_entry
9412.607600000001	0.9900333333316667	trials	port_entry
9417.417599999999	0.610033333334286	trials	port_entry
9421.117666666667	0.24993333333259216	trials	port_entry
9439.637700000001	0.16999999999825377	trials	port_entry
9439.8977	0.049999999999272404	trials	port_entry
9439.987633333332	0.14006666666682577	trials	port_entry
9440.337633333334	0.6000666666659527	trials	port_entry
9442.1677	0.22003333333486808	trials	port_entry
9444.177700000002	0.059999999997671694	trials	port_entry
9452.737733333333	0.34996666666847887	trials	port_entry
9454.747633333334	0.3600000000005821	trials	port_entry
9458.257733333334	11.28003333333254	trials	reward_stimulus_presentation
9459.257733333334	0.7999999999992724	trials	reward_delivery
9469.137733333335	0.2100333333328308	trials	port_entry
9469.417733333334	7.540033333334577	trials	port_entry
9478.087733333332	1.540033333334577	trials	port_entry
9490.017766666666	0.11000000000058208	trials	port_entry
9506.867866666666	0.10993333333317423	trials	port_entry
9507.027800000002	0.03003333333253977	trials	port_entry
9509.087833333333	0.12006666666638921	trials	port_entry
9513.007899999999	0.1500000000014552	trials	port_entry
9513.3679	0.09000000000014552	trials	port_entry
9513.477866666666	0.03996666666716919	trials	port_entry
9514.0279	0.020000000000436557	trials	port_entry
9514.787900000001	0.31996666666600504	trials	port_entry
9515.247866666667	0.020000000000436557	trials	port_entry
9518.207866666666	0.09000000000014552	trials	port_entry
9518.947866666667	0.04996666666556848	trials	port_entry
9548.257933333332	5.4099999999998545	trials	reward_stimulus_presentation
9549.257966666666	0.7999333333355025	trials	reward_delivery
9553.267933333334	7.880033333331085	trials	port_entry
9561.587966666668	1.2100333333328308	trials	port_entry
9562.838000000002	0.569999999999709	trials	port_entry
9593.228066666668	0.19996666666702367	trials	port_entry
9611.128133333334	0.07993333333433839	trials	port_entry
9616.818099999999	0.10996666666687815	trials	port_entry
9625.028133333335	0.12999999999738066	trials	port_entry
9627.448166666667	0.02993333333506598	trials	port_entry
9633.258200000002	20.001466666664783	trials	shock_stimulus_presentation
9639.118199999999	0.08000000000174623	trials	port_entry
9639.808200000001	0.029966666665131925	trials	port_entry
9639.878133333334	0.14003333333312185	trials	port_entry
9640.348133333335	0.020066666664206423	trials	port_entry
9640.4482	0.11993333333157352	trials	port_entry
9653.058200000001	0.2999999999992724	trials	shock_relay
9665.668233333332	0.11000000000058208	trials	port_entry
9689.7083	0.19996666666702367	trials	port_entry
9692.698333333332	0.020000000000436557	trials	port_entry
9705.918333333333	0.10003333333224873	trials	port_entry
9711.8584	0.2399666666678968	trials	port_entry
9720.188366666667	0.040000000000873115	trials	port_entry
9721.798400000001	0.020000000000436557	trials	port_entry
9723.2584	8.300033333332976	trials	reward_stimulus_presentation
9724.2584	0.7999999999992724	trials	reward_delivery
9731.158433333332	7.4099666666697885	trials	port_entry
9740.748466666666	1.9699000000000524	trials	port_entry
9760.1785	0.15999999999985448	trials	port_entry
9801.248566666667	0.06999999999970896	trials	port_entry
9818.258666666667	20.000033333333704	trials	neutral_stimulus_presentation
9857.008733333334	0.11996666666527744	trials	port_entry
9892.398833333335	0.2999999999992724	trials	port_entry
9908.258933333333	20.00146666666842	trials	shock_stimulus_presentation
9912.808866666668	0.07003333333341288	trials	port_entry
9914.6589	0.07999999999810825	trials	port_entry
9928.058833333334	0.30006666666668025	trials	shock_relay
9935.418899999999	0.1500000000014552	trials	port_entry
9948.689	0.019933333333028713	trials	port_entry
9964.998966666668	0.11003333333064802	trials	port_entry
9971.128999999999	0.06999999999970896	trials	port_entry
9981.729066666669	0.24996666666629608	trials	port_entry
9988.259100000001	18.869966666665277	trials	reward_stimulus_presentation
9989.259066666667	0.7999999999992724	trials	reward_delivery
10006.729099999999	0.019933333336666692	trials	port_entry
10006.999066666665	6.600066666669591	trials	port_entry
10013.889133333332	0.7100000000027649	trials	port_entry
10048.549233333333	0.2000000000007276	trials	port_entry
10065.309233333335	0.09000000000014552	trials	port_entry
10070.359266666668	0.12999999999738066	trials	port_entry
10071.6592	0.020000000000436557	trials	port_entry
10074.559266666665	0.13000000000101863	trials	port_entry
10077.109333333332	0.05000000000291038	trials	port_entry
10077.319300000001	0.06999999999970896	trials	port_entry
10078.259266666666	0.7999999999992724	trials	reward_stimulus_presentation
10078.659266666667	0.04996666666556848	trials	port_entry
10078.729266666667	0.07996666666804231	trials	port_entry
10079.259266666666	0.7999999999992724	trials	reward_delivery
10081.839300000001	0.029999999998835847	trials	port_entry
10081.8893	0.03996666666716919	trials	port_entry
10082.029266666666	0.2400000000016007	trials	port_entry
10087.689333333334	0.029999999998835847	trials	port_entry
10087.769333333332	0.38000000000101863	trials	port_entry
10088.3493	0.029999999998835847	trials	port_entry
10088.409300000001	0.10003333333224873	trials	port_entry
10088.949266666668	6.660033333333558	trials	port_entry
10096.769266666668	0.11003333333064802	trials	port_entry
10097.199333333332	1.3300333333354502	trials	port_entry
10098.639366666668	0.46996666666382225	trials	port_entry
10099.279366666668	0.11999999999898137	trials	port_entry
10099.479433333332	0.15993333333608462	trials	port_entry
10104.569366666668	0.07999999999810825	trials	port_entry
10126.5394	0.1900000000023283	trials	port_entry
10139.139400000002	0.0200333333305025	trials	port_entry
10139.179399999999	0.020000000000436557	trials	port_entry
10176.099533333332	0.1400000000030559	trials	port_entry
10178.259533333332	1.0800000000017462	trials	reward_stimulus_presentation
10178.939533333332	0.08000000000174623	trials	port_entry
10179.259533333332	0.8000000000029104	trials	reward_delivery
10209.349533333332	6.550100000000384	trials	port_entry
10244.5397	0.15999999999985448	trials	port_entry
10268.259766666668	20.000899999999092	trials	shock_stimulus_presentation
10282.969766666667	0.2000000000007276	trials	port_entry
10288.0598	0.3000333333329763	trials	shock_relay
10294.699833333334	0.13000000000101863	trials	port_entry
10295.069833333333	0.27999999999883585	trials	port_entry
10301.059866666668	0.1099999999969441	trials	port_entry
10301.209833333332	1.3300000000017462	trials	port_entry
10322.879900000002	0.5299999999988358	trials	port_entry
10357.129966666665	0.18000000000029104	trials	port_entry
10358.259933333333	3.36006666666799	trials	reward_stimulus_presentation
10359.259933333333	0.8000666666666802	trials	reward_delivery
10361.219966666666	0.13003333333472256	trials	port_entry
10361.390000000001	9.299999999999272	trials	port_entry
10372.179933333335	0.30006666666668025	trials	port_entry
10391.850100000001	0.22999999999956344	trials	port_entry
10406.350133333335	0.12999999999738066	trials	port_entry
10430.840133333333	0.15999999999985448	trials	port_entry
10448.260166666669	20.00006666666377	trials	neutral_stimulus_presentation
10450.740166666668	0.24003333333166665	trials	port_entry
10459.830233333332	0.1199333333352115	trials	port_entry
10462.630200000001	0.13999999999941792	trials	port_entry
10486.200299999999	0.23000000000320142	trials	port_entry
10503.330366666667	0.09999999999854481	trials	port_entry
10508.630366666666	0.020000000000436557	trials	port_entry
10508.760366666667	0.20999999999912689	trials	port_entry
10508.9904	0.2900000000008731	trials	port_entry
10512.330366666667	0.06999999999970896	trials	port_entry
10520.9904	0.11993333333157352	trials	port_entry
10531.760400000001	0.029999999998835847	trials	port_entry
10532.740433333334	0.020000000000436557	trials	port_entry
10533.260433333335	11.059999999997672	trials	reward_stimulus_presentation
10534.260400000001	0.7999666666655685	trials	reward_delivery
10543.920433333335	0.029999999998835847	trials	port_entry
10549.360433333333	7.449966666667024	trials	port_entry
10557.870499999999	0.7200000000011642	trials	port_entry
10602.1206	0.10993333333317423	trials	port_entry
10623.260666666667	20.000033333333704	trials	neutral_stimulus_presentation
10633.640700000002	0.139966666665714	trials	port_entry
10646.340633333335	0.17006666666566161	trials	port_entry
10669.790766666667	0.11000000000058208	trials	port_entry
10694.2008	0.11000000000058208	trials	port_entry
10711.7109	0.11000000000058208	trials	port_entry
10718.2609	20.001666666667006	trials	shock_stimulus_presentation
10723.950833333334	0.14006666666682577	trials	port_entry
10736.070933333334	0.09999999999854481	trials	port_entry
10738.060933333332	0.3000000000029104	trials	shock_relay
10738.240866666665	0.021733333334850613	trials	port_entry
10750.860966666665	0.1299666666673147	trials	port_entry
10751.100966666667	0.09999999999854481	trials	port_entry
10751.490899999999	0.0700666666671168	trials	port_entry
10752.340966666668	0.5	trials	port_entry
10775.511033333334	0.13999999999941792	trials	port_entry
10790.641066666665	0.2000000000007276	trials	port_entry
10807.891099999999	0.030033333336177748	trials	port_entry
10808.0411	0.1500000000014552	trials	port_entry
10808.261133333335	20.000033333330066	trials	neutral_stimulus_presentation
10810.621133333332	0.05993333333390183	trials	port_entry
10820.581133333335	0.15999999999985448	trials	port_entry
10826.861066666666	0.03006666666624369	trials	port_entry
10826.921133333335	0.1499999999978172	trials	port_entry
10848.971233333332	0.09993333333477494	trials	port_entry
10855.491199999999	0.11996666666891542	trials	port_entry
10862.751266666668	0.09999999999854481	trials	port_entry
10877.181233333335	0.060033333331375616	trials	port_entry
10879.431233333335	0.06999999999970896	trials	port_entry
10882.641266666667	0.2900000000008731	trials	port_entry
10883.431300000002	0.5599999999976717	trials	port_entry
10884.151266666666	0.020000000000436557	trials	port_entry
10888.261333333334	20.00136666666731	trials	shock_stimulus_presentation
10889.771266666668	0.04006666666464298	trials	port_entry
10908.061366666667	0.2999999999992724	trials	shock_relay
10916.491333333333	0.09999999999854481	trials	port_entry
10919.7214	0.13999999999941792	trials	port_entry
10920.0214	0.020000000000436557	trials	port_entry
10920.071399999999	0.020000000000436557	trials	port_entry
10920.161366666665	0.020000000000436557	trials	port_entry
10920.351366666668	0.06999999999970896	trials	port_entry
10923.471333333333	0.12003333333268529	trials	port_entry
10948.071466666666	0.020000000000436557	trials	port_entry
10948.841466666667	0.5099999999983993	trials	port_entry
10956.401466666668	0.020000000000436557	trials	port_entry
10972.491533333332	0.1500000000014552	trials	port_entry
10978.261533333332	10.5	trials	reward_stimulus_presentation
10979.261533333332	0.7999666666692065	trials	reward_delivery
10988.361533333335	0.15996666666615056	trials	port_entry
10988.701533333335	9.229999999999563	trials	port_entry
11015.141633333335	0.1499999999978172	trials	port_entry
11015.401633333333	0.13000000000101863	trials	port_entry
11031.471666666666	0.20999999999912689	trials	port_entry
11047.471633333333	0.17000000000189175	trials	port_entry
11050.251699999999	0.1900000000023283	trials	port_entry
11058.581633333333	0.12003333333268529	trials	port_entry
11062.611733333333	0.1199333333352115	trials	port_entry
11063.931766666667	0.02993333333506598	trials	port_entry
11064.771733333333	0.040000000000873115	trials	port_entry
11251.819466666666	0.2783999999992375	trials	phototagging
11252.377600000002	0.22736666666605743	trials	phototagging
11253.862933333332	0.10006666666959063	trials	phototagging
11254.863599999999	0.10006666666959063	trials	phototagging
11255.864266666666	0.10009999999965657	trials	phototagging
11256.864933333332	0.10009999999965657	trials	phototagging
11257.865633333333	0.10006666666595265	trials	phototagging
11258.8663	0.10006666666595265	trials	phototagging
11259.866966666666	0.10006666666595265	trials	phototagging
11260.867666666667	0.10003333333224873	trials	phototagging
11261.868333333334	0.10006666666595265	trials	phototagging
11262.869	0.10006666666595265	trials	phototagging
11263.869666666667	0.10006666666595265	trials	phototagging
11264.870333333334	0.10006666666595265	trials	phototagging
11275.877733333333	0.005033333334722556	trials	phototagging
11275.887766666669	0.004999999997380655	trials	phototagging
11275.897766666667	0.005000000001018634	trials	phototagging
11275.907766666665	0.005000000001018634	trials	phototagging
11275.917766666667	0.005033333334722556	trials	phototagging
11275.9278	0.005000000001018634	trials	phototagging
11275.937800000002	0.004999999997380655	trials	phototagging
11275.9478	0.005000000001018634	trials	phototagging
11275.957800000002	0.005033333331084577	trials	phototagging
11275.9678	0.005033333334722556	trials	phototagging
11275.977833333332	0.005000000001018634	trials	phototagging
11275.987833333334	0.004999999997380655	trials	phototagging
11275.997833333333	0.005000000001018634	trials	phototagging
11276.007833333335	0.005033333331084577	trials	phototagging
11276.017866666667	0.005000000001018634	trials	phototagging
11276.027866666665	0.005000000001018634	trials	phototagging
11276.037866666667	0.005000000001018634	trials	phototagging
11276.047866666666	0.005000000001018634	trials	phototagging
11276.057866666668	0.004999999997380655	trials	phototagging
11276.067866666666	0.005033333334722556	trials	phototagging
11276.077900000002	0.004999999997380655	trials	phototagging
11276.0879	0.005000000001018634	trials	phototagging
11276.097899999999	0.005000000001018634	trials	phototagging
11276.1079	0.005000000001018634	trials	phototagging
11276.1179	0.005033333334722556	trials	phototagging
11276.127933333335	0.004999999997380655	trials	phototagging
11276.137933333333	0.005000000001018634	trials	phototagging
11276.147933333332	0.005000000001018634	trials	phototagging
11276.157933333334	0.005033333334722556	trials	phototagging
11276.167966666666	0.005000000001018634	trials	phototagging
11286.1847	0.010000000002037268	trials	phototagging
11286.284766666666	0.010000000002037268	trials	phototagging
11286.384833333335	0.00999999999839929	trials	phototagging
11286.484900000001	0.00999999999839929	trials	phototagging
11286.584966666667	0.00999999999839929	trials	phototagging
11286.685033333333	0.010000000002037268	trials	phototagging
11286.7851	0.010000000002037268	trials	phototagging
11286.885166666669	0.00999999999839929	trials	phototagging
11286.985233333335	0.00999999999839929	trials	phototagging
11287.0853	0.00999999999839929	trials	phototagging
11287.185366666667	0.010033333332103211	trials	phototagging
11287.285433333333	0.010000000002037268	trials	phototagging
11287.385499999999	0.01003333333574119	trials	phototagging
11287.485566666668	0.00999999999839929	trials	phototagging
11287.585633333334	0.010033333332103211	trials	phototagging
11287.6857	0.010000000002037268	trials	phototagging
11287.785766666666	0.01003333333574119	trials	phototagging
11287.885833333332	0.010000000002037268	trials	phototagging
11287.985900000001	0.010033333332103211	trials	phototagging
11288.085966666667	0.00999999999839929	trials	phototagging
11288.186033333333	0.010033333332103211	trials	phototagging
11288.2861	0.01003333333574119	trials	phototagging
11288.386199999999	0.010000000002037268	trials	phototagging
11288.486233333335	0.010033333332103211	trials	phototagging
11288.586333333335	0.00999999999839929	trials	phototagging
11288.686366666667	0.010033333332103211	trials	phototagging
11288.786466666666	0.010000000002037268	trials	phototagging
11288.886499999999	0.01003333333574119	trials	phototagging
11288.986600000002	0.00999999999839929	trials	phototagging
11289.086633333334	0.010033333332103211	trials	phototagging
11299.193466666666	0.005000000001018634	trials	phototagging
11300.194133333333	0.005000000001018634	trials	phototagging
11301.1948	0.005000000001018634	trials	phototagging
11302.1955	0.005000000001018634	trials	phototagging
11303.196166666667	0.005000000001018634	trials	phototagging
11304.196833333333	0.005000000001018634	trials	phototagging
11305.1975	0.005000000001018634	trials	phototagging
11306.198166666667	0.005000000001018634	trials	phototagging
11307.198866666668	0.005000000001018634	trials	phototagging
11308.199533333334	0.005000000001018634	trials	phototagging
11309.200200000001	0.004999999997380655	trials	phototagging
11310.200866666668	0.004999999997380655	trials	phototagging
11311.201566666668	0.004999999997380655	trials	phototagging
11312.202233333335	0.004999999997380655	trials	phototagging
11313.202900000002	0.004999999997380655	trials	phototagging
11314.203566666665	0.005000000001018634	trials	phototagging
11315.204233333332	0.005033333334722556	trials	phototagging
11316.204933333333	0.005000000001018634	trials	phototagging
11317.2056	0.005000000001018634	trials	phototagging
11318.206266666666	0.005000000001018634	trials	phototagging
11319.206933333333	0.005033333334722556	trials	phototagging
11320.2076	0.005033333334722556	trials	phototagging
11321.2083	0.005000000001018634	trials	phototagging
11322.208966666667	0.005000000001018634	trials	phototagging
11323.209633333334	0.005000000001018634	trials	phototagging
11324.2103	0.005033333334722556	trials	phototagging
11325.211000000001	0.004999999997380655	trials	phototagging
11326.211666666668	0.004999999997380655	trials	phototagging
11327.212333333335	0.004999999997380655	trials	phototagging
11328.213000000002	0.005033333331084577	trials	phototagging
11339.220433333334	0.005000000001018634	trials	phototagging
11340.2211	0.005000000001018634	trials	phototagging
11341.221766666667	0.005033333331084577	trials	phototagging
11342.222466666668	0.004999999997380655	trials	phototagging
11343.223133333335	0.004999999997380655	trials	phototagging
11344.223800000002	0.004999999997380655	trials	phototagging
11345.224466666668	0.004999999997380655	trials	phototagging
11346.225133333335	0.004999999997380655	trials	phototagging
11347.225833333332	0.005000000001018634	trials	phototagging
11348.226499999999	0.005000000001018634	trials	phototagging
11349.227166666666	0.005000000001018634	trials	phototagging
11350.227866666666	0.005000000001018634	trials	phototagging
11351.228533333333	0.005000000001018634	trials	phototagging
11352.2292	0.005000000001018634	trials	phototagging
11353.229866666667	0.005000000001018634	trials	phototagging
11354.230533333333	0.005000000001018634	trials	phototagging
11355.231233333334	0.005000000001018634	trials	phototagging
11356.2319	0.005000000001018634	trials	phototagging
11357.232566666667	0.005000000001018634	trials	phototagging
11358.233233333334	0.005000000001018634	trials	phototagging
11359.233900000001	0.005033333331084577	trials	phototagging
11360.234600000002	0.004999999997380655	trials	phototagging
11361.235266666668	0.004999999997380655	trials	phototagging
11362.235933333335	0.004999999997380655	trials	phototagging
11363.236600000002	0.005033333331084577	trials	phototagging
11364.237299999999	0.005000000001018634	trials	phototagging
11365.237966666666	0.005000000001018634	trials	phototagging
11366.238633333332	0.005000000001018634	trials	phototagging
11367.2393	0.005033333334722556	trials	phototagging
11368.239966666666	0.005033333334722556	trials	phototagging
11379.247400000002	0.00999999999839929	trials	phototagging
11379.347466666668	0.00999999999839929	trials	phototagging
11379.447533333334	0.00999999999839929	trials	phototagging
11379.5476	0.010000000002037268	trials	phototagging
11379.647666666666	0.010000000002037268	trials	phototagging
11379.747733333335	0.010033333332103211	trials	phototagging
11379.847800000001	0.00999999999839929	trials	phototagging
11379.947866666667	0.010033333332103211	trials	phototagging
11380.047933333333	0.010033333332103211	trials	phototagging
11380.148	0.01003333333574119	trials	phototagging
11380.248066666665	0.010000000002037268	trials	phototagging
11380.348133333335	0.010033333332103211	trials	phototagging
11380.4482	0.00999999999839929	trials	phototagging
11380.548266666667	0.010033333332103211	trials	phototagging
11380.648333333333	0.01003333333574119	trials	phototagging
11380.748399999999	0.01003333333574119	trials	phototagging
11380.848466666668	0.010033333332103211	trials	phototagging
11380.948566666668	0.00999999999839929	trials	phototagging
11381.048633333334	0.00999999999839929	trials	phototagging
11381.1487	0.010000000002037268	trials	phototagging
11381.248733333332	0.01003333333574119	trials	phototagging
11381.348833333335	0.00999999999839929	trials	phototagging
11381.448866666668	0.010033333332103211	trials	phototagging
11381.548966666667	0.00999999999839929	trials	phototagging
11381.649033333333	0.010000000002037268	trials	phototagging
11381.749099999999	0.010000000002037268	trials	phototagging
11381.849166666669	0.00999999999839929	trials	phototagging
11381.949233333335	0.00999999999839929	trials	phototagging
11382.0493	0.00999999999839929	trials	phototagging
11382.149366666667	0.010000000002037268	trials	phototagging
11392.256166666668	0.004999999997380655	trials	phototagging
11393.256833333335	0.004999999997380655	trials	phototagging
11394.257500000002	0.005033333331084577	trials	phototagging
11395.258200000002	0.004999999997380655	trials	phototagging
11396.258866666665	0.005000000001018634	trials	phototagging
11397.259533333332	0.005000000001018634	trials	phototagging
11398.260233333333	0.005000000001018634	trials	phototagging
11399.2609	0.005000000001018634	trials	phototagging
11400.261566666666	0.005000000001018634	trials	phototagging
11401.262233333333	0.005000000001018634	trials	phototagging
11402.2629	0.005000000001018634	trials	phototagging
11403.2636	0.005000000001018634	trials	phototagging
11404.264266666667	0.005000000001018634	trials	phototagging
11405.264933333334	0.005000000001018634	trials	phototagging
11406.2656	0.005000000001018634	trials	phototagging
11407.266266666667	0.005033333331084577	trials	phototagging
11408.266966666668	0.004999999997380655	trials	phototagging
11409.267633333335	0.004999999997380655	trials	phototagging
11410.268300000002	0.004999999997380655	trials	phototagging
11411.269000000002	0.004999999997380655	trials	phototagging
11412.269666666665	0.005000000001018634	trials	phototagging
11413.270333333332	0.005000000001018634	trials	phototagging
11414.270999999999	0.005000000001018634	trials	phototagging
11415.2717	0.005000000001018634	trials	phototagging
11416.272366666666	0.005000000001018634	trials	phototagging
11417.273033333333	0.005000000001018634	trials	phototagging
11418.2737	0.005000000001018634	trials	phototagging
11419.274366666667	0.005000000001018634	trials	phototagging
11420.275066666667	0.005000000001018634	trials	phototagging
11421.275733333334	0.005000000001018634	trials	phototagging
11432.283133333332	0.005000000001018634	trials	phototagging
11432.293166666668	0.004999999997380655	trials	phototagging
11432.303166666667	0.005000000001018634	trials	phototagging
11432.313166666669	0.004999999997380655	trials	phototagging
11432.323166666667	0.005000000001018634	trials	phototagging
11432.333166666665	0.005000000001018634	trials	phototagging
11432.343166666667	0.005033333331084577	trials	phototagging
11432.3532	0.005000000001018634	trials	phototagging
11432.363200000002	0.004999999997380655	trials	phototagging
11432.3732	0.005000000001018634	trials	phototagging
11432.383233333332	0.005000000001018634	trials	phototagging
11432.393233333334	0.005000000001018634	trials	phototagging
11432.403233333333	0.005000000001018634	trials	phototagging
11432.413233333335	0.004999999997380655	trials	phototagging
11432.423233333333	0.005000000001018634	trials	phototagging
11432.433233333335	0.005033333331084577	trials	phototagging
11432.443266666667	0.005000000001018634	trials	phototagging
11432.453266666666	0.005000000001018634	trials	phototagging
11432.463266666668	0.005000000001018634	trials	phototagging
11432.473266666666	0.005000000001018634	trials	phototagging
11432.483266666668	0.005033333331084577	trials	phototagging
11432.4933	0.005000000001018634	trials	phototagging
11432.503299999998	0.005000000001018634	trials	phototagging
11432.5133	0.005000000001018634	trials	phototagging
11432.523299999999	0.005000000001018634	trials	phototagging
11432.533300000001	0.005000000001018634	trials	phototagging
11432.5433	0.005033333334722556	trials	phototagging
11432.553333333335	0.004999999997380655	trials	phototagging
11432.563333333334	0.005000000001018634	trials	phototagging
11432.573333333332	0.005000000001018634	trials	phototagging
11442.5901	0.010000000002037268	trials	phototagging
11442.690166666665	0.010000000002037268	trials	phototagging
11442.790233333335	0.00999999999839929	trials	phototagging
11442.890300000001	0.00999999999839929	trials	phototagging
11442.990366666667	0.00999999999839929	trials	phototagging
11443.090433333333	0.010000000002037268	trials	phototagging
11443.190499999999	0.010000000002037268	trials	phototagging
11443.290566666668	0.00999999999839929	trials	phototagging
11443.390633333334	0.00999999999839929	trials	phototagging
11443.4907	0.00999999999839929	trials	phototagging
11443.590766666666	0.010000000002037268	trials	phototagging
11443.690833333332	0.010000000002037268	trials	phototagging
11443.790900000002	0.00999999999839929	trials	phototagging
11443.890966666668	0.00999999999839929	trials	phototagging
11443.991033333334	0.00999999999839929	trials	phototagging
11444.0911	0.01003333333574119	trials	phototagging
11444.191166666666	0.010000000002037268	trials	phototagging
11444.291233333335	0.00999999999839929	trials	phototagging
11444.391300000001	0.00999999999839929	trials	phototagging
11444.491366666667	0.00999999999839929	trials	phototagging
11444.591433333333	0.010033333332103211	trials	phototagging
11444.691499999999	0.01003333333574119	trials	phototagging
11444.791566666669	0.010033333332103211	trials	phototagging
11444.891633333335	0.00999999999839929	trials	phototagging
11444.9917	0.010033333332103211	trials	phototagging
11445.0918	0.009966666668333346	trials	phototagging
11445.191833333332	0.01003333333574119	trials	phototagging
11445.291900000002	0.010033333332103211	trials	phototagging
11445.391966666668	0.010033333332103211	trials	phototagging
11445.492033333334	0.010033333332103211	trials	phototagging
11455.598866666665	0.10006666666959063	trials	phototagging
11456.599533333332	0.10006666666959063	trials	phototagging
11457.600199999999	0.10006666666959063	trials	phototagging
11458.600866666666	0.10006666666959063	trials	phototagging
11459.601566666666	0.10006666666595265	trials	phototagging
11460.602233333333	0.10006666666595265	trials	phototagging
11461.6029	0.10006666666595265	trials	phototagging
11462.603566666667	0.10006666666595265	trials	phototagging
11463.604266666667	0.10003333333224873	trials	phototagging
11464.604933333334	0.10006666666595265	trials	phototagging
11465.6056	0.10006666666595265	trials	phototagging
11466.606266666668	0.10006666666595265	trials	phototagging
11477.6137	0.005000000001018634	trials	phototagging
11477.623700000002	0.004999999997380655	trials	phototagging
11477.6337	0.005000000001018634	trials	phototagging
11477.643699999999	0.005033333334722556	trials	phototagging
11477.653733333334	0.004999999997380655	trials	phototagging
11477.663733333333	0.005000000001018634	trials	phototagging
11477.673733333335	0.004999999997380655	trials	phototagging
11477.683733333333	0.005000000001018634	trials	phototagging
11477.693733333335	0.005033333331084577	trials	phototagging
11477.703766666667	0.005000000001018634	trials	phototagging
11477.713766666666	0.005000000001018634	trials	phototagging
11477.723766666668	0.004999999997380655	trials	phototagging
11477.733766666666	0.005033333334722556	trials	phototagging
11477.743800000002	0.004999999997380655	trials	phototagging
11477.7538	0.005000000001018634	trials	phototagging
11477.763799999999	0.005000000001018634	trials	phototagging
11477.7738	0.005000000001018634	trials	phototagging
11477.7838	0.005033333334722556	trials	phototagging
11477.793833333335	0.004999999997380655	trials	phototagging
11477.803833333333	0.005000000001018634	trials	phototagging
11477.813833333335	0.004999999997380655	trials	phototagging
11477.823833333334	0.005000000001018634	trials	phototagging
11477.833833333332	0.005000000001018634	trials	phototagging
11477.843866666668	0.004999999997380655	trials	phototagging
11477.853866666666	0.005000000001018634	trials	phototagging
11477.863866666668	0.004999999997380655	trials	phototagging
11477.873866666667	0.005000000001018634	trials	phototagging
11477.883866666665	0.005000000001018634	trials	phototagging
11477.893866666667	0.005033333334722556	trials	phototagging
11477.9039	0.005000000001018634	trials	phototagging
11487.920633333333	0.10006666666595265	trials	phototagging
11488.9213	0.10009999999965657	trials	phototagging
11489.922	0.10006666666595265	trials	phototagging
11490.922666666667	0.10006666666595265	trials	phototagging
11491.923333333334	0.10006666666595265	trials	phototagging
11492.924	0.10006666666595265	trials	phototagging
11493.924700000001	0.10006666666595265	trials	phototagging
11494.925366666668	0.10006666666595265	trials	phototagging
11495.926033333335	0.10006666666595265	trials	phototagging
11496.926700000002	0.10006666666595265	trials	phototagging
11497.927399999999	0.10006666666959063	trials	phototagging
11498.928066666665	0.10006666666959063	trials	phototagging
11509.935500000001	0.00999999999839929	trials	phototagging
11510.035566666667	0.00999999999839929	trials	phototagging
11510.135633333333	0.010000000002037268	trials	phototagging
11510.235666666666	0.01003333333574119	trials	phototagging
11510.335766666665	0.010000000002037268	trials	phototagging
11510.435800000001	0.010033333332103211	trials	phototagging
11510.535866666667	0.010033333332103211	trials	phototagging
11510.635966666667	0.010000000002037268	trials	phototagging
11510.736033333333	0.010000000002037268	trials	phototagging
11510.836099999999	0.010000000002037268	trials	phototagging
11510.936166666668	0.00999999999839929	trials	phototagging
11511.036233333334	0.00999999999839929	trials	phototagging
11511.1363	0.00999999999839929	trials	phototagging
11511.236366666666	0.010000000002037268	trials	phototagging
11511.336433333332	0.010000000002037268	trials	phototagging
11511.436500000002	0.00999999999839929	trials	phototagging
11511.536566666668	0.00999999999839929	trials	phototagging
11511.636633333334	0.00999999999839929	trials	phototagging
11511.7367	0.010000000002037268	trials	phototagging
11511.836766666665	0.010000000002037268	trials	phototagging
11511.936833333335	0.00999999999839929	trials	phototagging
11512.036900000001	0.00999999999839929	trials	phototagging
11512.136966666667	0.00999999999839929	trials	phototagging
11512.237033333333	0.010000000002037268	trials	phototagging
11512.337099999999	0.010000000002037268	trials	phototagging
11512.437166666668	0.00999999999839929	trials	phototagging
11512.537233333334	0.00999999999839929	trials	phototagging
11512.6373	0.00999999999839929	trials	phototagging
11512.737366666666	0.010000000002037268	trials	phototagging
11512.837433333332	0.010000000002037268	trials	phototagging
11522.944233333334	0.005033333334722556	trials	phototagging
11523.944933333334	0.005000000001018634	trials	phototagging
11524.945600000001	0.005000000001018634	trials	phototagging
11525.946266666668	0.005000000001018634	trials	phototagging
11526.946966666668	0.004999999997380655	trials	phototagging
11527.947633333335	0.004999999997380655	trials	phototagging
11528.948300000002	0.004999999997380655	trials	phototagging
11529.948966666669	0.004999999997380655	trials	phototagging
11530.949633333332	0.005000000001018634	trials	phototagging
11531.950333333332	0.005000000001018634	trials	phototagging
11532.951	0.005000000001018634	trials	phototagging
11533.951666666666	0.005000000001018634	trials	phototagging
11534.952333333333	0.005033333334722556	trials	phototagging
11535.953033333333	0.005000000001018634	trials	phototagging
11536.9537	0.005000000001018634	trials	phototagging
11537.954366666667	0.005000000001018634	trials	phototagging
11538.955033333334	0.005000000001018634	trials	phototagging
11539.9557	0.005033333334722556	trials	phototagging
11540.956400000001	0.005000000001018634	trials	phototagging
11541.957066666668	0.005000000001018634	trials	phototagging
11542.957733333335	0.004999999997380655	trials	phototagging
11543.958400000001	0.005033333331084577	trials	phototagging
11544.959100000002	0.004999999997380655	trials	phototagging
11545.959766666669	0.004999999997380655	trials	phototagging
11546.960433333332	0.005000000001018634	trials	phototagging
11547.961133333332	0.005000000001018634	trials	phototagging
11548.9618	0.005000000001018634	trials	phototagging
11549.962466666666	0.005000000001018634	trials	phototagging
11550.963133333333	0.005033333334722556	trials	phototagging
11551.9638	0.005000000001018634	trials	phototagging
11562.971233333332	0.005000000001018634	trials	phototagging
11563.971899999999	0.005000000001018634	trials	phototagging
11564.972566666665	0.005033333334722556	trials	phototagging
11565.973266666666	0.005000000001018634	trials	phototagging
11566.973933333333	0.005000000001018634	trials	phototagging
11567.9746	0.005000000001018634	trials	phototagging
11568.975266666666	0.005033333334722556	trials	phototagging
11569.975966666667	0.005000000001018634	trials	phototagging
11570.976633333334	0.005000000001018634	trials	phototagging
11571.9773	0.005000000001018634	trials	phototagging
11572.977966666667	0.005033333334722556	trials	phototagging
11573.978666666668	0.004999999997380655	trials	phototagging
11574.979333333335	0.004999999997380655	trials	phototagging
11575.980000000001	0.004999999997380655	trials	phototagging
11576.980666666668	0.004999999997380655	trials	phototagging
11577.981333333335	0.005033333331084577	trials	phototagging
11578.982033333332	0.005000000001018634	trials	phototagging
11579.982699999999	0.005000000001018634	trials	phototagging
11580.983366666665	0.005000000001018634	trials	phototagging
11581.984066666666	0.005000000001018634	trials	phototagging
11582.984733333333	0.005000000001018634	trials	phototagging
11583.9854	0.005000000001018634	trials	phototagging
11584.986066666666	0.005000000001018634	trials	phototagging
11585.986733333333	0.005033333334722556	trials	phototagging
11586.987433333334	0.005000000001018634	trials	phototagging
11587.9881	0.005000000001018634	trials	phototagging
11588.988766666667	0.005000000001018634	trials	phototagging
11589.989433333334	0.005033333331084577	trials	phototagging
11590.990133333335	0.004999999997380655	trials	phototagging
11591.990800000001	0.004999999997380655	trials	phototagging
11602.998233333334	0.00999999999839929	trials	phototagging
11603.0983	0.010000000002037268	trials	phototagging
11603.198366666666	0.010000000002037268	trials	phototagging
11603.298433333335	0.00999999999839929	trials	phototagging
11603.398500000001	0.00999999999839929	trials	phototagging
11603.498566666667	0.00999999999839929	trials	phototagging
11603.598633333333	0.010000000002037268	trials	phototagging
11603.698699999999	0.010000000002037268	trials	phototagging
11603.798766666669	0.00999999999839929	trials	phototagging
11603.898833333335	0.00999999999839929	trials	phototagging
11603.9989	0.00999999999839929	trials	phototagging
11604.098966666666	0.010000000002037268	trials	phototagging
11604.199033333332	0.010000000002037268	trials	phototagging
11604.299100000002	0.00999999999839929	trials	phototagging
11604.399166666668	0.00999999999839929	trials	phototagging
11604.499233333334	0.00999999999839929	trials	phototagging
11604.5993	0.010000000002037268	trials	phototagging
11604.699366666666	0.010000000002037268	trials	phototagging
11604.799433333335	0.00999999999839929	trials	phototagging
11604.899500000001	0.00999999999839929	trials	phototagging
11604.999566666667	0.00999999999839929	trials	phototagging
11605.099633333333	0.010000000002037268	trials	phototagging
11605.1997	0.010000000002037268	trials	phototagging
11605.299766666665	0.010000000002037268	trials	phototagging
11605.399833333335	0.00999999999839929	trials	phototagging
11605.4999	0.010033333332103211	trials	phototagging
11605.599966666667	0.010000000002037268	trials	phototagging
11605.700033333333	0.01003333333574119	trials	phototagging
11605.800099999999	0.010000000002037268	trials	phototagging
11605.900166666668	0.00999999999839929	trials	phototagging
11668.948033333332	0.10006666666959063	trials	phototagging
11669.948699999999	0.10006666666959063	trials	phototagging
11670.949366666666	0.10006666666959063	trials	phototagging
11671.950033333333	0.10006666666595265	trials	phototagging
11672.950733333333	0.10003333333224873	trials	phototagging
11673.9514	0.10006666666595265	trials	phototagging
11674.952066666667	0.10006666666595265	trials	phototagging
11675.952733333334	0.10006666666595265	trials	phototagging
11676.9534	0.10009999999965657	trials	phototagging
11677.954066666667	0.10009999999965657	trials	phototagging
11678.954766666668	0.10006666666595265	trials	phototagging
11679.955433333334	0.10006666666595265	trials	phototagging
11690.962866666667	0.005000000001018634	trials	phototagging
11690.972866666665	0.005000000001018634	trials	phototagging
11690.982866666667	0.005000000001018634	trials	phototagging
11690.992866666666	0.005000000001018634	trials	phototagging
11691.002866666668	0.005033333331084577	trials	phototagging
11691.0129	0.005000000001018634	trials	phototagging
11691.022900000002	0.004999999997380655	trials	phototagging
11691.0329	0.005000000001018634	trials	phototagging
11691.042899999999	0.005000000001018634	trials	phototagging
11691.0529	0.005000000001018634	trials	phototagging
11691.062933333333	0.005000000001018634	trials	phototagging
11691.072933333335	0.004999999997380655	trials	phototagging
11691.082933333333	0.005000000001018634	trials	phototagging
11691.092933333335	0.004999999997380655	trials	phototagging
11691.102966666667	0.005000000001018634	trials	phototagging
11691.112966666666	0.005000000001018634	trials	phototagging
11691.122966666668	0.005000000001018634	trials	phototagging
11691.132966666666	0.005000000001018634	trials	phototagging
11691.142966666668	0.004999999997380655	trials	phototagging
11691.153	0.005000000001018634	trials	phototagging
11691.162999999999	0.005000000001018634	trials	phototagging
11691.173	0.005000000001018634	trials	phototagging
11691.182999999999	0.005000000001018634	trials	phototagging
11691.193000000001	0.005033333331084577	trials	phototagging
11691.203033333333	0.005000000001018634	trials	phototagging
11691.213033333335	0.004999999997380655	trials	phototagging
11691.223033333334	0.005000000001018634	trials	phototagging
11691.233033333332	0.005000000001018634	trials	phototagging
11691.243033333334	0.005000000001018634	trials	phototagging
11691.253033333332	0.005000000001018634	trials	phototagging
11701.2698	0.010000000002037268	trials	phototagging
11701.369866666666	0.010000000002037268	trials	phototagging
11701.469933333332	0.010000000002037268	trials	phototagging
11701.570000000002	0.010033333332103211	trials	phototagging
11701.670066666667	0.00999999999839929	trials	phototagging
11701.770133333333	0.00999999999839929	trials	phototagging
11701.8702	0.010000000002037268	trials	phototagging
11701.970266666665	0.010000000002037268	trials	phototagging
11702.070333333335	0.010033333332103211	trials	phototagging
11702.1704	0.010033333332103211	trials	phototagging
11702.270466666667	0.010033333332103211	trials	phototagging
11702.370533333333	0.01003333333574119	trials	phototagging
11702.470599999999	0.01003333333574119	trials	phototagging
11702.570700000002	0.009966666664695367	trials	phototagging
11702.670733333334	0.010033333332103211	trials	phototagging
11702.770833333334	0.00999999999839929	trials	phototagging
11702.870866666666	0.01003333333574119	trials	phototagging
11702.970933333332	0.01003333333574119	trials	phototagging
11703.071000000002	0.010033333332103211	trials	phototagging
11703.171100000001	0.00999999999839929	trials	phototagging
11703.271166666667	0.00999999999839929	trials	phototagging
11703.371233333333	0.010000000002037268	trials	phototagging
11703.4713	0.010000000002037268	trials	phototagging
11703.571333333335	0.010033333332103211	trials	phototagging
11703.671433333335	0.00999999999839929	trials	phototagging
11703.7715	0.00999999999839929	trials	phototagging
11703.871566666667	0.010000000002037268	trials	phototagging
11703.971633333333	0.010000000002037268	trials	phototagging
11704.071699999999	0.010000000002037268	trials	phototagging
11704.171766666668	0.00999999999839929	trials	phototagging
11714.278566666666	0.005000000001018634	trials	phototagging
11715.279266666666	0.005000000001018634	trials	phototagging
11716.279933333333	0.005000000001018634	trials	phototagging
11717.2806	0.005000000001018634	trials	phototagging
11718.281266666667	0.005000000001018634	trials	phototagging
11719.281933333334	0.005033333334722556	trials	phototagging
11720.282633333334	0.005000000001018634	trials	phototagging
11721.283300000001	0.005000000001018634	trials	phototagging
11722.283966666668	0.004999999997380655	trials	phototagging
11723.284633333335	0.004999999997380655	trials	phototagging
11724.285333333335	0.004999999997380655	trials	phototagging
11725.286000000002	0.004999999997380655	trials	phototagging
11726.286666666669	0.004999999997380655	trials	phototagging
11727.287333333332	0.005000000001018634	trials	phototagging
11728.288033333332	0.005000000001018634	trials	phototagging
11729.2887	0.005000000001018634	trials	phototagging
11730.289366666666	0.005000000001018634	trials	phototagging
11731.290033333333	0.005000000001018634	trials	phototagging
11732.2907	0.005033333334722556	trials	phototagging
11733.2914	0.005000000001018634	trials	phototagging
11734.292066666667	0.005000000001018634	trials	phototagging
11735.292733333334	0.005033333334722556	trials	phototagging
11736.2934	0.005033333334722556	trials	phototagging
11737.294100000001	0.005000000001018634	trials	phototagging
11738.294766666668	0.004999999997380655	trials	phototagging
11739.295433333335	0.004999999997380655	trials	phototagging
11740.296100000001	0.005033333331084577	trials	phototagging
11741.296800000002	0.004999999997380655	trials	phototagging
11742.297466666669	0.004999999997380655	trials	phototagging
11743.298133333332	0.005000000001018634	trials	phototagging
11754.305566666668	0.004999999997380655	trials	phototagging
11755.306233333335	0.004999999997380655	trials	phototagging
11756.306900000001	0.004999999997380655	trials	phototagging
11757.307600000002	0.004999999997380655	trials	phototagging
11758.308266666669	0.004999999997380655	trials	phototagging
11759.308933333332	0.005000000001018634	trials	phototagging
11760.309599999999	0.005000000001018634	trials	phototagging
11761.310266666665	0.005033333334722556	trials	phototagging
11762.310966666666	0.005000000001018634	trials	phototagging
11763.311633333333	0.005000000001018634	trials	phototagging
11764.3123	0.005000000001018634	trials	phototagging
11765.312966666666	0.005033333334722556	trials	phototagging
11766.313666666667	0.005000000001018634	trials	phototagging
11767.314333333334	0.005000000001018634	trials	phototagging
11768.315	0.005000000001018634	trials	phototagging
11769.315666666667	0.005033333334722556	trials	phototagging
11770.316366666668	0.004999999997380655	trials	phototagging
11771.317033333335	0.004999999997380655	trials	phototagging
11772.317700000001	0.004999999997380655	trials	phototagging
11773.318400000002	0.004999999997380655	trials	phototagging
11774.319066666669	0.004999999997380655	trials	phototagging
11775.319733333332	0.005000000001018634	trials	phototagging
11776.320399999999	0.005000000001018634	trials	phototagging
11777.321066666666	0.005000000001018634	trials	phototagging
11778.321766666666	0.005000000001018634	trials	phototagging
11779.322433333333	0.005000000001018634	trials	phototagging
11780.3231	0.005000000001018634	trials	phototagging
11781.323766666666	0.005033333334722556	trials	phototagging
11782.324466666667	0.005000000001018634	trials	phototagging
11783.325133333334	0.005000000001018634	trials	phototagging
11794.332566666666	0.010000000002037268	trials	phototagging
11794.432633333332	0.010000000002037268	trials	phototagging
11794.532700000002	0.00999999999839929	trials	phototagging
11794.632766666668	0.00999999999839929	trials	phototagging
11794.732833333333	0.00999999999839929	trials	phototagging
11794.8329	0.010000000002037268	trials	phototagging
11794.932966666665	0.010000000002037268	trials	phototagging
11795.033033333335	0.00999999999839929	trials	phototagging
11795.133100000001	0.00999999999839929	trials	phototagging
11795.233166666667	0.00999999999839929	trials	phototagging
11795.333233333333	0.010000000002037268	trials	phototagging
11795.433299999999	0.010000000002037268	trials	phototagging
11795.533366666668	0.00999999999839929	trials	phototagging
11795.633433333334	0.00999999999839929	trials	phototagging
11795.7335	0.00999999999839929	trials	phototagging
11795.833566666666	0.010000000002037268	trials	phototagging
11795.933633333332	0.010000000002037268	trials	phototagging
11796.033700000002	0.00999999999839929	trials	phototagging
11796.133766666668	0.00999999999839929	trials	phototagging
11796.233833333334	0.00999999999839929	trials	phototagging
11796.3339	0.010000000002037268	trials	phototagging
11796.433966666666	0.010000000002037268	trials	phototagging
11796.534033333335	0.00999999999839929	trials	phototagging
11796.634100000001	0.010033333332103211	trials	phototagging
11796.734166666667	0.00999999999839929	trials	phototagging
11796.834233333333	0.010033333332103211	trials	phototagging
11796.934299999999	0.010000000002037268	trials	phototagging
11797.034366666669	0.010033333332103211	trials	phototagging
11797.134433333335	0.00999999999839929	trials	phototagging
11797.2345	0.00999999999839929	trials	phototagging
11807.341333333332	0.005000000001018634	trials	phototagging
11808.341999999999	0.005000000001018634	trials	phototagging
11809.342666666666	0.005033333334722556	trials	phototagging
11810.343366666666	0.005000000001018634	trials	phototagging
11811.344033333333	0.005000000001018634	trials	phototagging
11812.3447	0.005000000001018634	trials	phototagging
11813.345366666666	0.005000000001018634	trials	phototagging
11814.346033333333	0.005033333334722556	trials	phototagging
11815.346733333334	0.005000000001018634	trials	phototagging
11816.3474	0.005000000001018634	trials	phototagging
11817.348066666667	0.005033333334722556	trials	phototagging
11818.348766666668	0.004999999997380655	trials	phototagging
11819.349433333335	0.004999999997380655	trials	phototagging
11820.350100000001	0.004999999997380655	trials	phototagging
11821.350766666668	0.004999999997380655	trials	phototagging
11822.351466666665	0.005000000001018634	trials	phototagging
11823.352133333332	0.005000000001018634	trials	phototagging
11824.352799999999	0.005000000001018634	trials	phototagging
11825.353466666666	0.005033333334722556	trials	phototagging
11826.354166666666	0.005000000001018634	trials	phototagging
11827.354833333333	0.005000000001018634	trials	phototagging
11828.3555	0.005000000001018634	trials	phototagging
11829.356166666666	0.005000000001018634	trials	phototagging
11830.356833333333	0.005033333334722556	trials	phototagging
11831.357533333334	0.005000000001018634	trials	phototagging
11832.3582	0.005000000001018634	trials	phototagging
11833.358866666667	0.005033333331084577	trials	phototagging
11834.359566666668	0.004999999997380655	trials	phototagging
11835.360233333335	0.004999999997380655	trials	phototagging
11836.360900000001	0.004999999997380655	trials	phototagging
11847.368333333334	0.005000000001018634	trials	phototagging
11847.378333333332	0.005000000001018634	trials	phototagging
11847.388333333334	0.005033333331084577	trials	phototagging
11847.398366666666	0.005000000001018634	trials	phototagging
11847.408366666668	0.004999999997380655	trials	phototagging
11847.418366666667	0.005000000001018634	trials	phototagging
11847.428366666665	0.005000000001018634	trials	phototagging
11847.438366666667	0.005000000001018634	trials	phototagging
11847.448366666666	0.005033333334722556	trials	phototagging
11847.458400000001	0.004999999997380655	trials	phototagging
11847.4684	0.005000000001018634	trials	phototagging
11847.478400000002	0.004999999997380655	trials	phototagging
11847.4884	0.005000000001018634	trials	phototagging
11847.498399999999	0.005033333334722556	trials	phototagging
11847.508433333334	0.005000000001018634	trials	phototagging
11847.518433333333	0.005000000001018634	trials	phototagging
11847.528433333335	0.004999999997380655	trials	phototagging
11847.538433333333	0.005033333334722556	trials	phototagging
11847.548433333335	0.005033333331084577	trials	phototagging
11847.558466666667	0.005000000001018634	trials	phototagging
11847.568466666666	0.005000000001018634	trials	phototagging
11847.578466666668	0.005000000001018634	trials	phototagging
11847.588466666666	0.005033333334722556	trials	phototagging
11847.598500000002	0.004999999997380655	trials	phototagging
11847.6085	0.005000000001018634	trials	phototagging
11847.618499999999	0.005000000001018634	trials	phototagging
11847.6285	0.005000000001018634	trials	phototagging
11847.6385	0.005000000001018634	trials	phototagging
11847.648500000001	0.005033333331084577	trials	phototagging
11847.658533333333	0.005000000001018634	trials	phototagging
11857.675266666667	0.010033333332103211	trials	phototagging
11857.775366666667	0.00999999999839929	trials	phototagging
11857.875433333333	0.010000000002037268	trials	phototagging
11857.975499999999	0.010000000002037268	trials	phototagging
11858.075566666668	0.00999999999839929	trials	phototagging
11858.175633333334	0.00999999999839929	trials	phototagging
11858.2757	0.00999999999839929	trials	phototagging
11858.375766666666	0.010000000002037268	trials	phototagging
11858.475833333332	0.010000000002037268	trials	phototagging
11858.575900000002	0.00999999999839929	trials	phototagging
11858.675966666668	0.00999999999839929	trials	phototagging
11858.776033333334	0.00999999999839929	trials	phototagging
11858.8761	0.010000000002037268	trials	phototagging
11858.976166666665	0.010000000002037268	trials	phototagging
11859.076233333335	0.00999999999839929	trials	phototagging
11859.176300000001	0.00999999999839929	trials	phototagging
11859.276366666667	0.00999999999839929	trials	phototagging
11859.376433333333	0.010000000002037268	trials	phototagging
11859.476499999999	0.010000000002037268	trials	phototagging
11859.576566666668	0.00999999999839929	trials	phototagging
11859.676633333334	0.00999999999839929	trials	phototagging
11859.7767	0.00999999999839929	trials	phototagging
11859.876766666666	0.010000000002037268	trials	phototagging
11859.976833333332	0.010000000002037268	trials	phototagging
11860.076900000002	0.00999999999839929	trials	phototagging
11860.176966666668	0.00999999999839929	trials	phototagging
11860.277033333334	0.00999999999839929	trials	phototagging
11860.3771	0.010000000002037268	trials	phototagging
11860.477166666666	0.01003333333574119	trials	phototagging
11860.577233333335	0.00999999999839929	trials	phototagging
11870.684066666667	0.10006666666595265	trials	phototagging
11871.684733333333	0.10006666666595265	trials	phototagging
11872.6854	0.10006666666595265	trials	phototagging
11873.686066666667	0.10009999999965657	trials	phototagging
11874.686766666668	0.10006666666595265	trials	phototagging
11875.687433333334	0.10006666666595265	trials	phototagging
11876.688100000001	0.10006666666595265	trials	phototagging
11877.688800000002	0.10006666666595265	trials	phototagging
11878.689466666669	0.10006666666595265	trials	phototagging
11879.690133333335	0.10006666666595265	trials	phototagging
11880.690799999998	0.10006666666959063	trials	phototagging
11881.691466666665	0.10006666666959063	trials	phototagging
11892.698900000001	0.004999999997380655	trials	phototagging
11892.7089	0.005033333334722556	trials	phototagging
11892.718900000002	0.005033333331084577	trials	phototagging
11892.728933333334	0.005000000001018634	trials	phototagging
11892.738933333332	0.005000000001018634	trials	phototagging
11892.748933333334	0.005000000001018634	trials	phototagging
11892.758933333333	0.005000000001018634	trials	phototagging
11892.768966666668	0.004999999997380655	trials	phototagging
11892.778966666667	0.005000000001018634	trials	phototagging
11892.788966666665	0.005000000001018634	trials	phototagging
11892.798966666667	0.005000000001018634	trials	phototagging
11892.808966666666	0.005033333334722556	trials	phototagging
11892.819000000001	0.004999999997380655	trials	phototagging
11892.829	0.005000000001018634	trials	phototagging
11892.839000000002	0.004999999997380655	trials	phototagging
11892.849	0.005000000001018634	trials	phototagging
11892.858999999999	0.005000000001018634	trials	phototagging
11892.869	0.005033333334722556	trials	phototagging
11892.879033333333	0.005000000001018634	trials	phototagging
11892.889033333335	0.004999999997380655	trials	phototagging
11892.899033333333	0.005000000001018634	trials	phototagging
11892.909033333335	0.004999999997380655	trials	phototagging
11892.919066666667	0.005000000001018634	trials	phototagging
11892.929066666666	0.005000000001018634	trials	phototagging
11892.939066666668	0.005000000001018634	trials	phototagging
11892.949066666666	0.005000000001018634	trials	phototagging
11892.959100000002	0.004999999997380655	trials	phototagging
11892.9691	0.005000000001018634	trials	phototagging
11892.979099999999	0.005000000001018634	trials	phototagging
11892.9891	0.005000000001018634	trials	phototagging
11903.005866666668	0.10006666666595265	trials	phototagging
11904.006533333335	0.10006666666595265	trials	phototagging
11905.007200000002	0.10006666666595265	trials	phototagging
11906.007866666669	0.10006666666595265	trials	phototagging
11907.008566666666	0.10006666666959063	trials	phototagging
11908.009233333332	0.10006666666959063	trials	phototagging
11909.0099	0.10006666666959063	trials	phototagging
11910.010566666666	0.10006666666595265	trials	phototagging
11911.011266666666	0.10006666666595265	trials	phototagging
11912.011933333333	0.10006666666595265	trials	phototagging
11913.0126	0.10006666666595265	trials	phototagging
11914.013266666667	0.10006666666595265	trials	phototagging
11925.0207	0.010000000002037268	trials	phototagging
11925.120766666669	0.00999999999839929	trials	phototagging
11925.220833333335	0.00999999999839929	trials	phototagging
11925.3209	0.00999999999839929	trials	phototagging
11925.420966666667	0.010000000002037268	trials	phototagging
11925.521033333333	0.01003333333574119	trials	phototagging
11925.621099999998	0.01003333333574119	trials	phototagging
11925.721200000002	0.00999999999839929	trials	phototagging
11925.821233333334	0.010033333332103211	trials	phototagging
11925.921333333334	0.009966666668333346	trials	phototagging
11926.021366666666	0.01003333333574119	trials	phototagging
11926.121433333332	0.01003333333574119	trials	phototagging
11926.221500000001	0.010033333332103211	trials	phototagging
11926.321566666667	0.010033333332103211	trials	phototagging
11926.421633333333	0.010033333332103211	trials	phototagging
11926.521733333333	0.010000000002037268	trials	phototagging
11926.621766666665	0.01003333333574119	trials	phototagging
11926.721866666669	0.00999999999839929	trials	phototagging
11926.821933333335	0.00999999999839929	trials	phototagging
11926.922	0.00999999999839929	trials	phototagging
11927.022066666666	0.010000000002037268	trials	phototagging
11927.122133333332	0.010000000002037268	trials	phototagging
11927.222200000002	0.00999999999839929	trials	phototagging
11927.322266666668	0.00999999999839929	trials	phototagging
11927.422333333334	0.00999999999839929	trials	phototagging
11927.5224	0.010000000002037268	trials	phototagging
11927.622466666666	0.010000000002037268	trials	phototagging
11927.722533333335	0.00999999999839929	trials	phototagging
11927.822600000001	0.00999999999839929	trials	phototagging
11927.922666666667	0.00999999999839929	trials	phototagging
11938.029466666669	0.005033333331084577	trials	phototagging
11939.030166666666	0.005000000001018634	trials	phototagging
11940.030833333332	0.005000000001018634	trials	phototagging
11941.0315	0.005000000001018634	trials	phototagging
11942.032166666666	0.005000000001018634	trials	phototagging
11943.032866666666	0.005000000001018634	trials	phototagging
11944.033533333333	0.005000000001018634	trials	phototagging
11945.0342	0.005000000001018634	trials	phototagging
11946.034866666667	0.005000000001018634	trials	phototagging
11947.035566666667	0.005000000001018634	trials	phototagging
11948.036233333334	0.005000000001018634	trials	phototagging
11949.036900000001	0.005000000001018634	trials	phototagging
11950.037566666668	0.005033333331084577	trials	phototagging
11951.038266666668	0.004999999997380655	trials	phototagging
11952.038933333335	0.004999999997380655	trials	phototagging
11953.039600000002	0.004999999997380655	trials	phototagging
11954.040266666669	0.004999999997380655	trials	phototagging
11955.040933333332	0.005033333334722556	trials	phototagging
11956.041633333332	0.005000000001018634	trials	phototagging
11957.0423	0.005000000001018634	trials	phototagging
11958.042966666666	0.005000000001018634	trials	phototagging
11959.043666666666	0.005000000001018634	trials	phototagging
11960.044333333333	0.005000000001018634	trials	phototagging
11961.045	0.005000000001018634	trials	phototagging
11962.045666666667	0.005000000001018634	trials	phototagging
11963.046366666667	0.005000000001018634	trials	phototagging
11964.047033333334	0.005000000001018634	trials	phototagging
11965.047700000001	0.005000000001018634	trials	phototagging
11966.048366666668	0.005033333331084577	trials	phototagging
11967.049066666668	0.004999999997380655	trials	phototagging
11978.056466666667	0.005000000001018634	trials	phototagging
11979.057166666667	0.005000000001018634	trials	phototagging
11980.057833333334	0.005000000001018634	trials	phototagging
11981.058500000001	0.005000000001018634	trials	phototagging
11982.059200000002	0.004999999997380655	trials	phototagging
11983.059866666668	0.004999999997380655	trials	phototagging
11984.060533333335	0.004999999997380655	trials	phototagging
11985.061200000002	0.004999999997380655	trials	phototagging
11986.061866666669	0.005033333331084577	trials	phototagging
11987.062533333332	0.005033333334722556	trials	phototagging
11988.063233333332	0.005000000001018634	trials	phototagging
11989.0639	0.005000000001018634	trials	phototagging
11990.064566666666	0.005000000001018634	trials	phototagging
11991.065266666667	0.005000000001018634	trials	phototagging
11992.065933333333	0.005000000001018634	trials	phototagging
11993.0666	0.005000000001018634	trials	phototagging
11994.067266666667	0.005000000001018634	trials	phototagging
11995.067966666667	0.005000000001018634	trials	phototagging
11996.068633333334	0.005000000001018634	trials	phototagging
11997.069300000001	0.005000000001018634	trials	phototagging
11998.069966666668	0.005033333331084577	trials	phototagging
11999.070666666668	0.004999999997380655	trials	phototagging
12000.071333333335	0.004999999997380655	trials	phototagging
12001.072000000002	0.004999999997380655	trials	phototagging
12002.072699999999	0.005000000001018634	trials	phototagging
12003.073366666666	0.005000000001018634	trials	phototagging
12004.074033333332	0.005000000001018634	trials	phototagging
12005.0747	0.005000000001018634	trials	phototagging
12006.075366666666	0.005000000001018634	trials	phototagging
12007.076066666667	0.005000000001018634	trials	phototagging
12018.083499999999	0.010000000002037268	trials	phototagging
12018.183533333335	0.010033333332103211	trials	phototagging
12018.283633333334	0.00999999999839929	trials	phototagging
12018.383666666667	0.010033333332103211	trials	phototagging
12018.483766666666	0.010000000002037268	trials	phototagging
12018.583833333332	0.010000000002037268	trials	phototagging
12018.683900000002	0.00999999999839929	trials	phototagging
12018.783966666668	0.00999999999839929	trials	phototagging
12018.884033333334	0.00999999999839929	trials	phototagging
12018.9841	0.010000000002037268	trials	phototagging
12019.084166666666	0.010000000002037268	trials	phototagging
12019.184233333335	0.00999999999839929	trials	phototagging
12019.284300000001	0.00999999999839929	trials	phototagging
12019.384366666667	0.00999999999839929	trials	phototagging
12019.484433333333	0.010000000002037268	trials	phototagging
12019.584499999999	0.010000000002037268	trials	phototagging
12019.684566666669	0.00999999999839929	trials	phototagging
12019.784633333335	0.00999999999839929	trials	phototagging
12019.8847	0.00999999999839929	trials	phototagging
12019.984766666666	0.010000000002037268	trials	phototagging
12020.084833333332	0.010000000002037268	trials	phototagging
12020.184900000002	0.00999999999839929	trials	phototagging
12020.284966666668	0.00999999999839929	trials	phototagging
12020.385033333334	0.00999999999839929	trials	phototagging
12020.4851	0.010000000002037268	trials	phototagging
12020.585166666666	0.010000000002037268	trials	phototagging
12020.685233333335	0.00999999999839929	trials	phototagging
12020.785300000001	0.00999999999839929	trials	phototagging
12020.885366666667	0.00999999999839929	trials	phototagging
12020.985433333333	0.010000000002037268	trials	phototagging
