onset	duration	nwb_table	trial_type
2.626299999999901	0.10016666666342644	trials	phototagging
3.6278666666657955	0.1001333333333605	trials	phototagging
4.629399999997986	0.10016666666706442	trials	phototagging
5.6309333333301765	0.10016666666706442	trials	phototagging
6.632466666666005	0.10016666666706442	trials	phototagging
7.6340333333318995	0.1001333333333605	trials	phototagging
8.63556666666409	0.1001333333333605	trials	phototagging
9.637099999999919	0.1001333333333605	trials	phototagging
10.638633333332109	0.10016666666706442	trials	phototagging
11.6401666666643	0.10016666666706442	trials	phototagging
12.641733333330194	0.1001333333333605	trials	phototagging
13.643266666666023	0.10016666666706442	trials	phototagging
24.66019999999844	0.005000000001018634	trials	phototagging
24.670233333330543	0.005000000001018634	trials	phototagging
24.68023333333258	0.004999999997380655	trials	phototagging
24.690266666664684	0.005000000001018634	trials	phototagging
24.70026666666672	0.004999999997380655	trials	phototagging
24.71026666666512	0.005033333334722556	trials	phototagging
24.720299999997223	0.005000000001018634	trials	phototagging
24.73029999999926	0.005033333331084577	trials	phototagging
24.740333333331364	0.005000000001018634	trials	phototagging
24.7503333333334	0.004999999997380655	trials	phototagging
24.760366666665504	0.005000000001018634	trials	phototagging
24.770366666663904	0.005000000001018634	trials	phototagging
24.780399999999645	0.004999999997380655	trials	phototagging
24.790399999998044	0.005000000001018634	trials	phototagging
24.800433333330147	0.005000000001018634	trials	phototagging
24.810433333332185	0.005000000001018634	trials	phototagging
24.820466666664288	0.005000000001018634	trials	phototagging
24.830466666666325	0.004999999997380655	trials	phototagging
24.84049999999843	0.005000000001018634	trials	phototagging
24.850499999996828	0.005000000001018634	trials	phototagging
24.860499999998865	0.005033333331084577	trials	phototagging
24.870533333330968	0.005000000001018634	trials	phototagging
24.88056666666671	0.004999999997380655	trials	phototagging
24.89056666666511	0.005000000001018634	trials	phototagging
24.900566666663508	0.005000000001018634	trials	phototagging
24.91059999999925	0.004999999997380655	trials	phototagging
24.92059999999765	0.005033333334722556	trials	phototagging
24.93063333333339	0.004999999997380655	trials	phototagging
24.94063333333179	0.005000000001018634	trials	phototagging
24.950666666663892	0.005000000001018634	trials	phototagging
34.976066666666156	0.010033333332103211	trials	phototagging
35.07623333333322	0.00999999999839929	trials	phototagging
35.17639999999665	0.010000000002037268	trials	phototagging
35.27653333333001	0.01003333333574119	trials	phototagging
35.37669999999707	0.010000000002037268	trials	phototagging
35.47683333333043	0.01003333333574119	trials	phototagging
35.5769999999975	0.010000000002037268	trials	phototagging
35.67716666666456	0.010000000002037268	trials	phototagging
35.77729999999792	0.010033333332103211	trials	phototagging
35.877466666664986	0.00999999999839929	trials	phototagging
35.97759999999835	0.010033333332103211	trials	phototagging
36.07776666666541	0.010033333332103211	trials	phototagging
36.177933333332476	0.00999999999839929	trials	phototagging
36.278066666665836	0.010033333332103211	trials	phototagging
36.3782333333329	0.00999999999839929	trials	phototagging
36.478399999999965	0.00999999999839929	trials	phototagging
36.578533333333326	0.010033333332103211	trials	phototagging
36.67869999999675	0.010000000002037268	trials	phototagging
36.778866666663816	0.010000000002037268	trials	phototagging
36.87899999999718	0.010000000002037268	trials	phototagging
36.97916666666424	0.010000000002037268	trials	phototagging
37.0792999999976	0.01003333333574119	trials	phototagging
37.179466666664666	0.010000000002037268	trials	phototagging
37.27959999999803	0.010033333332103211	trials	phototagging
37.37976666666509	0.00999999999839929	trials	phototagging
37.479933333332156	0.00999999999839929	trials	phototagging
37.580066666665516	0.010033333332103211	trials	phototagging
37.68023333333258	0.010033333332103211	trials	phototagging
37.780399999999645	0.00999999999839929	trials	phototagging
37.880533333333005	0.010033333332103211	trials	phototagging
47.99609999999666	0.005000000001018634	trials	phototagging
48.99763333333249	0.004999999997380655	trials	phototagging
49.99919999999838	0.005000000001018634	trials	phototagging
51.00073333333057	0.005000000001018634	trials	phototagging
52.0022666666664	0.004999999997380655	trials	phototagging
53.00379999999859	0.005000000001018634	trials	phototagging
54.00533333333078	0.005033333334722556	trials	phototagging
55.006899999996676	0.005000000001018634	trials	phototagging
56.008433333332505	0.004999999997380655	trials	phototagging
57.009966666664695	0.005000000001018634	trials	phototagging
58.011499999996886	0.005000000001018634	trials	phototagging
59.01306666666642	0.004966666663676733	trials	phototagging
60.01459999999861	0.005000000001018634	trials	phototagging
61.0161333333308	0.005000000001018634	trials	phototagging
62.01766666666663	0.004999999997380655	trials	phototagging
63.01919999999882	0.005000000001018634	trials	phototagging
64.02073333333101	0.005033333334722556	trials	phototagging
65.0222666666632	0.005033333334722556	trials	phototagging
66.02383333333273	0.004999999997380655	trials	phototagging
67.02536666666492	0.005000000001018634	trials	phototagging
68.02689999999711	0.005033333334722556	trials	phototagging
69.02846666666665	0.004999999997380655	trials	phototagging
70.02999999999884	0.005000000001018634	trials	phototagging
71.03153333333103	0.005000000001018634	trials	phototagging
72.03306666666322	0.005000000001018634	trials	phototagging
73.03459999999905	0.005033333331084577	trials	phototagging
74.03616666666494	0.005000000001018634	trials	phototagging
75.03769999999713	0.005000000001018634	trials	phototagging
76.03923333333296	0.004999999997380655	trials	phototagging
77.04076666666515	0.005000000001018634	trials	phototagging
88.05769999999757	0.005033333334722556	trials	phototagging
89.05926666666346	0.005000000001018634	trials	phototagging
90.06079999999929	0.004999999997380655	trials	phototagging
91.06233333333148	0.005000000001018634	trials	phototagging
92.06386666666367	0.005033333334722556	trials	phototagging
93.0654333333332	0.004999999997380655	trials	phototagging
94.0669666666654	0.005000000001018634	trials	phototagging
95.06849999999758	0.005000000001018634	trials	phototagging
96.07003333333341	0.004999999997380655	trials	phototagging
97.07159999999931	0.004999999997380655	trials	phototagging
98.0731333333315	0.005000000001018634	trials	phototagging
99.07466666666369	0.005000000001018634	trials	phototagging
100.07619999999952	0.005033333331084577	trials	phototagging
101.07773333333171	0.005000000001018634	trials	phototagging
102.0792999999976	0.005000000001018634	trials	phototagging
103.08083333333343	0.004999999997380655	trials	phototagging
104.08236666666562	0.005000000001018634	trials	phototagging
105.08389999999781	0.005000000001018634	trials	phototagging
106.08543333333	0.005000000001018634	trials	phototagging
107.08699999999953	0.004999999997380655	trials	phototagging
108.08853333333172	0.005000000001018634	trials	phototagging
109.09006666666392	0.005000000001018634	trials	phototagging
110.09159999999974	0.004999999997380655	trials	phototagging
111.09313333333193	0.005000000001018634	trials	phototagging
112.09466666666412	0.005033333334722556	trials	phototagging
113.09623333333002	0.005000000001018634	trials	phototagging
114.09776666666585	0.004999999997380655	trials	phototagging
115.09929999999804	0.005033333334722556	trials	phototagging
116.10083333333023	0.005033333334722556	trials	phototagging
117.10239999999976	0.004999999997380655	trials	phototagging
126.58913333333112	0.3400000000001455	trials	port_entry
128.11933333333218	0.00999999999839929	trials	phototagging
128.21949999999924	0.00999999999839929	trials	phototagging
128.3196333333326	0.010033333332103211	trials	phototagging
128.41979999999967	0.00999999999839929	trials	phototagging
128.51993333333303	0.010033333332103211	trials	phototagging
128.6201000000001	0.010033333332103211	trials	phototagging
128.72026666666352	0.010000000002037268	trials	phototagging
128.82039999999688	0.01003333333574119	trials	phototagging
128.92056666666394	0.01003333333574119	trials	phototagging
129.020733333331	0.010000000002037268	trials	phototagging
129.12086666666437	0.01003333333574119	trials	phototagging
129.22103333333143	0.010000000002037268	trials	phototagging
129.3211999999985	0.00999999999839929	trials	phototagging
129.42133333333186	0.010033333332103211	trials	phototagging
129.52149999999892	0.00999999999839929	trials	phototagging
129.62163333333228	0.010033333332103211	trials	phototagging
129.72179999999935	0.00999999999839929	trials	phototagging
129.8219666666664	0.00999999999839929	trials	phototagging
129.92209999999977	0.010033333332103211	trials	phototagging
130.0222666666632	0.010000000002037268	trials	phototagging
130.12243333333026	0.010000000002037268	trials	phototagging
130.22256666666362	0.010000000002037268	trials	phototagging
130.32269999999698	0.01003333333574119	trials	phototagging
130.42286666666405	0.01003333333574119	trials	phototagging
130.5230333333311	0.010000000002037268	trials	phototagging
130.62319999999818	0.00999999999839929	trials	phototagging
130.72333333333154	0.010033333332103211	trials	phototagging
130.8234999999986	0.00999999999839929	trials	phototagging
130.92363333333196	0.010033333332103211	trials	phototagging
131.02379999999903	0.00999999999839929	trials	phototagging
141.13936666666632	0.004999999997380655	trials	phototagging
142.1408999999985	0.005000000001018634	trials	phototagging
143.1424333333307	0.005000000001018634	trials	phototagging
144.14396666666653	0.005033333331084577	trials	phototagging
145.14553333333242	0.005000000001018634	trials	phototagging
146.1470666666646	0.005000000001018634	trials	phototagging
147.1485999999968	0.005000000001018634	trials	phototagging
148.15013333333263	0.005033333331084577	trials	phototagging
149.15166666666482	0.005033333334722556	trials	phototagging
150.15323333333072	0.005000000001018634	trials	phototagging
151.15476666666655	0.004999999997380655	trials	phototagging
152.15629999999874	0.005000000001018634	trials	phototagging
152.85913333333156	0.25	trials	port_entry
153.15783333333093	0.005000000001018634	trials	phototagging
154.15936666666676	0.005033333331084577	trials	phototagging
155.16093333333265	0.004999999997380655	trials	phototagging
156.16246666666484	0.005000000001018634	trials	phototagging
157.16399999999703	0.005000000001018634	trials	phototagging
158.16553333333286	0.005033333331084577	trials	phototagging
159.16706666666505	0.005033333334722556	trials	phototagging
160.16863333333094	0.005000000001018634	trials	phototagging
161.17016666666677	0.004999999997380655	trials	phototagging
162.17169999999896	0.005000000001018634	trials	phototagging
163.17326666666486	0.005000000001018634	trials	phototagging
164.17479999999705	0.005000000001018634	trials	phototagging
165.17633333333288	0.004999999997380655	trials	phototagging
166.17786666666507	0.005000000001018634	trials	phototagging
167.17939999999726	0.005000000001018634	trials	phototagging
168.1809666666668	0.004999999997380655	trials	phototagging
169.18249999999898	0.005000000001018634	trials	phototagging
170.18403333333117	0.005000000001018634	trials	phototagging
181.2009666666636	0.005033333334722556	trials	phototagging
181.21099999999933	0.004999999997380655	trials	phototagging
181.22099999999773	0.005000000001018634	trials	phototagging
181.23103333333347	0.004999999997380655	trials	phototagging
181.24103333333187	0.005000000001018634	trials	phototagging
181.25106666666397	0.005000000001018634	trials	phototagging
181.261066666666	0.004999999997380655	trials	phototagging
181.2710666666644	0.005033333334722556	trials	phototagging
181.2810999999965	0.005000000001018634	trials	phototagging
181.29113333333225	0.005000000001018634	trials	phototagging
181.30113333333065	0.005000000001018634	trials	phototagging
181.3111333333327	0.004999999997380655	trials	phototagging
181.3211666666648	0.005000000001018634	trials	phototagging
181.3311666666632	0.005000000001018634	trials	phototagging
181.34119999999893	0.005000000001018634	trials	phototagging
181.35119999999733	0.005033333334722556	trials	phototagging
181.36123333333308	0.004999999997380655	trials	phototagging
181.37123333333147	0.005000000001018634	trials	phototagging
181.38126666666358	0.005000000001018634	trials	phototagging
181.39126666666562	0.005000000001018634	trials	phototagging
181.40129999999772	0.005000000001018634	trials	phototagging
181.41129999999976	0.004999999997380655	trials	phototagging
181.42129999999815	0.005033333334722556	trials	phototagging
181.43133333333026	0.005000000001018634	trials	phototagging
181.4413333333323	0.005033333331084577	trials	phototagging
181.4513666666644	0.005000000001018634	trials	phototagging
181.46136666666644	0.004999999997380655	trials	phototagging
181.47139999999854	0.005000000001018634	trials	phototagging
181.48139999999694	0.005033333334722556	trials	phototagging
181.49143333333268	0.004999999997380655	trials	phototagging
191.5168333333313	0.010033333332103211	trials	phototagging
191.61699999999837	0.00999999999839929	trials	phototagging
191.71713333333173	0.010033333332103211	trials	phototagging
191.8172999999988	0.00999999999839929	trials	phototagging
191.91746666666586	0.00999999999839929	trials	phototagging
192.01759999999922	0.010033333332103211	trials	phototagging
192.08916666666482	0.6500000000014552	trials	port_entry
192.11776666666628	0.010033333332103211	trials	phototagging
192.21793333333335	0.00999999999839929	trials	phototagging
192.3180666666667	0.010033333332103211	trials	phototagging
192.41823333333014	0.010000000002037268	trials	phototagging
192.5183999999972	0.010000000002037268	trials	phototagging
192.61853333333056	0.01003333333574119	trials	phototagging
192.71869999999763	0.010000000002037268	trials	phototagging
192.81883333333099	0.01003333333574119	trials	phototagging
192.91899999999805	0.010000000002037268	trials	phototagging
193.01916666666511	0.00999999999839929	trials	phototagging
193.11929999999847	0.010033333332103211	trials	phototagging
193.21946666666554	0.00999999999839929	trials	phototagging
193.3195999999989	0.010033333332103211	trials	phototagging
193.32916666666642	0.01999999999679858	trials	port_entry
193.41976666666596	0.010033333332103211	trials	phototagging
193.51993333333303	0.00999999999839929	trials	phototagging
193.6200666666664	0.010033333332103211	trials	phototagging
193.72023333333345	0.010033333332103211	trials	phototagging
193.82039999999688	0.010000000002037268	trials	phototagging
193.82916666666642	0.01999999999679858	trials	port_entry
193.92053333333024	0.01003333333574119	trials	phototagging
194.0206999999973	0.010000000002037268	trials	phototagging
194.12086666666437	0.010000000002037268	trials	phototagging
194.22099999999773	0.010000000002037268	trials	phototagging
194.3211666666648	0.00999999999839929	trials	phototagging
194.42129999999815	0.010033333332103211	trials	phototagging
204.53686666666545	0.10016666666706442	trials	phototagging
205.53839999999764	0.10016666666706442	trials	phototagging
206.53993333333347	0.10016666666342644	trials	phototagging
207.54149999999936	0.1001333333333605	trials	phototagging
208.54303333333155	0.10016666666706442	trials	phototagging
209.54456666666374	0.10016666666706442	trials	phototagging
210.54613333333327	0.1001333333333605	trials	phototagging
211.54766666666546	0.1001333333333605	trials	phototagging
212.54919999999765	0.1001333333333605	trials	phototagging
213.55073333332984	0.1001333333333605	trials	phototagging
214.55226666666567	0.10016666666706442	trials	phototagging
215.55379999999786	0.10016666666706442	trials	phototagging
226.57076666666399	0.005000000001018634	trials	phototagging
226.58076666666602	0.005033333331084577	trials	phototagging
226.59079999999813	0.005000000001018634	trials	phototagging
226.60079999999653	0.005033333334722556	trials	phototagging
226.61083333333227	0.005000000001018634	trials	phototagging
226.62083333333067	0.005000000001018634	trials	phototagging
226.6308666666664	0.004999999997380655	trials	phototagging
226.6408666666648	0.005000000001018634	trials	phototagging
226.6508999999969	0.005000000001018634	trials	phototagging
226.66089999999895	0.005000000001018634	trials	phototagging
226.67093333333105	0.005000000001018634	trials	phototagging
226.6809333333331	0.004999999997380655	trials	phototagging
226.6909666666652	0.005000000001018634	trials	phototagging
226.7009666666636	0.005000000001018634	trials	phototagging
226.71096666666563	0.005000000001018634	trials	phototagging
226.72099999999773	0.005000000001018634	trials	phototagging
226.73099999999977	0.005033333331084577	trials	phototagging
226.74103333333187	0.005000000001018634	trials	phototagging
226.75103333333027	0.005000000001018634	trials	phototagging
226.761066666666	0.004999999997380655	trials	phototagging
226.7710666666644	0.005000000001018634	trials	phototagging
226.7810999999965	0.005000000001018634	trials	phototagging
226.79109999999855	0.005000000001018634	trials	phototagging
226.80109999999695	0.005033333334722556	trials	phototagging
226.8111333333327	0.004999999997380655	trials	phototagging
226.8211333333311	0.005033333334722556	trials	phototagging
226.8311666666632	0.005000000001018634	trials	phototagging
226.84116666666523	0.005033333334722556	trials	phototagging
226.85119999999733	0.005000000001018634	trials	phototagging
226.86119999999937	0.004999999997380655	trials	phototagging
236.8866333333317	0.10016666666706442	trials	phototagging
237.8881666666639	0.10016666666706442	trials	phototagging
238.88969999999972	0.10016666666706442	trials	phototagging
239.89126666666562	0.1001333333333605	trials	phototagging
240.8927999999978	0.1001333333333605	trials	phototagging
241.89433333333	0.1001333333333605	trials	phototagging
242.89586666666582	0.10016666666706442	trials	phototagging
243.89739999999802	0.10016666666706442	trials	phototagging
244.8989666666639	0.1001333333333605	trials	phototagging
245.90049999999974	0.1001333333333605	trials	phototagging
246.90203333333193	0.10016666666706442	trials	phototagging
247.90356666666412	0.10016666666706442	trials	phototagging
258.92053333333024	0.010000000002037268	trials	phototagging
259.0206666666636	0.01003333333574119	trials	phototagging
259.12083333333067	0.010000000002037268	trials	phototagging
259.22099999999773	0.010000000002037268	trials	phototagging
259.3211333333311	0.010033333332103211	trials	phototagging
259.42129999999815	0.00999999999839929	trials	phototagging
259.5214666666652	0.00999999999839929	trials	phototagging
259.6215999999986	0.010033333332103211	trials	phototagging
259.72176666666564	0.00999999999839929	trials	phototagging
259.821899999999	0.010033333332103211	trials	phototagging
259.92206666666607	0.00999999999839929	trials	phototagging
260.02223333333313	0.00999999999839929	trials	phototagging
260.1223666666665	0.010033333332103211	trials	phototagging
260.2225333333299	0.010000000002037268	trials	phototagging
260.3226666666633	0.01003333333574119	trials	phototagging
260.42283333333035	0.010000000002037268	trials	phototagging
260.5229999999974	0.010000000002037268	trials	phototagging
260.62313333333077	0.01003333333574119	trials	phototagging
260.72329999999783	0.010033333332103211	trials	phototagging
260.8234666666649	0.00999999999839929	trials	phototagging
260.92359999999826	0.010033333332103211	trials	phototagging
261.0237666666653	0.00999999999839929	trials	phototagging
261.1238999999987	0.010033333332103211	trials	phototagging
261.22406666666575	0.00999999999839929	trials	phototagging
261.3242333333328	0.00999999999839929	trials	phototagging
261.4243666666662	0.010033333332103211	trials	phototagging
261.52453333333324	0.00999999999839929	trials	phototagging
261.6246666666666	0.010033333332103211	trials	phototagging
261.72483333333	0.010000000002037268	trials	phototagging
261.8249999999971	0.010000000002037268	trials	phototagging
271.9405666666644	0.005000000001018634	trials	phototagging
272.94209999999657	0.005000000001018634	trials	phototagging
273.9436333333324	0.005000000001018634	trials	phototagging
274.9451666666646	0.005033333334722556	trials	phototagging
275.9467333333305	0.005000000001018634	trials	phototagging
276.9482666666663	0.004999999997380655	trials	phototagging
277.9497999999985	0.005000000001018634	trials	phototagging
278.9513333333307	0.005000000001018634	trials	phototagging
279.9528666666665	0.005033333331084577	trials	phototagging
280.9544333333324	0.005000000001018634	trials	phototagging
281.9559666666646	0.005000000001018634	trials	phototagging
282.9574999999968	0.005000000001018634	trials	phototagging
283.95906666666633	0.004999999997380655	trials	phototagging
284.9605999999985	0.005000000001018634	trials	phototagging
285.9621333333307	0.005000000001018634	trials	phototagging
286.96366666666654	0.004999999997380655	trials	phototagging
287.96519999999873	0.005033333334722556	trials	phototagging
288.9667666666646	0.005000000001018634	trials	phototagging
289.9682999999968	0.005000000001018634	trials	phototagging
290.96983333333264	0.004999999997380655	trials	phototagging
291.97136666666484	0.005000000001018634	trials	phototagging
292.972899999997	0.005033333334722556	trials	phototagging
293.97446666666656	0.004999999997380655	trials	phototagging
294.97599999999875	0.005000000001018634	trials	phototagging
295.97753333333094	0.005000000001018634	trials	phototagging
296.97906666666677	0.005033333331084577	trials	phototagging
297.98063333333266	0.004999999997380655	trials	phototagging
298.98216666666485	0.005000000001018634	trials	phototagging
299.98369999999704	0.005000000001018634	trials	phototagging
300.98523333333287	0.004999999997380655	trials	phototagging
312.002199999999	0.005000000001018634	trials	phototagging
313.0037333333312	0.005000000001018634	trials	phototagging
314.0052666666634	0.005000000001018634	trials	phototagging
315.0068333333329	0.004999999997380655	trials	phototagging
316.0083666666651	0.005000000001018634	trials	phototagging
317.0098999999973	0.005000000001018634	trials	phototagging
318.0114333333331	0.005033333331084577	trials	phototagging
319.0129666666653	0.005033333334722556	trials	phototagging
320.0145333333312	0.005000000001018634	trials	phototagging
321.0160666666634	0.005000000001018634	trials	phototagging
322.0175999999992	0.005033333331084577	trials	phototagging
323.0191666666651	0.005000000001018634	trials	phototagging
324.0206999999973	0.005000000001018634	trials	phototagging
325.02223333333313	0.004999999997380655	trials	phototagging
326.0237666666653	0.005000000001018634	trials	phototagging
327.0252999999975	0.005033333334722556	trials	phototagging
328.0268666666634	0.005000000001018634	trials	phototagging
329.02839999999924	0.004999999997380655	trials	phototagging
329.4292999999998	0.21999999999752617	trials	port_entry
330.0299333333314	0.005000000001018634	trials	phototagging
331.0314666666636	0.005000000001018634	trials	phototagging
332.03303333333315	0.004999999997380655	trials	phototagging
333.03456666666534	0.005000000001018634	trials	phototagging
334.03609999999753	0.005000000001018634	trials	phototagging
335.03763333333336	0.005033333331084577	trials	phototagging
335.30933333333087	12.27996666666877	trials	reward_stimulus_presentation
336.03919999999925	0.004999999997380655	trials	phototagging
336.30929999999717	0.8000000000029104	trials	reward_delivery
337.04073333333145	0.005000000001018634	trials	phototagging
338.04226666666364	0.005000000001018634	trials	phototagging
339.04379999999946	0.004999999997380655	trials	phototagging
340.04533333333166	0.005033333334722556	trials	phototagging
341.04689999999755	0.005000000001018634	trials	phototagging
347.1893333333319	0.3899999999994179	trials	port_entry
347.59923333333063	5.230066666666971	trials	port_entry
352.06383333332997	0.01003333333574119	trials	phototagging
352.16399999999703	0.010000000002037268	trials	phototagging
352.2641333333304	0.01003333333574119	trials	phototagging
352.36429999999746	0.01003333333574119	trials	phototagging
352.4644666666645	0.010000000002037268	trials	phototagging
352.5645999999979	0.010033333332103211	trials	phototagging
352.66476666666495	0.010033333332103211	trials	phototagging
352.764933333332	0.00999999999839929	trials	phototagging
352.86506666666537	0.010033333332103211	trials	phototagging
352.96523333333243	0.00999999999839929	trials	phototagging
353.0653999999995	0.00999999999839929	trials	phototagging
353.16553333333286	0.010033333332103211	trials	phototagging
353.2656999999999	0.00999999999839929	trials	phototagging
353.3658333333333	0.010033333332103211	trials	phototagging
353.4659999999967	0.010000000002037268	trials	phototagging
353.5661666666638	0.010000000002037268	trials	phototagging
353.66629999999714	0.01003333333574119	trials	phototagging
353.7664666666642	0.010000000002037268	trials	phototagging
353.86659999999756	0.01003333333574119	trials	phototagging
353.9667666666646	0.010033333332103211	trials	phototagging
354.0669333333317	0.00999999999839929	trials	phototagging
354.16706666666505	0.010033333332103211	trials	phototagging
354.2672333333321	0.010033333332103211	trials	phototagging
354.3673999999992	0.00999999999839929	trials	phototagging
354.46756666666624	0.00999999999839929	trials	phototagging
354.5676999999996	0.00999999999839929	trials	phototagging
354.66783333333296	0.010033333332103211	trials	phototagging
354.76800000000003	0.010033333332103211	trials	phototagging
354.86816666666346	0.010000000002037268	trials	phototagging
354.9682999999968	0.01003333333574119	trials	phototagging
417.8892999999989	4.210100000000239	trials	port_entry
425.3093666666646	6.950000000000728	trials	reward_stimulus_presentation
426.3093999999983	0.7999000000017986	trials	reward_delivery
431.85936666666385	0.060033333335013594	trials	port_entry
432.0593666666646	0.42000000000189175	trials	port_entry
432.5193999999974	0.18996666666862438	trials	port_entry
432.72936666666646	0.15999999999985448	trials	port_entry
433.0193666666637	0.09003333333384944	trials	port_entry
433.1293666666643	4.78003333333254	trials	port_entry
480.84943333333285	0.22999999999956344	trials	port_entry
481.09933333333174	4.200099999998201	trials	port_entry
515.3094666666657	6.989999999997963	trials	reward_stimulus_presentation
516.309433333332	0.8000333333329763	trials	reward_delivery
521.8994666666658	4.619999999998981	trials	port_entry
547.5794999999998	0.06999999999970896	trials	port_entry
547.7594666666664	0.610033333330648	trials	port_entry
550.5994999999966	0.040000000000873115	trials	port_entry
550.6894999999968	0.030000000002473826	trials	port_entry
553.7294999999976	0.030000000002473826	trials	port_entry
553.7794666666632	0.8700333333363233	trials	port_entry
588.1194333333333	0.2900999999983469	trials	port_entry
605.3095333333331	20.0	trials	neutral_stimulus_presentation
620.1395333333312	0.279933333335066	trials	port_entry
664.8495999999977	0.02993333333506598	trials	port_entry
665.9494999999988	0.03003333333253977	trials	port_entry
666.0795666666636	0.11000000000058208	trials	port_entry
690.3095999999969	5.020000000000437	trials	reward_stimulus_presentation
691.3095999999969	0.8000000000029104	trials	reward_delivery
694.9295999999995	5.0900000000001455	trials	port_entry
739.2596333333313	0.3600000000005821	trials	port_entry
739.7196333333304	0.10000000000218279	trials	port_entry
739.8795999999966	0.050033333336614305	trials	port_entry
740.2096666666657	0.029966666665131925	trials	port_entry
740.589633333333	0.060033333331375616	trials	port_entry
780.3096666666643	20.001666666667006	trials	shock_stimulus_presentation
800.1096999999972	0.2999999999992724	trials	shock_relay
833.119733333333	0.18999999999869033	trials	port_entry
836.3097333333317	4.589966666666442	trials	port_entry
866.669766666666	0.8299666666644043	trials	port_entry
875.3097666666654	3.0	trials	reward_stimulus_presentation
876.3097666666654	0.7999999999992724	trials	reward_delivery
877.9097666666639	4.979999999999563	trials	port_entry
908.3897999999972	5.27996666666877	trials	port_entry
916.0997666666663	0.13003333333108458	trials	port_entry
916.2897999999986	1.3800000000010186	trials	port_entry
953.9897666666657	0.0700666666671168	trials	port_entry
954.0798333333332	0.12999999999738066	trials	port_entry
955.089899999999	2.1099333333331742	trials	port_entry
959.0098333333299	0.10000000000218279	trials	port_entry
959.1998333333322	0.059999999997671694	trials	port_entry
959.3897666666635	0.06006666666871752	trials	port_entry
961.6298333333325	0.020000000000436557	trials	port_entry
965.3097666666654	20.000033333333704	trials	neutral_stimulus_presentation
1045.3099333333303	2.389966666669352	trials	reward_stimulus_presentation
1046.3098999999966	0.8000000000029104	trials	reward_delivery
1047.2998333333308	6.790100000001985	trials	port_entry
1107.5099666666647	0.06993333333230112	trials	port_entry
1107.8599666666632	2.9500000000007276	trials	port_entry
1111.0099666666647	0.6700000000018917	trials	port_entry
1135.3099999999977	20.000899999999092	trials	shock_stimulus_presentation
1155.1099666666632	0.3000333333366143	trials	shock_relay
1175.1800333333304	2.109966666666878	trials	port_entry
1177.7100333333328	1.419899999997142	trials	port_entry
1194.5300333333325	0.18000000000029104	trials	port_entry
1196.7000333333308	0.10996666666687815	trials	port_entry
1198.2299666666659	1.1200666666663892	trials	port_entry
1199.4400333333324	2.610000000000582	trials	port_entry
1235.310066666665	1.790033333334577	trials	reward_stimulus_presentation
1236.3100333333314	0.7999666666655685	trials	reward_delivery
1236.7000999999982	6.180000000000291	trials	port_entry
1253.1000999999997	2.5499666666655685	trials	port_entry
1269.520099999998	0.06999999999970896	trials	port_entry
1282.7101333333303	0.47000000000116415	trials	port_entry
1307.9801666666644	1.7699666666667326	trials	port_entry
1325.3101333333325	20.000033333333704	trials	neutral_stimulus_presentation
1343.090166666665	0.3899999999994179	trials	port_entry
1366.390199999998	0.18999999999869033	trials	port_entry
1366.6801999999989	0.11999999999898137	trials	port_entry
1366.8601999999992	0.06999999999970896	trials	port_entry
1366.9701999999997	0.029999999998835847	trials	port_entry
1367.510199999997	0.22999999999956344	trials	port_entry
1367.760199999997	0.1400000000030559	trials	port_entry
1368.3001999999979	2.3299666666680423	trials	port_entry
1377.6602333333321	1.8299999999981083	trials	port_entry
1405.5102333333307	1.2900000000008731	trials	port_entry
1411.740266666664	0.049999999999272404	trials	port_entry
1413.1302666666634	0.030000000002473826	trials	port_entry
1413.2302666666656	1.4099999999998545	trials	port_entry
1415.3102666666637	1.2600000000020373	trials	reward_stimulus_presentation
1416.1702666666642	0.13000000000101863	trials	port_entry
1416.3102666666637	0.7999666666692065	trials	reward_delivery
1416.3402333333324	7.250033333333704	trials	port_entry
1427.7102666666651	0.13000000000101863	trials	port_entry
1427.9602666666651	3.75	trials	port_entry
1434.0602666666637	0.17000000000189175	trials	port_entry
1434.2802666666648	1.0	trials	port_entry
1447.1002666666645	0.10003333333224873	trials	port_entry
1448.490266666664	0.020000000000436557	trials	port_entry
1458.5302999999985	0.029999999998835847	trials	port_entry
1458.6202999999987	0.13999999999941792	trials	port_entry
1466.120266666665	2.9400333333323942	trials	port_entry
1488.7201999999997	0.09006666666391538	trials	port_entry
1488.890199999998	2.4799999999995634	trials	port_entry
1491.7802666666648	0.019933333333028713	trials	port_entry
1491.850333333332	0.03989999999976135	trials	port_entry
1491.9101999999984	0.06000000000130967	trials	port_entry
1492.0202333333327	0.019966666666732635	trials	port_entry
1492.2101999999977	0.25006666666740784	trials	port_entry
1499.5003333333334	0.1099999999969441	trials	port_entry
1500.1103333333303	0.2000000000007276	trials	port_entry
1500.4103333333333	0.5999999999985448	trials	port_entry
1505.310333333331	20.001233333332493	trials	shock_stimulus_presentation
1525.1103333333303	0.3000333333329763	trials	shock_relay
1551.59033333333	0.4000000000014552	trials	port_entry
1590.3103999999985	20.000033333333704	trials	neutral_stimulus_presentation
1600.5304333333333	0.09999999999854481	trials	port_entry
1600.8203999999969	1.250033333333704	trials	port_entry
1602.8203999999969	0.360033333334286	trials	port_entry
1603.4304333333312	0.8800000000010186	trials	port_entry
1605.4804333333304	0.6100000000005821	trials	port_entry
1606.1704333333328	0.07999999999810825	trials	port_entry
1606.2803999999996	0.060033333331375616	trials	port_entry
1606.3603999999978	0.2700333333341405	trials	port_entry
1606.700399999998	0.110033333334286	trials	port_entry
1606.8704333333299	1.8700000000026193	trials	port_entry
1608.7904333333317	0.049999999999272404	trials	port_entry
1635.4404333333332	0.07003333333341288	trials	port_entry
1680.3104333333322	20.000899999999092	trials	shock_stimulus_presentation
1700.1103999999978	0.3000333333329763	trials	shock_relay
1739.08053333333	0.040000000000873115	trials	port_entry
1748.2905333333329	0.14003333333312185	trials	port_entry
1748.7005333333327	0.8400000000001455	trials	port_entry
1766.6605666666655	1.5	trials	port_entry
1775.3104999999996	20.001266666666197	trials	shock_stimulus_presentation
1795.1106	0.2999666666655685	trials	shock_relay
1836.6906333333318	0.3100000000013097	trials	port_entry
1838.2606333333315	0.2999999999992724	trials	port_entry
1842.9806333333327	0.12999999999738066	trials	port_entry
1843.4706333333306	0.6100000000005821	trials	port_entry
1844.1806333333334	0.7699999999967986	trials	port_entry
1865.3106333333308	20.000033333333704	trials	neutral_stimulus_presentation
1866.52063333333	0.07003333333341288	trials	port_entry
1878.8806666666642	0.10000000000218279	trials	port_entry
1880.1006666666653	0.2000000000007276	trials	port_entry
1880.3406666666633	2.8399666666700796	trials	port_entry
1904.1906999999992	0.029966666665131925	trials	port_entry
1904.3106999999982	0.26996666666673264	trials	port_entry
1904.630699999998	0.03993333333346527	trials	port_entry
1904.8206666666665	0.11003333333064802	trials	port_entry
1905.0006666666668	0.8500333333322487	trials	port_entry
1906.260699999999	0.019966666666732635	trials	port_entry
1906.300666666666	0.18000000000029104	trials	port_entry
1906.5006999999969	0.019933333333028713	trials	port_entry
1906.670666666665	1.0300333333325398	trials	port_entry
1908.0006666666668	0.3100333333313756	trials	port_entry
1918.8106666666645	0.3100333333350136	trials	port_entry
1919.200666666664	1.2400000000016007	trials	port_entry
1945.3107333333319	1.5499999999992724	trials	reward_stimulus_presentation
1946.3107333333319	0.7999999999992724	trials	reward_delivery
1946.4607333333333	0.12999999999738066	trials	port_entry
1946.6807333333309	5.200000000000728	trials	port_entry
1954.5607333333319	0.09000000000014552	trials	port_entry
1954.7607333333326	1.4899999999979627	trials	port_entry
1979.570766666664	0.09000000000014552	trials	port_entry
1981.2807666666668	0.02989999999772408	trials	port_entry
1981.4607666666634	0.11000000000058208	trials	port_entry
1981.6507666666657	0.049999999999272404	trials	port_entry
1982.4007666666657	0.13000000000101863	trials	port_entry
1992.9406999999992	0.09006666666755336	trials	port_entry
1994.7307666666638	0.10996666666687815	trials	port_entry
1994.940733333333	2.8100666666650795	trials	port_entry
1997.790666666664	0.5601333333324874	trials	port_entry
1998.7607666666663	0.45003333333079354	trials	port_entry
2035.310833333333	20.0	trials	neutral_stimulus_presentation
2135.3108999999968	20.000033333333704	trials	neutral_stimulus_presentation
2141.0409	0.13999999999941792	trials	port_entry
2162.330933333331	0.08000000000174623	trials	port_entry
2163.000933333333	4.1599999999998545	trials	port_entry
2167.2209333333303	0.05000000000291038	trials	port_entry
2167.300933333332	0.5999999999985448	trials	port_entry
2199.7709666666633	0.09000000000014552	trials	port_entry
2200.000933333333	0.2200333333312301	trials	port_entry
2200.260966666665	1.7900000000008731	trials	port_entry
2202.3709666666655	0.27000000000043656	trials	port_entry
2202.810966666664	2.8700000000026193	trials	port_entry
2225.310999999998	20.001800000001822	trials	shock_stimulus_presentation
2245.110999999997	0.3000000000029104	trials	shock_relay
2298.011066666666	0.039999999997235136	trials	port_entry
2298.1510333333317	0.020000000000436557	trials	port_entry
2299.351066666666	0.16999999999825377	trials	port_entry
2299.8609666666634	0.080100000002858	trials	port_entry
2300.0810666666657	0.040000000000873115	trials	port_entry
2300.2110666666667	0.04993333333186456	trials	port_entry
2300.41103333333	0.030033333336177748	trials	port_entry
2301.711033333333	0.04003333333093906	trials	port_entry
2301.881066666665	0.09000000000014552	trials	port_entry
2302.011066666666	0.039999999997235136	trials	port_entry
2302.171066666666	0.049999999999272404	trials	port_entry
2302.2410666666656	0.040000000000873115	trials	port_entry
2302.341066666664	0.030000000002473826	trials	port_entry
2305.8910666666634	0.25996666666833335	trials	port_entry
2306.211033333333	1.0799999999981083	trials	port_entry
2315.3110666666653	1.7799999999988358	trials	reward_stimulus_presentation
2316.3110333333316	0.8000333333329763	trials	reward_delivery
2316.6910666666663	7.110033333330648	trials	port_entry
2324.2210333333314	1.6400333333331218	trials	port_entry
2398.881166666666	4.629966666667315	trials	port_entry
2405.3111666666664	1.4499999999970896	trials	reward_stimulus_presentation
2406.3111333333327	0.7999999999992724	trials	reward_delivery
2406.3610999999983	7.940033333332394	trials	port_entry
2416.6011666666636	0.18996666666862438	trials	port_entry
2416.8111333333327	5.050033333332976	trials	port_entry
2436.0111666666635	0.13000000000101863	trials	port_entry
2436.2411666666667	2.5600333333313756	trials	port_entry
2442.4011999999966	0.06000000000130967	trials	port_entry
2442.501166666665	1.2300333333332674	trials	port_entry
2444.2211666666662	0.11999999999898137	trials	port_entry
2444.621166666664	0.030000000002473826	trials	port_entry
2444.781166666664	0.3600000000005821	trials	port_entry
2445.2011999999995	1.1099666666668782	trials	port_entry
2465.8412333333326	1.029966666665132	trials	port_entry
2467.2911999999997	0.20999999999912689	trials	port_entry
2468.4712	0.04003333333093906	trials	port_entry
2468.5411999999997	0.22999999999956344	trials	port_entry
2490.31123333333	20.000033333333704	trials	neutral_stimulus_presentation
2505.7912666666634	0.10000000000218279	trials	port_entry
2508.811266666664	0.020000000000436557	trials	port_entry
2580.3113333333313	3.2999999999992724	trials	reward_stimulus_presentation
2581.3113333333313	0.7999999999992724	trials	reward_delivery
2583.2113333333327	5.719999999997526	trials	port_entry
2610.721366666665	0.040000000000873115	trials	port_entry
2610.9313333333303	0.19003333333603223	trials	port_entry
2611.1713666666656	4.759999999998399	trials	port_entry
2654.731399999997	0.10000000000218279	trials	port_entry
2655.0613999999987	3.110000000000582	trials	port_entry
2658.5113999999994	0.41999999999825377	trials	port_entry
2675.3113999999987	3.6899000000012165	trials	reward_stimulus_presentation
2676.3113999999987	0.7999999999992724	trials	reward_delivery
2678.6012999999984	0.040000000000873115	trials	port_entry
2678.7612999999983	5.21996666666746	trials	port_entry
2686.201433333332	0.11999999999898137	trials	port_entry
2725.711466666664	3.3599333333331742	trials	port_entry
2737.511466666663	0.05000000000291038	trials	port_entry
2739.4114666666646	1.4700000000011642	trials	port_entry
2765.3115	20.001733333330776	trials	shock_stimulus_presentation
2785.111499999999	0.3000333333329763	trials	shock_relay
2803.451433333332	1.8500666666659527	trials	port_entry
2818.9314333333314	1.069999999999709	trials	port_entry
2820.251466666665	0.0200666666678444	trials	port_entry
2820.3515333333307	0.12989999999990687	trials	port_entry
2834.351499999997	0.21006666666653473	trials	port_entry
2834.6115666666665	0.7599666666646954	trials	port_entry
2838.0515333333315	0.08000000000174623	trials	port_entry
2840.81153333333	0.16000000000349246	trials	port_entry
2845.3115666666636	20.000033333333704	trials	neutral_stimulus_presentation
2863.8815666666633	1.3400333333338494	trials	port_entry
2867.051599999999	0.26996666666673264	trials	port_entry
2867.5615666666636	0.8900333333331218	trials	port_entry
2868.671566666664	0.22003333333486808	trials	port_entry
2869.1115666666665	0.0200333333305025	trials	port_entry
2935.3116666666647	19.999966666666296	trials	neutral_stimulus_presentation
2973.0517	2.1299666666636767	trials	port_entry
2976.241666666665	0.22000000000116415	trials	port_entry
3000.8017	0.19999999999708962	trials	port_entry
3001.071699999997	1.0200333333341405	trials	port_entry
3018.701699999998	0.31999999999970896	trials	port_entry
3019.1717333333327	0.029966666665131925	trials	port_entry
3019.2416999999987	0.040000000000873115	trials	port_entry
3019.3017	0.3400000000001455	trials	port_entry
3035.261733333333	0.050033333332976326	trials	port_entry
3035.311766666666	20.001666666667006	trials	shock_stimulus_presentation
3041.0917666666646	0.029999999998835847	trials	port_entry
3041.181733333331	0.050033333332976326	trials	port_entry
3041.2817666666633	0.08000000000174623	trials	port_entry
3043.331766666666	0.2899666666671692	trials	port_entry
3044.311766666666	0.13999999999941792	trials	port_entry
3055.111766666665	0.2999999999992724	trials	shock_relay
3079.4617999999973	0.12000000000261934	trials	port_entry
3079.6517999999996	0.3099999999976717	trials	port_entry
3088.131799999999	0.029999999998835847	trials	port_entry
3088.1817999999985	0.819999999999709	trials	port_entry
3091.0217999999986	0.049999999999272404	trials	port_entry
3091.091833333332	0.2999666666655685	trials	port_entry
3091.451799999999	1.1499999999978172	trials	port_entry
3116.9418333333306	0.06996666666600504	trials	port_entry
3119.631833333333	0.059999999997671694	trials	port_entry
3125.311766666666	20.0	trials	neutral_stimulus_presentation
3126.931833333332	0.06999999999970896	trials	port_entry
3127.341833333332	0.22000000000116415	trials	port_entry
3127.6018333333304	0.17996666666658712	trials	port_entry
3128.7818333333307	0.04993333333550254	trials	port_entry
3129.5218333333323	0.6399999999994179	trials	port_entry
3130.42183333333	0.5500000000029104	trials	port_entry
3215.3119333333307	2.210000000002765	trials	reward_stimulus_presentation
3216.311899999997	0.8000000000029104	trials	reward_delivery
3217.121833333331	5.680100000001403	trials	port_entry
3232.7619333333314	0.3600000000005821	trials	port_entry
3275.091966666663	0.13000000000101863	trials	port_entry
3275.5319666666655	3.930000000000291	trials	port_entry
3295.0019999999968	2.570000000003347	trials	port_entry
3305.3119333333307	20.00170000000071	trials	shock_stimulus_presentation
3325.11193333333	0.3000000000029104	trials	shock_relay
3345.112033333331	0.22000000000116415	trials	port_entry
3357.5519999999997	0.04006666666464298	trials	port_entry
3385.9320666666645	0.11999999999898137	trials	port_entry
3386.122066666667	0.2999999999992724	trials	port_entry
3390.3120666666655	7.1599999999998545	trials	reward_stimulus_presentation
3391.3120666666655	0.7999999999992724	trials	reward_delivery
3397.072066666664	4.690033333336032	trials	port_entry
3409.7020999999986	0.13000000000101863	trials	port_entry
3409.9221	0.049999999999272404	trials	port_entry
3410.1620999999977	0.020000000000436557	trials	port_entry
3410.5320999999967	0.020000000000436557	trials	port_entry
3411.1420999999973	0.020000000000436557	trials	port_entry
3411.572066666664	0.08003333333545015	trials	port_entry
3413.372099999997	0.2000000000007276	trials	port_entry
3413.972099999999	0.029999999998835847	trials	port_entry
3414.0220999999983	0.09000000000014552	trials	port_entry
3414.132099999999	0.11000000000058208	trials	port_entry
3414.4120999999977	0.020000000000436557	trials	port_entry
3416.9920999999995	0.020000000000436557	trials	port_entry
3417.0320999999967	0.21000000000276486	trials	port_entry
3417.432099999998	1.7799999999988358	trials	port_entry
3419.2320999999974	0.040000000000873115	trials	port_entry
3419.2920999999988	0.07999999999810825	trials	port_entry
3419.3920999999973	0.5	trials	port_entry
3453.1621333333314	0.06000000000130967	trials	port_entry
3453.432133333332	2.1599999999998545	trials	port_entry
3455.6221333333306	0.5400000000008731	trials	port_entry
3464.742133333333	1.3400000000001455	trials	port_entry
3480.3121666666666	3.16996666666455	trials	reward_stimulus_presentation
3481.312133333333	0.7999999999992724	trials	reward_delivery
3483.0821333333333	5.230033333333267	trials	port_entry
3502.3721666666643	0.11999999999898137	trials	port_entry
3502.532166666664	2.030000000002474	trials	port_entry
3507.582199999997	0.029966666668769903	trials	port_entry
3510.1221666666643	0.3899999999994179	trials	port_entry
3510.692166666664	0.2400000000016007	trials	port_entry
3511.1021999999975	0.019966666666732635	trials	port_entry
3512.4721666666665	0.3599999999969441	trials	port_entry
3513.1421999999984	0.019966666666732635	trials	port_entry
3513.782199999998	0.029999999998835847	trials	port_entry
3513.8321666666634	3.8700333333363233	trials	port_entry
3544.2721999999994	2.719999999997526	trials	port_entry
3558.522233333333	1.3999999999978172	trials	port_entry
3573.612133333332	1.1301333333321963	trials	port_entry
3575.312266666664	1.1599999999998545	trials	reward_stimulus_presentation
3576.0722333333324	0.049999999999272404	trials	port_entry
3576.142266666666	7.789933333333465	trials	port_entry
3576.3122333333304	0.8000000000029104	trials	reward_delivery
3620.2022666666635	3.280000000002474	trials	port_entry
3640.8623333333308	1.5200000000004366	trials	port_entry
3645.2922999999973	0.540033333334577	trials	port_entry
3654.422333333332	0.15999999999985448	trials	port_entry
3654.632333333331	0.9099999999998545	trials	port_entry
3657.32233333333	0.8500000000021828	trials	port_entry
3658.2723333333306	0.37000000000261934	trials	port_entry
3658.7222999999976	0.110033333334286	trials	port_entry
3658.922333333332	0.4099999999998545	trials	port_entry
3660.3123333333315	0.11999999999898137	trials	port_entry
3665.312366666665	20.000899999999092	trials	shock_stimulus_presentation
3685.1123666666645	0.2999999999992724	trials	shock_relay
3745.3124333333326	3.399999999997817	trials	reward_stimulus_presentation
3746.312399999999	0.8000333333329763	trials	reward_delivery
3748.3124333333326	0.16999999999825377	trials	port_entry
3748.6524333333327	4.200000000000728	trials	port_entry
3773.69243333333	0.18003333333399496	trials	port_entry
3773.8924333333307	2.680000000000291	trials	port_entry
3819.5625	3.779999999998836	trials	port_entry
3835.3125	20.000033333330066	trials	neutral_stimulus_presentation
3847.1024999999972	2.070033333333413	trials	port_entry
3874.5024333333313	2.900099999998929	trials	port_entry
3895.3025666666654	1.7299999999995634	trials	port_entry
3897.082566666664	0.8100000000013097	trials	port_entry
3898.9825666666657	0.6499999999978172	trials	port_entry
3899.662566666666	0.6299999999973807	trials	port_entry
3918.412566666666	1.4699999999975262	trials	port_entry
3921.1425666666655	0.020000000000436557	trials	port_entry
3921.212566666665	0.36999999999898137	trials	port_entry
3921.8125666666638	1.5500333333329763	trials	port_entry
3935.3125999999975	20.000866666669026	trials	shock_stimulus_presentation
3939.4326	0.039999999997235136	trials	port_entry
3949.9825999999994	0.039999999997235136	trials	port_entry
3950.6625999999997	0.5300333333325398	trials	port_entry
3951.2225999999973	0.030000000002473826	trials	port_entry
3955.1125999999967	0.3000000000029104	trials	shock_relay
3981.7726333333303	0.13000000000101863	trials	port_entry
3981.9526333333306	0.049999999999272404	trials	port_entry
4025.3126999999986	19.999966666666296	trials	neutral_stimulus_presentation
4026.692666666666	1.0600333333313756	trials	port_entry
4050.93263333333	0.25	trials	port_entry
4107.702733333332	0.020000000000436557	trials	port_entry
4115.312766666666	4.930000000000291	trials	reward_stimulus_presentation
4116.312766666666	0.7999999999992724	trials	reward_delivery
4119.842766666665	0.06999999999970896	trials	port_entry
4119.952766666665	2.6300000000010186	trials	port_entry
4122.832766666666	0.6999999999970896	trials	port_entry
4123.562766666666	0.039999999997235136	trials	port_entry
4205.3128666666635	2.5800000000017462	trials	reward_stimulus_presentation
4206.3128666666635	0.8000000000029104	trials	reward_delivery
4207.492866666664	5.440000000002328	trials	port_entry
4223.682866666666	1.3699999999989814	trials	port_entry
4233.742866666664	1.790033333334577	trials	port_entry
4235.672899999998	0.5	trials	port_entry
4258.312933333331	1.5799666666680423	trials	port_entry
4260.552899999999	0.020000000000436557	trials	port_entry
4261.332899999998	0.04993333333550254	trials	port_entry
4261.4329	0.049999999999272404	trials	port_entry
4261.6129	0.09999999999854481	trials	port_entry
4290.312933333331	3.8800000000010186	trials	reward_stimulus_presentation
4291.312933333331	0.7999999999992724	trials	reward_delivery
4293.79293333333	4.170000000001892	trials	port_entry
4318.752966666663	3.9900000000016007	trials	port_entry
4329.562966666665	1.0	trials	port_entry
4331.9829666666665	0.029999999998835847	trials	port_entry
4361.2329999999965	1.140000000003056	trials	port_entry
4380.313033333332	20.001466666664783	trials	shock_stimulus_presentation
4400.113033333331	0.2999999999992724	trials	shock_relay
4431.0930666666645	0.4099999999998545	trials	port_entry
4431.762999999999	0.24006666666537058	trials	port_entry
4448.603099999997	0.21996666666746023	trials	port_entry
4475.313099999999	3.969999999997526	trials	reward_stimulus_presentation
4476.313099999999	0.7999999999992724	trials	reward_delivery
4478.883133333333	4.539966666667169	trials	port_entry
4515.463133333331	0.13000000000101863	trials	port_entry
4515.83313333333	2.679933333336521	trials	port_entry
4518.963166666665	0.2999666666655685	trials	port_entry
4519.313066666666	0.26006666666580713	trials	port_entry
4520.663133333332	0.1299666666673147	trials	port_entry
4565.313133333333	3.6600333333335584	trials	reward_stimulus_presentation
4566.313133333333	0.7999999999992724	trials	reward_delivery
4568.573166666665	4.110033333334286	trials	port_entry
4594.903199999997	2.569999999999709	trials	port_entry
4615.113166666666	1.1999666666670237	trials	port_entry
4617.253233333333	1.8499999999985448	trials	port_entry
4634.413233333333	0.17996666666658712	trials	port_entry
4645.313199999997	0.9200666666692996	trials	reward_stimulus_presentation
4645.833233333331	5.390033333333122	trials	port_entry
4646.313199999997	0.8000000000029104	trials	reward_delivery
4652.343266666667	0.4399999999986903	trials	port_entry
4652.813199999997	0.9599666666690609	trials	port_entry
4669.933266666663	2.0500000000029104	trials	port_entry
4672.053266666666	1.1599999999998545	trials	port_entry
4695.193266666665	0.2700333333341405	trials	port_entry
4695.513233333331	1.2400666666653706	trials	port_entry
4703.023299999997	0.17000000000189175	trials	port_entry
4705.603266666665	0.050033333332976326	trials	port_entry
4705.683333333331	0.07996666666804231	trials	port_entry
4705.853299999999	0.09000000000014552	trials	port_entry
4708.1632999999965	0.41000000000349246	trials	port_entry
4735.313299999998	9.820033333333413	trials	reward_stimulus_presentation
4736.313266666664	0.7999999999992724	trials	reward_delivery
4744.733366666664	3.4900000000016007	trials	port_entry
4767.183366666664	0.019966666666732635	trials	port_entry
4781.853266666665	0.13999999999941792	trials	port_entry
4802.3734333333305	3.2700000000004366	trials	port_entry
4814.063433333333	0.07999999999810825	trials	port_entry
4814.183399999998	1.0199333333330287	trials	port_entry
4816.423433333333	0.17999999999665306	trials	port_entry
4816.663433333331	0.13999999999941792	trials	port_entry
4816.913433333331	0.05996666666760575	trials	port_entry
4817.1234333333305	0.319966666669643	trials	port_entry
4817.883366666665	0.35006666666595265	trials	port_entry
4820.01343333333	0.020000000000436557	trials	port_entry
4832.203433333332	0.8400000000001455	trials	port_entry
4835.313399999999	20.001033333333908	trials	shock_stimulus_presentation
4855.113399999998	0.2999999999992724	trials	shock_relay
4858.863366666665	0.13006666666842648	trials	port_entry
4859.223466666666	0.11999999999898137	trials	port_entry
4864.013466666664	0.10993333333317423	trials	port_entry
4865.363399999998	0.09999999999854481	trials	port_entry
4867.453466666666	0.020000000000436557	trials	port_entry
4867.5534666666645	0.049999999999272404	trials	port_entry
4867.893466666665	0.01989999999932479	trials	port_entry
4868.133466666666	0.059900000000197906	trials	port_entry
4868.223433333333	0.02003333333414048	trials	port_entry
4868.333466666663	0.07000000000334694	trials	port_entry
4868.473466666666	0.020000000000436557	trials	port_entry
4882.093466666665	0.11993333333157352	trials	port_entry
4884.533466666664	0.029966666668769903	trials	port_entry
4887.293466666666	0.15999999999985448	trials	port_entry
4887.483466666665	0.4399999999986903	trials	port_entry
4895.743499999997	0.03989999999976135	trials	port_entry
4895.8134666666665	0.04993333333186456	trials	port_entry
4896.2534333333315	0.17006666666566161	trials	port_entry
4897.453433333332	0.19996666666702367	trials	port_entry
4897.6834666666655	1.1199999999989814	trials	port_entry
4899.983466666665	1.2600000000020373	trials	port_entry
4925.31353333333	8.540000000000873	trials	reward_stimulus_presentation
4926.31353333333	0.8000000000029104	trials	reward_delivery
4933.453533333333	4.639999999999418	trials	port_entry
4964.563566666664	1.2100000000027649	trials	port_entry
4971.923499999997	0.3300666666691541	trials	port_entry
4998.493599999998	0.17000000000189175	trials	port_entry
4999.933599999997	2.850000000002183	trials	port_entry
5015.313599999998	19.999933333332592	trials	neutral_stimulus_presentation
5024.75363333333	1.2100000000027649	trials	port_entry
5028.953633333331	0.12000000000261934	trials	port_entry
5029.173633333332	0.2999999999992724	trials	port_entry
5029.9036333333315	0.18999999999869033	trials	port_entry
5030.173633333332	0.11999999999898137	trials	port_entry
5030.363633333331	0.13999999999941792	trials	port_entry
5030.66363333333	0.020000000000436557	trials	port_entry
5031.703633333331	0.020000000000436557	trials	port_entry
5031.743633333332	0.03996666666716919	trials	port_entry
5105.313699999999	20.001000000000204	trials	shock_stimulus_presentation
5125.113666666664	0.3000333333329763	trials	shock_relay
5150.8737	0.12003333333268529	trials	port_entry
5151.043666666665	1.040033333334577	trials	port_entry
5175.463699999997	1.4100666666672623	trials	port_entry
5190.313766666666	5.889999999999418	trials	reward_stimulus_presentation
5191.3137333333325	0.7999999999992724	trials	reward_delivery
5195.803766666664	3.6599999999998545	trials	port_entry
5210.953799999999	3.0599999999976717	trials	port_entry
5215.233799999998	0.06000000000130967	trials	port_entry
5240.593799999999	0.8800000000010186	trials	port_entry
5255.7937999999995	1.25	trials	port_entry
5271.073833333332	0.10003333333224873	trials	port_entry
5280.31383333333	20.000066666667408	trials	neutral_stimulus_presentation
5306.423866666664	1.2000000000007276	trials	port_entry
5321.8439	0.9299333333328832	trials	port_entry
5323.493899999998	0.10000000000218279	trials	port_entry
5323.623899999999	0.03993333333346527	trials	port_entry
5323.6839	0.059999999997671694	trials	port_entry
5323.793899999997	1.25	trials	port_entry
5333.133933333331	0.3100000000013097	trials	port_entry
5338.3339333333315	0.16996666666818783	trials	port_entry
5338.543933333331	0.8400000000001455	trials	port_entry
5367.0338999999985	2.120066666666389	trials	port_entry
5375.313966666665	20.0	trials	neutral_stimulus_presentation
5407.214	0.9599999999991269	trials	port_entry
5409.3939666666665	0.34003333333021146	trials	port_entry
5409.793966666664	0.22003333333486808	trials	port_entry
5410.214	0.01999999999679858	trials	port_entry
5410.473999999998	0.019966666666732635	trials	port_entry
5417.913999999997	0.020000000000436557	trials	port_entry
5418.543999999998	0.029999999998835847	trials	port_entry
5418.613999999998	0.020000000000436557	trials	port_entry
5419.763999999999	0.040000000000873115	trials	port_entry
5420.054	0.029999999998835847	trials	port_entry
5420.163999999997	0.17000000000189175	trials	port_entry
5435.583999999999	0.020000000000436557	trials	port_entry
5443.474033333332	0.049999999999272404	trials	port_entry
5443.774033333331	1.1700000000018917	trials	port_entry
5445.904033333332	0.029999999998835847	trials	port_entry
5446.344033333331	0.25	trials	port_entry
5447.044033333332	0.680000000000291	trials	port_entry
5447.8640333333315	0.029999999998835847	trials	port_entry
5449.673999999999	0.110033333334286	trials	port_entry
5460.024033333331	0.020000000000436557	trials	port_entry
5465.314066666666	1.6799666666665871	trials	reward_stimulus_presentation
5466.314033333332	0.7999999999992724	trials	reward_delivery
5466.594033333331	4.730033333333267	trials	port_entry
5474.264066666667	2.8799999999973807	trials	port_entry
5481.714066666664	0.020000000000436557	trials	port_entry
5481.754066666665	0.020000000000436557	trials	port_entry
5487.574066666664	1.8500000000021828	trials	port_entry
5505.824066666664	0.1500000000014552	trials	port_entry
5505.994066666666	2.150033333331521	trials	port_entry
5523.9240999999965	0.020000000000436557	trials	port_entry
5529.644099999998	0.11000000000058208	trials	port_entry
5544.944099999997	0.5600333333350136	trials	port_entry
5545.314133333333	20.0015999999996	trials	shock_stimulus_presentation
5565.114133333333	0.2999999999992724	trials	shock_relay
5593.964166666665	0.1299333333336108	trials	port_entry
5599.644166666665	0.2000000000007276	trials	port_entry
5599.884166666667	1.0899999999965075	trials	port_entry
5614.014166666664	0.11000000000058208	trials	port_entry
5614.514166666664	1.8400000000001455	trials	port_entry
5618.7042	1.0999666666648409	trials	port_entry
5635.314199999997	8.080000000001746	trials	reward_stimulus_presentation
5636.314199999997	0.8000000000029104	trials	reward_delivery
5642.994199999997	0.1500333333351591	trials	port_entry
5643.194199999998	0.5999999999985448	trials	port_entry
5643.814199999997	2.8399666666664416	trials	port_entry
5646.874199999998	0.9599999999991269	trials	port_entry
5656.754199999999	0.2000000000007276	trials	port_entry
5656.974199999997	0.18000000000029104	trials	port_entry
5684.184233333333	0.7299999999995634	trials	port_entry
5690.594233333333	1.7399333333305549	trials	port_entry
5699.1342333333305	1.250033333333704	trials	port_entry
5700.45423333333	0.29003333333457704	trials	port_entry
5711.524266666664	0.030000000002473826	trials	port_entry
5733.764266666665	0.7599999999983993	trials	port_entry
5735.3142666666645	20.000033333333704	trials	neutral_stimulus_presentation
5743.944299999999	2.7399999999979627	trials	port_entry
5755.024299999997	0.019966666666732635	trials	port_entry
5757.8943	0.050033333332976326	trials	port_entry
5758.444299999999	0.4600333333328308	trials	port_entry
5760.194299999999	0.07003333333341288	trials	port_entry
5825.314299999998	20.00010000000111	trials	neutral_stimulus_presentation
5834.994366666666	0.819999999999709	trials	port_entry
5850.794366666665	0.110033333334286	trials	port_entry
5851.274366666665	0.13003333333472256	trials	port_entry
5899.35443333333	0.15993333333608462	trials	port_entry
5915.314466666667	20.000899999999092	trials	shock_stimulus_presentation
5935.114399999999	0.30006666666668025	trials	shock_relay
5936.244466666663	0.1600333333335584	trials	port_entry
5993.5645333333305	0.09000000000014552	trials	port_entry
5993.6945333333315	1.7700000000004366	trials	port_entry
6004.97453333333	0.1900000000023283	trials	port_entry
6005.274533333333	0.04003333333093906	trials	port_entry
6005.314566666664	20.0	trials	neutral_stimulus_presentation
6007.54453333333	0.12000000000261934	trials	port_entry
6007.72453333333	0.110033333334286	trials	port_entry
6007.994533333331	0.10000000000218279	trials	port_entry
6021.654566666664	0.4900000000016007	trials	port_entry
6022.354566666665	0.2400000000016007	trials	port_entry
6022.654566666664	0.02993333333506598	trials	port_entry
6022.7445666666645	0.4099999999998545	trials	port_entry
6023.2545666666665	0.07996666666440433	trials	port_entry
6039.774566666663	0.020000000000436557	trials	port_entry
6040.204566666664	0.05000000000291038	trials	port_entry
6041.614566666663	0.6200333333363233	trials	port_entry
6042.434566666667	0.01999999999679858	trials	port_entry
6043.314599999998	0.05996666666760575	trials	port_entry
6043.414566666666	0.049999999999272404	trials	port_entry
6043.714566666666	0.059999999997671694	trials	port_entry
6043.834566666665	0.040000000000873115	trials	port_entry
6063.744599999998	1.5400000000008731	trials	port_entry
6090.314633333332	2.139999999999418	trials	reward_stimulus_presentation
6091.314633333332	0.7999333333318646	trials	reward_delivery
6092.054566666666	5.350066666665953	trials	port_entry
6180.314733333333	20.000833333331684	trials	shock_stimulus_presentation
6200.114733333332	0.2999999999992724	trials	shock_relay
6200.324666666664	0.04006666666828096	trials	port_entry
6223.62473333333	0.37003333333632327	trials	port_entry
6224.054699999997	0.07003333333341288	trials	port_entry
6224.144733333331	2.1300333333347226	trials	port_entry
6235.5147666666635	0.10996666666687815	trials	port_entry
6235.884733333332	1.2400333333316667	trials	port_entry
6249.524733333332	2.010033333332103	trials	port_entry
6251.554766666664	0.7199666666674602	trials	port_entry
6252.324766666665	0.7200000000011642	trials	port_entry
6275.314733333333	2.2299666666658595	trials	reward_stimulus_presentation
6276.314733333333	0.7999999999992724	trials	reward_delivery
6277.144733333331	5.83003333333545	trials	port_entry
6283.1447666666645	0.5900000000001455	trials	port_entry
6283.754799999999	0.7200000000011642	trials	port_entry
6311.984799999998	4.229999999999563	trials	port_entry
6316.334799999997	0.6700000000018917	trials	port_entry
6348.4348666666665	1.1499333333304094	trials	port_entry
6360.1248333333315	1.180000000000291	trials	port_entry
6362.054833333332	0.02003333333414048	trials	port_entry
6362.094833333333	0.3800333333310846	trials	port_entry
6362.854833333331	0.25	trials	port_entry
6363.444833333331	0.020000000000436557	trials	port_entry
6365.314899999998	20.0	trials	neutral_stimulus_presentation
6387.314899999998	0.10996666666687815	trials	port_entry
6406.09493333333	0.05000000000291038	trials	port_entry
6406.394933333333	0.07999999999810825	trials	port_entry
6406.534933333332	0.930000000000291	trials	port_entry
6435.59493333333	0.07003333333341288	trials	port_entry
6435.764933333332	0.8300333333318122	trials	port_entry
6438.814966666665	0.2999999999992724	trials	port_entry
6439.194966666666	0.7099999999991269	trials	port_entry
6444.824966666663	0.040000000000873115	trials	port_entry
6444.9149666666635	0.06000000000130967	trials	port_entry
6445.314966666665	1.4099666666661506	trials	reward_stimulus_presentation
6446.314966666665	0.7999999999992724	trials	reward_delivery
6446.324966666663	7.05000000000291	trials	port_entry
6498.554999999997	0.21000000000276486	trials	port_entry
6510.505033333331	4.389999999999418	trials	port_entry
6525.475033333332	0.43000000000029104	trials	port_entry
6525.945033333333	0.09999999999854481	trials	port_entry
6526.105033333333	0.25	trials	port_entry
6526.575033333331	0.020000000000436557	trials	port_entry
6526.685033333331	0.08000000000174623	trials	port_entry
6528.0250333333315	0.3600000000005821	trials	port_entry
6528.435033333331	0.06999999999970896	trials	port_entry
6528.605033333333	0.039999999997235136	trials	port_entry
6535.315066666666	2.279966666665132	trials	reward_stimulus_presentation
6536.315033333332	0.7999999999992724	trials	reward_delivery
6537.195033333333	0.11999999999898137	trials	port_entry
6537.3950333333305	3.1200000000026193	trials	port_entry
6554.5750666666645	0.2000000000007276	trials	port_entry
6557.245066666666	0.029999999998835847	trials	port_entry
6558.654999999999	0.050033333332976326	trials	port_entry
6559.115066666665	0.11000000000058208	trials	port_entry
6559.435066666665	0.06999999999970896	trials	port_entry
6559.525066666665	0.27999999999883585	trials	port_entry
6560.064966666665	0.30010000000038417	trials	port_entry
6560.495066666666	0.01999999999679858	trials	port_entry
6562.935066666665	0.029999999998835847	trials	port_entry
6563.155066666666	0.020000000000436557	trials	port_entry
6563.525066666665	0.049999999999272404	trials	port_entry
6583.105099999997	1.7700000000004366	trials	port_entry
6592.665099999998	0.049999999999272404	trials	port_entry
6592.795099999999	1.4899999999979627	trials	port_entry
6635.31513333333	20.00146666666842	trials	shock_stimulus_presentation
6655.115133333333	0.2999999999992724	trials	shock_relay
6660.195166666665	0.4099999999998545	trials	port_entry
6725.315199999997	20.000033333333704	trials	neutral_stimulus_presentation
6734.655233333331	0.20999999999912689	trials	port_entry
6761.7952333333305	1.3800000000010186	trials	port_entry
6764.93523333333	0.9000000000014552	trials	port_entry
6785.305266666666	2.1599999999998545	trials	port_entry
6815.315266666665	1.9099999999998545	trials	reward_stimulus_presentation
6816.315199999997	0.7999999999992724	trials	reward_delivery
6816.825266666667	5.44999999999709	trials	port_entry
6827.3953	1.5199999999967986	trials	port_entry
6857.615299999998	2.930033333333995	trials	port_entry
6887.5353	1.4399666666649864	trials	port_entry
6905.315299999998	2.8400666666675534	trials	reward_stimulus_presentation
6906.315366666666	0.7999333333318646	trials	reward_delivery
6907.755299999997	6.140066666666826	trials	port_entry
6917.705299999998	0.0700666666671168	trials	port_entry
6917.905333333332	0.39003333333312185	trials	port_entry
6918.475366666666	0.09003333333384944	trials	port_entry
6918.615366666665	0.06000000000130967	trials	port_entry
6920.855366666667	0.01999999999679858	trials	port_entry
6924.195366666663	0.030000000002473826	trials	port_entry
6935.045399999999	0.020000000000436557	trials	port_entry
6935.205399999999	0.020000000000436557	trials	port_entry
6935.285433333331	0.029966666668769903	trials	port_entry
6935.385399999999	0.029999999998835847	trials	port_entry
6941.825399999998	2.8300000000017462	trials	port_entry
6944.985399999998	1.110033333334286	trials	port_entry
6968.7354333333315	1.2099999999991269	trials	port_entry
6990.315466666663	20.001733333334414	trials	shock_stimulus_presentation
7010.115466666666	0.3000333333329763	trials	shock_relay
7023.015499999998	0.2900000000008731	trials	port_entry
7056.095533333333	1.5	trials	port_entry
7059.005533333333	2.8799999999973807	trials	port_entry
7074.29553333333	0.8600000000005821	trials	port_entry
7077.20553333333	0.11000000000058208	trials	port_entry
7077.435533333333	0.06999999999970896	trials	port_entry
7077.715533333332	0.07999999999810825	trials	port_entry
7078.175566666665	0.5299999999988358	trials	port_entry
7080.315566666664	1.430000000000291	trials	reward_stimulus_presentation
7081.315533333331	0.7999999999992724	trials	reward_delivery
7081.345566666663	5.470000000001164	trials	port_entry
7102.435566666663	0.2400000000016007	trials	port_entry
7102.695566666665	3.2000000000007276	trials	port_entry
7110.795566666664	0.6500333333351591	trials	port_entry
7120.165599999997	0.1400000000030559	trials	port_entry
7175.315633333332	2.709999999999127	trials	reward_stimulus_presentation
7176.315633333332	0.7999999999992724	trials	reward_delivery
7177.625633333333	4.0900000000001455	trials	port_entry
7209.235666666664	3.6599999999998545	trials	port_entry
7214.775666666665	0.7700000000004366	trials	port_entry
7265.115733333332	0.7700000000004366	trials	port_entry
7265.315733333333	20.001699999997072	trials	shock_stimulus_presentation
7280.995633333332	1.3800999999984924	trials	port_entry
7285.115733333332	0.2999999999992724	trials	shock_relay
7317.085766666663	2.3400000000001455	trials	port_entry
7321.245766666663	0.43000000000029104	trials	port_entry
7345.315799999997	1.5900000000001455	trials	reward_stimulus_presentation
7346.315799999997	0.8000000000029104	trials	reward_delivery
7346.505799999999	5.819999999999709	trials	port_entry
7354.665833333333	1.4799666666658595	trials	port_entry
7356.3658	1.0100333333321032	trials	port_entry
7371.275799999999	0.11999999999898137	trials	port_entry
7371.435799999999	1.0900000000001455	trials	port_entry
7374.595799999999	1.3800333333310846	trials	port_entry
7400.315799999997	0.12003333333632327	trials	port_entry
7400.615866666663	0.2299666666694975	trials	port_entry
7423.9558666666635	1.890000000003056	trials	port_entry
7435.315866666664	20.0	trials	neutral_stimulus_presentation
7444.155866666664	0.09000000000014552	trials	port_entry
7444.295899999997	1.3799666666673147	trials	port_entry
7465.085899999998	1.069999999999709	trials	port_entry
7473.965766666664	0.6600666666672623	trials	port_entry
7499.5759	0.7000333333307935	trials	port_entry
7535.315999999999	1.2900000000008731	trials	reward_stimulus_presentation
7536.205999999998	6.949899999999616	trials	port_entry
7536.315966666665	0.7999999999992724	trials	reward_delivery
7544.885999999999	1.360000000000582	trials	port_entry
7547.345966666664	1.8800333333347226	trials	port_entry
7553.766	1.139999999999418	trials	port_entry
7580.316033333333	3.649999999997817	trials	port_entry
7585.016066666663	0.07996666666804231	trials	port_entry
7594.8759666666665	0.5	trials	port_entry
7599.886033333332	0.020000000000436557	trials	port_entry
7600.195966666666	0.5500666666666802	trials	port_entry
7616.036066666664	0.42000000000189175	trials	port_entry
7625.316066666666	6.079999999998108	trials	reward_stimulus_presentation
7626.316066666666	0.7999999999992724	trials	reward_delivery
7630.996066666667	4.279999999998836	trials	port_entry
7637.066066666666	0.9600333333328308	trials	port_entry
7648.506099999999	1.5499333333318646	trials	port_entry
7675.016133333331	0.4399666666686244	trials	port_entry
7713.346133333333	0.2599999999983993	trials	port_entry
7715.3161	20.00006666666377	trials	neutral_stimulus_presentation
7728.346166666666	2.8099999999976717	trials	port_entry
7744.6662	0.30996666666396777	trials	port_entry
7745.386199999997	0.5600000000013097	trials	port_entry
7761.336199999998	1.5200000000004366	trials	port_entry
7797.27623333333	0.18000000000029104	trials	port_entry
7798.25623333333	0.020000000000436557	trials	port_entry
7799.896233333333	1.2999999999992724	trials	port_entry
7804.826266666663	0.05996666666760575	trials	port_entry
7805.316266666665	20.001633333333302	trials	shock_stimulus_presentation
7805.476233333331	0.02993333333506598	trials	port_entry
7825.1162333333305	0.3000000000029104	trials	shock_relay
7837.866266666664	0.22999999999956344	trials	port_entry
7839.876266666666	0.11999999999898137	trials	port_entry
7840.096266666664	0.09003333333384944	trials	port_entry
7840.2462333333315	0.12003333333268529	trials	port_entry
7870.486299999997	0.040000000000873115	trials	port_entry
7871.546299999998	0.049999999999272404	trials	port_entry
7871.656333333332	0.019966666666732635	trials	port_entry
7871.736299999997	0.040000000000873115	trials	port_entry
7876.846299999997	0.5000333333337039	trials	port_entry
7877.456299999998	0.6799333333328832	trials	port_entry
7878.246299999999	0.020000000000436557	trials	port_entry
7878.326299999997	0.02003333333414048	trials	port_entry
7879.8562999999995	0.11999999999898137	trials	port_entry
7890.316266666665	1.8400666666675534	trials	reward_stimulus_presentation
7891.316233333331	0.8000333333329763	trials	reward_delivery
7891.756333333331	7.420000000001892	trials	port_entry
7928.556366666664	0.5399666666671692	trials	port_entry
7932.7464	0.039999999997235136	trials	port_entry
7933.066366666666	2.8000333333329763	trials	port_entry
7979.326366666664	0.4200666666656616	trials	port_entry
7979.786399999997	0.7200000000011642	trials	port_entry
7980.3164	20.00119999999879	trials	shock_stimulus_presentation
7986.556399999998	0.09000000000014552	trials	port_entry
7986.776399999999	0.07003333333341288	trials	port_entry
8000.116399999999	0.2999999999992724	trials	shock_relay
8013.776399999999	1.3999999999978172	trials	port_entry
8023.186466666666	0.029966666665131925	trials	port_entry
8023.306466666665	0.019966666666732635	trials	port_entry
8040.286433333331	1.0100000000020373	trials	port_entry
8041.436433333332	3.47003333333123	trials	port_entry
8044.986466666665	0.18000000000029104	trials	port_entry
8059.246466666664	1.1600333333335584	trials	port_entry
8064.416399999998	0.09010000000125729	trials	port_entry
8064.636499999997	0.020000000000436557	trials	port_entry
8064.7765	0.6299999999973807	trials	port_entry
8075.316499999997	3.7000000000007276	trials	reward_stimulus_presentation
8076.3164666666635	0.8000000000029104	trials	reward_delivery
8078.6165	0.07996666666440433	trials	port_entry
8079.076499999999	4.149999999997817	trials	port_entry
8096.93653333333	1.4800000000032014	trials	port_entry
8114.526566666664	0.10996666666687815	trials	port_entry
8123.976566666664	0.04996666666556848	trials	port_entry
8124.046566666664	0.03996666666716919	trials	port_entry
8139.246533333331	0.4199666666681878	trials	port_entry
8165.316533333331	20.00010000000111	trials	neutral_stimulus_presentation
8184.526599999997	0.02003333333414048	trials	port_entry
8192.316633333332	2.1699999999982538	trials	port_entry
8218.266666666666	1.75	trials	port_entry
8240.846666666665	2.1599999999998545	trials	port_entry
8245.3167	4.899966666664113	trials	reward_stimulus_presentation
8246.3167	0.7999666666655685	trials	reward_delivery
8249.816633333332	5.340066666667553	trials	port_entry
8279.006699999998	2.2999999999992724	trials	port_entry
8299.056733333331	0.7200000000011642	trials	port_entry
8316.826733333332	1.8000333333329763	trials	port_entry
8335.316766666663	3.8800000000010186	trials	reward_stimulus_presentation
8336.316766666663	0.8000000000029104	trials	reward_delivery
8338.796766666666	0.12999999999738066	trials	port_entry
8338.956766666666	3.8099999999976717	trials	port_entry
8343.216766666665	0.8699999999989814	trials	port_entry
8392.226799999997	0.24003333333530463	trials	port_entry
8392.5068	3.5300333333325398	trials	port_entry
8429.346866666667	1.1599666666661506	trials	port_entry
8432.426866666665	0.13999999999941792	trials	port_entry
8435.316866666664	20.0	trials	neutral_stimulus_presentation
8452.806866666666	0.5900333333338494	trials	port_entry
8477.006899999997	0.030000000002473826	trials	port_entry
8525.316933333332	2.999933333332592	trials	reward_stimulus_presentation
8526.316933333332	0.7999999999992724	trials	reward_delivery
8527.91693333333	5.1899333333349205	trials	port_entry
8548.1469	1.3900666666668258	trials	port_entry
8550.516933333332	0.12003333333268529	trials	port_entry
8550.986966666664	1.4000000000014552	trials	port_entry
8552.456966666665	0.029999999998835847	trials	port_entry
8552.516966666666	0.11999999999898137	trials	port_entry
8552.866966666665	0.020000000000436557	trials	port_entry
8583.356933333333	2.930066666664061	trials	port_entry
8589.077099999999	0.039866666666057426	trials	port_entry
8594.916999999998	0.9799999999995634	trials	port_entry
8615.317066666667	20.001499999998487	trials	shock_stimulus_presentation
8615.657	0.049999999999272404	trials	port_entry
8615.837033333333	0.04996666666556848	trials	port_entry
8616.067	0.07999999999810825	trials	port_entry
8616.166999999998	0.029966666668769903	trials	port_entry
8616.797033333332	0.22999999999956344	trials	port_entry
8635.117033333332	0.2999666666655685	trials	shock_relay
8650.056966666663	1.2800000000024738	trials	port_entry
8665.637033333333	0.20999999999912689	trials	port_entry
8665.916999999998	0.9800666666669713	trials	port_entry
8667.367066666666	0.020000000000436557	trials	port_entry
8675.927	0.039999999997235136	trials	port_entry
8676.716966666663	0.020000000000436557	trials	port_entry
8680.577099999999	0.7698999999993248	trials	port_entry
8688.487099999998	0.11000000000058208	trials	port_entry
8703.207133333333	0.07999999999810825	trials	port_entry
8703.377133333332	0.6699999999982538	trials	port_entry
8705.31713333333	1.1900000000023283	trials	reward_stimulus_presentation
8706.107133333331	3.7000000000007276	trials	port_entry
8706.31713333333	0.8000000000029104	trials	reward_delivery
8711.90713333333	0.05000000000291038	trials	port_entry
8712.027133333333	0.7999999999992724	trials	port_entry
8712.967133333332	0.27000000000043656	trials	port_entry
8715.097133333333	0.04996666666556848	trials	port_entry
8749.22713333333	2.500033333333704	trials	port_entry
8790.317199999998	1.569999999999709	trials	reward_stimulus_presentation
8791.317199999998	0.7999999999992724	trials	reward_delivery
8791.4872	5.039999999997235	trials	port_entry
8850.797266666665	0.22999999999956344	trials	port_entry
8851.077233333333	2.9399333333312825	trials	port_entry
8870.317266666665	0.930033333333995	trials	port_entry
8873.977299999999	1.2799999999988358	trials	port_entry
8880.317299999999	20.001466666664783	trials	shock_stimulus_presentation
8900.117299999998	0.2999999999992724	trials	shock_relay
8937.687333333331	0.11999999999898137	trials	port_entry
8937.917333333331	0.06999999999970896	trials	port_entry
8942.537366666664	0.019966666666732635	trials	port_entry
8951.647366666664	1.9000000000014552	trials	port_entry
8956.177333333333	0.6600333333335584	trials	port_entry
8975.3174	5.399966666664113	trials	reward_stimulus_presentation
8976.317366666666	0.7999999999992724	trials	reward_delivery
8980.317366666666	4.080033333331812	trials	port_entry
9005.6374	2.599999999998545	trials	port_entry
9039.597433333332	0.020000000000436557	trials	port_entry
9039.697433333331	0.040000000000873115	trials	port_entry
9039.757433333332	1.6500333333315211	trials	port_entry
9065.317466666664	20.00113333333502	trials	shock_stimulus_presentation
9069.927466666664	1.8699666666689154	trials	port_entry
9072.207466666667	1.0399999999972351	trials	port_entry
9085.117466666667	0.2999999999992724	trials	shock_relay
9097.587466666664	1.610033333334286	trials	port_entry
9099.217466666665	0.020000000000436557	trials	port_entry
9099.3275	1.0	trials	port_entry
9124.057499999999	1.1400333333331218	trials	port_entry
9126.707499999997	1.0	trials	port_entry
9145.317533333331	1.1500000000014552	trials	reward_stimulus_presentation
9146.067533333331	5.950000000000728	trials	port_entry
9146.317533333331	0.7999999999992724	trials	reward_delivery
9152.397533333333	1.2399999999979627	trials	port_entry
9164.447566666666	0.04996666666556848	trials	port_entry
9164.607566666666	2.16996666666455	trials	port_entry
9175.09753333333	1.3000000000029104	trials	port_entry
9190.817566666665	0.3600000000005821	trials	port_entry
9201.147566666667	1.1400333333331218	trials	port_entry
9222.837599999999	0.2000000000007276	trials	port_entry
9223.0576	2.210033333332831	trials	port_entry
9234.767633333333	0.8400000000001455	trials	port_entry
9235.317633333332	20.000033333333704	trials	neutral_stimulus_presentation
9236.50763333333	0.20999999999912689	trials	port_entry
9236.787633333333	0.389966666665714	trials	port_entry
9237.477599999998	0.2000000000007276	trials	port_entry
9237.727633333332	0.16996666666454985	trials	port_entry
9237.977633333332	0.07999999999810825	trials	port_entry
9242.8576	0.3700333333326853	trials	port_entry
9248.817633333332	0.27999999999883585	trials	port_entry
9266.957666666665	0.3499999999985448	trials	port_entry
9285.747666666666	0.1600333333335584	trials	port_entry
9335.317733333333	2.5799999999981083	trials	reward_stimulus_presentation
9336.317733333333	0.7999999999992724	trials	reward_delivery
9337.49773333333	5.130000000001019	trials	port_entry
9359.647766666665	0.13999999999941792	trials	port_entry
9359.957766666666	0.049999999999272404	trials	port_entry
9360.137766666667	0.16999999999825377	trials	port_entry
9360.327766666665	2.2700000000004366	trials	port_entry
9424.857833333332	0.22999999999956344	trials	port_entry
9425.31783333333	1.4500000000007276	trials	reward_stimulus_presentation
9426.317799999997	0.8000000000029104	trials	reward_delivery
9426.3678	6.670033333331958	trials	port_entry
9444.127833333332	3.5600000000013097	trials	port_entry
9450.007833333333	0.049999999999272404	trials	port_entry
9450.20783333333	0.040000000000873115	trials	port_entry
9450.38783333333	1.4700000000011642	trials	port_entry
9451.907833333331	1.1199999999989814	trials	port_entry
9465.06783333333	2.040033333334577	trials	port_entry
9467.197866666666	1.8299999999981083	trials	port_entry
9473.397866666666	0.18999999999869033	trials	port_entry
9497.357866666665	0.11999999999898137	trials	port_entry
9497.557866666666	1.0900333333338494	trials	port_entry
9508.067899999998	0.22000000000116415	trials	port_entry
9508.387899999998	0.22000000000116415	trials	port_entry
9512.347899999997	0.020000000000436557	trials	port_entry
9512.6479	0.039999999997235136	trials	port_entry
9515.317899999998	3.4200000000018917	trials	reward_stimulus_presentation
9516.317899999998	0.7999999999992724	trials	reward_delivery
9518.337899999999	4.470000000001164	trials	port_entry
9552.107933333333	3.0499999999992724	trials	port_entry
9559.447933333333	0.059999999997671694	trials	port_entry
9559.697933333333	0.029999999998835847	trials	port_entry
9559.857933333333	0.019933333333028713	trials	port_entry
9559.897866666666	0.03003333333253977	trials	port_entry
9559.957899999998	0.03003333333253977	trials	port_entry
9565.287933333333	2.029999999998836	trials	port_entry
9567.337933333332	0.07999999999810825	trials	port_entry
9567.43793333333	0.02003333333414048	trials	port_entry
9600.307966666664	0.6900000000023283	trials	port_entry
9605.318	2.929966666666587	trials	reward_stimulus_presentation
9606.317966666666	0.7999999999992724	trials	reward_delivery
9607.847966666664	0.17003333333559567	trials	port_entry
9608.037966666667	5.460033333332831	trials	port_entry
9637.437999999998	1.4500000000007276	trials	port_entry
9638.967999999997	0.5300333333361777	trials	port_entry
9641.588	0.01999999999679858	trials	port_entry
9645.778033333332	0.019966666666732635	trials	port_entry
9645.957999999999	0.029999999998835847	trials	port_entry
9648.658033333333	0.1099999999969441	trials	port_entry
9648.828033333331	0.040000000000873115	trials	port_entry
9667.908	1.6300666666647885	trials	port_entry
9678.278033333332	2.540033333334577	trials	port_entry
9689.92803333333	0.2000000000007276	trials	port_entry
9690.248033333333	0.22999999999956344	trials	port_entry
9690.318	20.00143333333108	trials	shock_stimulus_presentation
9710.117999999999	0.30006666666668025	trials	shock_relay
9720.158099999997	0.26996666666673264	trials	port_entry
9721.408099999997	0.2400000000016007	trials	port_entry
9722.668066666665	0.7200000000011642	trials	port_entry
9724.228066666667	0.01999999999679858	trials	port_entry
9731.6381	0.11999999999898137	trials	port_entry
9731.818099999997	1.1600333333335584	trials	port_entry
9741.338133333331	1.52996666666877	trials	port_entry
9764.5981	0.019966666666732635	trials	port_entry
9764.678066666664	0.20006666666813544	trials	port_entry
9768.90813333333	0.1500333333351591	trials	port_entry
9769.078099999999	0.050033333332976326	trials	port_entry
9774.078133333333	0.6699999999982538	trials	port_entry
9780.318099999997	2.7400666666690086	trials	reward_stimulus_presentation
9781.318066666667	0.7999666666655685	trials	reward_delivery
9782.658166666664	5.430000000000291	trials	port_entry
9795.628166666665	1.2900000000008731	trials	port_entry
9810.348166666667	0.04003333333093906	trials	port_entry
9810.478166666664	1.389999999999418	trials	port_entry
9831.458199999997	0.019966666666732635	trials	port_entry
9833.098133333333	0.04006666666464298	trials	port_entry
9837.078166666666	0.07003333333341288	trials	port_entry
9842.058166666666	1.250033333333704	trials	port_entry
9844.7382	0.6899999999986903	trials	port_entry
9846.708199999997	1.1200333333326853	trials	port_entry
9847.8982	0.15999999999985448	trials	port_entry
9848.1482	1.2599999999983993	trials	port_entry
9863.178233333332	3.5799999999981083	trials	port_entry
9872.18823333333	0.04003333333457704	trials	port_entry
9872.988266666664	0.08000000000174623	trials	port_entry
9875.318266666665	20.0	trials	neutral_stimulus_presentation
9908.618266666665	1.430033333333995	trials	port_entry
9911.7683	1.5900000000001455	trials	port_entry
9914.4283	0.029999999998835847	trials	port_entry
9914.758299999998	0.06999999999970896	trials	port_entry
9915.848299999998	0.049999999999272404	trials	port_entry
9915.928233333332	0.03996666666716919	trials	port_entry
9916.818299999999	0.06999999999970896	trials	port_entry
9920.078299999997	0.07003333333341288	trials	port_entry
9924.078299999997	0.06000000000130967	trials	port_entry
9924.168299999998	0.06999999999970896	trials	port_entry
9924.308299999997	0.1400000000030559	trials	port_entry
9925.938299999998	0.03996666666716919	trials	port_entry
9926.0183	0.2699999999967986	trials	port_entry
9926.6583	0.07999999999810825	trials	port_entry
9955.958333333332	1.069999999999709	trials	port_entry
9958.328333333331	0.8400000000001455	trials	port_entry
9965.318366666666	20.0012999999999	trials	shock_stimulus_presentation
9965.998333333333	0.10996666666687815	trials	port_entry
9969.218366666664	0.07996666666804231	trials	port_entry
9971.658333333333	0.27999999999883585	trials	port_entry
9985.118366666666	0.2999999999992724	trials	shock_relay
10024.118366666666	0.15003333333152113	trials	port_entry
10024.398399999998	2.0900000000001455	trials	port_entry
10027.598399999999	0.7200000000011642	trials	port_entry
10045.31843333333	1.3800000000010186	trials	reward_stimulus_presentation
10046.2984	0.14003333333312185	trials	port_entry
10046.3184	0.7999999999992724	trials	reward_delivery
10046.4584	7.869966666665277	trials	port_entry
10059.718433333332	1.1899999999986903	trials	port_entry
10063.688433333333	0.7599999999983993	trials	port_entry
10064.47843333333	0.9600000000027649	trials	port_entry
10065.58843333333	0.4500000000007276	trials	port_entry
10066.63843333333	0.11000000000058208	trials	port_entry
10105.438466666666	3.760033333332103	trials	port_entry
10109.528466666667	1.0399999999972351	trials	port_entry
10127.4885	0.9399999999986903	trials	port_entry
10130.1485	0.2599999999983993	trials	port_entry
10135.318499999998	1.7200000000011642	trials	reward_stimulus_presentation
10136.318499999998	0.7999999999992724	trials	reward_delivery
10136.638499999997	6.850000000002183	trials	port_entry
10144.018499999998	0.6899999999986903	trials	port_entry
10154.8985	1.6900333333323942	trials	port_entry
10164.318533333331	0.7400000000016007	trials	port_entry
10169.388533333331	1.3100000000013097	trials	port_entry
10174.578533333333	0.4699999999975262	trials	port_entry
10175.068533333331	0.930000000000291	trials	port_entry
10176.0585	0.04003333333093906	trials	port_entry
10176.998533333332	0.27999999999883585	trials	port_entry
10177.34853333333	0.029966666668769903	trials	port_entry
10178.308533333333	0.029999999998835847	trials	port_entry
10178.648533333333	1.569999999999709	trials	port_entry
10197.748566666665	0.029966666665131925	trials	port_entry
10197.998533333332	2.220000000001164	trials	port_entry
10216.808533333333	0.9500333333307935	trials	port_entry
10230.168566666664	0.17000000000189175	trials	port_entry
10230.388599999998	1.0599666666676058	trials	port_entry
10233.268566666666	0.3899999999994179	trials	port_entry
10235.318566666665	2.2800333333325398	trials	reward_stimulus_presentation
10236.318566666665	0.7999999999992724	trials	reward_delivery
10237.198566666666	9.140033333333122	trials	port_entry
10249.298599999998	1.0099999999983993	trials	port_entry
10291.698633333333	1.6799333333328832	trials	port_entry
10299.318633333332	2.9399999999986903	trials	port_entry
10309.658566666665	0.9800333333332674	trials	port_entry
10321.068666666666	0.40993333333244664	trials	port_entry
10325.318666666666	20.0015999999996	trials	shock_stimulus_presentation
10336.318599999999	1.8900333333331218	trials	port_entry
10339.308666666664	0.04996666666920646	trials	port_entry
10345.118666666665	0.2999999999992724	trials	shock_relay
10360.108699999997	0.12003333333632327	trials	port_entry
10360.4987	0.2100333333328308	trials	port_entry
10415.318766666664	3.780000000002474	trials	reward_stimulus_presentation
10416.318766666664	0.8000000000029104	trials	reward_delivery
10418.698766666665	4.799999999999272	trials	port_entry
10434.528766666666	1.959933333331719	trials	port_entry
10440.348733333332	0.8900333333331218	trials	port_entry
10460.33873333333	1.180033333333995	trials	port_entry
10499.098833333333	1.9799333333321556	trials	port_entry
10501.878833333332	0.4599999999991269	trials	port_entry
10505.318866666665	20.0	trials	neutral_stimulus_presentation
10532.398799999999	1.0799999999981083	trials	port_entry
10558.8089	0.8299999999981083	trials	port_entry
10590.318933333332	4.270000000000437	trials	reward_stimulus_presentation
10591.318933333332	0.7999999999992724	trials	reward_delivery
10594.188933333331	0.42000000000189175	trials	port_entry
10594.628933333333	5.289999999997235	trials	port_entry
10612.918966666664	2.2299999999995634	trials	port_entry
10635.958966666665	1.4199999999982538	trials	port_entry
10638.388966666666	1.4899999999979627	trials	port_entry
10680.318933333332	20.00010000000111	trials	neutral_stimulus_presentation
10699.76903333333	0.030000000002473826	trials	port_entry
10699.979033333333	0.41999999999825377	trials	port_entry
10710.319033333333	1.0999666666648409	trials	port_entry
10722.739033333331	2.029999999998836	trials	port_entry
10747.85903333333	0.7400333333353046	trials	port_entry
10763.549066666666	0.5300333333325398	trials	port_entry
10772.739099999999	0.27000000000043656	trials	port_entry
10775.319099999997	20.001200000002427	trials	shock_stimulus_presentation
10787.689066666666	0.15003333333152113	trials	port_entry
10795.1191	0.2999666666655685	trials	shock_relay
10865.319199999998	20.0	trials	neutral_stimulus_presentation
10867.709166666664	0.9400000000023283	trials	port_entry
10869.869166666664	2.0200000000004366	trials	port_entry
10879.2192	0.11000000000058208	trials	port_entry
10880.029133333333	0.01999999999679858	trials	port_entry
10880.069166666664	0.459933333335357	trials	port_entry
10902.9492	0.1700333333319577	trials	port_entry
10925.499233333332	0.20999999999912689	trials	port_entry
10928.129233333333	0.2200333333312301	trials	port_entry
10928.369233333331	0.27000000000043656	trials	port_entry
10945.319266666665	20.001733333334414	trials	shock_stimulus_presentation
10965.119266666665	0.2999999999992724	trials	shock_relay
10965.369266666665	0.020000000000436557	trials	port_entry
10971.9293	0.07999999999810825	trials	port_entry
10984.7392	0.17996666666658712	trials	port_entry
11007.62933333333	0.18000000000029104	trials	port_entry
11035.319366666667	1.5199666666667326	trials	reward_stimulus_presentation
11036.319333333333	0.7999999999992724	trials	reward_delivery
11036.439333333332	4.260033333332103	trials	port_entry
11040.85933333333	0.930033333333995	trials	port_entry
11042.079366666665	0.03996666666716919	trials	port_entry
11042.159333333333	0.6400333333331218	trials	port_entry
11050.729366666666	3.789999999997235	trials	port_entry
11057.509366666665	0.9399999999986903	trials	port_entry
11078.579366666665	0.03003333333253977	trials	port_entry
11078.729299999999	0.020000000000436557	trials	port_entry
11088.089399999997	0.020000000000436557	trials	port_entry
11088.179399999997	0.08000000000174623	trials	port_entry
11100.679366666664	4.730033333333267	trials	port_entry
11242.104099999997	0.10016666666706442	trials	phototagging
11243.105666666666	0.1001333333333605	trials	phototagging
11244.107199999999	0.10016666666706442	trials	phototagging
11245.10873333333	0.10016666666706442	trials	phototagging
11246.110299999997	0.1001333333333605	trials	phototagging
11247.111833333332	0.10016666666706442	trials	phototagging
11248.113366666665	0.10016666666706442	trials	phototagging
11249.11493333333	0.1001333333333605	trials	phototagging
11250.116466666666	0.1001333333333605	trials	phototagging
11251.117999999999	0.10016666666706442	trials	phototagging
11252.119566666664	0.1001333333333605	trials	phototagging
11253.121099999997	0.10016666666706442	trials	phototagging
11264.1381	0.004999999997380655	trials	phototagging
11264.148099999999	0.005000000001018634	trials	phototagging
11264.15813333333	0.005000000001018634	trials	phototagging
11264.168133333333	0.004999999997380655	trials	phototagging
11264.178133333331	0.005033333334722556	trials	phototagging
11264.188166666667	0.004999999997380655	trials	phototagging
11264.198166666665	0.005033333334722556	trials	phototagging
11264.208199999997	0.005000000001018634	trials	phototagging
11264.2182	0.005033333331084577	trials	phototagging
11264.228233333331	0.005000000001018634	trials	phototagging
11264.23823333333	0.005033333334722556	trials	phototagging
11264.248266666666	0.005000000001018634	trials	phototagging
11264.258266666664	0.005033333334722556	trials	phototagging
11264.2683	0.004999999997380655	trials	phototagging
11264.278299999998	0.005000000001018634	trials	phototagging
11264.28833333333	0.005000000001018634	trials	phototagging
11264.298333333332	0.005000000001018634	trials	phototagging
11264.308366666664	0.005000000001018634	trials	phototagging
11264.318366666666	0.004999999997380655	trials	phototagging
11264.328399999999	0.005000000001018634	trials	phototagging
11264.338399999997	0.005000000001018634	trials	phototagging
11264.348433333333	0.004999999997380655	trials	phototagging
11264.358433333331	0.005000000001018634	trials	phototagging
11264.368433333333	0.005033333331084577	trials	phototagging
11264.378466666665	0.005000000001018634	trials	phototagging
11264.388466666664	0.005033333334722556	trials	phototagging
11264.3985	0.004999999997380655	trials	phototagging
11264.408499999998	0.005033333334722556	trials	phototagging
11264.418533333333	0.004999999997380655	trials	phototagging
11264.428533333332	0.005000000001018634	trials	phototagging
11274.453999999998	0.010000000002037268	trials	phototagging
11274.554166666665	0.00999999999839929	trials	phototagging
11274.654299999998	0.010033333332103211	trials	phototagging
11274.754466666665	0.010033333332103211	trials	phototagging
11274.854633333332	0.00999999999839929	trials	phototagging
11274.954766666666	0.010033333332103211	trials	phototagging
11275.054933333333	0.00999999999839929	trials	phototagging
11275.1551	0.00999999999839929	trials	phototagging
11275.255233333333	0.010033333332103211	trials	phototagging
11275.355399999997	0.010000000002037268	trials	phototagging
11275.45553333333	0.01003333333574119	trials	phototagging
11275.555699999997	0.010000000002037268	trials	phototagging
11275.655866666664	0.010000000002037268	trials	phototagging
11275.755999999998	0.01003333333574119	trials	phototagging
11275.856166666665	0.010000000002037268	trials	phototagging
11275.956333333332	0.00999999999839929	trials	phototagging
11276.056466666665	0.010033333332103211	trials	phototagging
11276.156633333332	0.00999999999839929	trials	phototagging
11276.256766666665	0.010033333332103211	trials	phototagging
11276.356933333333	0.010033333332103211	trials	phototagging
11276.4571	0.00999999999839929	trials	phototagging
11276.557233333333	0.010033333332103211	trials	phototagging
11276.6574	0.010033333332103211	trials	phototagging
11276.757566666663	0.010000000002037268	trials	phototagging
11276.857699999997	0.01003333333574119	trials	phototagging
11276.957866666664	0.01003333333574119	trials	phototagging
11277.058033333331	0.010000000002037268	trials	phototagging
11277.158166666664	0.01003333333574119	trials	phototagging
11277.258333333331	0.010000000002037268	trials	phototagging
11277.358499999998	0.00999999999839929	trials	phototagging
11287.474066666666	0.005033333331084577	trials	phototagging
11288.475633333332	0.005000000001018634	trials	phototagging
11289.477166666664	0.005000000001018634	trials	phototagging
11290.478733333333	0.004999999997380655	trials	phototagging
11291.480266666666	0.005000000001018634	trials	phototagging
11292.481799999998	0.005033333334722556	trials	phototagging
11293.483366666664	0.005000000001018634	trials	phototagging
11294.4849	0.004999999997380655	trials	phototagging
11295.486433333332	0.005033333334722556	trials	phototagging
11296.487999999998	0.005000000001018634	trials	phototagging
11297.489533333333	0.004999999997380655	trials	phototagging
11298.4911	0.004999999997380655	trials	phototagging
11299.492633333331	0.005000000001018634	trials	phototagging
11300.494166666664	0.005000000001018634	trials	phototagging
11301.495733333333	0.004999999997380655	trials	phototagging
11302.497266666665	0.005000000001018634	trials	phototagging
11303.498799999998	0.005033333334722556	trials	phototagging
11304.500366666663	0.005000000001018634	trials	phototagging
11305.5019	0.004999999997380655	trials	phototagging
11306.503433333331	0.005000000001018634	trials	phototagging
11307.504999999997	0.005000000001018634	trials	phototagging
11308.506533333333	0.004999999997380655	trials	phototagging
11309.5081	0.005000000001018634	trials	phototagging
11310.509633333331	0.005000000001018634	trials	phototagging
11311.511166666663	0.005000000001018634	trials	phototagging
11312.5127	0.005033333331084577	trials	phototagging
11313.514266666665	0.005000000001018634	trials	phototagging
11314.515799999997	0.005000000001018634	trials	phototagging
11315.517333333333	0.005033333331084577	trials	phototagging
11316.5189	0.005000000001018634	trials	phototagging
11327.535899999999	0.005000000001018634	trials	phototagging
11328.537433333331	0.005000000001018634	trials	phototagging
11329.538966666663	0.005000000001018634	trials	phototagging
11330.540533333333	0.004999999997380655	trials	phototagging
11331.542066666665	0.005000000001018634	trials	phototagging
11332.543599999997	0.005033333334722556	trials	phototagging
11333.545166666667	0.004999999997380655	trials	phototagging
11334.546699999999	0.005000000001018634	trials	phototagging
11335.548266666665	0.005000000001018634	trials	phototagging
11336.549799999997	0.005000000001018634	trials	phototagging
11337.551333333333	0.005033333331084577	trials	phototagging
11338.552899999999	0.005000000001018634	trials	phototagging
11339.554433333331	0.005000000001018634	trials	phototagging
11340.555966666667	0.005033333331084577	trials	phototagging
11341.557533333333	0.004999999997380655	trials	phototagging
11342.559066666665	0.005000000001018634	trials	phototagging
11343.56063333333	0.005000000001018634	trials	phototagging
11344.562166666667	0.004999999997380655	trials	phototagging
11345.563699999999	0.005000000001018634	trials	phototagging
11346.565233333331	0.005033333334722556	trials	phototagging
11347.566799999997	0.005000000001018634	trials	phototagging
11348.568333333333	0.004999999997380655	trials	phototagging
11349.569866666665	0.005033333334722556	trials	phototagging
11350.57143333333	0.005000000001018634	trials	phototagging
11351.572966666667	0.004999999997380655	trials	phototagging
11352.574533333333	0.004999999997380655	trials	phototagging
11353.576066666665	0.005000000001018634	trials	phototagging
11354.577599999997	0.005033333334722556	trials	phototagging
11355.579166666666	0.004999999997380655	trials	phototagging
11356.580699999999	0.005000000001018634	trials	phototagging
11367.597699999998	0.00999999999839929	trials	phototagging
11367.697866666666	0.00999999999839929	trials	phototagging
11367.797999999999	0.010033333332103211	trials	phototagging
11367.898166666666	0.00999999999839929	trials	phototagging
11367.9983	0.010033333332103211	trials	phototagging
11368.098466666666	0.010033333332103211	trials	phototagging
11368.198633333333	0.00999999999839929	trials	phototagging
11368.298766666667	0.010033333332103211	trials	phototagging
11368.39893333333	0.010000000002037268	trials	phototagging
11368.499066666664	0.01003333333574119	trials	phototagging
11368.59923333333	0.01003333333574119	trials	phototagging
11368.699399999998	0.010000000002037268	trials	phototagging
11368.799566666665	0.010000000002037268	trials	phototagging
11368.899699999998	0.010033333332103211	trials	phototagging
11368.999866666665	0.00999999999839929	trials	phototagging
11369.099999999999	0.010033333332103211	trials	phototagging
11369.200166666666	0.00999999999839929	trials	phototagging
11369.300333333333	0.00999999999839929	trials	phototagging
11369.400466666666	0.010033333332103211	trials	phototagging
11369.500633333333	0.010033333332103211	trials	phototagging
11369.600799999997	0.010000000002037268	trials	phototagging
11369.70093333333	0.01003333333574119	trials	phototagging
11369.801099999997	0.010000000002037268	trials	phototagging
11369.901266666664	0.010000000002037268	trials	phototagging
11370.001399999997	0.010000000002037268	trials	phototagging
11370.101566666664	0.010000000002037268	trials	phototagging
11370.201699999998	0.010033333332103211	trials	phototagging
11370.301866666665	0.010033333332103211	trials	phototagging
11370.402033333332	0.00999999999839929	trials	phototagging
11370.502166666665	0.010033333332103211	trials	phototagging
11380.6178	0.004999999997380655	trials	phototagging
11381.619333333332	0.005000000001018634	trials	phototagging
11382.620866666664	0.005033333334722556	trials	phototagging
11383.62243333333	0.005000000001018634	trials	phototagging
11384.623966666666	0.004999999997380655	trials	phototagging
11385.625499999998	0.005033333334722556	trials	phototagging
11386.627066666664	0.005000000001018634	trials	phototagging
11387.6286	0.004999999997380655	trials	phototagging
11388.630133333332	0.005000000001018634	trials	phototagging
11389.631699999998	0.005000000001018634	trials	phototagging
11390.63323333333	0.005000000001018634	trials	phototagging
11391.634766666666	0.005033333331084577	trials	phototagging
11392.636333333332	0.005000000001018634	trials	phototagging
11393.637866666664	0.005000000001018634	trials	phototagging
11394.6394	0.005033333331084577	trials	phototagging
11395.640966666666	0.004999999997380655	trials	phototagging
11396.642499999998	0.005000000001018634	trials	phototagging
11397.64403333333	0.005033333334722556	trials	phototagging
11398.6456	0.004999999997380655	trials	phototagging
11399.647133333332	0.005000000001018634	trials	phototagging
11400.648699999998	0.005000000001018634	trials	phototagging
11401.65023333333	0.005000000001018634	trials	phototagging
11402.651766666666	0.004999999997380655	trials	phototagging
11403.653333333332	0.005000000001018634	trials	phototagging
11404.654866666664	0.005000000001018634	trials	phototagging
11405.6564	0.004999999997380655	trials	phototagging
11406.657933333332	0.005033333334722556	trials	phototagging
11407.659499999998	0.005000000001018634	trials	phototagging
11408.66103333333	0.005000000001018634	trials	phototagging
11409.6626	0.004999999997380655	trials	phototagging
11420.6796	0.004999999997380655	trials	phototagging
11420.689599999998	0.005000000001018634	trials	phototagging
11420.6996	0.005033333331084577	trials	phototagging
11420.709633333332	0.005000000001018634	trials	phototagging
11420.71963333333	0.005033333334722556	trials	phototagging
11420.729666666666	0.004999999997380655	trials	phototagging
11420.739666666665	0.005000000001018634	trials	phototagging
11420.749699999997	0.005000000001018634	trials	phototagging
11420.759699999999	0.005000000001018634	trials	phototagging
11420.76973333333	0.005000000001018634	trials	phototagging
11420.779733333333	0.004999999997380655	trials	phototagging
11420.789766666665	0.005000000001018634	trials	phototagging
11420.799766666663	0.005000000001018634	trials	phototagging
11420.809799999999	0.005000000001018634	trials	phototagging
11420.819799999997	0.005000000001018634	trials	phototagging
11420.8298	0.005033333331084577	trials	phototagging
11420.839833333332	0.005000000001018634	trials	phototagging
11420.84983333333	0.005033333334722556	trials	phototagging
11420.859866666666	0.005000000001018634	trials	phototagging
11420.869866666664	0.005000000001018634	trials	phototagging
11420.8799	0.004999999997380655	trials	phototagging
11420.889899999998	0.005000000001018634	trials	phototagging
11420.89993333333	0.005000000001018634	trials	phototagging
11420.909933333332	0.005000000001018634	trials	phototagging
11420.919966666665	0.005000000001018634	trials	phototagging
11420.929966666667	0.004999999997380655	trials	phototagging
11420.939966666665	0.005033333334722556	trials	phototagging
11420.949999999997	0.005000000001018634	trials	phototagging
11420.960033333333	0.004999999997380655	trials	phototagging
11420.970033333331	0.005000000001018634	trials	phototagging
11430.995499999997	0.01003333333574119	trials	phototagging
11431.095666666664	0.010000000002037268	trials	phototagging
11431.195799999998	0.01003333333574119	trials	phototagging
11431.295966666665	0.010000000002037268	trials	phototagging
11431.396133333332	0.00999999999839929	trials	phototagging
11431.496266666665	0.00999999999839929	trials	phototagging
11431.596433333332	0.00999999999839929	trials	phototagging
11431.696566666666	0.010033333332103211	trials	phototagging
11431.796733333333	0.010033333332103211	trials	phototagging
11431.8969	0.00999999999839929	trials	phototagging
11431.997033333333	0.010033333332103211	trials	phototagging
11432.097199999997	0.010000000002037268	trials	phototagging
11432.197366666664	0.010000000002037268	trials	phototagging
11432.297499999997	0.01003333333574119	trials	phototagging
11432.397666666664	0.010000000002037268	trials	phototagging
11432.497799999997	0.01003333333574119	trials	phototagging
11432.597966666664	0.010033333332103211	trials	phototagging
11432.698133333331	0.00999999999839929	trials	phototagging
11432.798266666665	0.010033333332103211	trials	phototagging
11432.898433333332	0.010033333332103211	trials	phototagging
11432.998599999999	0.00999999999839929	trials	phototagging
11433.098733333332	0.010033333332103211	trials	phototagging
11433.1989	0.00999999999839929	trials	phototagging
11433.299066666666	0.00999999999839929	trials	phototagging
11433.3992	0.010033333332103211	trials	phototagging
11433.499366666663	0.010000000002037268	trials	phototagging
11433.59953333333	0.010000000002037268	trials	phototagging
11433.699666666664	0.01003333333574119	trials	phototagging
11433.79983333333	0.010000000002037268	trials	phototagging
11433.899966666664	0.01003333333574119	trials	phototagging
11444.015599999999	0.1001333333333605	trials	phototagging
11445.017133333331	0.10016666666706442	trials	phototagging
11446.018666666663	0.10016666666706442	trials	phototagging
11447.020199999999	0.10016666666706442	trials	phototagging
11448.021766666665	0.10016666666706442	trials	phototagging
11449.023299999997	0.10016666666706442	trials	phototagging
11450.024866666667	0.1001333333333605	trials	phototagging
11451.026399999999	0.10016666666706442	trials	phototagging
11452.027933333331	0.10016666666706442	trials	phototagging
11453.029499999997	0.1001333333333605	trials	phototagging
11454.031033333333	0.10016666666706442	trials	phototagging
11455.032566666665	0.10016666666706442	trials	phototagging
11466.049566666665	0.005000000001018634	trials	phototagging
11466.059599999997	0.005000000001018634	trials	phototagging
11466.069599999999	0.005033333331084577	trials	phototagging
11466.079633333331	0.005000000001018634	trials	phototagging
11466.089633333333	0.004999999997380655	trials	phototagging
11466.099666666665	0.005000000001018634	trials	phototagging
11466.109666666664	0.005000000001018634	trials	phototagging
11466.1197	0.004999999997380655	trials	phototagging
11466.129699999998	0.005000000001018634	trials	phototagging
11466.139733333333	0.004999999997380655	trials	phototagging
11466.149733333332	0.005000000001018634	trials	phototagging
11466.15973333333	0.005033333334722556	trials	phototagging
11466.169766666666	0.004999999997380655	trials	phototagging
11466.179799999998	0.005000000001018634	trials	phototagging
11466.1898	0.004999999997380655	trials	phototagging
11466.199799999999	0.005033333334722556	trials	phototagging
11466.20983333333	0.005000000001018634	trials	phototagging
11466.219833333333	0.005033333331084577	trials	phototagging
11466.229866666665	0.005000000001018634	trials	phototagging
11466.239866666667	0.004999999997380655	trials	phototagging
11466.249899999999	0.005000000001018634	trials	phototagging
11466.259899999997	0.005000000001018634	trials	phototagging
11466.269933333333	0.004999999997380655	trials	phototagging
11466.279933333331	0.005000000001018634	trials	phototagging
11466.289933333333	0.005033333331084577	trials	phototagging
11466.299966666666	0.005000000001018634	trials	phototagging
11466.309966666664	0.005033333334722556	trials	phototagging
11466.32	0.004999999997380655	trials	phototagging
11466.329999999998	0.005000000001018634	trials	phototagging
11466.34003333333	0.005000000001018634	trials	phototagging
11476.3655	0.1001333333333605	trials	phototagging
11477.367033333332	0.10016666666706442	trials	phototagging
11478.368566666664	0.10016666666706442	trials	phototagging
11479.37013333333	0.1001333333333605	trials	phototagging
11480.371666666666	0.10016666666706442	trials	phototagging
11481.373233333332	0.1001333333333605	trials	phototagging
11482.374766666664	0.10016666666706442	trials	phototagging
11483.3763	0.10016666666342644	trials	phototagging
11484.377866666666	0.1001333333333605	trials	phototagging
11485.379399999998	0.10016666666706442	trials	phototagging
11486.38093333333	0.10016666666706442	trials	phototagging
11487.3825	0.1001333333333605	trials	phototagging
11498.3995	0.00999999999839929	trials	phototagging
11498.499633333333	0.010033333332103211	trials	phototagging
11498.5998	0.010033333332103211	trials	phototagging
11498.699966666663	0.010000000002037268	trials	phototagging
11498.800099999997	0.01003333333574119	trials	phototagging
11498.900266666664	0.010000000002037268	trials	phototagging
11499.000399999997	0.01003333333574119	trials	phototagging
11499.100566666664	0.01003333333574119	trials	phototagging
11499.200733333331	0.010000000002037268	trials	phototagging
11499.300866666665	0.010033333332103211	trials	phototagging
11499.401033333332	0.010033333332103211	trials	phototagging
11499.501199999999	0.00999999999839929	trials	phototagging
11499.601366666666	0.00999999999839929	trials	phototagging
11499.7015	0.00999999999839929	trials	phototagging
11499.801666666666	0.00999999999839929	trials	phototagging
11499.9018	0.010033333332103211	trials	phototagging
11500.001966666667	0.00999999999839929	trials	phototagging
11500.1021	0.010033333332103211	trials	phototagging
11500.202266666663	0.01003333333574119	trials	phototagging
11500.30243333333	0.010000000002037268	trials	phototagging
11500.402599999998	0.010000000002037268	trials	phototagging
11500.502733333331	0.01003333333574119	trials	phototagging
11500.602899999998	0.010000000002037268	trials	phototagging
11500.703033333331	0.010033333332103211	trials	phototagging
11500.803199999998	0.00999999999839929	trials	phototagging
11500.903366666666	0.00999999999839929	trials	phototagging
11501.003499999999	0.010033333332103211	trials	phototagging
11501.103666666666	0.010033333332103211	trials	phototagging
11501.203833333333	0.00999999999839929	trials	phototagging
11501.303966666666	0.010033333332103211	trials	phototagging
11511.419566666664	0.005033333334722556	trials	phototagging
11512.421133333333	0.004999999997380655	trials	phototagging
11513.422666666665	0.005000000001018634	trials	phototagging
11514.424233333331	0.005000000001018634	trials	phototagging
11515.425766666664	0.005000000001018634	trials	phototagging
11516.4273	0.004999999997380655	trials	phototagging
11517.428866666665	0.005000000001018634	trials	phototagging
11518.430399999997	0.005000000001018634	trials	phototagging
11519.431966666663	0.005000000001018634	trials	phototagging
11520.4335	0.004999999997380655	trials	phototagging
11521.435033333331	0.005000000001018634	trials	phototagging
11522.436566666664	0.005033333334722556	trials	phototagging
11523.438133333333	0.004999999997380655	trials	phototagging
11524.439666666665	0.005000000001018634	trials	phototagging
11525.441233333331	0.005000000001018634	trials	phototagging
11526.442766666663	0.005000000001018634	trials	phototagging
11527.4443	0.005033333331084577	trials	phototagging
11528.445866666665	0.005000000001018634	trials	phototagging
11529.447399999997	0.005000000001018634	trials	phototagging
11530.448966666663	0.005000000001018634	trials	phototagging
11531.450499999999	0.005000000001018634	trials	phototagging
11532.452033333331	0.005033333334722556	trials	phototagging
11533.453566666663	0.005033333334722556	trials	phototagging
11534.455133333333	0.004999999997380655	trials	phototagging
11535.456666666665	0.005033333334722556	trials	phototagging
11536.458233333331	0.005000000001018634	trials	phototagging
11537.459766666663	0.005000000001018634	trials	phototagging
11538.461299999999	0.005033333331084577	trials	phototagging
11539.462866666665	0.005000000001018634	trials	phototagging
11540.464399999997	0.005000000001018634	trials	phototagging
11551.481399999997	0.005000000001018634	trials	phototagging
11552.482933333333	0.005033333331084577	trials	phototagging
11553.484499999999	0.005000000001018634	trials	phototagging
11554.48603333333	0.005000000001018634	trials	phototagging
11555.487566666667	0.005033333331084577	trials	phototagging
11556.489133333333	0.004999999997380655	trials	phototagging
11557.490666666665	0.005000000001018634	trials	phototagging
11558.492199999997	0.005033333334722556	trials	phototagging
11559.493766666666	0.004999999997380655	trials	phototagging
11560.495299999999	0.005000000001018634	trials	phototagging
11561.496866666665	0.005000000001018634	trials	phototagging
11562.498399999997	0.005000000001018634	trials	phototagging
11563.499933333333	0.005033333331084577	trials	phototagging
11564.501499999998	0.005000000001018634	trials	phototagging
11565.50303333333	0.005000000001018634	trials	phototagging
11566.504566666667	0.005033333331084577	trials	phototagging
11567.506133333332	0.005000000001018634	trials	phototagging
11568.507666666665	0.005000000001018634	trials	phototagging
11569.50923333333	0.005000000001018634	trials	phototagging
11570.510766666666	0.004999999997380655	trials	phototagging
11571.512299999999	0.005033333334722556	trials	phototagging
11572.513866666664	0.005000000001018634	trials	phototagging
11573.515399999997	0.005000000001018634	trials	phototagging
11574.516933333332	0.005033333331084577	trials	phototagging
11575.518499999998	0.005000000001018634	trials	phototagging
11576.52003333333	0.005000000001018634	trials	phototagging
11577.5216	0.004999999997380655	trials	phototagging
11578.523133333332	0.005000000001018634	trials	phototagging
11579.524666666664	0.005033333334722556	trials	phototagging
11580.52623333333	0.005000000001018634	trials	phototagging
11591.54323333333	0.010000000002037268	trials	phototagging
11591.643366666663	0.01003333333574119	trials	phototagging
11591.74353333333	0.01003333333574119	trials	phototagging
11591.843699999998	0.010000000002037268	trials	phototagging
11591.943833333331	0.01003333333574119	trials	phototagging
11592.043999999998	0.010000000002037268	trials	phototagging
11592.144166666665	0.00999999999839929	trials	phototagging
11592.244299999998	0.010033333332103211	trials	phototagging
11592.344466666666	0.00999999999839929	trials	phototagging
11592.444599999999	0.010033333332103211	trials	phototagging
11592.544766666666	0.00999999999839929	trials	phototagging
11592.644933333333	0.00999999999839929	trials	phototagging
11592.7451	0.00999999999839929	trials	phototagging
11592.845233333333	0.010033333332103211	trials	phototagging
11592.945399999997	0.010000000002037268	trials	phototagging
11593.04553333333	0.01003333333574119	trials	phototagging
11593.145699999997	0.01003333333574119	trials	phototagging
11593.245866666664	0.010000000002037268	trials	phototagging
11593.345999999998	0.01003333333574119	trials	phototagging
11593.446166666665	0.00999999999839929	trials	phototagging
11593.546333333332	0.00999999999839929	trials	phototagging
11593.646466666665	0.010033333332103211	trials	phototagging
11593.746633333332	0.00999999999839929	trials	phototagging
11593.846766666666	0.010033333332103211	trials	phototagging
11593.946933333333	0.00999999999839929	trials	phototagging
11594.0471	0.00999999999839929	trials	phototagging
11594.147233333333	0.010033333332103211	trials	phototagging
11594.247399999997	0.010000000002037268	trials	phototagging
11594.34753333333	0.01003333333574119	trials	phototagging
11594.447699999997	0.01003333333574119	trials	phototagging
